t_s,force_normal_N,force_filtered_N,force_measured_N,force_desired_N,penetration_mm,ee_z_m,cmd_z_m,ee_z_velocity_mps,closing_velocity_mps,phase
0,0,0,0,14.5,0,0.149999994323105,0.15,0,0,approach
0.001,0,0,0,14.5,0,0.149999994324321,0.149996601239669,1.21532500625011e-09,0,approach
0.002,0,0.0035136302494089,0.0245954117458623,14.5,0,0.149999912457286,0.149986446280992,-8.18670277252592e-05,8.18670277252592e-05,approach
0.003,0,0.00337762504844086,0.00256159384263265,14.5,0,0.149999667735275,0.149969597107438,-0.000244721947339053,0.000244721947339053,approach
0.004,0,0.00289510718437788,0,14.5,0,0.14999918006911,0.149946115702479,-0.000487665913440574,0.000487665913440574,approach
0.005,0,0.00248152044375247,0,14.5,0,0.149998370281582,0.149916064049587,-0.000809786836157594,0.000809786836157594,approach
0.006,0,0.00844979225976309,0.0442594231558268,14.5,0,0.149997160121488,0.149879504132231,-0.00121015855251272,0.00121015855251272,approach
0.007,0,0.00789873782753365,0.00459241123415699,14.5,0,0.149995472277285,0.149836497933884,-0.00168784121142765,0.00168784121142765,approach
0.008,0,0.0123696979478234,0.0391954586695621,14.5,0,0.149993230390361,0.149787107438017,-0.00224188165712307,0.00224188165712307,approach
0.009,0,0.0205044992922732,0.0693133073589719,14.5,0,0.149990359067931,0.149731394628099,-0.0028713138109895,0.0028713138109895,approach
0.01,0,0.0250411458114546,0.052261024926543,14.5,0,0.149986783895548,0.149669421487603,-0.00357515905199724,0.00357515905199724,approach
0.011,0,0.0214638392669611,0,14.5,0,0.149982431449238,0.14960125,-0.00435242659570651,0.00435242659570651,approach
0.012,0,0.0183975765145381,0,14.5,0,0.14997722930727,0.14952694214876,-0.00520211387193141,0.00520211387193141,approach
0.013,0,0.0179368687804802,0.0151726223761331,14.5,0,0.14997110606153,0.149446559917355,-0.00612320690110461,0.00612320690110461,approach
0.014,0,0.0153744589546973,0,14.5,0,0.149963991328548,0.149360165289256,-0.00711468066938228,0.00711468066938228,approach
0.015,0,0.0189787609124695,0.0406045726591022,14.5,0,0.149955815760129,0.149267820247934,-0.00817549950252178,0.00817549950252178,approach
0.016,0,0.0254729480436015,0.0644380708303938,14.5,0,0.149946511053629,0.14916958677686,-0.00930461743855794,0.00930461743855794,approach
0.017,0,0.0309435929036311,0.0637674620638089,14.5,0,0.149936009961856,0.149065526859504,-0.0105009785992966,0.0105009785992966,approach
0.018,0,0.0265230796316838,0,14.5,0,0.1499242463026,0.148955702479339,-0.0117635175606382,0.0117635175606382,approach
0.019,0,0.0338179582918301,0.0775872302527077,14.5,0,0.149911154967802,0.148840175619835,-0.0130911597217368,0.0130911597217368,approach
0.02,0,0.0289868213929972,0,14.5,0,0.149896671932346,0.148719008264463,-0.0144828216729943,0.0144828216729943,approach
0.021,0,0.0248458469082833,0,14.5,0,0.149880734262503,0.148592262396694,-0.0159374115628832,0.0159374115628832,approach
0.022,0,0.0212964402071,0,14.5,0,0.14986328012399,0.14846,-0.0174538294635852,0.0174538294635852,approach
0.023,0,0.0257023558084468,0.0521378494165273,14.5,0,0.149844248789683,0.148322283057851,-0.0190309677354277,0.0190309677354277,approach
0.024,0,0.0220305906929544,0,14.5,0,0.149823580646962,0.148179173553719,-0.0206677113900946,0.0206677113900946,approach
0.025,0,0.0188833634511037,0,14.5,0,0.149801217204694,0.148030733471074,-0.0223629384525812,0.0223629384525812,approach
0.026,0,0.0161857401009461,0,14.5,0,0.149777101099858,0.147877024793388,-0.0241155203218601,0.0241155203218601,approach
0.027,0,0.0138734915150966,0,14.5,0,0.149751176103814,0.147718109504132,-0.0259243221302188,0.0259243221302188,approach
0.028,0,0.0118915641557971,0,14.5,0,0.149723387128216,0.147554049586777,-0.0277882031012243,0.0277882031012243,approach
0.029,0,0.0101927692763975,0,14.5,0,0.149693680230563,0.147384907024793,-0.0297060169062673,0.0297060169062673,approach
0.03,0,0.00873665937976931,0,14.5,0,0.149662002619405,0.147210743801653,-0.031676612019634,0.031676612019634,approach
0.031,0,0.00748856518265941,0,14.5,0,0.149628302659193,0.147031621900826,-0.0336988320720467,0.0336988320720467,approach
0.032,0,0.0157686141577703,0.065448908008436,14.5,0,0.149592529874775,0.146847603305785,-0.0357715162026166,0.0357715162026166,approach
0.033,0,0.019731600223219,0.0435095166159108,14.5,0,0.149554634955549,0.14665875,-0.0378934994091407,0.0378934994091407,approach
0.034,0,0.0171665664177021,0.00177636358460098,14.5,0,0.149514569759265,0.146465123966942,-0.0400636128966799,0.0400636128966799,approach
0.035,0,0.0147141997866018,0,14.5,0,0.149472287315482,0.146266787190083,-0.0422806844243438,0.0422806844243438,approach
0.036,0,0.0187143596831497,0.0427153190624372,14.5,0,0.149427741828679,0.146063801652893,-0.0445435386502133,0.0445435386502133,approach
0.037,0,0.0215467841940324,0.0385413312593285,14.5,0,0.14938088868103,0.145856229338843,-0.0468509974743212,0.0468509974743212,approach
0.038,0,0.0244934203029728,0.0421732369566152,14.5,0,0.149331684434832,0.145644132231405,-0.0492018803796151,0.0492018803796151,approach
0.039,0,0.0258574387275526,0.0340415492750315,14.5,0,0.149280086834598,0.14542757231405,-0.0515950047708215,0.0515950047708215,approach
0.04,0,0.0288979443743463,0.0471409782551085,14.5,0,0.149226054808817,0.145206611570248,-0.0540291863111268,0.0540291863111268,approach
0.041,0,0.0247696666065826,0,14.5,0,0.149169548471374,0.144981311983471,-0.0565032392565936,0.0565032392565936,approach
0.042,0,0.0284269757015479,0.0503708302713398,14.5,0,0.149110529122648,0.14475173553719,-0.0590159767882231,0.0590159767882231,approach
0.043,0,0.0243659791727553,0,14.5,0,0.14904895925027,0.144517944214876,-0.0615662113415785,0.0615662113415785,approach
0.044,0,0.0208851250052189,0,14.5,0,0.148984802529563,0.14428,-0.0641527549338788,0.0641527549338788,approach
0.045,0,0.0236996028751339,0.0405864700946241,14.5,0,0.148918023823653,0.144037964876033,-0.0667744194884741,0.0667744194884741,approach
0.046,0,0.0274047341581495,0.0496355218562432,14.5,0,0.148848589183267,0.143791900826446,-0.06943001715661,0.06943001715661,approach
0.047,0,0.0234897721355567,0,14.5,0,0.148776465846201,0.143541869834711,-0.0721183606363929,0.0721183606363929,approach
0.048,0,0.0242145728733791,0.0285633773003135,14.5,0,0.148701622236479,0.143287933884298,-0.0748382634888584,0.0748382634888584,approach
0.049,0,0.0207553481771821,0,14.5,0,0.148624027963202,0.143030154958678,-0.0775885404510571,0.0775885404510571,approach
0.05,0,0.0177902984375847,0,14.5,0,0.148543653819082,0.142768595041322,-0.0803680077460583,0.0803680077460583,approach
0.051,0,0.0219292285487099,0.0467628092154611,14.5,0,0.14846047177867,0.142503316115702,-0.0831754833897841,0.0831754833897841,approach
0.052,0,0.0187964816131799,0,14.5,0,0.148374454996286,0.142234380165289,-0.0860097874945781,0.0860097874945781,approach
0.053,0,0.0189615898122313,0.01995223900654,14.5,0,0.148285577803646,0.141961849173554,-0.0888697425694168,0.0888697425694168,approach
0.054,0,0.0180427221333599,0.0125295160601316,14.5,0,0.148193815707187,0.141685785123967,-0.0917541738166727,0.0917541738166727,approach
0.055,0,0.0248475511540944,0.0656765252785014,14.5,0,0.148099145385108,0.14140625,-0.0946619094253351,0.0946619094253351,approach
0.056,0,0.0271131771193322,0.0407069329107591,14.5,0,0.14800154468412,0.141123305785124,-0.0975917808606,0.0975917808606,approach
0.057,0,0.0232398661022848,0,14.5,0,0.147900992615902,0.14083701446281,-0.100542623149738,0.100542623149738,approach
0.058,0,0.0199198852305298,0,14.5,0,0.147797469353287,0.140547438016529,-0.103513275164148,0.103513275164148,approach
0.059,0,0.0170741873404541,0,14.5,0,0.14769095622616,0.140254638429752,-0.106502579897517,0.106502579897517,approach
0.06,0,0.0146350177203893,0,14.5,0,0.14758143571709,0.13995867768595,-0.109509384739986,0.109509384739986,approach
0.061,0,0.0138469131629882,0.00911828581858198,14.5,0,0.147468891456683,0.139659617768595,-0.112532541748247,0.112532541748247,approach
0.062,0,0.0139846977683344,0.0148114054004115,14.5,0,0.147353308218681,0.139357520661157,-0.115570907911479,0.115570907911479,approach
0.063,0,0.0199421687395916,0.055686994567135,14.5,0,0.147234671914783,0.139052448347107,-0.118623345413049,0.118623345413049,approach
0.064,0,0.0232183249154066,0.0428752619702963,14.5,0,0.147112969589227,0.138744462809917,-0.121688721887885,0.121688721887885,approach
0.065,0,0.0199014213560628,0,14.5,0,0.146988189413104,0.138433626033058,-0.124765910675444,0.124765910675444,approach
0.066,0,0.0170583611623395,0,14.5,0,0.146860320678432,0.13812,-0.127853791068211,0.127853791068211,approach
0.067,0,0.0179135066325863,0.0230443794540666,14.5,0,0.146729353791981,0.137803646694215,-0.130951248555626,0.130951248555626,approach
0.068,0,0.0153544342565025,0,14.5,0,0.146595280268861,0.137484628099174,-0.134057175063388,0.134057175063388,approach
0.069,0,0.0131609436484307,0,14.5,0,0.146458092725878,0.137163006198347,-0.137170469188051,0.137170469188051,approach
0.07,0,0.0127792314590438,0.0104889583227226,14.5,0,0.146317784874651,0.136838842975207,-0.140290036426847,0.140290036426847,approach
0.071,0,0.0109536269648947,0,14.5,0,0.146174351514514,0.136512200413223,-0.14341478940266,0.14341478940266,approach
0.072,0,0.0169942878810781,0.0532382533781782,14.5,0,0.146027788525191,0.136183140495868,-0.146543648084098,0.146543648084098,approach
0.073,0,0.0222927488901298,0.0540835149444404,14.5,0,0.145878092859259,0.135851725206612,-0.14967554000058,0.14967554000058,approach
0.074,0,0.0191080704772542,0,14.5,0,0.145725262534396,0.135518016528926,-0.152809400452393,0.152809400452393,approach
0.075,0,0.0171359949549556,0.00530354182116453,14.5,0,0.145569296625432,0.135182076446281,-0.155944172715652,0.155944172715652,approach
0.076,0,0.0213746559832626,0.0468066221531043,14.5,0,0.14541019525619,0.134843966942149,-0.159078808242109,0.159078808242109,approach
0.077,0,0.0286048386794926,0.0719859348568726,14.5,0,0.145247959591138,0.13450375,-0.162212266853743,0.162212266853743,approach
0.078,0,0.0245184331538508,0,14.5,0,0.145082591826852,0.134161487603306,-0.165343516932106,0.165343516932106,approach
0.079,0,0.0210157998461578,0,14.5,0,0.144914095183289,0.133817241735537,-0.168471535602342,0.168471535602342,approach
0.08,0,0.0358812465513809,0.125073926782719,14.5,0,0.144742473894888,0.133471074380165,-0.171595308911861,0.171595308911861,approach
0.081,0,0.0410517666917131,0.0720748875337063,14.5,0,0.144567733201488,0.133123047520661,-0.174713832003603,0.174713832003603,approach
0.082,0,0.0351872285928969,0,14.5,0,0.144389879339088,0.132773223140496,-0.177826109283861,0.177826109283861,approach
0.083,0,0.0301604816510545,0,14.5,0,0.144208919530439,0.132421663223141,-0.180931154584616,0.180931154584616,approach
0.084,0,0.035041948991997,0.0643307530376518,14.5,0,0.144024861975473,0.132068429752066,-0.184027991320356,0.184027991320356,approach
0.085,0,0.0383649079117961,0.0583026614305911,14.5,0,0.143837715841594,0.131713584710744,-0.187115652639338,0.187115652639338,approach
0.086,0,0.0328842067815395,0,14.5,0,0.143647491253809,0.131357190082645,-0.19019318156926,0.19019318156926,approach
0.087,0,0.031378012236556,0.022340844966655,14.5,0,0.143454199284726,0.13099930785124,-0.193259631157321,0.193259631157321,approach
0.088,0,0.0390371028613235,0.0849916466099281,14.5,0,0.143257851944415,0.13064,-0.196314064604638,0.196314064604638,approach
0.089,0,0.0343597438073677,0.00629558948363283,14.5,0,0.143058462170138,0.130279328512397,-0.199355555395004,0.199355555395004,approach
0.09,0,0.0294512089777437,0,14.5,0,0.142856043815959,0.129917355371901,-0.202383187417949,0.202383187417949,approach
0.091,0,0.0252438934094946,0,14.5,0,0.142650611642233,0.129554142561983,-0.205396055086106,0.205396055086106,approach
0.092,0,0.021637622922424,0,14.5,0,0.142442181304982,0.129189752066116,-0.208393263446863,0.208393263446863,approach
0.093,0,0.0255395117751795,0.048950844891713,14.5,0,0.142230769345169,0.128824245867769,-0.211373928288272,0.211373928288272,approach
0.094,0,0.021891010093011,0,14.5,0,0.142016393177864,0.128457685950413,-0.214337176239231,0.214337176239231,approach
0.095,0,0.0187637229368666,0,14.5,0,0.141799071081321,0.128090134297521,-0.21728214486391,0.21728214486391,approach
0.096,0,0.0160831910887428,0,14.5,0,0.141578822185965,0.127721652892562,-0.220207982750434,0.220207982750434,approach
0.097,0,0.0137855923617795,0,14.5,0,0.14135566646329,0.127352303719008,-0.22311384959381,0.22311384959381,approach
0.098,0,0.0118162220243825,0,14.5,0,0.141129624714685,0.126982148760331,-0.225998916273103,0.225998916273103,approach
0.099,0,0.0101281903066135,0,14.5,0,0.140900718560188,0.12661125,-0.228862364922871,0.228862364922871,approach
0.1,0,0.00911881104755457,0.00306253549320077,14.5,0,0.140668970427164,0.126239669421488,-0.23170338899886,0.23170338899886,approach
0.101,0,0.00995300956738534,0.0149582006863699,14.5,0,0.140434403538939,0.125867469008264,-0.234521193337963,0.234521193337963,approach
0.102,0,0.00853115105775886,0,14.5,0,0.140197041903363,0.125494710743802,-0.237314994212478,0.237314994212478,approach
0.103,0,0.00731241519236474,0,14.5,0,0.139956910301329,0.12512145661157,-0.240084019378649,0.240084019378649,approach
0.104,0,0.00626778445059835,0,14.5,0,0.139714034275257,0.124747768595041,-0.242827508119532,0.242827508119532,approach
0.105,0,0.0069084282050088,0.0107522907314715,14.5,0,0.139468440117526,0.124373708677686,-0.2455447112822,0.2455447112822,approach
0.106,0,0.00925737785686032,0.0233510757679694,14.5,0,0.139220154858881,0.123999338842975,-0.248234891309302,0.248234891309302,approach
0.107,0,0.0296322465506655,0.151881458713497,14.5,0,0.138969206256816,0.12362472107438,-0.250897322265017,0.250897322265017,approach
0.108,0,0.025399068471999,0,14.5,0,0.138715622783929,0.123249917355372,-0.253531289855411,0.253531289855411,approach
0.109,0,0.0277521889544126,0.0418709118488943,14.5,0,0.138459433616267,0.122874989669422,-0.256136091443254,0.256136091443254,approach
0.11,0,0.0304222224772718,0.0464424236144266,14.5,0,0.138200668621656,0.1225,-0.258711036057305,0.258711036057305,approach
0.111,0,0.0260761906948044,0,14.5,0,0.137939358348033,0.122125010330579,-0.261255444396117,0.261255444396117,approach
0.112,0,0.0304299191395561,0.0565522898080663,14.5,0,0.137675534011772,0.121750082644628,-0.263768648826395,0.263768648826395,approach
0.113,0,0.0327789905349134,0.0468734189070574,14.5,0,0.13740922748602,0.12137527892562,-0.266249993375953,0.266249993375953,approach
0.114,0,0.0296289355032683,0.0107286053133977,14.5,0,0.137140471289046,0.121000661157025,-0.268698833721299,0.268698833721299,approach
0.115,0,0.0390718367069449,0.0957292439290048,14.5,0,0.136869298572602,0.120626291322314,-0.271114537169915,0.271114537169915,approach
0.116,0,0.0334901457488099,0,14.5,0,0.136595743110311,0.120252231404959,-0.273496482637264,0.273496482637264,approach
0.117,0,0.0287058392132657,0,14.5,0,0.13631983928608,0.11987854338843,-0.275844060618579,0.275844060618579,approach
0.118,0,0.024605005039942,0,14.5,0,0.136041622082547,0.119505289256198,-0.278156673155491,0.278156673155491,approach
0.119,0,0.0210900043199503,0,14.5,0,0.135761127069564,0.119132530991736,-0.280433733797543,0.280433733797543,approach
0.12,0,0.0292417005808305,0.0781518781461117,14.5,0,0.135478390392725,0.118760330578512,-0.282674667558656,0.282674667558656,approach
0.121,0,0.025064314783569,0,14.5,0,0.135193448761939,0.11838875,-0.284878910868598,0.284878910868598,approach
0.122,0,0.0245207492575689,0.0212593561015687,14.5,0,0.134906339440061,0.118017851239669,-0.287045911519526,0.287045911519526,approach
0.123,0,0.0210177850779162,0,14.5,0,0.134617100231572,0.117647696280992,-0.289175128607655,0.289175128607655,approach
0.124,0,0.0180152443524996,0,14.5,0,0.134325769471329,0.117278347107438,-0.291266032470129,0.291266032470129,approach
0.125,0,0.0154416380164283,0,14.5,0,0.134032386013382,0.116909865702479,-0.293318104617155,0.293318104617155,approach
0.126,0,0.0132356897283671,0,14.5,0,0.133736989219855,0.116542314049587,-0.295330837659474,0.295330837659474,approach
0.127,0,0.0116436245895973,0.00209123375697888,14.5,0,0.133439618949915,0.116175754132231,-0.297303735231234,0.297303735231234,approach
0.128,0,0.010887387591478,0.00634996560276177,14.5,0,0.133140315548811,0.115810247933884,-0.29923631190835,0.29923631190835,approach
0.129,0,0.00933204650698112,0,14.5,0,0.132839119837007,0.115445857438017,-0.301128093122409,0.301128093122409,approach
0.13,0,0.0144157141956956,0.0449177203279823,14.5,0,0.132536073099397,0.115082644628099,-0.302978615070216,0.302978615070216,approach
0.131,0,0.0123563264534533,0,14.5,0,0.132231217074625,0.114720671487603,-0.304787424619044,0.304787424619044,approach
0.132,0,0.0105911369601029,0,14.5,0,0.131924593944488,0.11436,-0.306554079207676,0.306554079207676,approach
0.133,0,0.00907811739437389,0,14.5,0,0.131616246323459,0.11400069214876,-0.308278146743321,0.308278146743321,approach
0.134,0,0.0077812434808919,0,14.5,0,0.131306217248301,0.113642809917355,-0.309959205494478,0.309959205494478,approach
0.135,0,0.00666963726933592,0,14.5,0,0.1309945501678,0.113286415289256,-0.311596843979852,0.311596843979852,approach
0.136,0,0.0117659383224149,0.0423437446408887,14.5,0,0.130681288932615,0.112931570247934,-0.313190660853387,0.313190660853387,approach
0.137,0,0.0170914509835955,0.049044526950679,14.5,0,0.130366477785234,0.112578336776859,-0.314740264785515,0.314740264785515,approach
0.138,0,0.0146498151287961,0,14.5,0,0.130050161350067,0.112226776859504,-0.316245274340705,0.316245274340705,approach
0.139,0,0.012556984396111,0,14.5,0,0.129732384623654,0.111876952479339,-0.317705317851415,0.317705317851415,approach
0.14,0,0.0107631294823808,0,14.5,0,0.129413192965003,0.111528925619835,-0.319120033288515,0.319120033288515,approach
0.141,0,0.00922553955632642,0,14.5,0,0.129092632086071,0.111182758264463,-0.320489068128292,0.320489068128292,approach
0.142,0,0.00790760533399408,0,14.5,0,0.128770748042361,0.110838512396694,-0.321812079216132,0.321812079216132,approach
0.143,0,0.00683534050168109,0.000401751507803193,14.5,0,0.128447587223681,0.11049625,-0.323088732626951,0.323088732626951,approach
0.144,0,0.00948784486145441,0.0254028710200943,14.5,0,0.128123196345028,0.110156033057851,-0.324318703522498,0.324318703522498,approach
0.145,0,0.00813243845267521,0,14.5,0,0.127797622437624,0.109817923553719,-0.325501676005614,0.325501676005614,approach
0.146,0,0.00916145613244066,0.0153355622110334,14.5,0,0.127470912840103,0.109481983471074,-0.326637342971535,0.326637342971535,approach
0.147,0,0.0136252356159852,0.0404079125172525,14.5,0,0.127143115189841,0.109148274793388,-0.327725405956357,0.327725405956357,approach
0.148,0,0.0116787733851302,0,14.5,0,0.126814277414448,0.108816859504132,-0.328765574982742,0.328765574982742,approach
0.149,0,0.0137915543805369,0.0264682403529771,14.5,0,0.126484447723415,0.108487799586777,-0.329757568402979,0.329757568402979,approach
0.15,0,0.0118213323261745,0,14.5,0,0.126153674599914,0.108161157024793,-0.330701112739493,0.330701112739493,approach
0.151,0,0.0160318900238573,0.0412952362099544,14.5,0,0.125822006792769,0.107836993801653,-0.331595942522895,0.331595942522895,approach
0.152,0,0.0178236678836658,0.0285743350425167,14.5,0,0.12548949330858,0.107515371900826,-0.332441800127696,0.332441800127696,approach
0.153,0,0.0159170310218684,0.00447720985108404,14.5,0,0.125156183404029,0.107196353305785,-0.333238435605758,0.333238435605758,approach
0.154,0,0.0136431694473158,0,14.5,0,0.124822126578335,0.10688,-0.333985606517603,0.333985606517603,approach
0.155,0,0.0152784210597872,0.025089930734616,14.5,0,0.124487372565896,0.106566373966942,-0.334683077761676,0.334683077761676,approach
0.156,0,0.0205131066456687,0.0519212201609575,14.5,0,0.124151971329094,0.106255537190083,-0.335330621401662,0.335330621401662,approach
0.157,0,0.0175826628391446,0,14.5,0,0.123815973051278,0.105947551652893,-0.335928016491957,0.335928016491957,approach
0.158,0,0.0173874310887376,0.0162160405862956,14.5,0,0.123479428129923,0.105642479338843,-0.336475048901407,0.336475048901407,approach
0.159,0,0.0149035123617751,0,14.5,0,0.123142387169964,0.105340382231405,-0.336971511135393,0.336971511135393,approach
0.16,0,0.0198894207811694,0.0498048712975351,14.5,0,0.122804900977314,0.10504132231405,-0.337417202156393,0.337417202156393,approach
0.161,0,0.0259842868028083,0.0625534829326419,14.5,0,0.122467020552558,0.104745361570248,-0.3378119272031,0.3378119272031,approach
0.162,0,0.0244814568198853,0.0154644769223471,14.5,0,0.122128797084831,0.104452561983471,-0.338155497608203,0.338155497608203,approach
0.163,0,0.0246036628322314,0.025336898906308,14.5,0,0.121790281945884,0.10416298553719,-0.338447730614941,0.338447730614941,approach
0.164,0,0.0210888538561983,0,14.5,0,0.121451526684321,0.103876694214876,-0.33868844919252,0.33868844919252,approach
0.165,0,0.01807616044817,0,14.5,0,0.121112583020041,0.10359375,-0.338877481850498,0.338877481850498,approach
0.166,0,0.0154938518127171,0,14.5,0,0.120773502838848,0.103314214876033,-0.33901466245223,0.33901466245223,approach
0.167,0,0.0158464280190752,0.0179618852572234,14.5,0,0.120434338187263,0.103038150826446,-0.339099830027493,0.339099830027493,approach
0.168,0,0.0135826525877787,0,14.5,0,0.120095141267512,0.102765619834711,-0.339132828584361,0.339132828584361,approach
0.169,0,0.0192579685617258,0.053309864405408,14.5,0,0.11975596443271,0.102496683884298,-0.339113506920449,0.339113506920449,approach
0.17,0,0.0165068301957649,0,14.5,0,0.119416860182236,0.102231404958678,-0.339041718433617,0.339041718433617,approach
0.171,0,0.0141487115963699,0,14.5,0,0.119077881157289,0.101969845041322,-0.338917320932226,0.338917320932226,approach
0.172,0,0.0121274670826028,0,14.5,0,0.118739080136645,0.101712066115702,-0.338740176445048,0.338740176445048,approach
0.173,0,0.0157706190324795,0.0376295307317393,14.5,0,0.118400510032595,0.101458130165289,-0.338510151030915,0.338510151030915,approach
0.174,0,0.0257675895415484,0.0857494125959619,14.5,0,0.118062223887081,0.101208099173554,-0.338227114588219,0.338227114588219,approach
0.175,0,0.0255325724783359,0.0241224700990609,14.5,0,0.117724274868016,0.100962035123967,-0.337890940664332,0.337890940664332,approach
0.176,0,0.0218850621242879,0,14.5,0,0.1173867162658,0.10072,-0.337501506265052,0.337501506265052,approach
0.177,0,0.0272942521417405,0.0597493922464562,14.5,0,0.117049601490025,0.100482055785124,-0.337058691664164,0.337058691664164,approach
0.178,0,0.023395073264349,0,14.5,0,0.11671298406637,0.10024826446281,-0.3365623802132,0.3365623802132,approach
0.179,0,0.0256500827468869,0.0391801396421141,14.5,0,0.116376917633685,0.100018688016529,-0.336012458151494,0.336012458151494,approach
0.18,0,0.0237247572498246,0.0121728042674513,14.5,0,0.116041455941265,0.0997933884297521,-0.335408814416603,0.335408814416603,approach
0.181,0,0.0203355062141354,0,14.5,0,0.115706652846319,0.0995724276859504,-0.334751340455197,0.334751340455197,approach
0.182,0,0.017530688310115,0.000701780885992809,14.5,0,0.115372562311617,0.099355867768595,-0.334039930034493,0.334039930034493,approach
0.183,0,0.0180814461489178,0.0213859931817344,14.5,0,0.115039238403337,0.099143770661157,-0.33327447905431,0.33327447905431,approach
0.184,0,0.0154983824133581,0,14.5,0,0.114706735289088,0.0989361983471074,-0.33245488535984,0.33245488535984,approach
0.185,0,0.0198291213806627,0.0458135551844901,14.5,0,0.114375107236132,0.0987332128099174,-0.331581048555193,0.331581048555193,approach
0.186,0,0.0169963897548537,0,14.5,0,0.114044408609778,0.0985348760330579,-0.330652869817819,0.330652869817819,approach
0.187,0,0.0191895772846876,0.0323487024636906,14.5,0,0.113714693871974,0.09834125,-0.32967025171386,0.32967025171386,approach
0.188,0,0.0199820695501185,0.024737023142704,14.5,0,0.113386017580076,0.0981523966942149,-0.328633098014519,0.328633098014519,approach
0.189,0,0.0171274881858158,0,14.5,0,0.113058434385798,0.0979683780991736,-0.327541313513514,0.327541313513514,approach
0.19,0,0.0170930224641175,0.0168862281339276,14.5,0,0.11273199903435,0.0977892561983471,-0.326394803845687,0.326394803845687,approach
0.191,0,0.0146511621121007,0,14.5,0,0.112406766363754,0.0976150929752066,-0.325193475306842,0.325193475306842,approach
0.192,0,0.0214834210461053,0.0624769746501328,14.5,0,0.112082791304334,0.0974459504132232,-0.32393723467487,0.32393723467487,approach
0.193,0,0.0190302619048258,0.00431130705714876,14.5,0,0.111760128878393,0.0972818904958678,-0.322625989032231,0.322625989032231,approach
0.194,0,0.0163116530612793,0,14.5,0,0.11143883420006,0.0971229752066116,-0.321259645589863,0.321259645589863,approach
0.195,0,0.0231574314186785,0.0642321015630739,14.5,0,0.111118962475314,0.0969692665289256,-0.31983811151256,0.31983811151256,approach
0.196,0,0.0198492269302959,0,14.5,0,0.11080056900218,0.096820826446281,-0.318361293745901,0.318361293745901,approach
0.197,0,0.0182986761849976,0.00899537171320778,14.5,0,0.110483709171102,0.0966777169421488,-0.316829098844771,0.316829098844771,approach
0.198,0,0.0156845795871408,0,14.5,0,0.110168438465477,0.09654,-0.315241432803532,0.315241432803532,approach
0.199,0,0.0134439253604064,0,14.5,0,0.109854812462369,0.0964077376033058,-0.313598200887902,0.313598200887902,approach
0.2,0,0.0176636977841568,0.0429823323266592,14.5,0,0.109542886833379,0.0962809917355372,-0.311899307468597,0.311899307468597,approach
0.201,0,0.0166293587139502,0.0104233242927108,14.5,0,0.109232717345685,0.0961598243801653,-0.310144655856761,0.310144655856761,approach
0.202,0,0.0242139712821612,0.069721646691427,14.5,0,0.10892435986325,0.0960442975206612,-0.308334148141262,0.308334148141262,approach
0.203,0,0.0234974011964683,0.019197980682311,14.5,0,0.10861787034818,0.0959344731404959,-0.306467685027884,0.306467685027884,approach
0.204,0,0.0201406295969728,0,14.5,0,0.10831330486225,0.0958304132231405,-0.304545165680445,0.304545165680445,approach
0.205,0,0.0309277970660295,0.0956508018803695,14.5,0,0.108010719568588,0.0957321797520661,-0.302566487563908,0.302566487563908,approach
0.206,0,0.026509540342311,0,14.5,0,0.107710170733503,0.0956398347107438,-0.300531546289503,0.300531546289503,approach
0.207,0,0.0227224631505523,0,14.5,0,0.107411714728484,0.0955534400826446,-0.298440235461898,0.298440235461898,approach
0.208,0,0.0225883110721506,0.0217833986017408,14.5,0,0.107115408032333,0.0954730578512397,-0.296292446528464,0.296292446528464,approach
0.209,0,0.0193614094904148,0,14.5,0,0.106821307233462,0.09539875,-0.294088068630651,0.294088068630651,approach
0.21,0,0.016595493848927,0,14.5,0,0.106529469032321,0.0953305785123967,-0.291826988457518,0.291826988457518,approach
0.211,0,0.0231144941146956,0.0622284957093069,14.5,0,0.106239950243988,0.0952686053719008,-0.289509090101431,0.289509090101431,approach
0.212,0,0.0198124235268819,0,14.5,0,0.105952807800886,0.0952128925619835,-0.287134254915962,0.287134254915962,approach
0.213,0,0.0275560776645865,0.074018002490814,14.5,0,0.105668098755653,0.0951635020661157,-0.28470236137601,0.28470236137601,approach
0.214,0,0.0265427480983234,0.0204627707007445,14.5,0,0.105385880284142,0.0951204958677686,-0.282213284940167,0.282213284940167,approach
0.215,0,0.02275092694142,0,14.5,0,0.105106209688558,0.0950839359504132,-0.279666897915339,0.279666897915339,approach
0.216,0,0.0195007945212172,0,14.5,0,0.104829144400734,0.0950538842975207,-0.277063069323645,0.277063069323645,approach
0.217,0,0.0167149667324719,0,14.5,0,0.104554741985529,0.095030402892562,-0.274401664771611,0.274401664771611,approach
0.218,0,0.0262145346637501,0.0832119422514195,14.5,0,0.104283060144364,0.0950135537190083,-0.271682546321656,0.271682546321656,approach
0.219,0,0.0224696011403572,0,14.5,0,0.104014156718881,0.0950033987603306,-0.268905572365898,0.268905572365898,approach
0.22,0,0.0192596581203062,0,14.5,0,0.103748089694724,0.095,-0.266070597502276,0.266070597502276,approach
0.221,0,0.0165082783888339,0,14.5,0,0.103484917205446,0.09456,-0.263177472412995,0.263177472412995,approach
0.222,0,0.0198767681794125,0.0400877069228841,14.5,0,0.103220022536492,0.09412,-0.264899241062047,0.264899241062047,approach
0.223,0,0.0170372298680678,0,14.5,0,0.102953404827645,0.09368,-0.266621865193023,0.266621865193023,approach
0.224,0,0.0236223161985852,0.0631328341816891,14.5,0,0.102685063690765,0.09324,-0.268344872998665,0.268344872998665,approach
0.225,0,0.0202476995987873,0,14.5,0,0.102414999199358,0.0928,-0.27006780310864,0.27006780310864,approach
0.226,0,0.0350233510619996,0.123677259841273,14.5,0,0.10214321187819,0.09236,-0.271790204534148,0.271790204534148,approach
0.227,0,0.0305305160951869,0.00357350629431121,14.5,0,0.101869702692974,0.09192,-0.273511636607126,0.273511636607126,approach
0.228,0,0.0261690137958745,0,14.5,0,0.101594473040108,0.09148,-0.275231668914411,0.275231668914411,approach
0.229,0,0.0344589577169954,0.0841986212437208,14.5,0,0.101317524736495,0.09104,-0.276949881227262,0.276949881227262,approach
0.23,0,0.0295362494717104,0,14.5,0,0.101038860009434,0.0906,-0.278665863426575,0.278665863426575,approach
0.231,0,0.0290381070568223,0.0260492525674938,14.5,0,0.100758481486587,0.09016,-0.280379215424109,0.280379215424109,approach
0.232,0,0.0257116852424875,0.00575315435647903,14.5,0,0.100476392186032,0.08972,-0.282089547080038,0.282089547080038,approach
0.233,0,0.0220385873507036,0,14.5,0,0.1001925955064,0.08928,-0.28379647811709,0.28379647811709,approach
0.234,0,0.0188902177291745,0,14.5,0,0.0999070952171004,0.08884,-0.285499638031546,0.285499638031546,approach
0.235,0,0.0161916151964353,0,14.5,0,0.0996198954486388,0.0884,-0.287198666001342,0.287198666001342,approach
0.236,0,0.0138785273112303,0,14.5,0,0.0993310006830304,0.08796,-0.288893210791494,0.288893210791494,approach
0.237,0,0.0118958805524831,0,14.5,0,0.0990404157443074,0.08752,-0.290582930657064,0.290582930657064,approach
0.238,0,0.0101964690449855,0,14.5,0,0.0987481457891288,0.08708,-0.292267493243869,0.292267493243869,approach
0.239,0,0.0129731383752389,0.0296331543567597,14.5,0,0.0984541962974879,0.08664,-0.293946575487108,0.293946575487108,approach
0.24,0,0.011119832893062,0,14.5,0,0.0981585730635273,0.0862,-0.295619863508091,0.295619863508091,approach
0.241,0,0.00988138360651894,0.00245068788726082,14.5,0,0.0978612821864536,0.08576,-0.297287052509236,0.297287052509236,approach
0.242,0,0.00846975737701623,0,14.5,0,0.0975623300615631,0.08532,-0.298947846667475,0.298947846667475,approach
0.243,0,0.00725979203744249,0,14.5,0,0.0972617233713731,0.08488,-0.300601959026226,0.300601959026226,approach
0.244,0,0.0158030930029785,0.0670628987961946,14.5,0,0.0969594690768623,0.08444,-0.302249111386057,0.302249111386057,approach
0.245,0,0.0202649571951192,0.0470361423479634,14.5,0,0.0966555744088224,0.084,-0.303889034194183,0.303889034194183,approach
0.246,0,0.0173699633101022,0,14.5,0,0.0963500468593205,0.08356,-0.305521466432897,0.305521466432897,approach
0.247,0,0.0148885399800876,0,14.5,0,0.0960428941732743,0.08312,-0.307146155507064,0.307146155507064,approach
0.248,0,0.0127616056972179,0,14.5,0,0.0957341243401408,0.08268,-0.308762857130787,0.308762857130787,approach
0.249,0,0.0119255000070624,0.00690886586612936,14.5,0,0.0954237455857175,0.08224,-0.310371335213329,0.310371335213329,approach
0.25,0,0.0271662185482221,0.11861052979518,14.5,0,0.0951117663640593,0.0818,-0.311971361744403,0.311971361744403,approach
0.251,0,0.0305294582864194,0.0507088967156033,14.5,0,0.0947981953495117,0.08136,-0.313562716678918,0.313562716678918,approach
0.252,0,0.0283993261285972,0.0156185331816641,14.5,0,0.0944830414288559,0.08092,-0.315145187821258,0.315145187821258,approach
0.253,0,0.0243422795387976,0,14.5,0,0.0941663136935746,0.08048,-0.316718570709188,0.316718570709188,approach
0.254,0,0.0305889882949453,0.0680692408318316,14.5,0,0.0938480214322303,0.08004,-0.318282668497452,0.318282668497452,approach
0.255,0,0.0303452848428929,0.0288830641305785,14.5,0,0.0935281741229618,0.0796,-0.31983729184115,0.31983729184115,approach
0.256,0,0.0361641224063887,0.0710771477873636,14.5,0,0.0932067814260975,0.07916,-0.321382258778953,0.321382258778953,approach
0.257,0,0.0386963969839183,0.053890044449096,14.5,0,0.092883853176884,0.07872,-0.322917394616222,0.322917394616222,approach
0.258,0,0.03316834027193,0,14.5,0,0.0925593993783345,0.07828,-0.324442531808109,0.324442531808109,approach
0.259,0,0.0284300059473686,0,14.5,0,0.0922334301941899,0.07784,-0.325957509842679,0.325957509842679,approach
0.26,0,0.0243685765263159,0,14.5,0,0.0919059559420003,0.0774,-0.32746217512413,0.32746217512413,approach
0.261,0,0.0209938100928958,0.00074521149237498,14.5,0,0.0915769870863207,0.07696,-0.328956380856157,0.328956380856157,approach
0.262,0,0.022447729124797,0.0311712433162041,14.5,0,0.0912465342320239,0.07652,-0.330439986925506,0.330439986925506,approach
0.263,0,0.0192409106783974,0,14.5,0,0.09091460811773,0.07608,-0.331912859785785,0.331912859785785,approach
0.264,0,0.0191216573756475,0.0184061375591482,14.5,0,0.0905812196093507,0.07564,-0.333374872341569,0.333374872341569,approach
0.265,0,0.0163899920362693,0,14.5,0,0.0902463796937492,0.0752,-0.334825903832838,0.334825903832838,approach
0.266,0,0.0194045331431156,0.0374917797841932,14.5,0,0.0899100994725171,0.07476,-0.336265839719814,0.336265839719814,approach
0.267,0,0.0166324569798133,0,14.5,0,0.0895723901558621,0.07432,-0.337694571568219,0.337694571568219,approach
0.268,0,0.0142563916969829,0,14.5,0,0.0892332630566146,0.07388,-0.339111996934998,0.339111996934998,approach
0.269,0,0.0122197643116996,0,14.5,0,0.088892729584344,0.07344,-0.340518019254554,0.340518019254554,approach
0.27,0,0.0104740836957425,0,14.5,0,0.0885508012395906,0.073,-0.341912547725532,0.341912547725532,approach
0.271,0,0.0207047604256417,0.0820888208050366,14.5,0,0.0882074896082092,0.07256,-0.343295497198167,0.343295497198167,approach
0.272,0,0.0177469375076929,0,14.5,0,0.0878628063558249,0.07212,-0.344666788062262,0.344666788062262,approach
0.273,0,0.0253559387689977,0.0710099463368264,14.5,0,0.0875167632223998,0.07168,-0.346026346135805,0.346026346135805,approach
0.274,0,0.0220705884783263,0.00235848673429807,14.5,0,0.0871693720169114,0.07124,-0.347374102554259,0.347374102554259,approach
0.275,0,0.0189176472671368,0,14.5,0,0.0868206446121396,0.0708,-0.348709993660575,0.348709993660575,approach
0.276,0,0.0246936559816716,0.0593497082688801,14.5,0,0.0864705929395642,0.07036,-0.350033960895921,0.350033960895921,approach
0.277,0,0.0211659908414328,0,14.5,0,0.08611922898437,0.06992,-0.351345950691191,0.351345950691191,approach
0.278,0,0.0258283909967221,0.0538027919284579,14.5,0,0.0857665647805601,0.06948,-0.352645914359297,0.352645914359297,approach
0.279,0,0.0221386208543332,0,14.5,0,0.0854126124061754,0.06904,-0.353933807988279,0.353933807988279,approach
0.28,0,0.0241828335353681,0.0364481096215776,14.5,0,0.0850573839786213,0.0686,-0.355209592335253,0.355209592335253,approach
0.281,0,0.0207281430303155,0,14.5,0,0.0847008916500989,0.06816,-0.356473232721222,0.356473232721222,approach
0.282,0,0.0177669797402705,0,14.5,0,0.0843431476031398,0.06772,-0.357724698926778,0.357724698926778,approach
0.283,0,0.0258271432515545,0.0741881243192584,14.5,0,0.083984164046245,0.06728,-0.358963965088695,0.358963965088695,approach
0.284,0,0.0221375513584752,0,14.5,0,0.0836239532096278,0.06684,-0.360191009597469,0.360191009597469,approach
0.285,0,0.0235098992761289,0.031743986782051,14.5,0,0.0832625273410546,0.0664,-0.361405814995783,0.361405814995783,approach
0.286,0,0.0265274280226792,0.0446326005019805,14.5,0,0.0828998987017899,0.06596,-0.362608367877952,0.362608367877952,approach
0.287,0,0.0227377954480107,0,14.5,0,0.0825360795626387,0.06552,-0.363798658790336,0.363798658790336,approach
0.288,0,0.0318276167966846,0.0863665448887279,14.5,0,0.0821710822000881,0.06508,-0.36497668213276,0.36497668213276,approach
0.289,0,0.0392591484671628,0.083848338490032,14.5,0,0.0818049188925473,0.06464,-0.366142436060947,0.366142436060947,approach
0.29,0,0.0336506986861395,0,14.5,0,0.0814376019166823,0.0642,-0.367295922389966,0.367295922389966,approach
0.291,0,0.0304259615658481,0.0110775388440994,14.5,0,0.0810691435438485,0.06376,-0.368437146498743,0.368437146498743,approach
0.292,0,0.0260793956278698,0,14.5,0,0.0806995560366155,0.06332,-0.369566117235606,0.369566117235606,approach
0.293,0,0.0274465195219177,0.0356492628862054,14.5,0,0.0803288516453868,0.06288,-0.370682846824915,0.370682846824915,approach
0.294,0,0.0235255881616438,0,14.5,0,0.0799570426051116,0.06244,-0.371787350774762,0.371787350774762,approach
0.295,0,0.020376846584437,0.00148439712119637,14.5,0,0.079584141132087,0.062,-0.372879647785762,0.372879647785762,approach
0.296,0,0.0247408713092154,0.0509250196578859,14.5,0,0.0792101594208515,0.06156,-0.373959759660947,0.373959759660947,approach
0.297,0,0.0260393594422733,0.0338302882406206,14.5,0,0.0788351096411664,0.06112,-0.375027711216772,0.375027711216772,approach
0.298,0,0.02231945095052,0,14.5,0,0.0784590039350866,0.06068,-0.376083530195231,0.376083530195231,approach
0.299,0,0.0327203303341577,0.0951256066359839,14.5,0,0.0780818544141166,0.06024,-0.377127247177113,0.377127247177113,approach
0.3,0,0.028045997429278,0,14.5,0,0.077703673156453,0.0598,-0.378158895496383,0.378158895496383,approach
0.301,0,0.0313372505674011,0.0510847693961398,14.5,0,0.0773244722043115,0.05936,-0.379178511155703,0.379178511155703,approach
0.302,0,0.0268605004863438,0,14.5,0,0.0769442635613374,0.05892,-0.380186132743113,0.380186132743113,approach
0.303,0,0.0230232861311518,0,14.5,0,0.0765630591900977,0.05848,-0.381181801349847,0.381181801349847,approach
0.304,0,0.0238483440784839,0.0287986917624765,14.5,0,0.076180871009655,0.05804,-0.382165560489324,0.382165560489324,approach
0.305,0,0.0305921394491304,0.0710549116730095,14.5,0,0.0757977108932202,0.0576,-0.383137456017288,0.383137456017288,approach
0.306,0,0.0262218338135404,0,14.5,0,0.0754135906658864,0.05716,-0.384097536053124,0.384097536053124,approach
0.307,0,0.0224758575544632,0,14.5,0,0.0750285221024371,0.05672,-0.385045850902333,0.385045850902333,approach
0.308,0,0.0192650207609684,0,14.5,0,0.0746425169252331,0.05628,-0.385982452980187,0.385982452980187,approach
0.309,0,0.0181896670828531,0.0117375450141608,14.5,0,0.0742555868021739,0.05584,-0.386907396736557,0.386907396736557,approach
0.31,0,0.0155911432138741,0,14.5,0,0.0738677433447332,0.0554,-0.387820738581906,0.387820738581906,approach
0.311,0,0.0133638370404635,0,14.5,0,0.0734789981060676,0.05496,-0.388722536814475,0.388722536814475,approach
0.312,0,0.0114547174632544,0,14.5,0,0.0730893625791962,0.05452,-0.389612851548624,0.389612851548624,approach
0.313,0,0.00981832925421806,0,14.5,0,0.0726988481952517,0.05408,-0.390491744644375,0.390491744644375,approach
0.314,0,0.00841571078932977,0,14.5,0,0.0723074663217999,0.05364,-0.391359279638102,0.391359279638102,approach
0.315,0,0.00721346639085409,0,14.5,0,0.071915228261229,0.0532,-0.39221552167442,0.39221552167442,approach
0.316,0,0.00618297119216065,0,14.5,0,0.0715221452492036,0.05276,-0.393060537439234,0.393060537439234,approach
0.317,0,0.00529968959328055,0,14.5,0,0.0711282284531862,0.05232,-0.393894395093961,0.393894395093961,approach
0.318,0,0.0128808383397205,0.0583677308183601,14.5,0,0.0707334889710236,0.05188,-0.394717164210921,0.394717164210921,approach
0.319,0,0.0110407185769033,0,14.5,0,0.0703379378295956,0.05144,-0.395528915709896,0.395528915709896,approach
0.32,0,0.01241262090701,0.0206440348876506,14.5,0,0.0699415859835263,0.051,-0.396329721795848,0.396329721795848,approach
0.321,0,0.0129766603706823,0.0163608971527158,14.5,0,0.0695444443139576,0.05056,-0.397119655897792,0.397119655897792,approach
0.322,0,0.0111228517462991,0,14.5,0,0.0691465236273824,0.05012,-0.397898792608836,0.397898792608836,approach
0.323,0,0.00953387292539923,0,14.5,0,0.0687478346545347,0.04968,-0.398667207627354,0.398667207627354,approach
0.324,0,0.0194978719494849,0.0792818660939986,14.5,0,0.0683483880493411,0.04924,-0.399424977699314,0.399424977699314,approach
0.325,0,0.016712461670987,0,14.5,0,0.0679481943879256,0.0488,-0.400172180561745,0.400172180561745,approach
0.326,0,0.0226145753058783,0.0580272571152256,14.5,0,0.067547264167672,0.04836,-0.400908894887333,0.400908894887333,approach
0.327,0,0.0230245421212328,0.0254843430133601,14.5,0,0.0671456078063396,0.048,-0.40163520023015,0.40163520023015,approach
0.328,0,0.0197353218181995,0,14.5,0,0.0667432500467937,0.048,-0.402336781333082,0.402336781333082,approach
0.329,0,0.0401536303704886,0.162663481684223,14.5,0,0.06634027994559,0.048,-0.402949368773449,0.402949368773449,approach
0.33,0,0.034447004460167,0.000207248998236965,14.5,0,0.0659367846174705,0.048,-0.403474902619683,0.403474902619683,approach
0.331,0,0.0356053042869416,0.0425551032475892,14.5,0,0.0655328492614459,0.048,-0.403915296805195,0.403915296805195,approach
0.332,0,0.0305188322459499,0,14.5,0,0.0651285571870313,0.048,-0.404272438981934,0.404272438981934,approach
0.333,0,0.0299586167822156,0.0265973239998096,14.5,0,0.0647239898406089,0.048,-0.404548190397522,0.404548190397522,approach
0.334,0,0.0256788143847562,0,14.5,0,0.0643192268318963,0.048,-0.404744385795248,0.404744385795248,approach
0.335,0,0.02965536757283,0.0535146867012729,14.5,0,0.0639143459604999,0.048,-0.404862833336224,0.404862833336224,approach
0.336,0,0.0266619038677542,0.00870112163729914,14.5,0,0.0635094232425257,0.048,-0.404905314543009,0.404905314543009,approach
0.337,0,0.022853060458075,0,14.5,0,0.063104532937235,0.048,-0.404873584264008,0.404873584264008,approach
0.338,0,0.0220577947894524,0.0172862007777165,14.5,0,0.0626997475737157,0.048,-0.404769370657936,0.404769370657936,approach
0.339,0,0.024096219455131,0.0363267674492026,14.5,0,0.0622951379775574,0.048,-0.40459437519767,0.40459437519767,approach
0.34,0,0.0206539023901123,0,14.5,0,0.0618907732975068,0.048,-0.404350272692789,0.404350272692789,approach
0.341,0,0.0177033449058105,0,14.5,0,0.0614867210320854,0.048,-0.404038711330128,0.404038711330128,approach
0.342,0,0.0151742956335519,0,14.5,0,0.0610830470561554,0.048,-0.403661312731651,0.403661312731651,approach
0.343,0,0.0250637502038734,0.0844004776258026,14.5,0,0.0606798156474123,0.048,-0.403219672028993,0.403219672028993,approach
0.344,0,0.0214832144604629,0,14.5,0,0.060277089512792,0.048,-0.402715357953981,0.402715357953981,approach
0.345,0.172908818206692,0.0260148692139868,0.0532047977351301,14.5,0.125070185226554,0.0598749298147735,0.0598546662355903,-0.402149912944496,0.402149912944496,force
0.346,1.46193943627472,0.0302114500684999,0.0553909351955783,14.5,0.519273610252287,0.0594807263897477,0.0598344085316204,-0.39419958822836,0.39419958822836,force
0.347,3.36443608839074,0.0258955286301427,0,14.5,0.905495817401881,0.0590945041825981,0.0598141447853605,-0.386224047544314,0.386224047544314,force
0.348,5.67519525159572,0.0221961673972652,0,14.5,1.28361950277642,0.0587163804972236,0.0597938758599949,-0.378130986561392,0.378130986561392,force
0.349,8.29198104413481,0.0465657209556118,0.192783042305691,14.5,1.65346865956293,0.0583465313404371,0.0597736410520042,-0.369861727892651,0.369861727892651,force
0.35,11.1468292586414,0.256668627594573,1.51728606742834,14.5,2.01482524649469,0.0579851747535053,0.0597537003880829,-0.361374247080855,0.361374247080855,force
0.351,14.1884818207344,0.71656927003496,3.47597312467728,14.5,2.3674378574591,0.0576325621425409,0.0597344035850609,-0.352635179991883,0.352635179991883,force
0.352,17.3753326127909,1.44024472985518,5.78229748877652,14.5,2.71102921053682,0.0572889707894632,0.0597161199276827,-0.343618643899865,0.343618643899865,force
0.353,20.6719633561866,2.41279105119158,8.24806897920998,14.5,3.0453028137313,0.0569546971862687,0.0596991978351544,-0.334305415515798,0.334305415515798,force
0.354,24.0472327221585,3.64955198108686,11.0701175604585,14.5,3.36994899461209,0.0566300510053879,0.0596840072079279,-0.324682296071447,0.324682296071447,force
0.355,27.4731316521503,5.15468785779966,14.1855031180764,14.5,3.68464957444273,0.0563153504255573,0.0596709237709288,-0.31474075719923,0.31474075719923,force
0.356,30.9240670333847,6.90371022955767,17.3978444601058,14.5,3.98908212168587,0.0560109178783141,0.0596602889652502,-0.304476521173721,0.304476521173721,force
0.357,34.37640472274,8.87269986000679,20.6866376427015,14.5,4.28292421410745,0.0557170757858926,0.0596524107450542,-0.29388957020323,0.29388957020323,force
0.358,37.8081704629416,11.033468054953,23.9980772246303,14.5,4.56585727528013,0.0554341427247199,0.0596475576003311,-0.282983721700311,0.282983721700311,force
0.359,41.1988552145962,13.3848368992815,27.4930499652523,14.5,4.83757012982969,0.0551624298701703,0.0596459963719901,-0.271766347815737,0.271766347815737,force
0.36,44.5292818334709,15.9040435441503,31.0192834133635,14.5,5.09776177349592,0.0549022382265041,0.059647962032952,-0.260247591129625,0.260247591129625,force
0.361,47.7815254887191,18.5626461289696,34.5142616378852,14.5,5.34614424470248,0.0546538557552975,0.0596536497375325,-0.248440466736191,0.248440466736191,force
0.362,50.938867299855,21.3290002150682,37.92712473166,14.5,5.58244533599463,0.0544175546640054,0.0596632103378336,-0.236360702759955,0.236360702759955,force
0.363,53.9857709526706,24.1738896171945,41.2432260299521,14.5,5.80641111735756,0.0541935888826424,0.0596767537832977,-0.224026552869259,0.224026552869259,force
0.364,56.9078733232754,27.0871629975096,44.5668032794002,14.5,6.01780818554328,0.0539821918144567,0.0596943758114942,-0.211458522881194,0.211458522881194,force
0.365,59.6919785136191,30.0311246312324,47.6948944335691,14.5,6.2164253616322,0.0537835746383678,0.0597161193859779,-0.198678819541392,0.198678819541392,force
0.366,62.3260674526946,33.0256732233463,50.9929647760298,14.5,6.40207566123842,0.0535979243387616,0.0597420553284906,-0.18571162356973,0.18571162356973,force
0.367,64.79928891184,36.0120415953756,53.9302518275516,14.5,6.57459705749205,0.053425402942508,0.0597721721867241,-0.172581882830253,0.172581882830253,force
0.368,67.1019813791415,38.9933823951805,56.8814271940094,14.5,6.73385442717116,0.0532661455728288,0.0598064629220774,-0.159316495751779,0.159316495751779,force
0.369,69.2256666402504,41.9494686690807,59.6859863124823,14.5,6.87974022102712,0.0531202597789729,0.0598448921782141,-0.145943035756275,0.145943035756275,force
0.37,71.1630533926492,44.8671940177976,62.3735461100987,14.5,7.01217536354874,0.0529878246364513,0.059887406249839,-0.132489980836531,0.132489980836531,force
0.371,72.9080328833622,47.7176913566623,64.8206753898509,14.5,7.13110985150629,0.0528688901484937,0.0599339110177383,-0.118986412391038,0.118986412391038,force
0.372,74.4556765736246,50.4846811021256,67.0866195749049,14.5,7.23652345612803,0.052763476543872,0.0599829110177383,-0.105462118901039,0.105462118901039,force
0.373,75.8025846620591,53.1596027170564,69.2091324066412,14.5,7.32844312121895,0.0526715568787811,0.0600319110177383,-0.0919642962759453,0.0919642962759453,force
0.374,76.9470362580743,55.743576069116,71.247416181474,14.5,7.40695492055864,0.0525930450794414,0.0600809110177383,-0.078552108548898,0.078552108548898,force
0.375,77.8882244823971,58.2005850074497,72.9426386374518,14.5,7.47217230231002,0.05252782769769,0.0601299110177383,-0.0652529620412404,0.0652529620412404,force
0.376,78.6263879481783,60.5163258919035,74.410771198626,14.5,7.52423562750772,0.0524757643724923,0.0601789110177383,-0.0520938049307358,0.0520938049307358,force
0.377,79.1627680179613,62.6976555156818,75.7856332583518,14.5,7.56331158002375,0.0524366884199763,0.0602279110177383,-0.0391009983317984,0.0391009983317984,force
0.378,79.4995624423337,64.7291921557979,76.9184119964947,14.5,7.58959245611186,0.0524104075438881,0.0602769110177383,-0.0263001954432049,0.0263001954432049,force
0.379,79.6398756716837,66.6028410870011,77.8447346742201,14.5,7.60329534176116,0.0523967046582388,0.0603259110177383,-0.0137162288989516,0.0137162288989516,force
0.38,79.5876661812061,68.3220812875585,78.6375224909031,14.5,7.60466118620468,0.0523953388137953,0.0603749110177383,-0.00137300644577906,0.00137300644577906,force
0.381,79.4114581000579,69.8663940184522,79.1322704038139,14.5,7.59395378002502,0.052406046219975,0.0604239110177383,0.0107065849468464,0,force
0.382,79.0587152886714,71.2445799820066,79.5136957633331,14.5,7.57144905405455,0.0524285509459455,0.0604729110177383,0.0225103641541317,0,force
0.383,78.5266901178492,72.4472087046415,79.6629810404511,14.5,7.53744282642652,0.0524625571735735,0.0605219110177383,0.0340183986664046,0,force
0.384,77.8215210508186,73.4726966243694,79.6256241427365,14.5,7.49225090108586,0.0525077490989141,0.0605709110177383,0.0452106569586577,0,force
0.385,76.9499824171993,74.3123790912526,79.3504738925519,14.5,7.43620783270272,0.0525637921672973,0.0606199110177383,0.0560683431791062,0,force
0.386,75.9194269915718,74.9786075219014,78.9759781057942,14.5,7.36966562651397,0.052630334373486,0.0606689110177383,0.0665739626670971,0,force
0.387,74.7377270577127,75.4834946507007,78.5128174234962,14.5,7.29299238114155,0.0527070076188585,0.0607179110177383,0.0767113793941837,0,force
0.388,73.4132143848493,75.8201277100082,77.8399260658537,14.5,7.20657088254668,0.0527934291174533,0.0607669110177383,0.0864658652228244,0,force
0.389,71.9546195473442,75.9771072616898,76.918984571779,14.5,7.1107971573318,0.0528892028426682,0.0608159110177383,0.0958241409150335,0,retract
0.39,70.3622879579203,75.9639193054839,75.8847915682484,14.5,7.00550000786627,0.0529944999921337,0.0608188772144756,0.105353832599571,0,retract
0.391,68.6525936435171,75.783215332901,74.698991497404,14.5,6.89155355478231,0.0531084464452177,0.0608277493797721,0.114008830290755,0,retract
0.392,66.8341175312235,75.4419092954316,73.394073070615,14.5,6.76931381839973,0.0532306861816003,0.0608424878762551,0.122307589988385,0,retract
0.393,64.915687456445,74.957582031796,72.0516184499826,14.5,6.63914687383699,0.053360853126163,0.0608630530665515,0.130240029646735,0,retract
0.394,62.9063261886225,74.3063583948758,70.3990165733544,14.5,6.50142740652009,0.0534985725934799,0.0608894053132885,0.137797514191539,0,retract
0.395,60.815200287143,73.4972377739956,68.6425140487142,14.5,6.35653725786885,0.0536434627421312,0.0609215049790933,0.14497286551799,0,retract
0.396,58.6515701637568,72.5527782021817,66.8860207712988,14.5,6.20486396814208,0.0537951360318579,0.060959312426593,0.151760365472811,0,retract
0.397,56.4247417123403,71.462026711376,64.9175177665414,14.5,6.04679932325886,0.0539532006767411,0.0610027880184147,0.158155751977785,0,retract
0.398,54.1440198496453,70.2402407868511,62.9095252397016,14.5,5.88273791221747,0.0541172620877825,0.0610518921171854,0.164156208499014,0,retract
0.399,51.8186642918528,68.8921878097387,60.8038699470645,14.5,5.71307570147573,0.0542869242985243,0.0611065850855324,0.169760347112505,0,retract
0.4,49.4578478723301,67.4288512294392,58.648831747642,14.5,5.53820863236727,0.0544617913676327,0.0611668272860827,0.174968185462171,0,retract
0.401,47.0706176863835,65.8733488430679,56.5403345248404,14.5,5.35853124728578,0.0546414687527142,0.0612325790814635,0.179781117950706,0,retract
0.402,44.6658593300739,64.2016741035676,54.1716256665658,14.5,5.17443534999217,0.0548255646500078,0.0613038008343018,0.18420188154689,0,retract
0.403,42.2522644830607,62.4421125008582,51.884742884602,14.5,4.98630870496906,0.0550136912950309,0.0613804529072249,0.188234516634642,0,retract
0.404,39.8383020715999,60.5805694836893,49.4113113806753,14.5,4.79453378029639,0.0552054662197036,0.0614624956628597,0.191884323369541,0,retract
0.405,37.4321932381516,58.6506490352399,47.0711263445436,14.5,4.59948653800529,0.0554005134619947,0.0615498894638335,0.1951578140479,0,retract
0.406,35.0418903411956,56.6494727127198,44.6424147775992,14.5,4.40153527533901,0.055598464724661,0.0616425946727734,0.198062662032123,0,retract
0.407,32.6750602147617,54.5824716252501,42.1804651004319,14.5,4.20103951976492,0.0557989604802351,0.0617405716523064,0.200607647814827,0,retract
0.408,30.3390719356253,52.4741356804455,39.8241200116179,14.5,3.99834897996239,0.0560016510200376,0.0618437807650598,0.202802602844121,0,retract
0.409,28.0409893817803,50.3199177398076,37.3946100959803,14.5,3.79380255435154,0.0562061974456485,0.0619521823736605,0.204658351775145,0,retract
0.41,25.7875689254333,48.1322731999115,35.0064059605347,14.5,3.58772739801842,0.0564122726019816,0.0620657368407358,0.206186653860896,0,retract
0.411,23.5852626972271,45.9292988970409,32.7114530798174,14.5,3.38043804812335,0.0566195619518767,0.0621844045289127,0.207400144251843,0,retract
0.412,21.4402280006025,43.7065767239272,30.3702436852448,14.5,3.17223560704632,0.0568277643929537,0.0623081458008184,0.208312276043912,0,retract
0.413,19.3583436686984,41.4740802701201,28.0791015472779,14.5,2.96340698159284,0.0570365930184072,0.0624369210190799,0.208937264005181,0,retract
0.414,17.3452344769359,39.2167288983635,25.6726206678238,14.5,2.75422417553659,0.0572457758244634,0.0625706905463245,0.209290031033884,0,retract
0.415,15.4063052104073,36.9741570340575,23.5187258482216,14.5,2.54494363155299,0.057455056368447,0.0627094147451792,0.209386158570207,0,retract
0.416,13.5467867337709,34.7406480958417,21.3395944665471,14.5,2.33580561713804,0.057664194382862,0.0628530539782712,0.209241842427048,0,retract
0.417,11.7717975910423,32.5368736491748,19.3142269691729,14.5,2.12703364728511,0.0578729663527149,0.0630015686082275,0.20887385586047,0,retract
0.418,10.0864265777963,30.355799285878,17.2693531060971,14.5,1.91883393434372,0.0580811660656563,0.0631549189976753,0.208299522235118,0,retract
0.419,8.49584495329457,28.2243121991794,15.4353896789878,14.5,1.71139485230199,0.058288605147698,0.0633130655092417,0.207536700466423,0,retract
0.42,7.00546264075004,26.1364323458318,13.6091532257464,14.5,1.50488639823605,0.058495113601764,0.0634759685055538,0.206603787741932,0,retract
0.421,5.62115333745637,24.0729092506728,11.6917706797192,14.5,1.29945962698034,0.0587005403730197,0.0636435883492387,0.205519746218237,0,retract
0.422,4.34959453438725,22.0719764152545,10.0663794027446,14.5,1.09524602455036,0.0589047539754496,0.0638158854029237,0.204304164216069,0,retract
0.423,3.19881430148866,20.1466522282657,8.59470710633285,14.5,0.892356768254478,0.0591076432317455,0.0639928200292356,0.202977369526889,0,retract
0.424,2.17914868988964,18.2702582973943,7.01189471216559,14.5,0.690881789611832,0.0593091182103882,0.0641743525908018,0.20156062666143,0,retract
0.425,1.30513526173183,16.4620561206491,5.61284306017828,14.5,0.490888492727513,0.0595091115072725,0.0643604434502493,0.200076481550008,0,retract
0.426,0.600055593470981,14.7306528828656,4.34223345616409,14.5,0.292419835352963,0.059707580164647,0.0645510529702053,0.198549399202894,0,retract
0.427,0.111976105836224,13.0757274088878,3.14617456502149,14.5,0.095491066250071,0.0599045089337499,0.0647461415132968,0.197007108200203,0,retract
0.428,0,11.5211943357252,2.19399589674921,14.5,0,0.0600999173926416,0.064945669442151,0.195484458278354,0,retract
0.429,0,10.0648534101097,1.32680785641701,14.5,0,0.0602938844896316,0.0651495971193949,0.194040856976039,0,retract
0.43,0,8.71320818556831,0.603336838319872,14.5,0,0.0604865057378997,0.0653578849076558,0.192692875992114,0,retract
0.431,0,7.49536717001666,0.188321076706769,14.5,0,0.0606778751836267,0.0655704931695607,0.191439043093629,0,retract
0.432,0,6.42460043144285,0,14.5,0,0.0608680854104767,0.0657873822677367,0.190277890787342,0,retract
0.433,0,5.50948750373429,0.0188099374829434,14.5,0,0.0610572275445579,0.066008512564811,0.189207956788332,0,retract
0.434,0,4.74325116030123,0.145833099702862,14.5,0,0.0612453912598405,0.0662338444234107,0.188227784464205,0,retract
0.435,0,4.06564385168677,0,14.5,0,0.0614326647840035,0.0664633382061629,0.187335923255622,0,retract
0.436,0,3.48483758716009,0,14.5,0,0.0616191349046918,0.0666969542756948,0.186530929073917,0,retract
0.437,0,2.9895090095442,0.0175375438488514,14.5,0,0.0618048869761564,0.0669346529946333,0.185811364676506,0,retract
0.438,0,2.56243629389503,0,14.5,0,0.0619900049262585,0.0671763947256058,0.185175800020813,0,retract
0.439,0,2.21726773577183,0.146256387032678,14.5,0,0.0621745712638163,0.0674221398312392,0.18462281259742,0,retract
0.44,0,1.90051520209014,0,14.5,0,0.0623586670862725,0.0676718486741607,0.184150987743109,0,retract
0.441,0,1.62901303036298,0,14.5,0,0.0625423720876648,0.0679254816169975,0.183758918934498,0,retract
0.442,0,1.40572270090774,0.0659807241763244,14.5,0,0.0627257645668782,0.0681829990223765,0.1834452080629,0,retract
0.443,0,1.20490517220664,0,14.5,0,0.0629089214361628,0.0684443612529251,0.183208465691086,0,retract
0.444,0,1.04690160550737,0.0988802053117881,14.5,0,0.0630919182298968,0.0687095286712702,0.183047311292545,0,retract
0.445,0,0.897344233292034,0,14.5,0,0.0632748291135806,0.068978461640039,0.182960373473901,0,retract
0.446,0,0.769152199964601,0,14.5,0,0.063457726893042,0.0692511205218586,0.182946290181061,0,retract
0.447,0,0.659273314255372,0,14.5,0,0.0636406830238407,0.0695274656793562,0.18300370888969,0,retract
0.448,0,0.565091412218891,0,14.5,0,0.0638237676208511,0.0698074574751588,0.183131286780609,0,retract
0.449,0,0.484364067616192,0,14.5,0,0.064007049468016,0.0700910562718936,0.183327690900647,0,retract
0.45,0,0.415169200813879,0,14.5,0,0.0641905960282491,0.0703782224321876,0.183591598309524,0,retract
0.451,0,0.355859314983325,0,14.5,0,0.0643744734534793,0.0706689163186681,0.18392169621328,0,retract
0.452,0,0.319287015464258,0.0998532183498591,14.5,0,0.0645587465948185,0.0709630982939621,0.184316682084782,0,retract
0.453,0,0.284347271567953,0.074708808190119,14.5,0,0.0647434790128444,0.0712607287206968,0.184775263771815,0,retract
0.454,0,0.244387949895988,0.00463201986419811,14.5,0,0.0649287329879832,0.0715617679614992,0.185296159593247,0,retract
0.455,0,0.221959060648174,0.087385725161291,14.5,0,0.0651145695309821,0.0718661763789965,0.185878098423754,0,retract
0.456,0,0.197565286502904,0.0512026416312826,14.5,0,0.0653010483934596,0.0721739143358158,0.186519819767571,0,retract
0.457,0,0.169341674145346,0,14.5,0,0.0654882280785231,0.0724849421945842,0.187220073821724,0,retract
0.458,0,0.145150006410297,0,14.5,0,0.0656761658514456,0.0727992203179289,0.187977621529193,0,retract
0.459,0,0.124414291208826,0,14.5,0,0.065864917750387,0.0731167090684769,0.18879123462242,0,retract
0.46,0,0.116088046618738,0.0661305790782101,14.5,0,0.0660545385971549,0.0734373688088555,0.189659695657602,0,retract
0.461,0,0.10790180426868,0.0587843501683313,14.5,0,0.0662450820079943,0.0737611599016916,0.190581798040161,0,retract
0.462,0,0.0933232823898611,0.00585215111694982,14.5,0,0.0664366004043987,0.0740880427096124,0.191556346041784,0,retract
0.463,0,0.0824020831781696,0.0168748879080208,14.5,0,0.0666291450239308,0.0744179775952451,0.192582154809432,0,retract
0.464,0,0.0742040466598908,0.0250158275502181,14.5,0,0.0668227659310505,0.0747509249212167,0.193658050366672,0,retract
0.465,0,0.0722630841960885,0.0606173094132745,14.5,0,0.0670175120279384,0.0750868450501544,0.194782869607704,0,retract
0.466,0,0.0619397864537901,0,14.5,0,0.0672134310653093,0.0754256983446853,0.195955460284432,0,retract
0.467,0,0.0550065091338397,0.0134068452141371,14.5,0,0.0674105696532091,0.0757674451674366,0.19717468098691,0,retract
0.468,0,0.047148436400434,0,14.5,0,0.0676089732717883,0.0761120458810352,0.198439401117507,0,retract
0.469,0,0.0404129454860863,0,14.5,0,0.0678086862820464,0.0764594608481084,0.199748500859093,0,retract
0.47,0,0.0351462844930848,0.00354631853507555,14.5,0,0.0680097519365409,0.0768096504312833,0.201100871137573,0,retract
0.471,0,0.0301253867083584,0,14.5,0,0.0682122123900554,0.0771625749931869,0.202495413579049,0,retract
0.472,0,0.0258217600357358,0,14.5,0,0.0684161087102228,0.0775181948964465,0.203931040461917,0,retract
0.473,0,0.0221329371734878,0,14.5,0,0.0686214808880973,0.0778764705036891,0.205406674664168,0,retract
0.474,0,0.0236625046485864,0.0328399094991781,14.5,0,0.06882836784867,0.0782373621775418,0.20692124960617,0,retract
0.475,0,0.0202821468416455,0,14.5,0,0.0690368074613277,0.0786008302806318,0.208473709189193,0,retract
0.476,0,0.0259115017395896,0.0596876311272543,14.5,0,0.0692468365502444,0.0789668351755862,0.210063007729927,0,retract
0.477,0,0.0327809250433126,0.0739974648656503,14.5,0,0.0694584909047084,0.0793353372250321,0.211688109891241,0,retract
0.478,0,0.0314310997676375,0.0233321481135869,14.5,0,0.0696718052893755,0.0797062967915966,0.213347990609425,0,retract
0.479,0,0.0350966419181829,0.0570898948214552,14.5,0,0.0698868134544501,0.0800796742379069,0.215041635018137,0,retract
0.48,0,0.030082835929871,0,14.5,0,0.0701035481457863,0.08045542992659,0.216768038369275,0,retract
0.481,0,0.0257852879398894,0,14.5,0,0.0703220411149102,0.0808335242202731,0.218526205950998,0,retract
0.482,0,0.0300587617019137,0.0556996042740589,14.5,0,0.0705423231289573,0.0812139174815833,0.220315153003091,0,retract
0.483,0,0.0412104596564504,0.108120647383671,14.5,0,0.0707644239805248,0.0815965700731477,0.222133904629881,0,retract
0.484,0,0.0353232511341004,0,14.5,0,0.0709883724974366,0.0819814423575934,0.223981495710888,0,retract
0.485,0,0.0407782392426014,0.0735081678936076,14.5,0,0.0712141965524148,0.0823684946975476,0.225856970809408,0,retract
0.486,0,0.0349527764936583,0,14.5,0,0.0714419230726632,0.0827576874556374,0.227759384079188,0,retract
0.487,0,0.02995952270885,0,14.5,0,0.0716715780493528,0.0831489809944899,0.229687799169387,0,retract
0.488,0,0.0256795908933,0,14.5,0,0.0719031865470139,0.0835423356767321,0.23164128912797,0,retract
0.489,0,0.0220110779085429,0,14.5,0,0.07213677271283,0.0839377118649914,0.233618936303702,0,retract
0.49,0,0.0188666382073225,0,14.5,0,0.0723723597858336,0.0843350699218946,0.235619832246895,0,retract
0.491,0,0.0257894108100242,0.0673260464262346,14.5,0,0.0726099701060027,0.0847343702100691,0.237643077609055,0,retract
0.492,0,0.022105209265735,0,14.5,0,0.0728496251232551,0.0851355730921418,0.239687782041573,0,retract
0.493,0,0.0189473222277729,0,14.5,0,0.0730913454063433,0.0855386389307399,0.241753064093586,0,retract
0.494,0,0.0162405619095196,0,14.5,0,0.0733351506516462,0.0859435280884906,0.243838051109153,0,retract
0.495,0,0.0139204816367311,0,14.5,0,0.0735810596918565,0.0863502009280209,0.245941879123864,0,retract
0.496,0,0.0119318414029124,0,14.5,0,0.0738290905045685,0.0867586178119579,0.248063692761001,0,retract
0.497,0,0.0102272926310677,0,14.5,0,0.0740792602207571,0.0871687391029289,0.250202645127365,0,retract
0.498,0,0.00908768282400684,0.00225002398164142,14.5,0,0.0743315851331578,0.0875805251635608,0.252357897708895,0,retract
0.499,0,0.00778944242057729,0,14.5,0,0.0745860807045392,0.0879939363564809,0.254528620266163,0,retract
0.5,0,0.00667666493192339,0,14.5,0,0.0748427615758729,0.0884089330443162,0.25671399072986,0,retract
0.501,0,0.00572285565593434,0,14.5,0,0.0751016415743986,0.0888254755896939,0.258913195096368,0,retract
0.502,0,0.00706891376426565,0.0151452624142536,14.5,0,0.0753627337215852,0.089243524355241,0.261125427323512,0,retract
0.503,0,0.00605906894079913,0,14.5,0,0.0756260502409899,0.0896630397035848,0.263349889226576,0,retract
0.504,0,0.00519348766354211,0,14.5,0,0.0758916025660108,0.0900839819973522,0.265585790374671,0,retract
0.505,0,0.00445156085446467,0,14.5,0,0.0761594013475391,0.0905063115991705,0.267832347987542,0,retract
0.506,0,0.00381562358954114,0,14.5,0,0.0764294564615075,0.0909299888716668,0.270088786832874,0,retract
0.507,0,0.00327053450532098,0,14.5,0,0.0767017770163378,0.0913549741774681,0.272354339124193,0,retract
0.508,0,0.00280331529027513,0,14.5,0,0.0769763713602855,0.0917812278792016,0.274628244419414,0,retract
0.509,0,0.0101350108290565,0.0541251840617447,14.5,0,0.077253247088685,0.0922087103394945,0.276909749520113,0,retract
0.51,0,0.00868715213919128,0,14.5,0,0.0775324110510952,0.0926373819209737,0.27919810837158,0,retract
0.511,0,0.0170021806375854,0.0668923516279501,14.5,0,0.077813869358345,0.0930672029862665,0.281492581963719,0,retract
0.512,0,0.0145732976893589,0,14.5,0,0.0780976273894811,0.093498133898,0.283792438232847,0,retract
0.513,0,0.0124913980194505,0,14.5,0,0.0783836897986194,0.0939301350188013,0.286096951964448,0,retract
0.514,0,0.0149908158975423,0.0299873231660929,14.5,0,0.0786720605216987,0.0943631667112974,0.288405404696937,0,retract
0.515,0,0.0141008799857816,0.0087612645152178,14.5,0,0.0789627427831407,0.0947971893381156,0.290717084626471,0,retract
0.516,0,0.0207477623678845,0.0606290566605017,14.5,0,0.0792557391024141,0.095232163261883,0.29303128651287,0,retract
0.517,0,0.0177837963153296,0,14.5,0,0.0795510513005087,0.0956680488452266,0.295347311586673,0,retract
0.518,0,0.0242616950881323,0.0631290877249487,14.5,0,0.079848680506314,0.0961048064507735,0.297664467457383,0,retract
0.519,0,0.0273391665605449,0.0458039953950203,14.5,0,0.0801486271629104,0.096542396441151,0.299982068022933,0,retract
0.52,0,0.0234335713376099,0,14.5,0,0.0804508910337687,0.0969807791789861,0.302299433380409,0,retract
0.521,0,0.0200859182893799,0,14.5,0,0.0807554712088634,0.097419915026906,0.304615889738058,0,retract
0.522,0,0.0216425290161942,0.0309821933770798,14.5,0,0.0810623661106986,0.0978597643475377,0.306930769328634,0,retract
0.523,0,0.0185507391567379,0,14.5,0,0.0813715735002473,0.0983002875035083,0.309243410324076,0,retract
0.524,0,0.027512947739565,0.081286199236528,14.5,0,0.0816830904828091,0.0987414448574451,0.31155315675158,0,retract
0.525,0,0.0271079743437132,0.0246781339686025,14.5,0,0.0819969135137824,0.0991831967719751,0.313859358411061,0,retract
0.526,0,0.0258311589791036,0.0181702667914459,14.5,0,0.0823130384043585,0.0996255036097254,0.316161370794054,0,retract
0.527,0,0.0221409934106602,0,14.5,0,0.082631460327133,0.100068325733323,0.318458555004053,0,retract
0.528,0,0.0191904001760411,0.00148684076832613,14.5,0,0.0829521738216407,0.100511623505396,0.320750277678321,0,retract
0.529,0,0.0164489144366066,0,14.5,0,0.0832751727998137,0.10095535728857,0.323035910911183,0,retract
0.53,0,0.0140990695170914,0,14.5,0,0.0836004505513623,0.101399487445472,0.32531483217882,0,retract
0.531,0,0.0177150496345985,0.0394109303396408,14.5,0,0.083927999749085,0.101843974338731,0.327586424265584,0,retract
0.532,0,0.0205239439120802,0.0373773095769704,14.5,0,0.0842578124541026,0.102288778330973,0.329850075191829,0,retract
0.533,0,0.0175919519246401,0,14.5,0,0.0845898801210258,0.102733859784825,0.332105178143291,0,retract
0.534,0,0.0150788159354058,0,14.5,0,0.0849241936030496,0.103179179062914,0.33435113140202,0,retract
0.535,0,0.012924699373205,0,14.5,0,0.085260743156982,0.103624696527868,0.336587338278857,0,retract
0.536,0,0.0110783137484614,0,14.5,0,0.0855995184482071,0.104070372542313,0.338813207047491,0,retract
0.537,0,0.0198485254392409,0.0724697955839179,14.5,0,0.0859405085555817,0.104516167468877,0.341028150880079,0,retract
0.538,0,0.0170130218050637,0,14.5,0,0.086283701976271,0.104962041670187,0.343231587784445,0,retract
0.539,0,0.014582590118626,0,14.5,0,0.0866290866305214,0.105407955508869,0.345422940542858,0,retract
0.54,0,0.0126641788628403,0.00115371132812624,14.5,0,0.0869766498663748,0.105853869347552,0.347601636652394,0,retract
0.541,0,0.0192452470334684,0.0587316560572369,14.5,0,0.0873263784643231,0.106299743548861,0.34976710826688,0,retract
0.542,0,0.0164959260286872,0,14.5,0,0.0876782586419074,0.106745538475425,0.351918792140421,0,retract
0.543,0,0.0141393651674462,0,14.5,0,0.0880322760582619,0.10719121448987,0.354056129572514,0,retract
0.544,0,0.0122359251153241,0.000815284802591662,14.5,0,0.0883884158186035,0.107636731954824,0.356178566354739,0,retract
0.545,0,0.0104879358131349,0,14.5,0,0.08874666247867,0.108082051232913,0.358285552719032,0,retract
0.546,0,0.00898965926840138,0,14.5,0,0.0891070000491093,0.108527132686765,0.360376543287531,0,retract
0.547,0,0.0151381350405767,0.0520289896736287,14.5,0,0.0894694119998174,0.108971936679007,0.362450997023997,0,retract
0.548,0,0.0169287397749029,0.0276723681808597,14.5,0,0.0898338812642299,0.109416423572266,0.364508377186794,0,retract
0.549,0,0.0145103483784882,0,14.5,0,0.0902003902435701,0.109860553729169,0.366548151283434,0,retract
0.55,0,0.0128505151150959,0.00289151553474205,14.5,0,0.0905689208110499,0.110304287512343,0.36856979102667,0,retract
0.551,0,0.013884672186734,0.0200896146165627,14.5,0,0.0909394543160301,0.110747585284415,0.370572772292139,0,retract
0.552,0,0.0299478953675933,0.126327234452749,14.5,0,0.0913119715881392,0.111190407408013,0.372556575077539,0,retract
0.553,0,0.0256696246007942,0,14.5,0,0.0916864529413521,0.111632714245763,0.37452068346333,0,retract
0.554,0,0.026121326793742,0.0288315399514288,14.5,0,0.0920628781780324,0.112074466160293,0.376464585574959,0,retract
0.555,0,0.025334785681588,0.0206155390086641,14.5,0,0.0924412265929364,0.11251562351423,0.37838777354659,0,retract
0.556,0,0.0350420527099687,0.0932856548802529,14.5,0,0.0928214769771839,0.112956146670201,0.380289743486328,0,retract
0.557,0,0.0316269685929702,0.0111364638909793,14.5,0,0.0932036076221939,0.113395995990832,0.382169995442929,0,retract
0.558,0,0.0271088302225459,0,14.5,0,0.0935875963235897,0.113835131838752,0.38402803337399,0,retract
0.559,0,0.0254293453445025,0.0153524360762417,14.5,0,0.0939734203850724,0.114273514576587,0.385863365115584,0,retract
0.56,0,0.0217965817238593,0,14.5,0,0.0943610566222667,0.114711104566965,0.387675502353358,0,retract
0.561,0,0.0271427736400719,0.0592199251373479,14.5,0,0.0947504813665368,0.115147862172512,0.389463960595052,0,retract
0.562,0,0.0232652345486331,0,14.5,0,0.095141670468779,0.115583747755855,0.391228259144445,0,retract
0.563,0,0.0199416296131141,0,14.5,0,0.0955345993031872,0.116018721679623,0.392967921076701,0,retract
0.564,0,0.0232912910422296,0.043389259616923,14.5,0,0.0959292427709957,0.116452744306441,0.394682473215103,0,retract
0.565,0,0.0199639637504825,0,14.5,0,0.0963255753042,0.116885775998937,0.396371446109168,0,retract
0.566,0,0.0213644813866444,0.0297675872036155,14.5,0,0.0967235708692574,0.117317777119738,0.398034374014109,0,retract
0.567,0,0.0215248239539408,0.0224868793577192,14.5,0,0.0971232029707676,0.117748708031472,0.399670794871647,0,retract
0.568,0,0.0204022826023054,0.013667034492493,14.5,0,0.0975244446551351,0.118178529096765,0.401280250292142,0,retract
0.569,0,0.0281051467342094,0.0743223315256336,14.5,0,0.0979272685142159,0.118607200678244,0.402862285538037,0,retract
0.57,0,0.0240901257721795,0,14.5,0,0.0983316466889476,0.119034683138537,0.404416449508582,0,retract
0.571,0,0.0206486792332967,0,14.5,0,0.0987375508729662,0.11946093684027,0.405942294725843,0,retract
0.572,0,0.0176988679142543,0,14.5,0,0.0991449523162103,0.119885922146072,0.407439377321956,0,retract
0.573,0,0.015170458212218,0,14.5,0,0.0995538218285121,0.120309599418568,0.408907257027613,0,retract
0.574,0,0.0130032498961869,0,14.5,0,0.0999641297831796,0.120731929020386,0.410345497161779,0,retract
0.575,0,0.0134772634997936,0.0163213451214339,14.5,0,0.10037584612057,0.121152871314154,0.411753664622593,0,retract
0.576,0,0.0115519401426802,0,14.5,0,0.10078894035165,0.121572386662497,0.41313132987945,0,retract
0.577,0,0.00990166297944019,0,14.5,0,0.101203381561561,0.121990435428044,0.414478066966246,0,retract
0.578,0,0.0152595056088536,0.0474065613853339,14.5,0,0.101619138413162,0.122406977973422,0.415793453475758,0,retract
0.579,0,0.0140212468635895,0.00659169439200519,14.5,0,0.102036179150583,0.122821974661257,0.417077070555142,0,retract
0.58,0,0.0120182115973624,0,14.5,0,0.102454471602766,0.123235385854178,0.418328502902534,0,retract
0.581,0,0.018467825780568,0.0571655108798014,14.5,0,0.102873983187006,0.123647171914809,0.419547338764723,0,retract
0.582,0,0.0173947828682705,0.0109565253944854,14.5,0,0.103294680912492,0.12405729320578,0.420733169935881,0,retract
0.583,0,0.014909813887089,0,14.5,0,0.103716531383847,0.124465710089717,0.421885591757337,0,retract
0.584,0,0.0127798404746477,0,14.5,0,0.104139500804666,0.124872382929248,0.42300420311835,0,retract
0.585,0,0.026943609009914,0.111926220221512,14.5,0,0.104563554981059,0.125277272086998,0.424088606457895,0,retract
0.586,0,0.0238899111509358,0.00556772399706681,14.5,0,0.104988659325196,0.125680337925597,0.425138407767404,0,retract
0.587,0,0.0204770667008021,0,14.5,0,0.105414778858854,0.126081540807669,0.426153216594464,0,retract
0.588,0,0.0230410045228135,0.0384246314548816,14.5,0,0.105841878216972,0.126480841095844,0.427132646047446,0,retract
0.589,0,0.0197494324481258,0,14.5,0,0.106269921651205,0.126878199152747,0.428076312801032,0,retract
0.59,0,0.0169280849555364,0,14.5,0,0.106698873033493,0.127273575341006,0.428983837102634,0,retract
0.591,0,0.0155992951540616,0.00762655634521254,14.5,0,0.10712869585963,0.127666930023248,0.429854842779671,0,retract
0.592,0,0.0133708244177671,0,14.5,0,0.107559353252842,0.128058223562101,0.430688957247685,0,retract
0.593,0,0.019984946360022,0.0596696780135517,14.5,0,0.107990807967381,0.128447416320191,0.431485811519272,0,retract
0.594,0,0.0215250662441136,0.0307657855486633,14.5,0,0.108423022392119,0.128834468660145,0.432245040213815,0,retract
0.595,0,0.0184500567806688,0,14.5,0,0.108855958554156,0.129219340944591,0.432966281567979,0,retract
0.596,0,0.0158143343834304,0,14.5,0,0.109289578122444,0.129601993536155,0.433649177446957,0,retract
0.597,0,0.0135551437572261,0,14.5,0,0.109723842411415,0.129982386797465,0.434293373356448,0,retract
0.598,0,0.0124504335302585,0.00582217216845302,14.5,0,0.110158712384626,0.130360481091148,0.43489851845533,0,retract
0.599,0,0.010671800168793,0,14.5,0,0.110594148658419,0.130736236779831,0.435464265569017,0,retract
0.6,0,0.00966577878384374,0.00362965047414817,14.5,0,0.11103011150559,0.131109614226142,0.43599027120347,0,retract
0.601,0,0.0125980995125117,0.0301920238845195,14.5,0,0.111466560859076,0.131480573792706,0.436476195559845,0,retract
0.602,0,0.027850263104453,0.119363244656101,14.5,0,0.111903456315659,0.131849075842152,0.436921702549749,0,retract
0.603,0,0.0238716540895312,0,14.5,0,0.112340757139677,0.132215080737107,0.437326459811085,0,retract
0.604,0,0.0204614177910267,0,14.5,0,0.112778422266766,0.132578548840197,0.437690138724458,0,retract
0.605,0,0.0175383581065943,0,14.5,0,0.113216410307603,0.132939440514049,0.438012414430127,0,retract
0.606,0,0.0150328783770809,0,14.5,0,0.11365467955168,0.133297716121292,0.438292965845471,0,retract
0.607,0,0.0128853243232122,0,14.5,0,0.114093187971087,0.133653336024551,0.43853147568295,0,retract
0.608,0,0.0110445637056104,0,14.5,0,0.114531893224314,0.134006260586455,0.438727630468538,0,retract
0.609,0,0.0171390140547356,0.0537057161494865,14.5,0,0.11497075266008,0.13435645016963,0.438881120560606,0,retract
0.61,0,0.0146905834754876,0,14.5,0,0.115409723321172,0.134703865136703,0.438991640169231,0,retract
0.611,0,0.0125919286932751,0,14.5,0,0.115848761948307,0.135048465850302,0.439058887375897,0,retract
0.612,0,0.010793081737093,0,14.5,0,0.116287824984014,0.135390212673053,0.439082564153594,0,retract
0.613,0,0.00925121291750825,0,14.5,0,0.11672686857654,0.135729065967584,0.439062376387255,0,retract
0.614,0,0.0141134925723686,0.0432871705015306,14.5,0,0.117165848583771,0.136064986096522,0.438998033894538,0,retract
0.615,0,0.0120972793477445,0,14.5,0,0.117604720577176,0.136397933422493,0.438889250446915,0,retract
0.616,0,0.0164757312418086,0.0427464426061933,14.5,0,0.118043439845775,0.136727868308126,0.438735743791048,0,retract
0.617,0,0.0213596003143951,0.0506628147499141,14.5,0,0.118481961400124,0.137054751116047,0.438537235670432,0,retract
0.618,0,0.0183082288409101,0,14.5,0,0.118920239976328,0.137378542208883,0.438293451847282,0,retract
0.619,0,0.0156927675779229,0,14.5,0,0.119358230040071,0.137699201949261,0.438004122124642,0,retract
0.62,0,0.0194516554565608,0.0420049827283883,14.5,0,0.119795885790668,0.138016690699809,0.437668980368686,0,retract
0.621,0,0.0172830205955936,0.00427121142978988,14.5,0,0.120233161165146,0.138330968823154,0.437287764531201,0,retract
0.622,0,0.0148140176533659,0,14.5,0,0.120670009842338,0.138641996681923,0.43686021667223,0,retract
0.623,0,0.0146755676050888,0.013844867315426,14.5,0,0.121106385247009,0.138949734638742,0.436386082982832,0,retract
0.624,0,0.012579057947219,0,14.5,0,0.121542240554,0.139254143056239,0.435865113807974,0,retract
0.625,0,0.0176025021900703,0.0477431676471784,14.5,0,0.121977528692393,0.139555182297042,0.435297063669494,0,retract
0.626,0,0.0180656981343361,0.020844873799931,14.5,0,0.122412202349706,0.139852812723776,0.434681691289147,0,retract
0.627,0,0.0281147820312869,0.0884092854129916,14.5,0,0.122846213976106,0.14014699469907,0.43401875961169,0,retract
0.628,0,0.0274261183316809,0.0232941361340449,14.5,0,0.123279515788643,0.140437688585551,0.433308035828003,0,retract
0.629,0,0.0340782351312642,0.0739909359287638,14.5,0,0.123712059775514,0.140724854745845,0.432549291398205,0,retract
0.63,0,0.0292099158267979,0,14.5,0,0.124143797700347,0.14100845354258,0.431742302074766,0,retract
0.631,0,0.0250370707086839,0,14.5,0,0.124574681106504,0.141288445338382,0.430886847925585,0,retract
0.632,0,0.021460346321729,0,14.5,0,0.125004661321414,0.14156479049588,0.429982713357008,0,retract
0.633,0,0.0321972323644437,0.0966185486207313,14.5,0,0.125433689460923,0.141837449377699,0.429029687136778,0,retract
0.634,0,0.0275976277409517,0,14.5,0,0.125861716433674,0.142106382346468,0.428027562416892,0,retract
0.635,0,0.0245583260815594,0.00632251612520526,14.5,0,0.1262886929455,0.142371549764813,0.426976136756349,0,retract
0.636,0,0.0211647090499967,0.000803006860620558,14.5,0,0.126714569503849,0.142632911995362,0.42587521214376,0,retract
0.637,0,0.0205177113419286,0.01663572509352,14.5,0,0.127139296422226,0.142890429400741,0.424724595019822,0,retract
0.638,0,0.0175866097216531,0,14.5,0,0.12756282382466,0.143144062343578,0.423524096299616,0,retract
0.639,0,0.0150742369042741,0,14.5,0,0.127985101650191,0.143393771186499,0.422273531394721,0,retract
0.64,0,0.0129207744893778,0,14.5,0,0.128406079657381,0.143639516292133,0.420972720235136,0,retract
0.641,0,0.0110749495623238,0,14.5,0,0.128825707428845,0.143881258023105,0.419621487290973,0,retract
0.642,0,0.00949281391056326,0,14.5,0,0.129243934375808,0.144118956742044,0.418219661593921,0,retract
0.643,0,0.0115651623291329,0.0239992528405508,14.5,0,0.129660709742673,0.144352572811575,0.416767076758452,0,retract
0.644,0,0.00991299628211391,0,14.5,0,0.130075982611623,0.144582066594328,0.415263571002771,0,retract
0.645,0,0.0269172418424728,0.128942715204626,14.5,0,0.130489701907235,0.144807398452927,0.413708987169467,0,retract
0.646,0,0.0236835529390894,0.0042814195187887,14.5,0,0.130901816401118,0.145028528750002,0.412103172745881,0,retract
0.647,0,0.0203001882335052,0,14.5,0,0.131312274716568,0.145245417848178,0.410445979884147,0,retract
0.648,0,0.024336174772635,0.0485520940074136,14.5,0,0.131721025333247,0.145458026110083,0.408737265420919,0,retract
0.649,0,0.0208595783765443,0,14.5,0,0.132128016591877,0.145666313898343,0.406976890896742,0,retract
0.65,0,0.0178796386084665,0,14.5,0,0.132533196698959,0.145870241575587,0.405164722575082,0,retract
0.651,0,0.0301025550226804,0.103440053507964,14.5,0,0.132936513731505,0.146069769504442,0.403300631460972,0,retract
0.652,0,0.0258021900194404,0,14.5,0,0.133337915641789,0.146264858047533,0.401384493319292,0,retract
0.653,0,0.0263066103003526,0.0293331319858261,14.5,0,0.13373735026212,0.146455467567489,0.399416188692645,0,retract
0.654,0,0.022548523114588,0,14.5,0,0.134134765309629,0.146641558426937,0.39739560291883,0,retract
0.655,0,0.0204056062040947,0.00754810474113551,14.5,0,0.134530108391077,0.146823090988503,0.3953226261479,0,retract
0.656,0,0.0207458019995141,0.0227869767720299,14.5,0,0.13492332700767,0.147000025614815,0.393197153358792,0,retract
0.657,0,0.0177821159995835,0,14.5,0,0.135314368559906,0.1471723226685,0.391019084375515,0,retract
0.658,0,0.0152418137139287,0,14.5,0,0.135703180352422,0.147339942512185,0.388788323882897,0,retract
0.659,0,0.0142017597185021,0.00796143574594282,14.5,0,0.136089709598866,0.147502845508497,0.386504781441864,0,retract
0.66,0,0.0145978281955554,0.0169742390578749,14.5,0,0.136473903426785,0.147660992020063,0.38416837150426,0,retract
0.661,0,0.0125124241676189,0,14.5,0,0.136855708882516,0.147814342409511,0.381779013427192,0,retract
0.662,0,0.0139591159954785,0.0226392669626362,14.5,0,0.137235072936105,0.147962857039467,0.379336631486883,0,retract
0.663,0,0.011964956567553,0,14.5,0,0.137611942486232,0.148106496272559,0.376841154892045,0,retract
0.664,0,0.0102556770579026,0,14.5,0,0.137986264365148,0.148245220471414,0.374292517796743,0,retract
0.665,0,0.00908464403816345,0.00205844591972861,14.5,0,0.138357985343629,0.148378989998658,0.371690659312765,0,retract
0.666,0,0.0104787696039684,0.018843522998798,14.5,0,0.138727052135938,0.14850776521692,0.369035523521471,0,retract
0.667,0,0.0154908067004554,0.0455630292793775,14.5,0,0.139093411404802,0.148631506488826,0.366327059485131,0,retract
0.668,0,0.019941054165733,0.0466425389573984,14.5,0,0.139457009766396,0.148750174177003,0.363565221257743,0,retract
0.669,0,0.0216783693249166,0.0321022602800186,14.5,0,0.139817793795338,0.148863728644078,0.36074996789532,0,retract
0.67,0,0.0296848940851044,0.0777240426462307,14.5,0,0.140175710029701,0.148972130252679,0.357881263465652,0,retract
0.671,0,0.032948113885059,0.052527432684787,14.5,0,0.14053070497602,0.149075339365432,0.35495907705753,0,retract
0.672,0,0.0282412404729077,0,14.5,0,0.140882725114326,0.149173316344965,0.351983382789435,0,retract
0.673,0,0.0294013541930852,0.0363620365141503,14.5,0,0.14123171690317,0.149266021553905,0.34895415981769,0,retract
0.674,0,0.0257371984613016,0.00375226407059954,14.5,0,0.141577626784667,0.149353415354879,0.345871392344069,0,retract
0.675,0,0.0220604558239728,0,14.5,0,0.141920401189544,0.149435458110514,0.342735069622863,0,retract
0.676,0,0.0189089621348338,0,14.5,0,0.142259986542193,0.149512110183437,0.339545185967403,0,retract
0.677,0,0.0247442357510483,0.0597558774483354,14.5,0,0.142596329265731,0.149583331936275,0.336301740756041,0,retract
0.678,0,0.0255039987126221,0.0300625764820646,14.5,0,0.142929375787067,0.149649083731656,0.333004738437583,0,retract
0.679,0,0.0218605703251046,0,14.5,0,0.143259072541968,0.149709325932206,0.329654188536182,0,retract
0.68,0,0.0202940426118225,0.0108948763321297,14.5,0,0.143585365980143,0.149764018900553,0.326250105655693,0,retract
0.681,0,0.0173948936672764,0,14.5,0,0.143908202570311,0.149813122999324,0.322792509483473,0,retract
0.682,0,0.0149099088576655,0,14.5,0,0.144227528805294,0.149856598591145,0.31928142479366,0,retract
0.683,0,0.0146810175416997,0.0133076696459047,14.5,0,0.144543291207092,0.149894406038645,0.315716881449903,0,retract
0.684,0,0.0151674354028734,0.0180859425699155,14.5,0,0.144855436331979,0.14992650570445,0.312098914407567,0,retract
0.685,0,0.0130006589167486,0,14.5,0,0.145163910775587,0.149952857951187,0.308427563715404,0,retract
0.686,0,0.0111434219286417,0,14.5,0,0.145468661177999,0.149973423141483,0.304702874516699,0,retract
0.687,0,0.0123416151433552,0.0195307744316365,14.5,0,0.14576963422884,0.149988161637966,0.300924897049898,0,retract
0.688,0,0.018137087866416,0.0529099242047806,14.5,0,0.146066776672365,0.149997033803263,0.297093686648717,0,retract
0.689,0,0.0199318615121378,0.0307005033864685,14.5,0,0.146360035312554,0.15,0.293209303741741,0,retract
0.69,0,0.0170844527246895,0,14.5,0,0.146649357018202,0.15,0.289271813851518,0,retract
0.691,0,0.0155041466492778,0.00602231019680728,14.5,0,0.14693477527304,0.15,0.285367856523307,0,retract
0.692,0,0.0182567717741093,0.0347725225230982,14.5,0,0.147216323446689,0.15,0.281497316123942,0,retract
0.693,0,0.0294543712554123,0.0966399681432308,14.5,0,0.147494034791784,0.15,0.277660074178828,0,retract
0.694,0,0.0252466039332106,0,14.5,0,0.147767942441173,0.15,0.273856009440979,0,retract
0.695,0,0.0276388136296733,0.0419920718084497,14.5,0,0.14803807940517,0.15,0.270084997959783,0,retract
0.696,0,0.0236904116825771,0,14.5,0,0.148304478568897,0.15,0.266346913149458,0,retract
0.697,0,0.0203060671564947,0,14.5,0,0.148567172689683,0.15,0.262641625857148,0,retract
0.698,0,0.0174052004198526,0,14.5,0,0.14882619439453,0.15,0.258969004430625,0,retract
0.699,0,0.0196273777548405,0.0329604417647677,14.5,0,0.149081576177653,0.15,0.25532891478557,0,retract
0.7,0,0.0227301675243379,0.0413469061413225,14.5,0,0.149333350398087,0.15,0.251721220472394,0,retract
0.701,0,0.0194830007351468,0,14.5,0,0.149581549277354,0.15,0.248145782742568,0,retract
0.702,0,0.0183359548317956,0.0114536794116883,14.5,0,0.149826204897205,0.15,0.244602460614446,0,retract
0.703,0,0.0157165327129676,0,14.5,0,0.150067349197425,0.15,0.241091110938549,0,retract
0.704,0,0.0136945610051187,0.00156273075802532,14.5,0,0.150305013973698,0.15,0.237611588462295,0,retract
0.705,0,0.0117381951472446,0,14.5,0,0.150539230875545,0.15,0.23416374589414,0,retract
0.706,0,0.0100613101262097,0,14.5,0,0.150770031404319,0.15,0.230747433967138,0,retract
0.707,0,0.00862398010817972,0,14.5,0,0.150997446911272,0.15,0.227362501501878,0,retract
0.708,0,0.0112714369471897,0.0271561779812499,14.5,0,0.151221508595671,0.15,0.224008795468796,0,retract
0.709,0,0.0131710844430199,0.0245689694180008,14.5,0,0.151442247502995,0.15,0.220686161049852,0,retract
0.71,0,0.0150944343822767,0.0266345340178178,14.5,0,0.151659694523174,0.15,0.217394441699544,0,retract
0.711,0,0.0189438512616294,0.0420403525377455,14.5,0,0.151873880388902,0.15,0.21413347920527,0,retract
0.712,0,0.0162375867956824,0,14.5,0,0.152084835674008,0.15,0.210903113747005,0,retract
0.713,0,0.0217543745459041,0.0548551010472348,14.5,0,0.15229259079188,0.15,0.207703183956305,0,retract
0.714,0,0.0204538344358666,0.0126505937756411,14.5,0,0.152497175993956,0.15,0.204533526974616,0,retract
0.715,0,0.0238294402263626,0.0440830749693387,14.5,0,0.15269862136827,0.15,0.201393978510882,0,retract
0.716,0,0.0204252344797394,0,14.5,0,0.152896956838051,0.15,0.198284372898461,0,retract
0.717,0,0.0233802912271125,0.0411106317113515,14.5,0,0.153092212160383,0.15,0.19520454315132,0,retract
0.718,0,0.0200402496232393,0,14.5,0,0.153284416924926,0.15,0.192154321019523,0,retract
0.719,0,0.0171773568199194,0,14.5,0,0.153473600552679,0.15,0.189133537043998,0,retract
0.72,0,0.025535513693152,0.0756844549325476,14.5,0,0.153659792294808,0.15,0.186142020610586,0,retract
0.721,0,0.0218875831655589,0,14.5,0,0.153843021231527,0.15,0.183179600003363,0,retract
0.722,0,0.018760785570479,0,14.5,0,0.154023316271026,0.15,0.180246102457236,0,retract
0.723,0,0.0181537192639268,0.0145113214246136,14.5,0,0.154200706148456,0.15,0.177341354209814,0,retract
0.724,0,0.0229265485447183,0.051563524229467,14.5,0,0.154375219424966,0.15,0.17446518055254,0,retract
0.725,0,0.0264493093515045,0.0475858741922219,14.5,0,0.154546884486785,0.15,0.171617405881107,0,retract
0.726,0,0.0332165892390821,0.0738202685645478,14.5,0,0.154715729544364,0.15,0.168797853745126,0,retract
0.727,0,0.0371805057622523,0.0609640049012735,14.5,0,0.154881782631556,0.15,0.166006346897074,0,retract
0.728,0,0.0318690049390734,0,14.5,0,0.155045071604854,0.15,0.163242707340508,0,retract
0.729,0,0.0273162899477772,0,14.5,0,0.15520562414267,0.15,0.160506756377542,0,retract
0.73,0,0.0234139628123805,0,14.5,0,0.155363467744666,0.15,0.157798314655603,0,retract
0.731,0,0.0200691109820404,0,14.5,0,0.155518629731128,0.15,0.15511720221345,0,retract
0.732,0,0.0194621945880773,0.0158206962242983,14.5,0,0.155671137242386,0.15,0.152463238526469,0,retract
0.733,0,0.0228487474397055,0.043168064549475,14.5,0,0.155821017238284,0.15,0.149836242551239,0,retract
0.734,0,0.0268368596712203,0.0507655330603094,14.5,0,0.155968296497683,0.15,0.147236032769378,0,retract
0.735,0,0.0263074401053472,0.0231309227101086,14.5,0,0.156113001618021,0.15,0.144662427230662,0,retract
0.736,0,0.0225492343760119,0,14.5,0,0.156255159014906,0.15,0.142115243595425,0,retract
0.737,0,0.0193279151794388,0,14.5,0,0.156394794921752,0.15,0.139594299176242,0,retract
0.738,0,0.0206631523822473,0.0286745755990986,14.5,0,0.156531935389462,0.15,0.137099410978898,0,retract
0.739,0,0.0193353164977356,0.011368301190665,14.5,0,0.156666606286147,0.15,0.134630395742642,0,retract
0.74,0,0.0165731284266305,0,14.5,0,0.156798833296882,0.15,0.132187069979735,0,retract
0.741,0,0.0142055386513976,0,14.5,0,0.15692864192351,0.15,0.129769250014288,0,retract
0.742,0,0.0121761759869122,0,14.5,0,0.157056057484476,0.15,0.127376752020405,0,retract
0.743,0,0.0200773605322888,0.0674844678045481,14.5,0,0.1571811051147,0.15,0.125009392059621,0,retract
0.744,0,0.0276291792618863,0.0729400916394713,14.5,0,0.157303809765496,0.15,0.12266698611764,0,retract
0.745,0,0.0391597455145442,0.108343143030492,14.5,0,0.157424196204509,0.15,0.120349350140399,0,retract
0.746,0,0.0383035471651643,0.0331663570688848,14.5,0,0.15754228901571,0.15,0.118056300069422,0,retract
0.747,0,0.0328316118558551,0,14.5,0,0.157658112599408,0.15,0.115787651876511,0,retract
0.748,0,0.0383176659466895,0.071233990491696,14.5,0,0.157771691172303,0.15,0.113543221597743,0,retract
0.749,0,0.032843713668591,0,14.5,0,0.157883048767575,0.15,0.1113228253668,0,retract
0.75,0,0.0332367202745567,0.0355947599103509,14.5,0,0.157992209235003,0.15,0.109126279447626,0,retract
0.751,0,0.0284886173781915,0,14.5,0,0.158099196241115,0.15,0.10695340026642,0,retract
0.752,0,0.0244188148955927,0,14.5,0,0.158204033269372,0.15,0.104804004442963,0,retract
0.753,0,0.0282988317868698,0.0515789331345324,14.5,0,0.158306743620381,0.15,0.102677908821294,0,retract
0.754,0,0.0242561415316027,0,14.5,0,0.158407350412141,0.15,0.100574930499734,0,retract
0.755,0,0.0350214241699,0.0996131199996841,14.5,0,0.158505876580316,0.15,0.0984948868602564,0,retract
0.756,0,0.0318194755554756,0.0126077838689288,14.5,0,0.158602344878536,0.15,0.0964375955972229,0,retract
0.757,0,0.0272738361904076,0,14.5,0,0.158696777878733,0.15,0.0944028747454807,0,retract
0.758,0,0.0233775738774923,0,14.5,0,0.158789197971493,0.15,0.0923905427078266,0,retract
0.759,0,0.0200379204664219,0,14.5,0,0.158879627366446,0.15,0.0904004182818455,0,retract
0.76,0,0.0185494442542688,0.00961858698135014,14.5,0,0.158968088092679,0.15,0.0884323206861288,0,retract
0.761,0,0.0204287591149932,0.0317046482793398,14.5,0,0.15905460199917,0.15,0.0864860695858756,0,retract
0.762,0,0.0175103649557085,0,14.5,0,0.159139190755255,0.15,0.0845614851178848,0,retract
0.763,0,0.0150088842477501,0,14.5,0,0.159221875851114,0.15,0.0826583879149423,0,retract
0.764,0,0.0210918587870541,0.0575897060228777,14.5,0,0.159302678598281,0.15,0.0807765991296081,0,retract
0.765,0,0.0180787361031892,0,14.5,0,0.159381620130183,0.15,0.0789159404574111,0,retract
0.766,0,0.0274144989256599,0.0834290758604842,14.5,0,0.159458721402695,0.15,0.077076234159455,0,retract
0.767,0,0.0327784782743886,0.0649623543667605,14.5,0,0.15953400319472,0.15,0.075257303084443,0,retract
0.768,0,0.0280958385209045,0,14.5,0,0.159607486108791,0.15,0.0734589706901245,0,retract
0.769,0,0.026894980014299,0.0196898289746661,14.5,0,0.159679190571696,0.15,0.0716810610641731,0,retract
0.77,0,0.0230528400122563,0,14.5,0,0.159749136835116,0.15,0.0699233989444984,0,retract
0.771,0,0.0198927607217081,0.000932284978418925,14.5,0,0.159817344976296,0.15,0.0681858097389995,0,retract
0.772,0,0.0223777688264887,0.037287817455172,14.5,0,0.159883834898717,0.15,0.0664681195447655,0,retract
0.773,0,0.0191809447084189,0,14.5,0,0.159948626332806,0.15,0.0647701551667289,0,retract
0.774,0,0.0164408097500733,0,14.5,0,0.160011738836653,0.15,0.0630917441357784,0,retract
0.775,0,0.01409212264292,0,14.5,0,0.160073191796746,0.15,0.0614327147263361,0,retract
0.776,0,0.01207896226536,0,14.5,0,0.160133004428727,0.15,0.0597928959734064,0,retract
0.777,0,0.0103533962274514,0,14.5,0,0.160191195778165,0.15,0.0581721176891022,0,retract
0.778,0,0.0164620630360882,0.0531140638879091,14.5,0,0.160247784721338,0.15,0.0565702104786535,0,retract
0.779,0,0.0141103397452185,0,14.5,0,0.160302789966044,0.15,0.0549870057559067,0,retract
0.78,0,0.0130008245599678,0.00634373344846343,14.5,0,0.160356230052409,0.15,0.053422335758318,0,retract
0.781,0,0.0111435639085438,0,14.5,0,0.160408123353729,0.15,0.0518760335614508,0,retract
0.782,0,0.00955162620732325,0,14.5,0,0.16045848807731,0.15,0.0503479330929783,0,retract
0.783,0,0.00904157494914096,0.00598126740004722,14.5,0,0.160507342265334,0.15,0.0488378691462024,0,retract
0.784,0,0.016995508096929,0.0647191069836572,14.5,0,0.160554703795727,0.15,0.0473456773930922,0,retract
0.785,0,0.0145675783687963,0,14.5,0,0.160600590383049,0.15,0.0458711943968489,0,retract
0.786,0,0.0124864957446825,0,14.5,0,0.160645019579393,0.15,0.0444142576240039,0,retract
0.787,0,0.0134071912702972,0.0189313644239855,14.5,0,0.160688008775291,0.15,0.0429747054560557,0,retract
0.788,0,0.0194982963848791,0.0560449270723703,14.5,0,0.16072957520064,0.15,0.0415523772006521,0,retract
0.789,0,0.0167128254727535,0,14.5,0,0.160769735925635,0.15,0.0401471131023243,0,retract
0.79,0,0.0143252789766459,0,14.5,0,0.160808507861704,0.15,0.0387587543527783,0,retract
0.791,0,0.0142045396113221,0.0134801034193793,14.5,0,0.160845907762472,0.15,0.0373871431007508,0,retract
0.792,0,0.0121753196668475,0,14.5,0,0.160881952224715,0.15,0.0360321224614346,0,retract
0.793,0,0.0148848350969553,0.0311419276776021,14.5,0,0.160916657689335,0.15,0.0346935365254816,0,retract
0.794,0,0.0257691141465869,0.0910747884443766,14.5,0,0.16095004044234,0.15,0.0333712303675876,0,retract
0.795,0,0.0220878121256459,0,14.5,0,0.16098211661583,0.15,0.0320650500546664,0,retract
0.796,0,0.0189324103934108,0,14.5,0,0.161012902188996,0.15,0.0307748426536189,0,retract
0.797,0,0.0162277803372093,0,14.5,0,0.161042412989125,0.15,0.0295004562387042,0,retract
0.798,0,0.0146076665746876,0.00488698399955795,14.5,0,0.161070664692605,0.15,0.0282417398985172,0,retract
0.799,0,0.0236071555362676,0.0776040893057471,14.5,0,0.161097672825949,0.15,0.0269985437425807,0,retract
0.8,0,0.020963677448562,0.00510280892232829,14.5,0,0.161123452766815,0.15,0.025770718907557,0,retract
0.801,0,0.0179688663844817,0,14.5,0,0.161148019745038,0.15,0.0245581175630855,0,retract
0.802,0,0.0154018854724129,0,14.5,0,0.161171388843662,0.15,0.0233605929172531,0,retract
0.803,0,0.0155130636357263,0.016180132615607,14.5,0,0.161193574999984,0.15,0.0221779992217017,0,retract
0.804,0,0.0227124247738822,0.0659085916028179,14.5,0,0.1612145930066,0.15,0.0210101917763807,0,retract
0.805,0,0.0194677926633276,0,14.5,0,0.161234457512451,0.15,0.0198570269339501,0,retract
0.806,0,0.0166866794257094,0,14.5,0,0.161253183023878,0.15,0.0187183621038392,0,retract
0.807,0,0.0191798179492321,0.0341386490903679,14.5,0,0.161270783905684,0.15,0.0175940557559684,0,retract
0.808,0,0.0164398439564846,0,14.5,0,0.161287274382189,0.15,0.016483967424139,0,retract
0.809,0,0.0227347134049996,0.0605039300960893,14.5,0,0.161302668538301,0.15,0.0153879577090978,0,retract
0.81,0,0.0194868972042853,0,14.5,0,0.161316980320576,0.15,0.0143058882812811,0,retract
0.811,0,0.0167030547465303,0,14.5,0,0.161330223538295,0.15,0.0132376218832458,0,retract
0.812,0,0.0246213778128363,0.0721313162106722,14.5,0,0.161342411864531,0.15,0.0121830223317916,0,retract
0.813,0,0.0211040381252882,0,14.5,0,0.161353558837225,0.15,0.0111419545197824,0,retract
0.814,0,0.0180891755359614,0,14.5,0,0.161363677860261,0.15,0.0101142844176695,0,retract
0.815,0,0.0155050076022526,0,14.5,0,0.161372782204543,0.15,0.00909987907472554,0,retract
0.816,0,0.0164616135225608,0.02220124904441,14.5,0,0.161380885009071,0.15,0.00809860661999333,0,retract
0.817,0,0.0141099544479092,0,14.5,0,0.161387999282024,0.15,0.0071103362629551,0,retract
0.818,0,0.0120942466696365,0,14.5,0,0.161394137901833,0.15,0.0061349382939285,0,retract
0.819,0,0.0103664971454027,0,14.5,0,0.161399313618267,0.15,0.00517228408419473,0,retract
0.82,0,0.0100398774502204,0.00808015927912652,14.5,0,0.161403539053504,0.15,0.00422224608586406,0,retract
0.821,0,0.00860560924304606,0,14.5,0,0.161406826703218,0.15,0.00328469783148476,0,retract
0.822,0,0.0171356311758088,0.0683157627723855,14.5,0,0.161409188937652,0.15,0.00235951393340061,0,retract
0.823,0,0.0234964785174362,0.0616615625672006,14.5,0,0.161410638002697,0.15,0.00144657008286233,0,retract
0.824,0,0.0201398387292311,0,14.5,0,0.161411186020967,0.15,0.000545743048899227,0,retract
0.825,0,0.0172627189107695,0,14.5,0,0.161410844992878,0.15,-0.000343089323045083,0.000343089323045083,retract
0.826,0,0.0156822870228714,0.00619969569548299,14.5,0,0.161409626797716,0.15,-0.00122004811270641,0.00122004811270641,retract
0.827,0,0.0210681578996759,0.0533833831605032,14.5,0,0.161407543194714,0.15,-0.00208525332681787,0.00208525332681787,retract
0.828,0,0.0180584210568651,0,14.5,0,0.161404605824117,0.15,-0.00293882390114777,0.00293882390114777,retract
0.829,0,0.0182891311696532,0.0196733918463817,14.5,0,0.161400826208252,0.15,-0.0037808777027509,0.0037808777027509,retract
0.83,0,0.0219362687172961,0.0438190940031536,14.5,0,0.161396215752595,0.15,-0.00461153153242905,0.00461153153242905,retract
0.831,0,0.0217304939496436,0.0204958453437289,14.5,0,0.161390785746829,0.15,-0.00543090112739553,0.00543090112739553,retract
0.832,0,0.0186261376711231,0,14.5,0,0.161384547365908,0.15,-0.0062391011641383,0.0062391011641383,retract
0.833,0,0.0229823040034948,0.0491193019977248,14.5,0,0.161377511671109,0.15,-0.00703624526147679,0.00703624526147679,retract
0.834,0,0.0207964103549169,0.00768104846344942,14.5,0,0.161369689611093,0.15,-0.00782244598380805,0.00782244598380805,retract
0.835,0,0.0178254945899288,0,14.5,0,0.161361092022947,0.15,-0.00859781484453648,0.00859781484453648,retract
0.836,0,0.0152789953627961,0,14.5,0,0.161351729633234,0.15,-0.0093624623096827,0.0093624623096827,retract
0.837,0,0.0154799768977216,0.016685866107275,14.5,0,0.161341613059038,0.15,-0.010116497801667,0.010116497801667,retract
0.838,0,0.0151378411029272,0.0130850263341607,14.5,0,0.161330752809,0.15,-0.010860029703262,0.010860029703262,retract
0.839,0,0.0253086733087925,0.0863336665439844,14.5,0,0.161319159284354,0.15,-0.0115931653617108,0.0115931653617108,retract
0.84,0,0.0322821114782529,0.0741227404950148,14.5,0,0.161306842779956,0.15,-0.0123160110930044,0.0123160110930044,retract
0.841,0,0.0276703812670739,0,14.5,0,0.161293813485312,0.15,-0.0130286721863158,0.0130286721863158,retract
0.842,0,0.0237174696574919,0,14.5,0,0.161280081485601,0.15,-0.0137312529085846,0.0137312529085846,retract
0.843,0,0.0285663344263602,0.0576595230395703,14.5,0,0.161265656762689,0.15,-0.0144238565092481,0.0144238565092481,retract
0.844,0,0.0244854295083088,0,14.5,0,0.161250549196141,0.15,-0.0151065852251154,0.0151065852251154,retract
0.845,0,0.0209875110071218,0,14.5,0,0.161234768564233,0.15,-0.0157795402853779,0.0157795402853779,retract
0.846,0,0.0280902858529271,0.0707069349277588,14.5,0,0.161218324544947,0.15,-0.0164428219167547,0.0164428219167547,retract
0.847,0,0.0240773878739375,0,14.5,0,0.161201226716974,0.15,-0.0170965293487661,0.0170965293487661,retract
0.848,0,0.0206377610348036,0,14.5,0,0.161183484560703,0.15,-0.0177407608191327,0.0177407608191327,retract
0.849,0,0.0179386268308627,0.00174382160721778,14.5,0,0.161165107459204,0.15,-0.0183756135792951,0.0183756135792951,retract
0.85,0,0.0153759658550252,0,14.5,0,0.161146104699216,0.15,-0.01900118390005,0.01900118390005,retract
0.851,0,0.0131793993043073,0,14.5,0,0.161126485472113,0.15,-0.0196175670772989,0.0196175670772989,retract
0.852,0,0.0154310132966953,0.0289406972510228,14.5,0,0.161106258874878,0.15,-0.0202248574379063,0.0202248574379063,retract
0.853,0,0.0238974752908335,0.0746962472556631,14.5,0,0.161085433911067,0.15,-0.0208231483456609,0.0208231483456609,retract
0.854,0,0.0204835502492859,0,14.5,0,0.161064019491761,0.15,-0.0214125322073389,0.0214125322073389,retract
0.855,0,0.0175573287851022,0,14.5,0,0.16104202443652,0.15,-0.0219931004788634,0.0219931004788634,retract
0.856,0,0.015049138958659,0,14.5,0,0.161019457474329,0.15,-0.0225649436715574,0.0225649436715574,retract
0.857,0,0.0128992619645649,0,14.5,0,0.160996327244531,0.15,-0.0231281513584854,0.0231281513584854,retract
0.858,0,0.0110565102553413,0,14.5,0,0.160972642297765,0.15,-0.0236828121808816,0.0236828121808816,retract
0.859,0,0.00947700879029255,0,14.5,0,0.160948411096885,0.15,-0.0242290138546589,0.0242290138546589,retract
0.86,0,0.0131052585754575,0.0348747572864472,14.5,0,0.160923642017887,0.15,-0.0247668431769974,0.0247668431769974,retract
0.861,0,0.0112330787789636,0,14.5,0,0.160898343350811,0.15,-0.0252963860330073,0.0252963860330073,retract
0.862,0,0.00962835323911164,0,14.5,0,0.160872523300655,0.15,-0.0258177274024629,0.0258177274024629,retract
0.863,0,0.015846566067877,0.0531558430404694,14.5,0,0.160846189988269,0.15,-0.0263309513666056,0.0263309513666056,retract
0.864,0,0.0149975542484295,0.00990348333174414,14.5,0,0.160819351451249,0.15,-0.0268361411150101,0.0268361411150101,retract
0.865,0,0.0128550464986538,0,14.5,0,0.160792015644821,0.15,-0.027333378952513,0.027333378952513,retract
0.866,0,0.0110186112845604,0,14.5,0,0.160764190442718,0.15,-0.0278227463061992,0.0278227463061992,retract
0.867,0,0.0109249174067261,0.0103627541397201,14.5,0,0.160735883638052,0.15,-0.0283043237324427,0.0283043237324427,retract
0.868,0,0.0184465031909948,0.0635760178966067,14.5,0,0.160707102944179,0.15,-0.0287781909239997,0.0287781909239997,retract
0.869,0,0.0158112884494241,0,14.5,0,0.160677855995553,0.15,-0.0292444267171494,0.0292444267171494,retract
0.87,0,0.0142566014116596,0.00492847918507257,14.5,0,0.160648150348578,0.15,-0.0297031090988818,0.0297031090988818,retract
0.871,0,0.0122199440671368,0,14.5,0,0.160617993482449,0.15,-0.0301543152141263,0.0301543152141263,retract
0.872,0,0.0137068960084746,0.0226286076565013,14.5,0,0.160587392799988,0.15,-0.0305981213730207,0.0305981213730207,retract
0.873,0,0.0117487680072639,0,14.5,0,0.160556355628469,0.15,-0.0310346030582173,0.0310346030582173,retract
0.874,0,0.0100703725776548,0,14.5,0,0.160524889220443,0.15,-0.0314638349322221,0.0314638349322221,retract
0.875,0,0.0114259063306513,0.0195591088486305,14.5,0,0.160493000754548,0.15,-0.0318858908447651,0.0318858908447651,retract
0.876,0,0.0103833718779579,0.00412816516179735,14.5,0,0.160460697336317,0.15,-0.0323008438401995,0.0323008438401995,retract
0.877,0,0.00890003303824962,0,14.5,0,0.160427985998972,0.15,-0.0327087661649259,0.0327087661649259,retract
0.878,0,0.0076285997470711,0,14.5,0,0.160394873704221,0.15,-0.0331097292748394,0.0331097292748394,retract
0.879,0,0.0163310009109528,0.0685454078942432,14.5,0,0.160361367343035,0.15,-0.0335038038427982,0.0335038038427982,retract
0.88,0,0.0187453616879886,0.0332315263502033,14.5,0,0.16032747373643,0.15,-0.0338910597661079,0.0338910597661079,retract
0.881,0,0.0163005497603364,0.00163167819442281,14.5,0,0.160293199636232,0.15,-0.0342715661740235,0.0342715661740235,retract
0.882,0,0.0153120356144789,0.00938095073933417,14.5,0,0.160258551725837,0.15,-0.0346453914352628,0.0346453914352628,retract
0.883,0,0.0131246019552676,0,14.5,0,0.160223536620969,0.15,-0.0350126031655306,0.0350126031655306,retract
0.884,0,0.0112496588188008,0,14.5,0,0.160188160870422,0.15,-0.0353732682350513,0.0353732682350513,retract
0.885,0,0.0137342505906699,0.0286418012218841,14.5,0,0.160152430956797,0.15,-0.0357274527761074,0.0357274527761074,retract
0.886,0,0.0117722147920027,0,14.5,0,0.16011635329724,0.15,-0.0360752221905812,0.0360752221905812,retract
0.887,0,0.0218124960795622,0.0820541838049189,14.5,0,0.160079934244158,0.15,-0.036416641157498,0.036416641157498,retract
0.888,0,0.0310103572280603,0.0861975241190492,14.5,0,0.160043180085938,0.15,-0.0367517736405692,0.0367517736405692,retract
0.889,0,0.0305014497093984,0.0274480045974267,14.5,0,0.160006097047655,0.15,-0.037080682895732,0.037080682895732,retract
0.89,0,0.0261440997509129,0,14.5,0,0.159968691291774,0.15,-0.0374034314786836,0.0374034314786836,retract
0.891,0,0.0224092283579253,0,14.5,0,0.159930968918839,0.15,-0.03772008125241,0.03772008125241,retract
0.892,0,0.0192079100210789,0,14.5,0,0.159892935968165,0.15,-0.0380306933947044,0.0380306933947044,retract
0.893,0,0.0203392167037257,0.027127056799607,14.5,0,0.159854598418512,0.15,-0.0383353284056758,0.0383353284056758,retract
0.894,0,0.0174336143174792,0,14.5,0,0.159815962188755,0.15,-0.0386340461152441,0.0386340461152441,retract
0.895,0,0.0199077831104448,0.0347527958682384,14.5,0,0.159777033138551,0.15,-0.0389269056906212,0.0389269056906212,retract
0.896,0,0.017063814094667,0,14.5,0,0.159737817068993,0.15,-0.0392139656437762,0.0392139656437762,retract
0.897,0,0.016880527794058,0.0157808099904039,14.5,0,0.159698319723256,0.15,-0.0394952838388808,0.0394952838388808,retract
0.898,0,0.0227552511775476,0.0580035914784857,14.5,0,0.159658546787243,0.15,-0.039770917499737,0.039770917499737,retract
0.899,0,0.0242281285394353,0.0330653927107615,14.5,0,0.159618503890213,0.15,-0.0400409232171821,0.0400409232171821,retract
0.9,0,0.020766967319516,0,14.5,0,0.159578196605412,0.15,-0.0403053569564706,0.0403053569564706,retract
0.901,0,0.0178002577024423,0,14.5,0,0.159537630450689,0.15,-0.0405642740646325,0.0405642740646325,retract
0.902,0,0.0152573637449505,0,14.5,0,0.159496810889108,0.15,-0.0408177292778038,0.0408177292778038,retract
0.903,0,0.0130777403528147,0,14.5,0,0.159455743329553,0.15,-0.041065776728531,0.041065776728531,retract
0.904,0,0.0192908548576023,0.0565695418863275,14.5,0,0.159414433127325,0.15,-0.041308469953045,0.041308469953045,retract
0.905,0,0.0165350184493734,0,14.5,0,0.159372885584728,0.15,-0.0415458618985058,0.0415458618985058,retract
0.906,0,0.0205879706868482,0.0449056841116969,14.5,0,0.159331105951659,0.15,-0.0417780049302138,0.0417780049302138,retract
0.907,0,0.0176468320172984,0,14.5,0,0.159289099426176,0.15,-0.0420049508387891,0.0420049508387891,retract
0.908,0,0.0151258560148272,0,14.5,0,0.15924687115507,0.15,-0.0422267508473157,0.0422267508473157,retract
0.909,0,0.0278121693477973,0.103930049345618,14.5,0,0.159204426234425,0.15,-0.0424434556184494,0.0424434556184494,retract
0.91,0,0.0457489266770025,0.153369470652233,14.5,0,0.159161769710172,0.15,-0.0426551152614901,0.0426551152614901,retract
0.911,0,0.0441557204495476,0.0345964830848185,14.5,0,0.159118906578637,0.15,-0.0428617793394135,0.0428617793394135,retract
0.912,0,0.0391509052246773,0.00912201387545494,14.5,0,0.159075841787077,0.15,-0.0430634968758662,0.0430634968758662,retract
0.913,0,0.0335579187640091,0,14.5,0,0.159032580234221,0.15,-0.0432603163621178,0.0432603163621178,retract
0.914,0,0.0287639303691506,0,14.5,0,0.158989126770787,0.15,-0.043452285763973,0.043452285763973,retract
0.915,0,0.0287904651242764,0.0289496736550308,14.5,0,0.158945486200007,0.15,-0.0436394525286408,0.0436394525286408,retract
0.916,0,0.0279835164534298,0.0231418244283507,14.5,0,0.158901663278138,0.15,-0.0438218635915591,0.0438218635915591,retract
0.917,0,0.023985871245797,0,14.5,0,0.158857662714968,0.15,-0.0439995653831761,0.0439995653831761,retract
0.918,0,0.0236905970247343,0.0219189516983578,14.5,0,0.158813489174313,0.15,-0.0441726038356854,0.0441726038356854,retract
0.919,0,0.0203062260212008,0,14.5,0,0.15876914727451,0.15,-0.0443410243897143,0.0443410243897143,retract
0.92,0,0.0338384549701898,0.115031828664124,14.5,0,0.158724641588907,0.15,-0.0445048720009659,0.0445048720009659,retract
0.921,0,0.0316790860934556,0.0187228728330504,14.5,0,0.158679976646334,0.15,-0.0446641911468118,0.0446641911468118,retract
0.922,0,0.027971169945737,0.00572367305942523,14.5,0,0.158635156931581,0.15,-0.0448190258328366,0.0448190258328366,retract
0.923,0,0.0239752885249174,0,14.5,0,0.158590186885862,0.15,-0.0449694195993329,0.0449694195993329,retract
0.924,0,0.0205502473070721,0,14.5,0,0.158545070907277,0.15,-0.0451154155277445,0.0451154155277445,retract
0.925,0,0.0189797364979846,0.00955667164345936,14.5,0,0.15849981335126,0.15,-0.0452570562470602,0.0452570562470602,retract
0.926,0,0.016268345569701,0,14.5,0,0.158454418531032,0.15,-0.0453943839401543,0.0453943839401543,retract
0.927,0,0.0220220192618512,0.0565440614147524,14.5,0,0.158408890718036,0.15,-0.0455274403500752,0.0455274403500752,retract
0.928,0,0.0188760165101582,0,14.5,0,0.158363234142374,0.15,-0.045656266786281,0.045656266786281,retract
0.929,0,0.0161794427229927,0,14.5,0,0.158317452993234,0.15,-0.0457809041308204,0.0457809041308204,retract
0.93,0,0.0138680937625652,0,14.5,0,0.158271551419315,0.15,-0.0459013928444609,0.0459013928444609,retract
0.931,0,0.0119649787777295,0.000546288868715255,14.5,0,0.158225533529237,0.15,-0.0460177729727606,0.0460177729727606,retract
0.932,0,0.0209527951037624,0.0748796930599597,14.5,0,0.158179403391956,0.15,-0.0461300841520852,0.0461300841520852,retract
0.933,0,0.0179595386603678,0,14.5,0,0.158133165037165,0.15,-0.04623836561557,0.04623836561557,retract
0.934,0,0.0240913332326815,0.060882100666564,14.5,0,0.158086822455694,0.15,-0.0463426561990238,0.0463426561990238,retract
0.935,0,0.0206497141994413,0,14.5,0,0.158040379599901,0.15,-0.0464429943467779,0.0464429943467779,retract
0.936,0,0.0295845611254703,0.0831936426816443,14.5,0,0.157993840384056,0.15,-0.0465394181174765,0.0465394181174765,retract
0.937,0,0.0256110564856238,0.00177002864654481,14.5,0,0.157947208684727,0.15,-0.0466319651898111,0.0466319651898111,retract
0.938,0,0.0219523341305347,0,14.5,0,0.15790048834115,0.15,-0.0467206728681954,0.0467206728681954,retract
0.939,0,0.022964584767186,0.029038088587094,14.5,0,0.157853683155599,0.15,-0.0468055780883829,0.0468055780883829,retract
0.94,0,0.0318037814962465,0.0848389618706097,14.5,0,0.157806796893753,0.15,-0.0468867174230264,0.0468867174230264,retract
0.941,0,0.0272603841396399,0,14.5,0,0.157759833285051,0.15,-0.0469641270871777,0.0469641270871777,retract
0.942,0,0.0233660435482628,0,14.5,0,0.157712796023045,0.15,-0.0470378429437289,0.0470378429437289,retract
0.943,0,0.0200280373270824,0,14.5,0,0.157665688765747,0.15,-0.0471079005087943,0.0471079005087943,retract
0.944,0,0.0173407837343154,0.00121726217771321,14.5,0,0.157618515135976,0.15,-0.047174334957033,0.047174334957033,retract
0.945,0,0.0209953334072964,0.0429226314451828,14.5,0,0.157571278721686,0.15,-0.0472371811269111,0.0472371811269111,retract
0.946,0,0.026509613430804,0.0595952935718497,14.5,0,0.157523983076306,0.15,-0.0472964735259053,0.0472964735259053,retract
0.947,0,0.022722525797832,0,14.5,0,0.15747663171906,0.15,-0.047352246335645,0.047352246335645,retract
0.948,0,0.019476450683856,0,14.5,0,0.157429228135293,0.15,-0.0474045334169956,0.0474045334169956,retract
0.949,0,0.0197341148650411,0.0212800999521518,14.5,0,0.157381775776784,0.15,-0.0474533683150805,0.0474533683150805,retract
0.95,0,0.0189296244744309,0.0141026821307693,14.5,0,0.157334278062061,0.15,-0.0474987842642441,0.0474987842642441,retract
0.951,0,0.016225392406655,0,14.5,0,0.157286738376702,0.15,-0.0475408141929525,0.0475408141929525,retract
0.952,0,0.0163525081061141,0.0171152023028689,14.5,0,0.157239160073642,0.15,-0.0475794907286357,0.0475794907286357,retract
0.953,0,0.0219103751335806,0.0552575772983794,14.5,0,0.157191546473466,0.15,-0.047614846202468,0.047614846202468,retract
0.954,0,0.0187803215430691,0,14.5,0,0.157143900864704,0.15,-0.0476469126540887,0.0476469126540887,retract
0.955,0,0.0160974184654878,0,14.5,0,0.157096226504116,0.15,-0.0476757218362618,0.0476757218362618,retract
0.956,0,0.0232971912035047,0.0664958276316063,14.5,0,0.157048526616976,0.15,-0.0477013052194752,0.0477013052194752,retract
0.957,0,0.0199690210315755,0,14.5,0,0.157000804397351,0.15,-0.0477236939964805,0.0477236939964805,retract
0.958,0,0.0171163037413504,0,14.5,0,0.156953063008372,0.15,-0.0477429190867709,0.0477429190867709,retract
0.959,0,0.0146711174925861,0,14.5,0,0.156905305582506,0.15,-0.0477590111409999,0.0477590111409999,retract
0.96,0,0.0183086687195218,0.0401339760811366,14.5,0,0.15685753522182,0.15,-0.0477720005453395,0.0477720005453395,retract
0.961,0,0.015693144616733,0,14.5,0,0.156809754998242,0.15,-0.0477819174257783,0.0477819174257783,retract
0.962,0,0.0134512668143426,0,14.5,0,0.156761967953817,0.15,-0.0477887916523595,0.0477887916523595,retract
0.963,0,0.013504078962383,0.0138209518506258,14.5,0,0.15671417710096,0.15,-0.0477926528433592,0.0477926528433592,retract
0.964,0,0.0151112272702832,0.0247541171176843,14.5,0,0.156666385422703,0.15,-0.047793530369405,0.047793530369405,retract
0.965,0,0.0149635245629178,0.0140773083187256,14.5,0,0.15661859587294,0.15,-0.0477914533575352,0.0477914533575352,retract
0.966,0,0.0128258781967867,0,14.5,0,0.156570811376666,0.15,-0.0477864506951982,0.0477864506951982,retract
0.967,0,0.020703988223748,0.0679726483855158,14.5,0,0.156523034830214,0.15,-0.0477785510341935,0.0477785510341935,retract
0.968,0,0.0177462756203554,0,14.5,0,0.156475269101489,0.15,-0.0477677827945527,0.0477677827945527,retract
0.969,0,0.0152110933888761,0,14.5,0,0.156427517030191,0.15,-0.0477541741683629,0.0477541741683629,retract
0.97,0,0.0130380800476081,0,14.5,0,0.156379781428045,0.15,-0.0477377531235308,0.0477377531235308,retract
0.971,0,0.0120822897133032,0.00634754770747368,14.5,0,0.156332065079021,0.15,-0.0477185474074888,0.0477185474074888,retract
0.972,0,0.0103562483256884,0,14.5,0,0.156284370739549,0.15,-0.047696584550843,0.047696584550843,retract
0.973,0,0.00887678427916151,0,14.5,0,0.156236701138732,0.15,-0.0476718918709637,0.0476718918709637,retract
0.974,0,0.0185401782174691,0.0765205418473146,14.5,0,0.156189058978561,0.15,-0.047644496475518,0.047644496475518,retract
0.975,0,0.0158915813292592,0,14.5,0,0.156141446934119,0.15,-0.0476144252659455,0.0476144252659455,retract
0.976,0,0.0136213554250793,0,14.5,0,0.156093867653779,0.15,-0.0475817049408773,0.0475817049408773,retract
0.977,0,0.0201265537983828,0.0591577440382034,14.5,0,0.156046323759415,0.15,-0.0475463619994978,0.0475463619994978,retract
0.978,0,0.0172513318271852,0,14.5,0,0.155998817846588,0.15,-0.047508422744851,0.047508422744851,retract
0.979,0,0.014786855851873,0,14.5,0,0.155951352484745,0.15,-0.0474679132870899,0.0474679132870899,retract
0.98,0,0.0141339238943096,0.0102163321489288,14.5,0,0.155903930217407,0.15,-0.0474248595466715,0.0474248595466715,retract
0.981,0,0.0121147919094082,0,14.5,0,0.155856553562357,0.15,-0.0473792872574952,0.0473792872574952,retract
0.982,0,0.0103841073509213,0,14.5,0,0.155809225011823,0.15,-0.0473312219699877,0.0473312219699877,retract
0.983,0,0.0122555343358121,0.0234840962451564,14.5,0,0.155761947032659,0.15,-0.047280689054132,0.047280689054132,retract
0.984,0,0.0105047437164103,0,14.5,0,0.155714722066525,0.15,-0.0472277137024433,0.0472277137024433,retract
0.985,0,0.00900406604263743,0,14.5,0,0.155667552530056,0.15,-0.0471723209328903,0.0471723209328903,retract
0.986,0,0.00771777089368922,0,14.5,0,0.155620440815042,0.15,-0.0471145355917639,0.0471145355917639,retract
0.987,0,0.00858631078253558,0.0137975501156137,14.5,0,0.155573389288589,0.15,-0.0470543823564919,0.0470543823564919,retract
0.988,0,0.0147034434153412,0.051406239212175,14.5,0,0.155526400293294,0.15,-0.0469918857384019,0.0469918857384019,retract
0.989,0,0.0127691385945818,0.00116330967002538,14.5,0,0.155479476147401,0.15,-0.0469270700854317,0.0469270700854317,retract
0.99,0,0.010944975938213,0,14.5,0,0.155432619144966,0.15,-0.0468599595847878,0.0468599595847878,retract
0.991,0,0.0149111430013494,0.0387081453801683,14.5,0,0.155385831556015,0.15,-0.0467905782655527,0.0467905782655527,retract
0.992,0,0.0127809797154424,0,14.5,0,0.155339115626701,0.15,-0.0467189500012411,0.0467189500012411,retract
0.993,0,0.0159008815014985,0.0346202922178352,14.5,0,0.155292473579453,0.15,-0.0466450985123057,0.0466450985123057,retract
0.994,0,0.0136293270012844,0,14.5,0,0.155245907613132,0.15,-0.0465690473685924,0.0465690473685924,retract
0.995,0,0.0226712203269265,0.0769225802807792,14.5,0,0.155199419903177,0.15,-0.0464908199917471,0.0464908199917471,retract
0.996,0,0.023828356630436,0.0307711744514928,14.5,0,0.155153012601751,0.15,-0.0464104396575719,0.0464104396575719,retract
0.997,0,0.0204694545618095,0.000316042150050383,14.5,0,0.155106687837887,0.15,-0.0463279294983334,0.0463279294983334,retract
0.998,0,0.0175452467672653,0,14.5,0,0.155060447717625,0.15,-0.0462433125050221,0.0462433125050221,retract
0.999,0,0.0159088158616235,0.0060902304277727,14.5,0,0.155014294324157,0.15,-0.0461566115295651,0.0461566115295651,retract
1,0,0.019549105203699,0.0413908412561519,14.5,0,0.15496822971796,0.15,-0.0460678492869898,0.0460678492869898,retract
1.001,0,0.0179204610233254,0.0081485959410839,14.5,0,0.154922255936932,0.15,-0.0459770483575423,0.0459770483575423,retract
1.002,0,0.0194107045482094,0.0283521656975135,14.5,0,0.154876374996527,0.15,-0.0458842311887581,0.0458842311887581,retract
1.003,0,0.0166377467556081,0,14.5,0,0.154830588889882,0.15,-0.0457894200974877,0.0457894200974877,retract
1.004,0,0.0142609257905212,0,14.5,0,0.15478489958795,0.15,-0.0456926372718764,0.0456926372718764,retract
1.005,0,0.0173940652986252,0.0361929023472491,14.5,0,0.154739309039624,0.15,-0.0455939047732992,0.0455939047732992,retract
1.006,0,0.014909198827393,0,14.5,0,0.154693819171866,0.15,-0.045493244538251,0.045493244538251,retract
1.007,0,0.0184571715120427,0.0397450076199405,14.5,0,0.154648431889824,0.15,-0.0453906783801934,0.0453906783801934,retract
1.008,0,0.0166400702987241,0.00573746301881306,14.5,0,0.154603149076959,0.15,-0.0452862279913568,0.0452862279913568,retract
1.009,0,0.0142629173989064,0,14.5,0,0.154557972595163,0.15,-0.0451799149445009,0.0451799149445009,retract
1.01,0,0.0173223856998647,0.0356791955056141,14.5,0,0.154512904284876,0.15,-0.0450717606946315,0.0450717606946315,retract
1.011,0,0.0148477591713126,0,14.5,0,0.154467945965203,0.15,-0.0449617865806761,0.0449617865806761,retract
1.012,0,0.0137129358481057,0.00690399590886461,14.5,0,0.154423099434029,0.15,-0.0448500138271173,0.0448500138271173,retract
1.013,0,0.0153570347484247,0.0252216281503389,14.5,0,0.154378366468132,0.15,-0.044736463545586,0.044736463545586,retract
1.014,0,0.0245929419631141,0.0800083852512499,14.5,0,0.154333748823292,0.15,-0.0446211567364127,0.0446211567364127,retract
1.015,0,0.021079664539812,0,14.5,0,0.154289248234407,0.15,-0.0445041142901405,0.0445041142901405,retract
1.016,0,0.0226296607031645,0.0319296376832791,14.5,0,0.154244866415593,0.15,-0.0443853569889969,0.0443853569889969,retract
1.017,0,0.0212055543986102,0.0126609165712844,14.5,0,0.1542006050603,0.15,-0.044264905508328,0.044264905508328,retract
1.018,0,0.018176189484523,0,14.5,0,0.15415646584141,0.15,-0.0441427804179932,0.0441427804179932,retract
1.019,0,0.015579590986734,0,14.5,0,0.154112450411347,0.15,-0.0440190021837225,0.0440190021837225,retract
1.02,0,0.0370938785745436,0.166179604101401,14.5,0,0.154068560402176,0.15,-0.0438935911684356,0.0438935911684356,retract
1.021,0,0.0326595023958303,0.00605324532355032,14.5,0,0.154024797425706,0.15,-0.043766567633525,0.043766567633525,retract
1.022,0,0.027993859196426,0,14.5,0,0.153981163073593,0.15,-0.0436379517401016,0.0436379517401016,retract
1.023,0,0.0300323213605846,0.0422630943455361,14.5,0,0.153937658917434,0.15,-0.0435077635502053,0.0435077635502053,retract
1.024,0,0.0257419897376439,0,14.5,0,0.15389428650887,0.15,-0.0433760230279789,0.0433760230279789,retract
1.025,0,0.0220645626322662,0,14.5,0,0.15385104737968,0.15,-0.0432427500408085,0.0432427500408085,retract
1.026,0,0.0189124822562282,0,14.5,0,0.153807943041877,0.15,-0.043107964360428,0.043107964360428,retract
1.027,0,0.0167544164117992,0.00380602134522516,14.5,0,0.153764974987804,0.15,-0.0429716856639909,0.0429716856639909,retract
1.028,0,0.0143609283529707,0,14.5,0,0.153722144690228,0.15,-0.0428339335351078,0.0428339335351078,retract
1.029,0,0.0123093671596892,0,14.5,0,0.153679453602429,0.15,-0.0426947274648512,0.0426947274648512,retract
1.03,0,0.0105508861368765,0,14.5,0,0.153636903158298,0.15,-0.0425540868527281,0.0425540868527281,retract
1.031,0,0.00904361668875124,0,14.5,0,0.153594494772419,0.15,-0.0424120310076206,0.0424120310076206,retract
1.032,0,0.00775167144750107,0,14.5,0,0.153552229840168,0.15,-0.0422685791486942,0.0422685791486942,retract
1.033,0,0.00664428981214377,0,14.5,0,0.153510109737797,0.15,-0.0421237504062769,0.0421237504062769,retract
1.034,0,0.00569510555326609,0,14.5,0,0.153468135822521,0.15,-0.041977563822706,0.041977563822706,retract
1.035,0,0.0151665419998481,0.0719951606793401,14.5,0,0.153426309432609,0.15,-0.0418300383531463,0.0418300383531463,retract
1.036,0,0.0129998931427269,0,14.5,0,0.153384631887468,0.15,-0.0416811928663785,0.0416811928663785,retract
1.037,0,0.0111427655509088,0,14.5,0,0.153343104487728,0.15,-0.0415310461455579,0.0415310461455579,retract
1.038,0,0.0106966812240728,0.00802017526305657,14.5,0,0.153301728515331,0.15,-0.041379616888946,0.041379616888946,retract
1.039,0,0.0129516096220065,0.0264811800096089,14.5,0,0.15326050523361,0.15,-0.0412269237106129,0.0412269237106129,retract
1.04,0,0.0111013796760056,0,14.5,0,0.153219435887376,0.15,-0.0410729851411132,0.0410729851411132,retract
1.041,0,0.00951546829371907,0,14.5,0,0.153178521703,0.15,-0.0409178196281336,0.0409178196281336,retract
1.042,0,0.0121163846478117,0.0277218827723677,14.5,0,0.153137763888495,0.15,-0.0407614455371159,0.0407614455371159,retract
1.043,0,0.0117972486183983,0.00988243244191783,14.5,0,0.153097163633599,0.15,-0.040603881151852,0.040603881151852,retract
1.044,0,0.0143009338775014,0.0293230454321196,14.5,0,0.153056722109855,0.15,-0.0404451446750551,0.0404451446750551,retract
1.045,0,0.0122579433235726,0,14.5,0,0.15301644047069,0.15,-0.0402852542289038,0.0402852542289038,retract
1.046,0,0.0105068085630622,0,14.5,0,0.152976319851499,0.15,-0.0401242278555642,0.0401242278555642,retract
1.047,0,0.00900583591119619,0,14.5,0,0.152936361369721,0.15,-0.0399620835176855,0.0399620835176855,retract
1.048,0,0.0162128447894012,0.0594548980586311,14.5,0,0.15289656612492,0.15,-0.039798839098873,0.039798839098873,retract
1.049,0,0.0161651116384423,0.0158787127326889,14.5,0,0.152856935198863,0.15,-0.0396345124041383,0.0396345124041383,retract
1.05,0,0.0138558099758077,0,14.5,0,0.152817469655598,0.15,-0.0394691211603258,0.0394691211603258,retract
1.051,0,0.0118764085506923,0,14.5,0,0.152778170541533,0.15,-0.0393026830165177,0.0393026830165177,retract
1.052,0,0.0101797787577362,0,14.5,0,0.152739038885511,0.15,-0.039135215544417,0.039135215544417,retract
1.053,0,0.0131857452453504,0.0312215441710355,14.5,0,0.152700075698889,0.15,-0.0389667362387087,0.0389667362387087,retract
1.054,0,0.0113020673531575,0,14.5,0,0.152661281975616,0.15,-0.0387972625174011,0.0387972625174011,retract
1.055,0,0.00968748630270643,0,14.5,0,0.152622658692305,0.15,-0.0386268117221453,0.0386268117221453,retract
1.056,0,0.00830355968803408,0,14.5,0,0.152584206808313,0.15,-0.038455401118536,0.038455401118536,retract
1.057,0,0.00711733687545779,0,14.5,0,0.152545927265815,0.15,-0.0382830478963919,0.0382830478963919,retract
1.058,0,0.0104605688430324,0.0305199606484801,14.5,0,0.15250782098988,0.15,-0.0381097691700174,0.0381097691700174,retract
1.059,0,0.00989561101304668,0.00650586403313231,14.5,0,0.152469888888547,0.15,-0.0379355819784453,0.0379355819784453,retract
1.06,0,0.00848195229689715,0,14.5,0,0.152432131852898,0.15,-0.0377605032856614,0.0377605032856614,retract
1.061,0,0.0209841388119252,0.0959972579020932,14.5,0,0.152394550757135,0.15,-0.0375845499808115,0.0375845499808115,retract
1.062,0,0.0303332208006156,0.0864277127327586,14.5,0,0.152357146458653,0.15,-0.0374077388783903,0.0374077388783903,retract
1.063,0,0.0259999035433848,0,14.5,0,0.152319919798116,0.15,-0.0372300867184145,0.0372300867184145,retract
1.064,0,0.0222856316086156,0,14.5,0,0.152282871599532,0.15,-0.0370516101665779,0.0370516101665779,retract
1.065,0,0.0191019699502419,0,14.5,0,0.152246002670321,0.15,-0.0368723258143914,0.0368723258143914,retract
1.066,0,0.0163731171002074,0,14.5,0,0.152209313801399,0.15,-0.0366922501793071,0.0366922501793071,retract
1.067,0,0.0219055390301244,0.0551000706096267,14.5,0,0.152172805767245,0.15,-0.0365113997048267,0.0365113997048267,retract
1.068,0,0.0266825826362055,0.0553448442726921,14.5,0,0.152136479325974,0.15,-0.0363297907605952,0.0363297907605952,retract
1.069,0,0.0228707851167476,0,14.5,0,0.152100335219416,0.15,-0.0361474396424799,0.0361474396424799,retract
1.07,0,0.0267377309703599,0.0499394060920339,14.5,0,0.152064374173187,0.15,-0.0359643625726361,0.0359643625726361,retract
1.071,0,0.0250345705935294,0.0148156083325465,14.5,0,0.152028596896762,0.15,-0.0357805756995573,0.0357805756995573,retract
1.072,0,0.0214582033658824,0,14.5,0,0.151993004083548,0.15,-0.0355960950981142,0.0355960950981142,retract
1.073,0,0.0215558851453322,0.0221419758220316,14.5,0,0.151957596410962,0.15,-0.0354109367695788,0.0354109367695788,retract
1.074,0,0.025520112131728,0.0493054740501027,14.5,0,0.151922374540497,0.15,-0.0352251166416376,0.0352251166416376,retract
1.075,0,0.0302049873581555,0.0583142387167203,14.5,0,0.151887339117804,0.15,-0.035038650568391,0.035038650568391,retract
1.076,0,0.032017375119437,0.0428917016871264,14.5,0,0.151852490772759,0.15,-0.0348515543303419,0.0348515543303419,retract
1.077,0,0.0352074653831259,0.0543480069652592,14.5,0,0.15181783011954,0.15,-0.0346638436343728,0.0346638436343728,retract
1.078,0,0.0301778274712508,0,14.5,0,0.151783357756699,0.15,-0.0344755341137113,0.0344755341137113,retract
1.079,0,0.0258667092610721,0,14.5,0,0.151749074267237,0.15,-0.0342866413278851,0.0342866413278851,retract
1.08,0,0.0221714650809189,0,14.5,0,0.151714980218676,0.15,-0.0340971807626667,0.0340971807626667,retract
1.081,0,0.019004112926502,0,14.5,0,0.151681076163136,0.15,-0.0339071678300079,0.0339071678300079,retract
1.082,0,0.0162892396512874,0,14.5,0,0.151647362637403,0.15,-0.0337166178679648,0.0337166178679648,retract
1.083,0,0.0139622054153892,0,14.5,0,0.151613840163011,0.15,-0.0335255461406129,0.0335255461406129,retract
1.084,0,0.0254073080095768,0.0940779235747023,14.5,0,0.151580509246308,0.15,-0.0333339678379543,0.0333339678379543,retract
1.085,0,0.0217776925796372,0,14.5,0,0.151547370378535,0.15,-0.033141898075815,0.033141898075815,retract
1.086,0,0.0186665936396891,0,14.5,0,0.151514424035899,0.15,-0.0329493518957347,0.0329493518957347,retract
1.087,0,0.0185561155465381,0.0178932469876321,14.5,0,0.151481670679649,0.15,-0.0327563442648482,0.0327563442648482,retract
1.088,0,0.0165653519543569,0.00462077040126973,14.5,0,0.151449110756145,0.15,-0.0325628900757592,0.0325628900757592,retract
1.089,0,0.0141988731037345,0,14.5,0,0.15141674469694,0.15,-0.0323690041464067,0.0323690041464067,retract
1.09,0,0.0174616068301486,0.0370380091886333,14.5,0,0.151384572918849,0.15,-0.0321747012199245,0.0321747012199245,retract
1.091,0,0.0149670915686988,0,14.5,0,0.151352595824027,0.15,-0.0319799959644936,0.0319799959644936,retract
1.092,0,0.0128289356303132,0,14.5,0,0.151320813800043,0.15,-0.0317849029731889,0.0317849029731889,retract
1.093,0,0.0111226394562617,0.000884862411952363,14.5,0,0.151289227219955,0.15,-0.0315894367638186,0.0315894367638186,retract
1.094,0,0.00953369096251002,0,14.5,0,0.151257836442386,0.15,-0.0313936117787589,0.0313936117787589,retract
1.095,0,0.0109248951730857,0.0192721204365394,14.5,0,0.151226641811598,0.15,-0.0311974423847826,0.0311974423847826,retract
1.096,0,0.0148492150989058,0.0383951346538269,14.5,0,0.151195643657571,0.15,-0.0310009428728824,0.0310009428728824,retract
1.097,0,0.0235239527626987,0.075572378745456,14.5,0,0.151164842296075,0.15,-0.0308041274580893,0.0308041274580893,retract
1.098,0,0.024970005165525,0.0336463195824828,14.5,0,0.151134238028749,0.15,-0.0306070102792868,0.0306070102792868,retract
1.099,0,0.02140286157045,0,14.5,0,0.151103831143176,0.15,-0.0304096053990197,0.0304096053990197,retract
1.1,0,0.0183453099175286,0,14.5,0,0.151073621912959,0.15,-0.0302119268032999,0.0302119268032999,retract
1.101,0,0.0348368346802872,0.133785983256839,14.5,0,0.151043610597798,0.15,-0.0300139884014072,0.0300139884014072,retract
1.102,0,0.039430486244958,0.0669923956329831,14.5,0,0.151013797443569,0.15,-0.0298158040256875,0.0298158040256875,retract
1.103,0,0.0361981540577236,0.0168041609343169,14.5,0,0.150984182682398,0.15,-0.0296173874313472,0.0296173874313472,retract
1.104,0,0.0366505081195269,0.0393646324903469,14.5,0,0.150954766532739,0.15,-0.0294187522962444,0.0294187522962444,retract
1.105,0,0.0314147212453088,0,14.5,0,0.150925549199453,0.15,-0.0292199122206772,0.0292199122206772,retract
1.106,0,0.0269269039245504,0,14.5,0,0.150896530873884,0.15,-0.0290208807271704,0.0290208807271704,retract
1.107,0,0.0230802033639003,0,14.5,0,0.150867711733938,0.15,-0.0288216712602582,0.0288216712602582,retract
1.108,0,0.0328291704907013,0.0913229732515072,14.5,0,0.15083909194416,0.15,-0.0286222971862665,0.0286222971862665,retract
1.109,0,0.0281392889920297,0,14.5,0,0.150810671655814,0.15,-0.0284227717930919,0.0284227717930919,retract
1.11,0,0.0334584065476363,0.0653731118812757,14.5,0,0.15078245100696,0.15,-0.0282231082899802,0.0282231082899802,retract
1.111,0,0.0286786341836882,0,14.5,0,0.150754430122534,0.15,-0.028023319807303,0.028023319807303,retract
1.112,0,0.0297571776891315,0.0362284387217912,14.5,0,0.150726609114427,0.15,-0.0278234193963329,0.0278234193963329,retract
1.113,0,0.0260398272828033,0.00373572484483392,14.5,0,0.150698988081562,0.15,-0.0276234200290182,0.0276234200290182,retract
1.114,0,0.0223198519566885,0,14.5,0,0.150671567109977,0.15,-0.0274233345977565,0.0274233345977565,retract
1.115,0,0.0218893726109056,0.0193064965362078,14.5,0,0.150644346272901,0.15,-0.0272231759151686,0.0272231759151686,retract
1.116,0,0.0193848536987985,0.004357740226156,14.5,0,0.150617325630838,0.15,-0.0270229567138704,0.0270229567138704,retract
1.117,0,0.020179249598946,0.0249456249998312,14.5,0,0.150590505231643,0.15,-0.0268226896462468,0.0268226896462468,retract
1.118,0,0.0213433563158063,0.0283279966169683,14.5,0,0.150563885110607,0.15,-0.0266223872842239,0.0266223872842239,retract
1.119,0,0.0228166628642598,0.0316565021549804,14.5,0,0.150537465290531,0.15,-0.0264220621190425,0.0264220621190425,retract
1.12,0,0.019557139597937,0,14.5,0,0.150511245781814,0.15,-0.0262217265610321,0.0262217265610321,retract
1.121,0,0.0241710623042198,0.051854598541917,14.5,0,0.15048522658253,0.15,-0.0260213929393847,0.0260213929393847,retract
1.122,0,0.020718053403617,0,14.5,0,0.15045940767851,0.15,-0.0258210735019306,0.0258210735019306,retract
1.123,0,0.0177583314888146,0,14.5,0,0.150433789043424,0.15,-0.0256207804149143,0.0256207804149143,retract
1.124,0,0.0248034481491055,0.0670741481108512,14.5,0,0.150408370638862,0.15,-0.0254205257627723,0.0254205257627723,retract
1.125,0,0.021260098413519,0,14.5,0,0.150383152414416,0.15,-0.025220321547912,0.025220321547912,retract
1.126,0,0.018222941497302,0,14.5,0,0.150358134307763,0.15,-0.0250201796904918,0.0250201796904918,retract
1.127,0,0.0195586345379161,0.027572792781601,14.5,0,0.150333316244747,0.15,-0.024820112028204,0.024820112028204,retract
1.128,0,0.0196373281940634,0.0201094901309471,14.5,0,0.150308698139462,0.15,-0.0246201303160582,0.0246201303160582,retract
1.129,0,0.0168319955949115,0,14.5,0,0.150284279894332,0.15,-0.0244202462261679,0.0244202462261679,retract
1.13,0,0.0144274247956384,0,14.5,0,0.150260061400198,0.15,-0.024220471347539,0.024220471347539,retract
1.131,0,0.0138539169632596,0.0104128699689864,14.5,0,0.150236042536401,0.15,-0.0240208171858599,0.0240208171858599,retract
1.132,0,0.0129032164074524,0.00719901307260932,14.5,0,0.150212223170861,0.15,-0.0238212951632957,0.0238212951632957,retract
1.133,0,0.0166674776393274,0.0392530450305775,14.5,0,0.150188603160166,0.15,-0.0236219166182832,0.0236219166182832,retract
1.134,0,0.0142864094051378,0,14.5,0,0.150165182349653,0.15,-0.0234226928053303,0.0234226928053303,retract
1.135,0,0.0168050764931896,0.0319170790215005,14.5,0,0.150141960573491,0.15,-0.0232236348948173,0.0232236348948173,retract
1.136,0,0.0215976555453505,0.0503531298583162,14.5,0,0.150118937654768,0.15,-0.0230247539728019,0.0230247539728019,retract
1.137,0,0.0262700273988443,0.0543042585198069,14.5,0,0.150096113405576,0.15,-0.0228260610408271,0.0228260610408271,retract
1.138,0,0.0319880152369509,0.0662959422655907,14.5,0,0.15007348762709,0.15,-0.0226275670157323,0.0226275670157323,retract
1.139,0,0.0333062986619253,0.0412159992117713,14.5,0,0.15005106010966,0.15,-0.0224292827294682,0.0224292827294682,retract
1.14,0,0.0295378622795809,0.00692724398551444,14.5,0,0.150028830632891,0.15,-0.0222312189289152,0.0222312189289152,retract
1.141,0,0.0323361792961912,0.0491260813958531,14.5,0,0.15000679896573,0.15,-0.0220333862757054,0.0220333862757054,retract
1.142,0,0.027716725111021,0,14.5,0,0.149984964866552,0.15,-0.0218357953460485,0.0218357953460485,retract
1.143,0,0.0306743224742249,0.0484199066534479,14.5,0,0.149963328083244,0.15,-0.0216384566305615,0.0216384566305615,retract
1.144,0,0.0351994440695696,0.062350173641638,14.5,0,0.149941888353292,0.15,-0.0214413805341025,0.0214413805341025,retract
1.145,0,0.0328182089825441,0.0185307984603909,14.5,0,0.149920645403864,0.15,-0.021244577375609,0.021244577375609,retract
1.146,0,0.0281298934136092,0,14.5,0,0.149899598951902,0.15,-0.0210480573879397,0.0210480573879397,retract
1.147,0,0.024111337211665,0,14.5,0,0.149878748704202,0.15,-0.0208518307177214,0.0208518307177214,retract
1.148,0,0.0333066835881001,0.0884787618467107,14.5,0,0.149858094357502,0.15,-0.0206559074251996,0.0206559074251996,retract
1.149,0,0.0361445310328287,0.0531716157012003,14.5,0,0.14983763559857,0.15,-0.0204602974840946,0.0204602974840946,retract
1.15,0,0.0309810265995675,0,14.5,0,0.149817372104291,0.15,-0.0202650107814613,0.0202650107814613,retract
1.151,0,0.0265551656567721,0,14.5,0,0.149797303541752,0.15,-0.0200700571175541,0.0200700571175541,retract
1.152,0,0.0247042655764807,0.0135988650947321,14.5,0,0.149777429568326,0.15,-0.0198754462056968,0.0198754462056968,retract
1.153,0,0.0296271128219061,0.0591641962944586,14.5,0,0.149757749831768,0.15,-0.0196811876721569,0.0196811876721569,retract
1.154,0,0.0261016500027263,0.00494887308764739,14.5,0,0.149738263970291,0.15,-0.0194872910560251,0.0194872910560251,retract
1.155,0,0.0223728428594797,0,14.5,0,0.149718971612662,0.15,-0.0192937658091004,0.0192937658091004,retract
1.156,0,0.0191767224509826,0,14.5,0,0.149699872378285,0.15,-0.0191006212957789,0.0191006212957789,retract
1.157,0,0.0164371906722708,0,14.5,0,0.149680965877289,0.15,-0.0189078667929493,0.0189078667929493,retract
1.158,0,0.0140890205762321,0,14.5,0,0.149662251710617,0.15,-0.0187155114898924,0.0187155114898924,retract
1.159,0,0.0120763033510561,0,14.5,0,0.14964372947011,0.15,-0.0185235644881871,0.0185235644881871,retract
1.16,0,0.0152992363681186,0.0346368344704938,14.5,0,0.149625398738601,0.15,-0.0183320348016206,0.0183320348016206,retract
1.161,0,0.0163661506950997,0.0227676366569862,14.5,0,0.149607259089996,0.15,-0.0181409313561049,0.0181409313561049,retract
1.162,0,0.0140281291672283,0,14.5,0,0.149589310089367,0.15,-0.0179502629895983,0.0179502629895983,retract
1.163,0,0.0173508542295312,0.0372872046033485,14.5,0,0.149571551293036,0.15,-0.0177600384520324,0.0177600384520324,retract
1.164,0,0.0148721607681696,0,14.5,0,0.149553982248667,0.15,-0.0175702664052452,0.0175702664052452,retract
1.165,0,0.0127475663727168,0,14.5,0,0.14953660249535,0.15,-0.0173809554229193,0.0173809554229193,retract
1.166,0,0.0136248004631513,0.0188882050057584,14.5,0,0.149519411563693,0.15,-0.017192113990526,0.017192113990526,retract
1.167,0,0.012141467800258,0.00324147182289806,14.5,0,0.149502408975908,0.15,-0.0170037505052752,0.0170037505052752,retract
1.168,0,0.0104069724002211,0,14.5,0,0.149485594245898,0.15,-0.0168158732760709,0.0168158732760709,retract
1.169,0,0.0126789496783906,0.0263108133474073,14.5,0,0.149468966879349,0.15,-0.0166284905234724,0.0166284905234724,retract
1.17,0,0.0130120607001193,0.0150107268304916,14.5,0,0.149452526373815,0.15,-0.0164416103796617,0.0164416103796617,retract
1.171,0,0.0133860903789709,0.0156302684520804,14.5,0,0.149436272218809,0.15,-0.0162552408884167,0.0162552408884167,retract
1.172,0,0.0114737917534036,0,14.5,0,0.149420203895887,0.15,-0.0160693900050899,0.0160693900050899,retract
1.173,0,0.0111306924143453,0.00907209637999514,14.5,0,0.149404320878743,0.15,-0.0158840655965935,0.0158840655965935,retract
1.174,0,0.00954059349801023,0,14.5,0,0.149388622633291,0.15,-0.0156992754413902,0.0156992754413902,retract
1.175,0,0.00817765156972306,0,14.5,0,0.149373108617757,0.15,-0.0155150272294902,0.0155150272294902,retract
1.176,0,0.0108870524941159,0.0271434580404729,14.5,0,0.149357778282767,0.15,-0.0153313285624539,0.0153313285624539,retract
1.177,0,0.0110001064339343,0.0116784300728447,14.5,0,0.149342631071434,0.15,-0.0151481869534009,0.0151481869534009,retract
1.178,0,0.00988409865568189,0.00318805198616751,14.5,0,0.149327666419447,0.15,-0.014965609827025,0.014965609827025,retract
1.179,0,0.00847208456201305,0,14.5,0,0.149312883755161,0.15,-0.0147836045196151,0.0147836045196151,retract
1.18,0,0.00726178676743976,0,14.5,0,0.149298282499683,0.15,-0.0146021782790825,0.0146021782790825,retract
1.181,0,0.0183133978113896,0.0846230640750889,14.5,0,0.14928386206696,0.15,-0.0144213382649938,0.0144213382649938,retract
1.182,0,0.0254608691265889,0.0683456970177844,14.5,0,0.149269621863871,0.15,-0.0142410915486105,0.0142410915486105,retract
1.183,0,0.0306826840637752,0.0620135736868929,14.5,0,0.149255561290311,0.15,-0.0140614451129339,0.0140614451129339,retract
1.184,0,0.0262994434832359,0,14.5,0,0.149241679739281,0.15,-0.0138824058527573,0.0138824058527573,retract
1.185,0,0.0225423801284879,0,14.5,0,0.149227976596975,0.15,-0.0137039805747231,0.0137039805747231,retract
1.186,0,0.0193220401101325,0,14.5,0,0.149214451242872,0.15,-0.0135261759973866,0.0135261759973866,retract
1.187,0,0.0206943989328226,0.0289285518689633,14.5,0,0.149201103049817,0.15,-0.0133489987512861,0.0133489987512861,retract
1.188,0,0.0177380562281336,0,14.5,0,0.149187931384116,0.15,-0.0131724553790187,0.0131724553790187,retract
1.189,0,0.0152040481955431,0,14.5,0,0.149174935605618,0.15,-0.0129965523353223,0.0129965523353223,retract
1.19,0,0.0130320413104655,0,14.5,0,0.149162115067808,0.15,-0.0128212959871643,0.0128212959871643,retract
1.191,0,0.0154801053570272,0.0301684896363971,14.5,0,0.149149469117889,0.15,-0.0126466926138351,0.0126466926138351,retract
1.192,0,0.0142067123480839,0.0065663542944241,14.5,0,0.149136997096874,0.15,-0.0124727484070493,0.0124727484070493,retract
1.193,0,0.024516201492368,0.0863731363580729,14.5,0,0.149124698339674,0.15,-0.0122994694710518,0.0122994694710518,retract
1.194,0,0.0210138869934583,0,14.5,0,0.149112572175178,0.15,-0.0121268618227303,0.0121268618227303,retract
1.195,0,0.01801190313725,0,14.5,0,0.149100617926352,0.15,-0.0119549313917344,0.0119549313917344,retract
1.196,0,0.0272157793651083,0.0824390367322582,14.5,0,0.149088834910313,0.15,-0.0117836840205997,0.0117836840205997,retract
1.197,0,0.0233278108843785,0,14.5,0,0.149077222438426,0.15,-0.0116131254648788,0.0116131254648788,retract
1.198,0,0.0242152653593445,0.0295399922091403,14.5,0,0.149065779816388,0.15,-0.011443261393278,0.011443261393278,retract
1.199,0,0.0245640663778924,0.0266568724891798,14.5,0,0.149054506344312,0.15,-0.0112740973878,0.0112740973878,retract
1.2,0,0.0210549140381935,0,14.5,0,0.149043401316814,0.15,-0.0111056389438927,0.0111056389438927,retract
1.201,0,0.0180470691755944,0,14.5,0,0.149032464023105,0.15,-0.0109378914706036,0.0109378914706036,retract
1.202,0,0.0205656209802256,0.0356769318080127,14.5,0,0.14902169374707,0.15,-0.0107708602907405,0.0107708602907405,retract
1.203,0,0.0176276751259077,0,14.5,0,0.149011089767357,0.15,-0.0106045506410381,0.0106045506410381,retract
1.204,0,0.033948787263486,0.131875460088956,14.5,0,0.149000651357464,0.15,-0.0104389676723299,0.0104389676723299,retract
1.205,0,0.0290989605115594,0,14.5,0,0.148990377785822,0.15,-0.010274116449727,0.010274116449727,retract
1.206,0,0.0249419661527652,0,14.5,0,0.148980268315884,0.15,-0.0101100019528016,0.0101100019528016,retract
1.207,0,0.0251176808795732,0.0261719692404213,14.5,0,0.148970322206207,0.15,-0.00994662907577707,0.00994662907577707,retract
1.208,0,0.0215294407539199,0,14.5,0,0.148960538710539,0.15,-0.0097840026277233,0.0097840026277233,retract
1.209,0,0.0184538063605028,0,14.5,0,0.148950917077903,0.15,-0.00962212733275817,0.00962212733275817,retract
1.21,0,0.0158175483090024,0,14.5,0,0.148941456552682,0.15,-0.00946100783025445,0.00946100783025445,retract
1.211,0,0.0140617233957101,0.0035267739159562,14.5,0,0.148932156374704,0.15,-0.00930064867505229,0.00930064867505229,retract
1.212,0,0.0201389224621824,0.0566021168610162,14.5,0,0.148923015779327,0.15,-0.00914105433767764,0.00914105433767764,retract
1.213,0,0.0172619335390135,0,14.5,0,0.148914033997518,0.15,-0.00898222920456597,0.00898222920456597,retract
1.214,0,0.0147959430334401,0,14.5,0,0.148905210255946,0.15,-0.00882417757829157,0.00882417757829157,retract
1.215,0,0.0145167975834504,0.0128419248835119,14.5,0,0.148896543777057,0.15,-0.00866690367780262,0.00866690367780262,retract
1.216,0,0.0131657187968944,0.00505924607755868,14.5,0,0.14888803377916,0.15,-0.00851041163866127,0.00851041163866127,retract
1.217,0,0.0163125074957812,0.0351932396891017,14.5,0,0.148879679476515,0.15,-0.00835470551328955,0.00835470551328955,retract
1.218,0,0.0139821492820981,0,14.5,0,0.148871480079407,0.15,-0.00819978927122044,0.00819978927122044,retract
1.219,0,0.0119846993846556,0,14.5,0,0.148863434794236,0.15,-0.00804566679935437,0.00804566679935437,retract
1.22,0,0.0168848245284496,0.0462855753912135,14.5,0,0.148855542823596,0.15,-0.00789234190222091,0.00789234190222091,retract
1.221,0,0.021858709198138,0.0517020172162684,14.5,0,0.148847803366357,0.15,-0.00773981830224584,0.00773981830224584,retract
1.222,0,0.0187360364555468,0,14.5,0,0.14884021561775,0.15,-0.00758809964002338,0.00758809964002338,retract
1.223,0,0.0311263637705412,0.105468327660507,14.5,0,0.148832778769441,0.15,-0.00743718947459343,0.00743718947459343,retract
1.224,0,0.0266797403747496,0,14.5,0,0.148825492009624,0.15,-0.00728709128372414,0.00728709128372414,retract
1.225,0,0.0319320237413318,0.0634457239408254,14.5,0,0.14881835452309,0.15,-0.00713780846419944,0.00713780846419944,retract
1.226,0,0.0392587922601736,0.0832194033732239,14.5,0,0.148811365491314,0.15,-0.00698934433211155,0.00698934433211155,retract
1.227,0,0.0348075514905802,0.00810010687302034,14.5,0,0.148804524092536,0.15,-0.00684170212315843,0.00684170212315843,retract
1.228,0,0.0326513135159909,0.019713885668455,14.5,0,0.148797829501839,0.15,-0.00669488499294624,0.00669488499294624,retract
1.229,0,0.0279868401565636,0,14.5,0,0.148791280891227,0.15,-0.00654889601729652,0.00654889601729652,retract
1.23,0,0.0321823393800985,0.0573553347213077,14.5,0,0.148784877429708,0.15,-0.00640373819255838,0.00640373819255838,retract
1.231,0,0.0287296804502769,0.00801372687134742,14.5,0,0.148778618283373,0.15,-0.00625941443592517,0.00625941443592517,retract
1.232,0,0.0253810955967868,0.00528958647584581,14.5,0,0.148772502615472,0.15,-0.00611592758575611,0.00611592758575611,retract
1.233,0,0.0239253597191953,0.0151909444536465,14.5,0,0.148766529586493,0.15,-0.00597328040190244,0.00597328040190244,retract
1.234,0,0.0205074511878817,0,14.5,0,0.148760698354244,0.15,-0.00583147556603809,0.00583147556603809,retract
1.235,0,0.0311358819923475,0.0949064668191423,14.5,0,0.148755008073926,0.15,-0.005690515681995,0.005690515681995,retract
1.236,0,0.0271562339823522,0.00327834592238031,14.5,0,0.148749457898213,0.15,-0.00555040327610291,0.00555040327610291,retract
1.237,0,0.0268393749948578,0.0249382210698915,14.5,0,0.148744046977328,0.15,-0.00541114079753355,0.00541114079753355,retract
1.238,0,0.023005178567021,0,14.5,0,0.148738774459122,0.15,-0.00527273061864916,0.00527273061864916,retract
1.239,0,0.0230977532109912,0.0236532010748127,14.5,0,0.148733639489147,0.15,-0.00513517503535543,0.00513517503535543,retract
1.24,0,0.0197980741808496,0,14.5,0,0.148728641210735,0.15,-0.00499847626745851,0.00499847626745851,retract
1.241,0,0.0219954170101468,0.0351794739859301,14.5,0,0.148723778765073,0.15,-0.00486263645902636,0.00486263645902636,retract
1.242,0,0.0188532145801258,0,14.5,0,0.148719051291278,0.15,-0.00472765767875424,0.00472765767875424,retract
1.243,0,0.0161598982115364,0,14.5,0,0.14871445792647,0.15,-0.00459354192033422,0.00459354192033422,retract
1.244,0,0.0138513413241741,0,14.5,0,0.148709997805851,0.15,-0.00446029110282868,0.00446029110282868,retract
1.245,0,0.0118725782778635,0,14.5,0,0.148705670062776,0.15,-0.00432790707104779,0.00432790707104779,retract
1.246,0,0.0177375166329259,0.0529271467633001,14.5,0,0.148701473828828,0.15,-0.00419639159593096,0.00419639159593096,retract
1.247,0,0.015203585685365,0,14.5,0,0.148697408233891,0.15,-0.00406574637493206,0.00406574637493206,retract
1.248,0,0.0139369766761529,0.00633732262087993,14.5,0,0.148693472406223,0.15,-0.00393597303240837,0.00393597303240837,retract
1.249,0,0.011945980008131,0,14.5,0,0.14868966547253,0.15,-0.00380707312001347,0.00380707312001347,retract
1.25,0,0.0102394114355409,0,14.5,0,0.148685986558037,0.15,-0.0036790481170934,0.0036790481170934,retract
1.251,0,0.00877663837332077,0,14.5,0,0.148682434786558,0.15,-0.00355189943108675,0.00355189943108675,retract
1.252,0,0.0075228328914178,0,14.5,0,0.148679009280573,0.15,-0.00342562839792818,0.00342562839792818,retract
1.253,0,0.00644814247835811,0,14.5,0,0.148675709161294,0.15,-0.0033002362824553,0.0033002362824553,retract
1.254,0,0.0055269792671641,0,14.5,0,0.148672533548737,0.15,-0.00317572427881915,0.00317572427881915,retract
1.255,0,0.00473741080042637,0,14.5,0,0.148669481561795,0.15,-0.00305209351089786,0.00305209351089786,retract
1.256,0,0.00783598868083863,0.0264274559633122,14.5,0,0.148666552318303,0.15,-0.00292934503271365,0.00292934503271365,retract
1.257,0,0.00671656172643311,0,14.5,0,0.148663744935111,0.15,-0.00280747982885312,0.00280747982885312,retract
1.258,0,0.012356808321619,0.0461982878927346,14.5,0,0.148661058528152,0.15,-0.0026864988148906,0.0026864988148906,retract
1.259,0,0.0105915499899592,0,14.5,0,0.148658492212512,0.15,-0.00256640283781459,0.00256640283781459,retract
1.26,0,0.0205147825926082,0.0800541782085022,14.5,0,0.148656045102494,0.15,-0.00244719267645727,0.00244719267645727,retract
1.261,0,0.0175840993650927,0,14.5,0,0.14865371631169,0.15,-0.00232886904192709,0.00232886904192709,retract
1.262,0,0.0242919825676106,0.0645392817827179,14.5,0,0.148651504953047,0.15,-0.00221143257804397,0.00221143257804397,retract
1.263,0,0.0208216993436662,0,14.5,0,0.148649410138934,0.15,-0.00209488386177771,0.00209488386177771,retract
1.264,0,0.0178471708659996,0,14.5,0,0.148647430981206,0.15,-0.00197922340368889,0.00197922340368889,retract
1.265,0,0.0152975750279997,0,14.5,0,0.148645566591273,0.15,-0.00186445164837255,0.00186445164837255,retract
1.266,0,0.0178384145614524,0.0330834517621685,14.5,0,0.148643816080166,0.15,-0.00175056897490464,0.00175056897490464,retract
1.267,0,0.015290069624102,0,14.5,0,0.148642178558598,0.15,-0.00163757569729096,0.00163757569729096,retract
1.268,0,0.013105773963516,0,14.5,0,0.148640653137034,0.15,-0.00152547206491865,0.00152547206491865,retract
1.269,0,0.0166533201478394,0.0379385972537793,14.5,0,0.148639238925749,0.15,-0.00141425826301016,0.00141425826301016,retract
1.27,0,0.0142742744124337,0,14.5,0,0.148637935034897,0.15,-0.00130393441307953,0.00130393441307953,retract
1.271,0,0.0137013719828232,0.0102639574051603,14.5,0,0.148636740574573,0.15,-0.0011945005733911,0.0011945005733911,retract
1.272,0,0.0117440331281342,0,14.5,0,0.148635654654874,0.15,-0.00108595673942049,0.00108595673942049,retract
1.273,0,0.0100663141098293,0,14.5,0,0.148634676385963,0.15,-0.000978302844317796,0.000978302844317796,retract
1.274,0,0.0194866673185347,0.0760087865707668,14.5,0,0.148633804878128,0.15,-0.000871538759372766,0.000871538759372766,retract
1.275,0,0.0167028577016012,0,14.5,0,0.14863303924185,0.15,-0.00076566429448239,0.00076566429448239,retract
1.276,0,0.014316735172801,0,14.5,0,0.148632378587855,0.15,-0.000660679198620232,0.000660679198620232,retract
1.277,0,0.0122714872909723,0,14.5,0,0.148631822027182,0.15,-0.000556583160307792,0.000556583160307792,retract
1.278,0,0.0105184176779762,0,14.5,0,0.14863136867124,0.15,-0.000453375808087742,0.000453375808087742,retract
1.279,0,0.0186191260905451,0.067223376565958,14.5,0,0.148631017631866,0.15,-0.000351056710999167,0.000351056710999167,retract
1.28,0,0.0159592509347529,0,14.5,0,0.148630768021386,0.15,-0.000249625379054362,0.000249625379054362,retract
1.281,0,0.0149348079470055,0.00878815002052099,14.5,0,0.148630618952673,0.15,-0.000149081263717455,0.000149081263717455,retract
1.282,0,0.0128012639545761,0,14.5,0,0.148630569539207,0.15,-4.9423758384665e-05,4.9423758384665e-05,retract
1.283,0,0.0199263818606811,0.0626770892973108,14.5,0,0.148630618895129,0.15,4.93478011338861e-05,0,retract
1.284,0,0.0170797558805838,0,14.5,0,0.1486307661353,0.15,0.000147234136130805,0,retract
1.285,0,0.017212842275657,0.0180113606460966,14.5,0,0.148631010375357,0.15,0.000244236024516586,0,retract
1.286,0,0.0152310972273568,0.0033406269375556,14.5,0,0.148631350731772,0.15,0.000340354300333408,0,retract
1.287,0,0.0130552261948773,0,14.5,0,0.148631786321902,0.15,0.000435589853267515,0,retract
1.288,0,0.011471932802958,0.00197217245144204,14.5,0,0.148632316264051,0.15,0.000529943628160409,0,retract
1.289,0,0.0161965769396167,0.044544441759569,14.5,0,0.148632939677519,0.15,0.000623416624518695,0,retract
1.29,0,0.0149992320654551,0.00781516282048592,14.5,0,0.148633655682657,0.15,0.000716009896022936,0,retract
1.291,0,0.012856484627533,0,14.5,0,0.148634463400925,0.15,0.000807724550035215,0,retract
1.292,0,0.0110198439664568,0,14.5,0,0.14863536195494,0.15,0.000898561747105743,0,retract
1.293,0,0.0162089930252786,0.0473438873782094,14.5,0,0.148636350468533,0.15,0.000988522700478499,0,retract
1.294,0,0.013893422593096,0,14.5,0,0.148637428066796,0.15,0.00107760867559589,0,retract
1.295,0,0.0119086479369394,0,14.5,0,0.14863859387614,0.15,0.00116582098960263,0,retract
1.296,0,0.0102074125173766,0,14.5,0,0.148639847024342,0.15,0.00125316101084868,0,retract
1.297,0,0.00874921072917997,0,14.5,0,0.148641186640595,0.15,0.0013396301583915,0,retract
1.298,0,0.00749932348215426,0,14.5,0,0.148642611855561,0.15,0.00142522990149768,0,retract
1.299,0,0.00642799155613222,0,14.5,0,0.148644121801422,0.15,0.00150996175914377,0,retract
1.3,0,0.00550970704811333,0,14.5,0,0.148645715611924,0.15,0.00159382729951669,0,retract
1.301,0,0.00472260604124,0,14.5,0,0.148647392422428,0.15,0.00167682813951351,0,retract
1.302,0,0.00404794803534857,0,14.5,0,0.148649151369963,0.15,0.0017589659442407,0,retract
1.303,0,0.00346966974458449,0,14.5,0,0.148650991593265,0.15,0.00184024242651317,0,retract
1.304,0,0.0119041577260057,0.0625110856145333,14.5,0,0.148652912232831,0.15,0.00192065934635278,0,retract
1.305,0,0.0102035637651478,0,14.5,0,0.148654912430963,0.15,0.00200021851048664,0,retract
1.306,0,0.00942017468206978,0.00471984018360175,14.5,0,0.148656991331815,0.15,0.00207892177184506,0,retract
1.307,0,0.0156512976532762,0.0530380354805147,14.5,0,0.148659148081437,0.15,0.00215677102905937,0,retract
1.308,0,0.0196534543320746,0.043666394404865,14.5,0,0.148661381827825,0.15,0.00223376822595965,0,retract
1.309,0,0.0209529787724549,0.0287501254147367,14.5,0,0.148663691720959,0.15,0.00230991535107219,0,retract
1.31,0,0.019063301756346,0.00772523965969274,14.5,0,0.148666076912852,0.15,0.00238521443711711,0,retract
1.311,0,0.0190042822356592,0.0186501651115386,14.5,0,0.148668536557591,0.15,0.00245966756050591,0,retract
1.312,0,0.0162893847734222,0,14.5,0,0.148671069811382,0.15,0.00253327684083909,0,retract
1.313,0,0.0139623298057905,0,14.5,0,0.148673675832594,0.15,0.00260604444040385,0,retract
1.314,0,0.0119677112621061,0,14.5,0,0.148676353781797,0.15,0.00267797256367205,0,retract
1.315,0,0.0102580382246624,0,14.5,0,0.148679102821805,0.15,0.00274906345679832,0,retract
1.316,0,0.0106772975683417,0.0131928536304174,14.5,0,0.148681922117723,0.15,0.00281931940711844,0,retract
1.317,0,0.0102178116705091,0.00746089628351348,14.5,0,0.148684810836977,0.15,0.00288874274264809,0,retract
1.318,0,0.00875812428900778,0,14.5,0,0.148687768149364,0.15,0.00295733583158196,0,retract
1.319,0,0.0127686679622761,0.0368319300018862,14.5,0,0.148690793227087,0.15,0.00302510108179321,0,retract
1.32,0,0.0109445725390938,0,14.5,0,0.148693885244793,0.15,0.00309204094033344,0,retract
1.321,0,0.0104684276971993,0.00761155864583198,14.5,0,0.148697043379617,0.15,0.0031581578929332,0,retract
1.322,0,0.0089729380261708,0,14.5,0,0.148700266811215,0.15,0.00322345446350311,0,retract
1.323,0,0.0202851698004612,0.0881585604462037,14.5,0,0.148703554721802,0.15,0.0032879332136354,0,retract
1.324,0,0.0173872884003953,0,14.5,0,0.148706906296193,0.15,0.00335159674210628,0,retract
1.325,0,0.0149033900574817,0,14.5,0,0.148710320721837,0.15,0.00341444768437902,0,retract
1.326,0,0.0127743343349843,0,14.5,0,0.148713797188854,0.15,0.00347648871210766,0,retract
1.327,0,0.0109494294299866,0,14.5,0,0.148717334890069,0.15,0.00353772253264147,0,retract
1.328,0,0.00971777105234408,0.00232782078648916,14.5,0,0.148720933021048,0.15,0.00359815188853054,0,retract
1.329,0,0.0236483542838424,0.107231853672833,14.5,0,0.148724590780137,0.15,0.00365777955703192,0,retract
1.33,0,0.0202700179575792,0,14.5,0,0.148728307368488,0.15,0.00371660834961682,0,retract
1.331,0,0.0221025452319536,0.0330977088781999,14.5,0,0.1487320819901,0.15,0.00377464111147882,0,retract
1.332,0,0.018945038770246,0,14.5,0,0.148735913851848,0.15,0.00383188072104307,0,retract
1.333,0,0.0279837633889572,0.0822161111012244,14.5,0,0.148739802163519,0.15,0.00388833008947651,0,retract
1.334,0,0.027873842491514,0.0272143171068547,14.5,0,0.148743746137841,0.15,0.00394399216019908,0,retract
1.335,0,0.0348006372244326,0.0763614056219448,14.5,0,0.148747744990516,0.15,0.00399886990839624,0,retract
1.336,0,0.0380149338957645,0.0573007139237559,14.5,0,0.148751797940254,0.15,0.00405296634053274,0,retract
1.337,0,0.0409297858427277,0.0584188975245069,14.5,0,0.148755904208797,0.15,0.00410628449386726,0,retract
1.338,0,0.0350826735794809,0,14.5,0,0.148760063020958,0.15,0.00415882743596863,0,retract
1.339,0,0.0320139830039214,0.013601839550564,14.5,0,0.148764273604644,0.15,0.00421059826423324,0,retract
1.34,0,0.0312294070390801,0.0265219512500325,14.5,0,0.148768535190889,0.15,0.00426160010540361,0,retract
1.341,0,0.0311805572050747,0.0308874582010427,14.5,0,0.148772847013882,0.15,0.00431183611508872,0,retract
1.342,0,0.0356412694009495,0.0624055425761977,14.5,0,0.148777208310993,0.15,0.00436130947728533,0,retract
1.343,0,0.0305496594865281,0,14.5,0,0.148781618322807,0.15,0.004410023403901,0,retract
1.344,0,0.0261854224170241,0,14.5,0,0.148786076293143,0.15,0.00445798113427851,0,retract
1.345,0,0.0224446477860206,0,14.5,0,0.148790581469089,0.15,0.00450518593472187,0,retract
1.346,0,0.0226512716301095,0.0238910146946425,14.5,0,0.148795133101023,0.15,0.00455164109802383,0,retract
1.347,0,0.019415375682951,0,14.5,0,0.148799730442643,0.15,0.00459734994299485,0,retract
1.348,0,0.0166417505853866,0,14.5,0,0.148804372750987,0.15,0.0046423158139939,0,retract
1.349,0,0.0195163699680841,0.0367640862642692,14.5,0,0.148809059286466,0.15,0.0046865420804608,0,retract
1.35,0,0.0167283171155006,0,14.5,0,0.148813789312882,0.15,0.00473003213645036,0,retract
1.351,0,0.014338557527572,0,14.5,0,0.148818562097455,0.15,0.00477278940016811,0,retract
1.352,0,0.0122901921664903,0,14.5,0,0.148823376910844,0.15,0.00481481731350778,0,retract
1.353,0,0.0255097619840499,0.104827180889408,14.5,0,0.148828233027177,0.15,0.00485611934159071,0,retract
1.354,0,0.0264460648831719,0.032063882277904,14.5,0,0.148833129724066,0.15,0.00489669897230693,0,retract
1.355,0,0.0270910037069256,0.0309606366494476,14.5,0,0.148838066282632,0.15,0.00493655971585822,0,retract
1.356,0,0.0236008215149559,0.00265972836313759,14.5,0,0.14884304198753,0.15,0.00497570510430295,0,retract
1.357,0,0.0326638876518839,0.0870422844734523,14.5,0,0.148848056126965,0.15,0.00501413869110282,0,retract
1.358,0,0.0279976179873291,0,14.5,0,0.148853107992718,0.15,0.00505186405067172,0,retract
1.359,0,0.0261628903882099,0.0151545247934946,14.5,0,0.148858196880163,0.15,0.00508888477792621,0,retract
1.36,0,0.0224253346184656,0,14.5,0,0.148863322088289,0.15,0.00512520448783833,0,retract
1.361,0,0.0224708601101535,0.0227440130602808,14.5,0,0.148868482919718,0.15,0.0051608268149904,0,retract
1.362,0,0.0192607372372744,0,14.5,0,0.148873678680727,0.15,0.00519575541313158,0,retract
1.363,0,0.0165092033462352,0,14.5,0,0.148878908681263,0.15,0.00522999395473678,0,retract
1.364,0,0.026567434969732,0.0869168247107129,14.5,0,0.148884172234964,0.15,0.00526354613056775,0,retract
1.365,0,0.0227720871169132,0,14.5,0,0.148889468659176,0.15,0.00529641564923585,0,retract
1.366,0,0.0298950175826574,0.0726326003771229,14.5,0,0.148894797274971,0.15,0.00532860623676756,0,retract
1.367,0,0.0319414761840755,0.044220227792584,14.5,0,0.148900157407162,0.15,0.00536012163617171,0,retract
1.368,0,0.0306020040807786,0.0225651714609971,14.5,0,0.148905548384322,0.15,0.00539096560700916,0,retract
1.369,0,0.0308235871543287,0.0321530855956292,14.5,0,0.1489109695388,0.15,0.00542114192496459,0,retract
1.37,0,0.0316889145367032,0.0368808788309506,14.5,0,0.148916420206734,0.15,0.00545065438142064,0,retract
1.371,0,0.0364087368521962,0.0647276707451537,14.5,0,0.14892189972807,0.15,0.0054795067830342,0,retract
1.372,0,0.0312074887304539,0,14.5,0,0.148927407446574,0.15,0.00550770295131518,0,retract
1.373,0,0.0267492760546747,0,14.5,0,0.148932942709847,0.15,0.00553524672220736,0,retract
1.374,0,0.0345069563993202,0.0810530384671933,14.5,0,0.148938504869341,0.15,0.00556214194567172,0,retract
1.375,0,0.0295773911994174,0,14.5,0,0.14894409328037,0.15,0.00558839248527221,0,retract
1.376,0,0.0253520495995006,0,14.5,0,0.148949707302124,0.15,0.00561400221776367,0,retract
1.377,0,0.0328876239467752,0.0781010700304232,14.5,0,0.148955346297683,0.15,0.0056389750326824,0,retract
1.378,0,0.0281893919543788,0,14.5,0,0.148961009634028,0.15,0.00566331483193892,0,retract
1.379,0,0.0284863329717121,0.0302679790757122,14.5,0,0.148966696682054,0.15,0.00568702552941339,0,retract
1.38,0,0.0262615829748309,0.0129130829935433,14.5,0,0.14897240681658,0.15,0.00571011105055322,0,retract
1.381,0,0.025985696241639,0.0243303758424876,14.5,0,0.148978139416363,0.15,0.00573257533197354,0,retract
1.382,0,0.0272196042725205,0.0346230524578098,14.5,0,0.148983893864105,0.15,0.00575442232105961,0,retract
1.383,0,0.0233310893764462,0,14.5,0,0.148989669546467,0.15,0.00577565597557235,0,retract
1.384,0,0.0388014467088273,0.131623590703114,14.5,0,0.148995465854075,0.15,0.005796280263256,0,retract
1.385,0,0.0403327603453349,0.049520642164381,14.5,0,0.149001282181536,0.15,0.00581629916144835,0,retract
1.386,0,0.0345709374388585,0,14.5,0,0.149007117927438,0.15,0.00583571665669376,0,retract
1.387,0,0.0421740288273303,0.087792577158161,14.5,0,0.14901297249437,0.15,0.00585453674435848,0,retract
1.388,0,0.0495184949642978,0.0935852917861027,14.5,0,0.149018845288919,0.15,0.00587276342824867,0,retract
1.389,0,0.0424444242551124,0,14.5,0,0.149024735721687,0.15,0.00589040072023104,0,retract
1.39,0,0.0429857171028364,0.0462334741891805,14.5,0,0.149030643207294,0.15,0.00590745263985607,0,retract
1.391,0,0.0482858853502159,0.0800868948344931,14.5,0,0.149036567164386,0.15,0.00592392321398402,0,retract
1.392,0,0.0501846136897039,0.0615769837266321,14.5,0,0.149042507015644,0.15,0.00593981647641316,0,retract
1.393,0,0.0430153831626034,0,14.5,0,0.149048462187789,0.15,0.00595513646751122,0,retract
1.394,0,0.0368703284250886,0,14.5,0,0.149054432111586,0.15,0.00596988723384894,0,retract
1.395,0,0.0328659080837093,0.00883938603543323,14.5,0,0.149060416221854,0.15,0.00598407282783679,0,retract
1.396,0,0.0281707783574651,0,14.5,0,0.149066413957471,0.15,0.00599769730736409,0,retract
1.397,0,0.0241463814492558,0,14.5,0,0.149072424761374,0.15,0.00601076473544076,0,retract
1.398,0,0.0206968983850764,0,14.5,0,0.149078448080572,0.15,0.00602327917984216,0,retract
1.399,0,0.0177401986157798,0,14.5,0,0.149084483366142,0.15,0.0060352447127562,0,retract
1.4,0,0.0152058845278112,0,14.5,0,0.149090530073239,0.15,0.00604666541043357,0,retract
