t_s,force_normal_N,force_filtered_N,force_measured_N,force_desired_N,penetration_mm,ee_z_m,cmd_z_m,ee_z_velocity_mps,closing_velocity_mps,phase
0,0,0,0,14.5,0,0.149999994323105,0.15,0,0,approach
0.001,0,0,0,14.5,0,0.149999994324321,0.149996601239669,1.21532500625011e-09,0,approach
0.002,0,0.0035136302494089,0.0245954117458623,14.5,0,0.149999912457286,0.149986446280992,-8.18670277252592e-05,8.18670277252592e-05,approach
0.003,0,0.00337762504844086,0.00256159384263265,14.5,0,0.149999667735275,0.149969597107438,-0.000244721947339053,0.000244721947339053,approach
0.004,0,0.00289510718437788,0,14.5,0,0.14999918006911,0.149946115702479,-0.000487665913440574,0.000487665913440574,approach
0.005,0,0.00248152044375247,0,14.5,0,0.149998370281582,0.149916064049587,-0.000809786836157594,0.000809786836157594,approach
0.006,0,0.00844979225976309,0.0442594231558268,14.5,0,0.149997160121488,0.149879504132231,-0.00121015855251272,0.00121015855251272,approach
0.007,0,0.00789873782753365,0.00459241123415699,14.5,0,0.149995472277285,0.149836497933884,-0.00168784121142765,0.00168784121142765,approach
0.008,0,0.0123696979478234,0.0391954586695621,14.5,0,0.149993230390361,0.149787107438017,-0.00224188165712307,0.00224188165712307,approach
0.009,0,0.0205044992922732,0.0693133073589719,14.5,0,0.149990359067931,0.149731394628099,-0.0028713138109895,0.0028713138109895,approach
0.01,0,0.0250411458114546,0.052261024926543,14.5,0,0.149986783895548,0.149669421487603,-0.00357515905199724,0.00357515905199724,approach
0.011,0,0.0214638392669611,0,14.5,0,0.149982431449238,0.14960125,-0.00435242659570651,0.00435242659570651,approach
0.012,0,0.0183975765145381,0,14.5,0,0.14997722930727,0.14952694214876,-0.00520211387193141,0.00520211387193141,approach
0.013,0,0.0179368687804802,0.0151726223761331,14.5,0,0.14997110606153,0.149446559917355,-0.00612320690110461,0.00612320690110461,approach
0.014,0,0.0153744589546973,0,14.5,0,0.149963991328548,0.149360165289256,-0.00711468066938228,0.00711468066938228,approach
0.015,0,0.0189787609124695,0.0406045726591022,14.5,0,0.149955815760129,0.149267820247934,-0.00817549950252178,0.00817549950252178,approach
0.016,0,0.0254729480436015,0.0644380708303938,14.5,0,0.149946511053629,0.14916958677686,-0.00930461743855794,0.00930461743855794,approach
0.017,0,0.0309435929036311,0.0637674620638089,14.5,0,0.149936009961856,0.149065526859504,-0.0105009785992966,0.0105009785992966,approach
0.018,0,0.0265230796316838,0,14.5,0,0.1499242463026,0.148955702479339,-0.0117635175606382,0.0117635175606382,approach
0.019,0,0.0338179582918301,0.0775872302527077,14.5,0,0.149911154967802,0.148840175619835,-0.0130911597217368,0.0130911597217368,approach
0.02,0,0.0289868213929972,0,14.5,0,0.149896671932346,0.148719008264463,-0.0144828216729943,0.0144828216729943,approach
0.021,0,0.0248458469082833,0,14.5,0,0.149880734262503,0.148592262396694,-0.0159374115628832,0.0159374115628832,approach
0.022,0,0.0212964402071,0,14.5,0,0.14986328012399,0.14846,-0.0174538294635852,0.0174538294635852,approach
0.023,0,0.0257023558084468,0.0521378494165273,14.5,0,0.149844248789683,0.148322283057851,-0.0190309677354277,0.0190309677354277,approach
0.024,0,0.0220305906929544,0,14.5,0,0.149823580646962,0.148179173553719,-0.0206677113900946,0.0206677113900946,approach
0.025,0,0.0188833634511037,0,14.5,0,0.149801217204694,0.148030733471074,-0.0223629384525812,0.0223629384525812,approach
0.026,0,0.0161857401009461,0,14.5,0,0.149777101099858,0.147877024793388,-0.0241155203218601,0.0241155203218601,approach
0.027,0,0.0138734915150966,0,14.5,0,0.149751176103814,0.147718109504132,-0.0259243221302188,0.0259243221302188,approach
0.028,0,0.0118915641557971,0,14.5,0,0.149723387128216,0.147554049586777,-0.0277882031012243,0.0277882031012243,approach
0.029,0,0.0101927692763975,0,14.5,0,0.149693680230563,0.147384907024793,-0.0297060169062673,0.0297060169062673,approach
0.03,0,0.00873665937976931,0,14.5,0,0.149662002619405,0.147210743801653,-0.031676612019634,0.031676612019634,approach
0.031,0,0.00748856518265941,0,14.5,0,0.149628302659193,0.147031621900826,-0.0336988320720467,0.0336988320720467,approach
0.032,0,0.0157686141577703,0.065448908008436,14.5,0,0.149592529874775,0.146847603305785,-0.0357715162026166,0.0357715162026166,approach
0.033,0,0.019731600223219,0.0435095166159108,14.5,0,0.149554634955549,0.14665875,-0.0378934994091407,0.0378934994091407,approach
0.034,0,0.0171665664177021,0.00177636358460098,14.5,0,0.149514569759265,0.146465123966942,-0.0400636128966799,0.0400636128966799,approach
0.035,0,0.0147141997866018,0,14.5,0,0.149472287315482,0.146266787190083,-0.0422806844243438,0.0422806844243438,approach
0.036,0,0.0187143596831497,0.0427153190624372,14.5,0,0.149427741828679,0.146063801652893,-0.0445435386502133,0.0445435386502133,approach
0.037,0,0.0215467841940324,0.0385413312593285,14.5,0,0.14938088868103,0.145856229338843,-0.0468509974743212,0.0468509974743212,approach
0.038,0,0.0244934203029728,0.0421732369566152,14.5,0,0.149331684434832,0.145644132231405,-0.0492018803796151,0.0492018803796151,approach
0.039,0,0.0258574387275526,0.0340415492750315,14.5,0,0.149280086834598,0.14542757231405,-0.0515950047708215,0.0515950047708215,approach
0.04,0,0.0288979443743463,0.0471409782551085,14.5,0,0.149226054808817,0.145206611570248,-0.0540291863111268,0.0540291863111268,approach
0.041,0,0.0247696666065826,0,14.5,0,0.149169548471374,0.144981311983471,-0.0565032392565936,0.0565032392565936,approach
0.042,0,0.0284269757015479,0.0503708302713398,14.5,0,0.149110529122648,0.14475173553719,-0.0590159767882231,0.0590159767882231,approach
0.043,0,0.0243659791727553,0,14.5,0,0.14904895925027,0.144517944214876,-0.0615662113415785,0.0615662113415785,approach
0.044,0,0.0208851250052189,0,14.5,0,0.148984802529563,0.14428,-0.0641527549338788,0.0641527549338788,approach
0.045,0,0.0236996028751339,0.0405864700946241,14.5,0,0.148918023823653,0.144037964876033,-0.0667744194884741,0.0667744194884741,approach
0.046,0,0.0274047341581495,0.0496355218562432,14.5,0,0.148848589183267,0.143791900826446,-0.06943001715661,0.06943001715661,approach
0.047,0,0.0234897721355567,0,14.5,0,0.148776465846201,0.143541869834711,-0.0721183606363929,0.0721183606363929,approach
0.048,0,0.0242145728733791,0.0285633773003135,14.5,0,0.148701622236479,0.143287933884298,-0.0748382634888584,0.0748382634888584,approach
0.049,0,0.0207553481771821,0,14.5,0,0.148624027963202,0.143030154958678,-0.0775885404510571,0.0775885404510571,approach
0.05,0,0.0177902984375847,0,14.5,0,0.148543653819082,0.142768595041322,-0.0803680077460583,0.0803680077460583,approach
0.051,0,0.0219292285487099,0.0467628092154611,14.5,0,0.14846047177867,0.142503316115702,-0.0831754833897841,0.0831754833897841,approach
0.052,0,0.0187964816131799,0,14.5,0,0.148374454996286,0.142234380165289,-0.0860097874945781,0.0860097874945781,approach
0.053,0,0.0189615898122313,0.01995223900654,14.5,0,0.148285577803646,0.141961849173554,-0.0888697425694168,0.0888697425694168,approach
0.054,0,0.0180427221333599,0.0125295160601316,14.5,0,0.148193815707187,0.141685785123967,-0.0917541738166727,0.0917541738166727,approach
0.055,0,0.0248475511540944,0.0656765252785014,14.5,0,0.148099145385108,0.14140625,-0.0946619094253351,0.0946619094253351,approach
0.056,0,0.0271131771193322,0.0407069329107591,14.5,0,0.14800154468412,0.141123305785124,-0.0975917808606,0.0975917808606,approach
0.057,0,0.0232398661022848,0,14.5,0,0.147900992615902,0.14083701446281,-0.100542623149738,0.100542623149738,approach
0.058,0,0.0199198852305298,0,14.5,0,0.147797469353287,0.140547438016529,-0.103513275164148,0.103513275164148,approach
0.059,0,0.0170741873404541,0,14.5,0,0.14769095622616,0.140254638429752,-0.106502579897517,0.106502579897517,approach
0.06,0,0.0146350177203893,0,14.5,0,0.14758143571709,0.13995867768595,-0.109509384739986,0.109509384739986,approach
0.061,0,0.0138469131629882,0.00911828581858198,14.5,0,0.147468891456683,0.139659617768595,-0.112532541748247,0.112532541748247,approach
0.062,0,0.0139846977683344,0.0148114054004115,14.5,0,0.147353308218681,0.139357520661157,-0.115570907911479,0.115570907911479,approach
0.063,0,0.0199421687395916,0.055686994567135,14.5,0,0.147234671914783,0.139052448347107,-0.118623345413049,0.118623345413049,approach
0.064,0,0.0232183249154066,0.0428752619702963,14.5,0,0.147112969589227,0.138744462809917,-0.121688721887885,0.121688721887885,approach
0.065,0,0.0199014213560628,0,14.5,0,0.146988189413104,0.138433626033058,-0.124765910675444,0.124765910675444,approach
0.066,0,0.0170583611623395,0,14.5,0,0.146860320678432,0.13812,-0.127853791068211,0.127853791068211,approach
0.067,0,0.0179135066325863,0.0230443794540666,14.5,0,0.146729353791981,0.137803646694215,-0.130951248555626,0.130951248555626,approach
0.068,0,0.0153544342565025,0,14.5,0,0.146595280268861,0.137484628099174,-0.134057175063388,0.134057175063388,approach
0.069,0,0.0131609436484307,0,14.5,0,0.146458092725878,0.137163006198347,-0.137170469188051,0.137170469188051,approach
0.07,0,0.0127792314590438,0.0104889583227226,14.5,0,0.146317784874651,0.136838842975207,-0.140290036426847,0.140290036426847,approach
0.071,0,0.0109536269648947,0,14.5,0,0.146174351514514,0.136512200413223,-0.14341478940266,0.14341478940266,approach
0.072,0,0.0169942878810781,0.0532382533781782,14.5,0,0.146027788525191,0.136183140495868,-0.146543648084098,0.146543648084098,approach
0.073,0,0.0222927488901298,0.0540835149444404,14.5,0,0.145878092859259,0.135851725206612,-0.14967554000058,0.14967554000058,approach
0.074,0,0.0191080704772542,0,14.5,0,0.145725262534396,0.135518016528926,-0.152809400452393,0.152809400452393,approach
0.075,0,0.0171359949549556,0.00530354182116453,14.5,0,0.145569296625432,0.135182076446281,-0.155944172715652,0.155944172715652,approach
0.076,0,0.0213746559832626,0.0468066221531043,14.5,0,0.14541019525619,0.134843966942149,-0.159078808242109,0.159078808242109,approach
0.077,0,0.0286048386794926,0.0719859348568726,14.5,0,0.145247959591138,0.13450375,-0.162212266853743,0.162212266853743,approach
0.078,0,0.0245184331538508,0,14.5,0,0.145082591826852,0.134161487603306,-0.165343516932106,0.165343516932106,approach
0.079,0,0.0210157998461578,0,14.5,0,0.144914095183289,0.133817241735537,-0.168471535602342,0.168471535602342,approach
0.08,0,0.0358812465513809,0.125073926782719,14.5,0,0.144742473894888,0.133471074380165,-0.171595308911861,0.171595308911861,approach
0.081,0,0.0410517666917131,0.0720748875337063,14.5,0,0.144567733201488,0.133123047520661,-0.174713832003603,0.174713832003603,approach
0.082,0,0.0351872285928969,0,14.5,0,0.144389879339088,0.132773223140496,-0.177826109283861,0.177826109283861,approach
0.083,0,0.0301604816510545,0,14.5,0,0.144208919530439,0.132421663223141,-0.180931154584616,0.180931154584616,approach
0.084,0,0.035041948991997,0.0643307530376518,14.5,0,0.144024861975473,0.132068429752066,-0.184027991320356,0.184027991320356,approach
0.085,0,0.0383649079117961,0.0583026614305911,14.5,0,0.143837715841594,0.131713584710744,-0.187115652639338,0.187115652639338,approach
0.086,0,0.0328842067815395,0,14.5,0,0.143647491253809,0.131357190082645,-0.19019318156926,0.19019318156926,approach
0.087,0,0.031378012236556,0.022340844966655,14.5,0,0.143454199284726,0.13099930785124,-0.193259631157321,0.193259631157321,approach
0.088,0,0.0390371028613235,0.0849916466099281,14.5,0,0.143257851944415,0.13064,-0.196314064604638,0.196314064604638,approach
0.089,0,0.0343597438073677,0.00629558948363283,14.5,0,0.143058462170138,0.130279328512397,-0.199355555395004,0.199355555395004,approach
0.09,0,0.0294512089777437,0,14.5,0,0.142856043815959,0.129917355371901,-0.202383187417949,0.202383187417949,approach
0.091,0,0.0252438934094946,0,14.5,0,0.142650611642233,0.129554142561983,-0.205396055086106,0.205396055086106,approach
0.092,0,0.021637622922424,0,14.5,0,0.142442181304982,0.129189752066116,-0.208393263446863,0.208393263446863,approach
0.093,0,0.0255395117751795,0.048950844891713,14.5,0,0.142230769345169,0.128824245867769,-0.211373928288272,0.211373928288272,approach
0.094,0,0.021891010093011,0,14.5,0,0.142016393177864,0.128457685950413,-0.214337176239231,0.214337176239231,approach
0.095,0,0.0187637229368666,0,14.5,0,0.141799071081321,0.128090134297521,-0.21728214486391,0.21728214486391,approach
0.096,0,0.0160831910887428,0,14.5,0,0.141578822185965,0.127721652892562,-0.220207982750434,0.220207982750434,approach
0.097,0,0.0137855923617795,0,14.5,0,0.14135566646329,0.127352303719008,-0.22311384959381,0.22311384959381,approach
0.098,0,0.0118162220243825,0,14.5,0,0.141129624714685,0.126982148760331,-0.225998916273103,0.225998916273103,approach
0.099,0,0.0101281903066135,0,14.5,0,0.140900718560188,0.12661125,-0.228862364922871,0.228862364922871,approach
0.1,0,0.00911881104755457,0.00306253549320077,14.5,0,0.140668970427164,0.126239669421488,-0.23170338899886,0.23170338899886,approach
0.101,0,0.00995300956738534,0.0149582006863699,14.5,0,0.140434403538939,0.125867469008264,-0.234521193337963,0.234521193337963,approach
0.102,0,0.00853115105775886,0,14.5,0,0.140197041903363,0.125494710743802,-0.237314994212478,0.237314994212478,approach
0.103,0,0.00731241519236474,0,14.5,0,0.139956910301329,0.12512145661157,-0.240084019378649,0.240084019378649,approach
0.104,0,0.00626778445059835,0,14.5,0,0.139714034275257,0.124747768595041,-0.242827508119532,0.242827508119532,approach
0.105,0,0.0069084282050088,0.0107522907314715,14.5,0,0.139468440117526,0.124373708677686,-0.2455447112822,0.2455447112822,approach
0.106,0,0.00925737785686032,0.0233510757679694,14.5,0,0.139220154858881,0.123999338842975,-0.248234891309302,0.248234891309302,approach
0.107,0,0.0296322465506655,0.151881458713497,14.5,0,0.138969206256816,0.12362472107438,-0.250897322265017,0.250897322265017,approach
0.108,0,0.025399068471999,0,14.5,0,0.138715622783929,0.123249917355372,-0.253531289855411,0.253531289855411,approach
0.109,0,0.0277521889544126,0.0418709118488943,14.5,0,0.138459433616267,0.122874989669422,-0.256136091443254,0.256136091443254,approach
0.11,0,0.0304222224772718,0.0464424236144266,14.5,0,0.138200668621656,0.1225,-0.258711036057305,0.258711036057305,approach
0.111,0,0.0260761906948044,0,14.5,0,0.137939358348033,0.122125010330579,-0.261255444396117,0.261255444396117,approach
0.112,0,0.0304299191395561,0.0565522898080663,14.5,0,0.137675534011772,0.121750082644628,-0.263768648826395,0.263768648826395,approach
0.113,0,0.0327789905349134,0.0468734189070574,14.5,0,0.13740922748602,0.12137527892562,-0.266249993375953,0.266249993375953,approach
0.114,0,0.0296289355032683,0.0107286053133977,14.5,0,0.137140471289046,0.121000661157025,-0.268698833721299,0.268698833721299,approach
0.115,0,0.0390718367069449,0.0957292439290048,14.5,0,0.136869298572602,0.120626291322314,-0.271114537169915,0.271114537169915,approach
0.116,0,0.0334901457488099,0,14.5,0,0.136595743110311,0.120252231404959,-0.273496482637264,0.273496482637264,approach
0.117,0,0.0287058392132657,0,14.5,0,0.13631983928608,0.11987854338843,-0.275844060618579,0.275844060618579,approach
0.118,0,0.024605005039942,0,14.5,0,0.136041622082547,0.119505289256198,-0.278156673155491,0.278156673155491,approach
0.119,0,0.0210900043199503,0,14.5,0,0.135761127069564,0.119132530991736,-0.280433733797543,0.280433733797543,approach
0.12,0,0.0292417005808305,0.0781518781461117,14.5,0,0.135478390392725,0.118760330578512,-0.282674667558656,0.282674667558656,approach
0.121,0,0.025064314783569,0,14.5,0,0.135193448761939,0.11838875,-0.284878910868598,0.284878910868598,approach
0.122,0,0.0245207492575689,0.0212593561015687,14.5,0,0.134906339440061,0.118017851239669,-0.287045911519526,0.287045911519526,approach
0.123,0,0.0210177850779162,0,14.5,0,0.134617100231572,0.117647696280992,-0.289175128607655,0.289175128607655,approach
0.124,0,0.0180152443524996,0,14.5,0,0.134325769471329,0.117278347107438,-0.291266032470129,0.291266032470129,approach
0.125,0,0.0154416380164283,0,14.5,0,0.134032386013382,0.116909865702479,-0.293318104617155,0.293318104617155,approach
0.126,0,0.0132356897283671,0,14.5,0,0.133736989219855,0.116542314049587,-0.295330837659474,0.295330837659474,approach
0.127,0,0.0116436245895973,0.00209123375697888,14.5,0,0.133439618949915,0.116175754132231,-0.297303735231234,0.297303735231234,approach
0.128,0,0.010887387591478,0.00634996560276177,14.5,0,0.133140315548811,0.115810247933884,-0.29923631190835,0.29923631190835,approach
0.129,0,0.00933204650698112,0,14.5,0,0.132839119837007,0.115445857438017,-0.301128093122409,0.301128093122409,approach
0.13,0,0.0144157141956956,0.0449177203279823,14.5,0,0.132536073099397,0.115082644628099,-0.302978615070216,0.302978615070216,approach
0.131,0,0.0123563264534533,0,14.5,0,0.132231217074625,0.114720671487603,-0.304787424619044,0.304787424619044,approach
0.132,0,0.0105911369601029,0,14.5,0,0.131924593944488,0.11436,-0.306554079207676,0.306554079207676,approach
0.133,0,0.00907811739437389,0,14.5,0,0.131616246323459,0.11400069214876,-0.308278146743321,0.308278146743321,approach
0.134,0,0.0077812434808919,0,14.5,0,0.131306217248301,0.113642809917355,-0.309959205494478,0.309959205494478,approach
0.135,0,0.00666963726933592,0,14.5,0,0.1309945501678,0.113286415289256,-0.311596843979852,0.311596843979852,approach
0.136,0,0.0117659383224149,0.0423437446408887,14.5,0,0.130681288932615,0.112931570247934,-0.313190660853387,0.313190660853387,approach
0.137,0,0.0170914509835955,0.049044526950679,14.5,0,0.130366477785234,0.112578336776859,-0.314740264785515,0.314740264785515,approach
0.138,0,0.0146498151287961,0,14.5,0,0.130050161350067,0.112226776859504,-0.316245274340705,0.316245274340705,approach
0.139,0,0.012556984396111,0,14.5,0,0.129732384623654,0.111876952479339,-0.317705317851415,0.317705317851415,approach
0.14,0,0.0107631294823808,0,14.5,0,0.129413192965003,0.111528925619835,-0.319120033288515,0.319120033288515,approach
0.141,0,0.00922553955632642,0,14.5,0,0.129092632086071,0.111182758264463,-0.320489068128292,0.320489068128292,approach
0.142,0,0.00790760533399408,0,14.5,0,0.128770748042361,0.110838512396694,-0.321812079216132,0.321812079216132,approach
0.143,0,0.00683534050168109,0.000401751507803193,14.5,0,0.128447587223681,0.11049625,-0.323088732626951,0.323088732626951,approach
0.144,0,0.00948784486145441,0.0254028710200943,14.5,0,0.128123196345028,0.110156033057851,-0.324318703522498,0.324318703522498,approach
0.145,0,0.00813243845267521,0,14.5,0,0.127797622437624,0.109817923553719,-0.325501676005614,0.325501676005614,approach
0.146,0,0.00916145613244066,0.0153355622110334,14.5,0,0.127470912840103,0.109481983471074,-0.326637342971535,0.326637342971535,approach
0.147,0,0.0136252356159852,0.0404079125172525,14.5,0,0.127143115189841,0.109148274793388,-0.327725405956357,0.327725405956357,approach
0.148,0,0.0116787733851302,0,14.5,0,0.126814277414448,0.108816859504132,-0.328765574982742,0.328765574982742,approach
0.149,0,0.0137915543805369,0.0264682403529771,14.5,0,0.126484447723415,0.108487799586777,-0.329757568402979,0.329757568402979,approach
0.15,0,0.0118213323261745,0,14.5,0,0.126153674599914,0.108161157024793,-0.330701112739493,0.330701112739493,approach
0.151,0,0.0160318900238573,0.0412952362099544,14.5,0,0.125822006792769,0.107836993801653,-0.331595942522895,0.331595942522895,approach
0.152,0,0.0178236678836658,0.0285743350425167,14.5,0,0.12548949330858,0.107515371900826,-0.332441800127696,0.332441800127696,approach
0.153,0,0.0159170310218684,0.00447720985108404,14.5,0,0.125156183404029,0.107196353305785,-0.333238435605758,0.333238435605758,approach
0.154,0,0.0136431694473158,0,14.5,0,0.124822126578335,0.10688,-0.333985606517603,0.333985606517603,approach
0.155,0,0.0152784210597872,0.025089930734616,14.5,0,0.124487372565896,0.106566373966942,-0.334683077761676,0.334683077761676,approach
0.156,0,0.0205131066456687,0.0519212201609575,14.5,0,0.124151971329094,0.106255537190083,-0.335330621401662,0.335330621401662,approach
0.157,0,0.0175826628391446,0,14.5,0,0.123815973051278,0.105947551652893,-0.335928016491957,0.335928016491957,approach
0.158,0,0.0173874310887376,0.0162160405862956,14.5,0,0.123479428129923,0.105642479338843,-0.336475048901407,0.336475048901407,approach
0.159,0,0.0149035123617751,0,14.5,0,0.123142387169964,0.105340382231405,-0.336971511135393,0.336971511135393,approach
0.16,0,0.0198894207811694,0.0498048712975351,14.5,0,0.122804900977314,0.10504132231405,-0.337417202156393,0.337417202156393,approach
0.161,0,0.0259842868028083,0.0625534829326419,14.5,0,0.122467020552558,0.104745361570248,-0.3378119272031,0.3378119272031,approach
0.162,0,0.0244814568198853,0.0154644769223471,14.5,0,0.122128797084831,0.104452561983471,-0.338155497608203,0.338155497608203,approach
0.163,0,0.0246036628322314,0.025336898906308,14.5,0,0.121790281945884,0.10416298553719,-0.338447730614941,0.338447730614941,approach
0.164,0,0.0210888538561983,0,14.5,0,0.121451526684321,0.103876694214876,-0.33868844919252,0.33868844919252,approach
0.165,0,0.01807616044817,0,14.5,0,0.121112583020041,0.10359375,-0.338877481850498,0.338877481850498,approach
0.166,0,0.0154938518127171,0,14.5,0,0.120773502838848,0.103314214876033,-0.33901466245223,0.33901466245223,approach
0.167,0,0.0158464280190752,0.0179618852572234,14.5,0,0.120434338187263,0.103038150826446,-0.339099830027493,0.339099830027493,approach
0.168,0,0.0135826525877787,0,14.5,0,0.120095141267512,0.102765619834711,-0.339132828584361,0.339132828584361,approach
0.169,0,0.0192579685617258,0.053309864405408,14.5,0,0.11975596443271,0.102496683884298,-0.339113506920449,0.339113506920449,approach
0.17,0,0.0165068301957649,0,14.5,0,0.119416860182236,0.102231404958678,-0.339041718433617,0.339041718433617,approach
0.171,0,0.0141487115963699,0,14.5,0,0.119077881157289,0.101969845041322,-0.338917320932226,0.338917320932226,approach
0.172,0,0.0121274670826028,0,14.5,0,0.118739080136645,0.101712066115702,-0.338740176445048,0.338740176445048,approach
0.173,0,0.0157706190324795,0.0376295307317393,14.5,0,0.118400510032595,0.101458130165289,-0.338510151030915,0.338510151030915,approach
0.174,0,0.0257675895415484,0.0857494125959619,14.5,0,0.118062223887081,0.101208099173554,-0.338227114588219,0.338227114588219,approach
0.175,0,0.0255325724783359,0.0241224700990609,14.5,0,0.117724274868016,0.100962035123967,-0.337890940664332,0.337890940664332,approach
0.176,0,0.0218850621242879,0,14.5,0,0.1173867162658,0.10072,-0.337501506265052,0.337501506265052,approach
0.177,0,0.0272942521417405,0.0597493922464562,14.5,0,0.117049601490025,0.100482055785124,-0.337058691664164,0.337058691664164,approach
0.178,0,0.023395073264349,0,14.5,0,0.11671298406637,0.10024826446281,-0.3365623802132,0.3365623802132,approach
0.179,0,0.0256500827468869,0.0391801396421141,14.5,0,0.116376917633685,0.100018688016529,-0.336012458151494,0.336012458151494,approach
0.18,0,0.0237247572498246,0.0121728042674513,14.5,0,0.116041455941265,0.0997933884297521,-0.335408814416603,0.335408814416603,approach
0.181,0,0.0203355062141354,0,14.5,0,0.115706652846319,0.0995724276859504,-0.334751340455197,0.334751340455197,approach
0.182,0,0.017530688310115,0.000701780885992809,14.5,0,0.115372562311617,0.099355867768595,-0.334039930034493,0.334039930034493,approach
0.183,0,0.0180814461489178,0.0213859931817344,14.5,0,0.115039238403337,0.099143770661157,-0.33327447905431,0.33327447905431,approach
0.184,0,0.0154983824133581,0,14.5,0,0.114706735289088,0.0989361983471074,-0.33245488535984,0.33245488535984,approach
0.185,0,0.0198291213806627,0.0458135551844901,14.5,0,0.114375107236132,0.0987332128099174,-0.331581048555193,0.331581048555193,approach
0.186,0,0.0169963897548537,0,14.5,0,0.114044408609778,0.0985348760330579,-0.330652869817819,0.330652869817819,approach
0.187,0,0.0191895772846876,0.0323487024636906,14.5,0,0.113714693871974,0.09834125,-0.32967025171386,0.32967025171386,approach
0.188,0,0.0199820695501185,0.024737023142704,14.5,0,0.113386017580076,0.0981523966942149,-0.328633098014519,0.328633098014519,approach
0.189,0,0.0171274881858158,0,14.5,0,0.113058434385798,0.0979683780991736,-0.327541313513514,0.327541313513514,approach
0.19,0,0.0170930224641175,0.0168862281339276,14.5,0,0.11273199903435,0.0977892561983471,-0.326394803845687,0.326394803845687,approach
0.191,0,0.0146511621121007,0,14.5,0,0.112406766363754,0.0976150929752066,-0.325193475306842,0.325193475306842,approach
0.192,0,0.0214834210461053,0.0624769746501328,14.5,0,0.112082791304334,0.0974459504132232,-0.32393723467487,0.32393723467487,approach
0.193,0,0.0190302619048258,0.00431130705714876,14.5,0,0.111760128878393,0.0972818904958678,-0.322625989032231,0.322625989032231,approach
0.194,0,0.0163116530612793,0,14.5,0,0.11143883420006,0.0971229752066116,-0.321259645589863,0.321259645589863,approach
0.195,0,0.0231574314186785,0.0642321015630739,14.5,0,0.111118962475314,0.0969692665289256,-0.31983811151256,0.31983811151256,approach
0.196,0,0.0198492269302959,0,14.5,0,0.11080056900218,0.096820826446281,-0.318361293745901,0.318361293745901,approach
0.197,0,0.0182986761849976,0.00899537171320778,14.5,0,0.110483709171102,0.0966777169421488,-0.316829098844771,0.316829098844771,approach
0.198,0,0.0156845795871408,0,14.5,0,0.110168438465477,0.09654,-0.315241432803532,0.315241432803532,approach
0.199,0,0.0134439253604064,0,14.5,0,0.109854812462369,0.0964077376033058,-0.313598200887902,0.313598200887902,approach
0.2,0,0.0176636977841568,0.0429823323266592,14.5,0,0.109542886833379,0.0962809917355372,-0.311899307468597,0.311899307468597,approach
0.201,0,0.0166293587139502,0.0104233242927108,14.5,0,0.109232717345685,0.0961598243801653,-0.310144655856761,0.310144655856761,approach
0.202,0,0.0242139712821612,0.069721646691427,14.5,0,0.10892435986325,0.0960442975206612,-0.308334148141262,0.308334148141262,approach
0.203,0,0.0234974011964683,0.019197980682311,14.5,0,0.10861787034818,0.0959344731404959,-0.306467685027884,0.306467685027884,approach
0.204,0,0.0201406295969728,0,14.5,0,0.10831330486225,0.0958304132231405,-0.304545165680445,0.304545165680445,approach
0.205,0,0.0309277970660295,0.0956508018803695,14.5,0,0.108010719568588,0.0957321797520661,-0.302566487563908,0.302566487563908,approach
0.206,0,0.026509540342311,0,14.5,0,0.107710170733503,0.0956398347107438,-0.300531546289503,0.300531546289503,approach
0.207,0,0.0227224631505523,0,14.5,0,0.107411714728484,0.0955534400826446,-0.298440235461898,0.298440235461898,approach
0.208,0,0.0225883110721506,0.0217833986017408,14.5,0,0.107115408032333,0.0954730578512397,-0.296292446528464,0.296292446528464,approach
0.209,0,0.0193614094904148,0,14.5,0,0.106821307233462,0.09539875,-0.294088068630651,0.294088068630651,approach
0.21,0,0.016595493848927,0,14.5,0,0.106529469032321,0.0953305785123967,-0.291826988457518,0.291826988457518,approach
0.211,0,0.0231144941146956,0.0622284957093069,14.5,0,0.106239950243988,0.0952686053719008,-0.289509090101431,0.289509090101431,approach
0.212,0,0.0198124235268819,0,14.5,0,0.105952807800886,0.0952128925619835,-0.287134254915962,0.287134254915962,approach
0.213,0,0.0275560776645865,0.074018002490814,14.5,0,0.105668098755653,0.0951635020661157,-0.28470236137601,0.28470236137601,approach
0.214,0,0.0265427480983234,0.0204627707007445,14.5,0,0.105385880284142,0.0951204958677686,-0.282213284940167,0.282213284940167,approach
0.215,0,0.02275092694142,0,14.5,0,0.105106209688558,0.0950839359504132,-0.279666897915339,0.279666897915339,approach
0.216,0,0.0195007945212172,0,14.5,0,0.104829144400734,0.0950538842975207,-0.277063069323645,0.277063069323645,approach
0.217,0,0.0167149667324719,0,14.5,0,0.104554741985529,0.095030402892562,-0.274401664771611,0.274401664771611,approach
0.218,0,0.0262145346637501,0.0832119422514195,14.5,0,0.104283060144364,0.0950135537190083,-0.271682546321656,0.271682546321656,approach
0.219,0,0.0224696011403572,0,14.5,0,0.104014156718881,0.0950033987603306,-0.268905572365898,0.268905572365898,approach
0.22,0,0.0192596581203062,0,14.5,0,0.103748089694724,0.095,-0.266070597502276,0.266070597502276,approach
0.221,0,0.0165082783888339,0,14.5,0,0.103484917205446,0.09462,-0.263177472412995,0.263177472412995,approach
0.222,0,0.0198767681794125,0.0400877069228841,14.5,0,0.103220650355386,0.09424,-0.264271667649782,0.264271667649782,approach
0.223,0,0.0170372298680678,0,14.5,0,0.102955286614371,0.09386,-0.265368389469922,0.265368389469922,approach
0.224,0,0.0236223161985852,0.0631328341816891,14.5,0,0.102688823805693,0.09348,-0.266467284590324,0.266467284590324,approach
0.225,0,0.0202476995987873,0,14.5,0,0.102421260098836,0.0931,-0.267568006997887,0.267568006997887,approach
0.226,0,0.0350233510619996,0.123677259841273,14.5,0,0.102152594002241,0.09272,-0.268670217918462,0.268670217918462,approach
0.227,0,0.0305305160951869,0.00357350629431121,14.5,0,0.101882824356092,0.09234,-0.26977358578143,0.26977358578143,approach
0.228,0,0.0261690137958745,0,14.5,0,0.101611950325162,0.09196,-0.270877786180235,0.270877786180235,approach
0.229,0,0.0344589577169954,0.0841986212437208,14.5,0,0.101339971391681,0.09158,-0.271982501829174,0.271982501829174,approach
0.23,0,0.0295362494717104,0,14.5,0,0.101066887348266,0.0912,-0.273087422516737,0.273087422516737,approach
0.231,0,0.0290381070568223,0.0260492525674938,14.5,0,0.100792698290893,0.09082,-0.274192245055767,0.274192245055767,approach
0.232,0,0.0257116852424875,0.00575315435647903,14.5,0,0.100517404611925,0.09044,-0.275296673230683,0.275296673230683,approach
0.233,0,0.0220385873507036,0,14.5,0,0.100241006993195,0.09006,-0.276400417741999,0.276400417741999,approach
0.234,0,0.0188902177291745,0,14.5,0,0.0999635063991429,0.08968,-0.277503196148364,0.277503196148364,approach
0.235,0,0.0161916151964353,0,14.5,0,0.099684904070022,0.0893,-0.278604732806299,0.278604732806299,approach
0.236,0,0.0138785273112303,0,14.5,0,0.0994052015151571,0.08892,-0.279704758807846,0.279704758807846,approach
0.237,0,0.0118958805524831,0,14.5,0,0.0991244005062736,0.08854,-0.280803011916288,0.280803011916288,approach
0.238,0,0.0101964690449855,0,14.5,0,0.0988425030708903,0.08816,-0.281899236500098,0.281899236500098,approach
0.239,0,0.0129731383752389,0.0296331543567597,14.5,0,0.0985595114857809,0.08778,-0.282993183465281,0.282993183465281,approach
0.24,0,0.011119832893062,0,14.5,0,0.0982754282705033,0.0874,-0.284084610186241,0.284084610186241,approach
0.241,0,0.00988138360651894,0.00245068788726082,14.5,0,0.0979902561809996,0.08702,-0.285173280435311,0.285173280435311,approach
0.242,0,0.00846975737701623,0,14.5,0,0.0977039982032692,0.08664,-0.286258964311064,0.286258964311064,approach
0.243,0,0.00725979203744249,0,14.5,0,0.097416657547113,0.08626,-0.287341438165519,0.287341438165519,approach
0.244,0,0.0158030930029785,0.0670628987961946,14.5,0,0.0971282376399514,0.08588,-0.288420484530363,0.288420484530363,approach
0.245,0,0.0202649571951192,0.0470361423479634,14.5,0,0.0968387421207186,0.0855,-0.289495892042277,0.289495892042277,approach
0.246,0,0.0173699633101022,0,14.5,0,0.0965481748338297,0.08512,-0.290567455367458,0.290567455367458,approach
0.247,0,0.0148885399800876,0,14.5,0,0.0962565398232269,0.08474,-0.291634975125449,0.291634975125449,approach
0.248,0,0.0127616056972179,0,14.5,0,0.0959638413264999,0.08436,-0.292698257812329,0.292698257812329,approach
0.249,0,0.0119255000070624,0.00690886586612936,14.5,0,0.0956700837690849,0.08398,-0.293757115723367,0.293757115723367,approach
0.25,0,0.0271662185482221,0.11861052979518,14.5,0,0.0953752717585419,0.0836,-0.294811366875201,0.294811366875201,approach
0.251,0,0.0305294582864194,0.0507088967156033,14.5,0,0.0950794100789082,0.08322,-0.295860834927616,0.295860834927616,approach
0.252,0,0.0283993261285972,0.0156185331816641,14.5,0,0.0947825036851322,0.08284,-0.296905349104985,0.296905349104985,approach
0.253,0,0.0243422795387976,0,14.5,0,0.0944845576975862,0.08246,-0.297944744117434,0.297944744117434,approach
0.254,0,0.0305889882949453,0.0680692408318316,14.5,0,0.0941855773966565,0.08208,-0.298978860081792,0.298978860081792,approach
0.255,0,0.0303452848428929,0.0288830641305785,14.5,0,0.0938855682174135,0.0817,-0.300007542442377,0.300007542442377,approach
0.256,0,0.0361641224063887,0.0710771477873636,14.5,0,0.0935845357443627,0.08132,-0.301030641891675,0.301030641891675,approach
0.257,0,0.0386963969839183,0.053890044449096,14.5,0,0.0932824857062716,0.08094,-0.302048014290955,0.302048014290955,approach
0.258,0,0.03316834027193,0,14.5,0,0.0929794239710796,0.08056,-0.303059520590871,0.303059520590871,approach
0.259,0,0.0284300059473686,0,14.5,0,0.0926753565408848,0.08018,-0.304065026752094,0.304065026752094,approach
0.26,0,0.0243685765263159,0,14.5,0,0.0923702895470108,0.0798,-0.305064403666012,0.305064403666012,approach
0.261,0,0.0209938100928958,0.00074521149237498,14.5,0,0.0920642292451536,0.07942,-0.306057527075545,0.306057527075545,approach
0.262,0,0.022447729124797,0.0311712433162041,14.5,0,0.0917571820106052,0.07904,-0.3070442774961,0.3070442774961,approach
0.263,0,0.0192409106783974,0,14.5,0,0.0914491543335586,0.07866,-0.308024540136721,0.308024540136721,approach
0.264,0,0.0191216573756475,0.0184061375591482,14.5,0,0.0911401528144904,0.07828,-0.308998204821439,0.308998204821439,approach
0.265,0,0.0163899920362693,0,14.5,0,0.0908301841596205,0.0779,-0.30996516591089,0.30996516591089,approach
0.266,0,0.0194045331431156,0.0374917797841932,14.5,0,0.0905192551764525,0.07752,-0.310925322224193,0.310925322224193,approach
0.267,0,0.0166324569798133,0,14.5,0,0.0902073727693891,0.07714,-0.31187857696115,0.31187857696115,approach
0.268,0,0.0142563916969829,0,14.5,0,0.0898945439354277,0.07676,-0.312824837624776,0.312824837624776,approach
0.269,0,0.0122197643116996,0,14.5,0,0.0895807757599304,0.07638,-0.313764015944185,0.313764015944185,approach
0.27,0,0.0104740836957425,0,14.5,0,0.0892660754124728,0.076,-0.314696027797873,0.314696027797873,approach
0.271,0,0.0207047604256417,0.0820888208050366,14.5,0,0.0889504501427678,0.07562,-0.315620793137402,0.315620793137402,approach
0.272,0,0.0177469375076929,0,14.5,0,0.0886339072766667,0.07524,-0.316538235911517,0.316538235911517,approach
0.273,0,0.0253559387689977,0.0710099463368264,14.5,0,0.0883164542122338,0.07486,-0.317448283990722,0.317448283990722,approach
0.274,0,0.0220705884783263,0.00235848673429807,14.5,0,0.0879980984158971,0.07448,-0.318350869092324,0.318350869092324,approach
0.275,0,0.0189176472671368,0,14.5,0,0.0876788474186744,0.0741,-0.31924592670597,0.31924592670597,approach
0.276,0,0.0246936559816716,0.0593497082688801,14.5,0,0.0873587088124699,0.07372,-0.320133396019705,0.320133396019705,approach
0.277,0,0.0211659908414328,0,14.5,0,0.0870376902464496,0.07334,-0.32101321984654,0.32101321984654,approach
0.278,0,0.0258283909967221,0.0538027919284579,14.5,0,0.0867157994234844,0.07296,-0.321885344551591,0.321885344551591,approach
0.279,0,0.0221386208543332,0,14.5,0,0.0863930440966681,0.07258,-0.322749719979753,0.322749719979753,approach
0.28,0,0.0241828335353681,0.0364481096215776,14.5,0,0.0860694320659071,0.0722,-0.323606299383973,0.323606299383973,approach
0.281,0,0.0207281430303155,0,14.5,0,0.0857449711745808,0.07182,-0.3244550393541,0.3244550393541,approach
0.282,0,0.0177669797402705,0,14.5,0,0.0854196693062723,0.07144,-0.325295899746341,0.325295899746341,approach
0.283,0,0.0258271432515545,0.0741881243192584,14.5,0,0.0850935343815691,0.07106,-0.326128843613345,0.326128843613345,approach
0.284,0,0.0221375513584752,0,14.5,0,0.0847665743549349,0.07068,-0.326953837134898,0.326953837134898,approach
0.285,0,0.0235098992761289,0.031743986782051,14.5,0,0.0844387972116463,0.0703,-0.327770849549277,0.327770849549277,approach
0.286,0,0.0265274280226792,0.0446326005019805,14.5,0,0.0841102109648008,0.06992,-0.328579853085242,0.328579853085242,approach
0.287,0,0.0227377954480107,0,14.5,0,0.0837808236523915,0.06954,-0.329380822894697,0.329380822894697,approach
0.288,0,0.0318276167966846,0.0863665448887279,14.5,0,0.0834506433344473,0.06916,-0.330173736986025,0.330173736986025,approach
0.289,0,0.0392591484671628,0.083848338490032,14.5,0,0.0831196780902405,0.06878,-0.330958576158094,0.330958576158094,approach
0.29,0,0.0336506986861395,0,14.5,0,0.0827879360155582,0.0684,-0.331735323934963,0.331735323934963,approach
0.291,0,0.0304259615658481,0.0110775388440994,14.5,0,0.0824554252200402,0.06802,-0.332503966501277,0.332503966501277,approach
0.292,0,0.0260793956278698,0,14.5,0,0.0821221538245793,0.06764,-0.333264492638371,0.333264492638371,approach
0.293,0,0.0274465195219177,0.0356492628862054,14.5,0,0.0817881299587851,0.06726,-0.33401689366109,0.33401689366109,approach
0.294,0,0.0235255881616438,0,14.5,0,0.0814533617585108,0.06688,-0.334761163355316,0.334761163355316,approach
0.295,0,0.020376846584437,0.00148439712119637,14.5,0,0.0811178573634417,0.0665,-0.335497297916226,0.335497297916226,approach
0.296,0,0.0247408713092154,0.0509250196578859,14.5,0,0.0807816249147443,0.06612,-0.336225295887286,0.336225295887286,approach
0.297,0,0.0260393594422733,0.0338302882406206,14.5,0,0.0804446725527756,0.06574,-0.336945158099965,0.336945158099965,approach
0.298,0,0.02231945095052,0,14.5,0,0.0801070084148527,0.06536,-0.337656887614206,0.337656887614206,approach
0.299,0,0.0327203303341577,0.0951256066359839,14.5,0,0.0797686406330803,0.06498,-0.338360489659622,0.338360489659622,approach
0.3,0,0.028045997429278,0,14.5,0,0.0794295773322378,0.0646,-0.33905597157746,0.33905597157746,approach
0.301,0,0.0313372505674011,0.0510847693961398,14.5,0,0.0790898266277215,0.06422,-0.339743342763296,0.339743342763296,approach
0.302,0,0.0268605004863438,0,14.5,0,0.0787493966235452,0.06384,-0.3404226146105,0.3404226146105,approach
0.303,0,0.0230232861311518,0,14.5,0,0.078408295410396,0.06346,-0.341093800454449,0.341093800454449,approach
0.304,0,0.0238483440784839,0.0287986917624765,14.5,0,0.0780665310637446,0.06308,-0.341756915517501,0.341756915517501,approach
0.305,0,0.0305921394491304,0.0710549116730095,14.5,0,0.0777241116420117,0.0627,-0.342411976854729,0.342411976854729,approach
0.306,0,0.0262218338135404,0,14.5,0,0.0773810451847848,0.06232,-0.343059003300424,0.343059003300424,approach
0.307,0,0.0224758575544632,0,14.5,0,0.0770373397110911,0.06194,-0.343698015415344,0.343698015415344,approach
0.308,0,0.0192650207609684,0,14.5,0,0.0766930032177206,0.06156,-0.344329035434751,0.344329035434751,approach
0.309,0,0.0181896670828531,0.0117375450141608,14.5,0,0.0763480436776007,0.06118,-0.344952087217193,0.344952087217193,approach
0.31,0,0.0155911432138741,0,14.5,0,0.0760024690382211,0.0608,-0.345567196194063,0.345567196194063,approach
0.311,0,0.0133638370404635,0,14.5,0,0.0756562872201091,0.06042,-0.346174389319912,0.346174389319912,approach
0.312,0,0.0114547174632544,0,14.5,0,0.0753095061153534,0.06004,-0.346773695023541,0.346773695023541,approach
0.313,0,0.00981832925421806,0,14.5,0,0.0749621335861761,0.05966,-0.347365143159843,0.347365143159843,approach
0.314,0,0.00841571078932977,0,14.5,0,0.0746141774635517,0.05928,-0.34794876496241,0.34794876496241,approach
0.315,0,0.00721346639085409,0,14.5,0,0.0742656455458741,0.0589,-0.34852459299691,0.34852459299691,approach
0.316,0,0.00618297119216065,0,14.5,0,0.0739165455976681,0.05852,-0.349092661115215,0.349092661115215,approach
0.317,0,0.00529968959328055,0,14.5,0,0.0735668853483464,0.05814,-0.349653004410287,0.349653004410287,approach
0.318,0,0.0128808383397205,0.0583677308183601,14.5,0,0.0732166724910115,0.05776,-0.350205659171823,0.350205659171823,approach
0.319,0,0.0110407185769033,0,14.5,0,0.072865914681301,0.05738,-0.350750662842652,0.350750662842652,approach
0.32,0,0.01241262090701,0.0206440348876506,14.5,0,0.0725146195362752,0.057,-0.351288053975883,0.351288053975883,approach
0.321,0,0.0129766603706823,0.0163608971527158,14.5,0,0.0721627946333481,0.05662,-0.351817872192797,0.351817872192797,approach
0.322,0,0.0111228517462991,0,14.5,0,0.0718104475092586,0.05624,-0.352340158141489,0.352340158141489,approach
0.323,0,0.00953387292539923,0,14.5,0,0.0714575856590824,0.05586,-0.352854953456249,0.352854953456249,approach
0.324,0,0.0194978719494849,0.0792818660939986,14.5,0,0.0711042165352854,0.05548,-0.353362300717677,0.353362300717677,approach
0.325,0,0.016712461670987,0,14.5,0,0.0707503475468136,0.0551,-0.353862243413539,0.353862243413539,approach
0.326,0,0.0226145753058783,0.0580272571152256,14.5,0,0.0703959860582245,0.05472,-0.354354825900347,0.354354825900347,approach
0.327,0,0.0230245421212328,0.0254843430133601,14.5,0,0.0700411393888536,0.05434,-0.354840093365665,0.354840093365665,approach
0.328,0,0.0197353218181995,0,14.5,0,0.0696858148120193,0.05396,-0.355318091791144,0.355318091791144,approach
0.329,0,0.0401536303704886,0.162663481684223,14.5,0,0.0693300195542643,0.05358,-0.35578886791626,0.35578886791626,approach
0.33,0,0.034447004460167,0.000207248998236965,14.5,0,0.0689737607946314,0.0532,-0.356252469202778,0.356252469202778,approach
0.331,0,0.0356053042869416,0.0425551032475892,14.5,0,0.0686170456639751,0.05282,-0.356708943799917,0.356708943799917,approach
0.332,0,0.0305188322459499,0,14.5,0,0.0682598812443075,0.05244,-0.357158340510214,0.357158340510214,approach
0.333,0,0.0299586167822156,0.0265973239998096,14.5,0,0.0679022745681764,0.05206,-0.35760070875609,0.35760070875609,approach
0.334,0,0.0256788143847562,0,14.5,0,0.0675442326180782,0.05168,-0.358036098547108,0.358036098547108,approach
0.335,0,0.02965536757283,0.0535146867012729,14.5,0,0.0671857623259009,0.0513,-0.358464560447912,0.358464560447912,approach
0.336,0,0.0266619038677542,0.00870112163729914,14.5,0,0.0668268705723998,0.05092,-0.358886145546851,0.358886145546851,approach
0.337,0,0.022853060458075,0,14.5,0,0.0664675641867038,0.05054,-0.359300905425274,0.359300905425274,approach
0.338,0,0.0220577947894524,0.0172862007777165,14.5,0,0.0661078499458508,0.05016,-0.359708892127497,0.359708892127497,approach
0.339,0,0.024096219455131,0.0363267674492026,14.5,0,0.065747734574354,0.04978,-0.360110158131431,0.360110158131431,approach
0.34,0,0.0206539023901123,0,14.5,0,0.0653872247437951,0.0494,-0.360504756319867,0.360504756319867,approach
0.341,0,0.0177033449058105,0,14.5,0,0.0650263270724481,0.04902,-0.360892739952408,0.360892739952408,approach
0.342,0,0.0151742956335519,0,14.5,0,0.0646650481249281,0.04864,-0.361274162638048,0.361274162638048,approach
0.343,0,0.0250637502038734,0.0844004776258026,14.5,0,0.064303394411868,0.04826,-0.361649078308388,0.361649078308388,approach
0.344,0,0.0214832144604629,0,14.5,0,0.0639413723896219,0.048,-0.362017541191483,0.362017541191483,approach
0.345,0,0.0260148692139868,0.0532047977351301,14.5,0,0.0635790098898713,0.048,-0.362358188496754,0.362358188496754,approach
0.346,0,0.0302114500684999,0.0553909351955783,14.5,0,0.0632163805724123,0.048,-0.362625218890927,0.362625218890927,approach
0.347,0,0.0258955286301427,0,14.5,0,0.0628535564941911,0.048,-0.362820233837245,0.362820233837245,approach
0.348,0,0.0221961673972652,0,14.5,0,0.0624906081313758,0.048,-0.362944812698488,0.362944812698488,approach
0.349,0,0.0218644612117986,0.0198742240989992,14.5,0,0.062127604401482,0.048,-0.363000512688601,0.363000512688601,approach
0.35,0,0.0266476283463439,0.0553466311536157,14.5,0,0.0617646126855325,0.048,-0.362988868840609,0.362988868840609,approach
0.351,0,0.0387746866235145,0.111537036286538,14.5,0,0.0614016988502383,0.048,-0.362911393990315,0.362911393990315,approach
0.352,0,0.0485357652745558,0.107102237180803,14.5,0,0.0610389272701841,0.048,-0.362769578775246,0.362769578775246,approach
0.353,0,0.0416020845210478,0,14.5,0,0.0606763608500021,0.048,-0.362564891648342,0.362564891648342,approach
0.354,0,0.0356589295894696,0,14.5,0,0.060314061046523,0.048,-0.362298778905851,0.362298778905851,approach
0.355,0.0408772982159807,0.0305647967909739,0,14.5,0.0479121091136944,0.0599520878908863,0.0599318306816018,-0.361972664728927,0.361972664728927,force
0.356,0.996123056023102,0.0294143754372368,0.0225118473148145,14.5,0.402854066014542,0.0595971459339855,0.0599115718617274,-0.354945894999415,0.354945894999415,force
0.357,2.53294598854158,0.0273086484483327,0.014674286514908,14.5,0.75076670905317,0.0592492332909468,0.0598913100938353,-0.347920789754668,0.347920789754668,force
0.358,4.43829263498861,0.0234074129557138,0,14.5,1.09156321548754,0.0589084367845125,0.0598710428642134,-0.340808688964449,0.340808688964449,force
0.359,6.61731172821815,0.0287485841503152,0.060795611317924,14.5,1.42510306111879,0.0585748969388812,0.0598507831122312,-0.333555913162942,0.333555913162942,force
0.36,9.00912223701559,0.180547277271968,1.09133943600189,14.5,1.75120775608379,0.0582487922439162,0.0598307358784194,-0.326124506158096,0.326124506158096,force
0.361,11.5686915426688,0.536298081045509,2.67080290368675,14.5,2.06966871267986,0.0579303312873201,0.0598111866957329,-0.318484372334626,0.318484372334626,force
0.362,14.2599300464335,1.11071934142572,4.55724690370701,14.5,2.3802538500971,0.0576197461499029,0.0597924417028109,-0.310612014948409,0.310612014948409,force
0.363,17.0523909566723,1.90371408458978,6.66168254357411,14.5,2.68271338658439,0.0573172866134156,0.0597748069025293,-0.302489724612525,0.302489724612525,force
0.364,19.9194756100432,2.92413259864051,9.04664368294492,14.5,2.97678486064015,0.0570232151393599,0.0597586006881674,-0.294104809274261,0.294104809274261,force
0.365,22.8373709990127,4.14669372562314,11.4820604875189,14.5,3.2621972626501,0.0567378027373499,0.0597441060593833,-0.285448705576145,0.285448705576145,force
0.366,25.7843933108694,5.5991699823353,14.3140275226083,14.5,3.53867522044434,0.0564613247795557,0.0597316448973585,-0.276517033289464,0.276517033289464,force
0.367,28.7405530668697,7.22741310365215,16.9968718315532,14.5,3.80594181436095,0.0561940581856391,0.0597214632757036,-0.267308225788666,0.267308225788666,force
0.368,31.6872851830342,9.03678687181287,19.8930294807772,14.5,4.06372248627745,0.0559362775137226,0.0597138147773242,-0.257824624156217,0.257824624156217,force
0.369,34.6072576214963,11.0074428612504,22.8313787978758,14.5,4.31174758936487,0.0556882524106351,0.0597089251973299,-0.248071118821274,0.248071118821274,force
0.37,37.4842505068627,13.125218447968,25.8318719682735,14.5,4.54975512180216,0.0554502448781978,0.0597070005031571,-0.238055333915493,0.238055333915493,force
0.371,40.3030760654417,15.359035747527,28.7619395448806,14.5,4.7774931227132,0.0552225068772868,0.0597082031532036,-0.227787290031824,0.227787290031824,force
0.372,43.0495331885539,17.6894482662799,31.6719233787975,14.5,4.9947221479788,0.0550052778520212,0.0597126683807764,-0.21727948453201,0.21727948453201,force
0.373,45.7103788777842,20.1039161407952,34.5907233878871,14.5,5.20121733631938,0.0547987826636806,0.0597205138633735,-0.206546482325941,0.206546482325941,force
0.374,48.2733121928367,22.5988728772084,37.5686132956875,14.5,5.39677016383668,0.0546032298361633,0.0597318522854016,-0.195604604757536,0.195604604757536,force
0.375,50.7269650289242,25.1329884403974,40.3376818195313,14.5,5.58118986249047,0.0544188101375095,0.0597467384692182,-0.18447159390975,0.18447159390975,force
0.376,53.0609107146168,27.68607977942,43.0046278135554,14.5,5.75430532884052,0.0542456946711595,0.0597651989809094,-0.173167103154547,0.173167103154547,force
0.377,55.2656675262407,30.2585580215138,45.6934274740768,14.5,5.91596648845009,0.0540840335115499,0.0597872609621395,-0.161712153165927,0.161712153165927,force
0.378,57.332697991603,32.8280051514771,48.244687931257,14.5,6.06604513767302,0.053933954862327,0.0598129201693516,-0.150128609531998,0.150128609531998,force
0.379,59.2544164008384,35.3787865899443,50.6834752207472,14.5,6.20443603183701,0.053795563968163,0.0598421504705775,-0.138439429325004,0.138439429325004,force
0.38,61.0241912387101,37.906394971001,53.0720452573415,14.5,6.33105770064581,0.0536689422993542,0.0598749194235369,-0.126668388462075,0.126668388462075,force
0.381,62.6363420036439,40.3819342482999,55.2351699120933,14.5,6.44585292153029,0.0535541470784697,0.0599111541314845,-0.114839739704873,0.114839739704873,force
0.382,64.0861420632025,42.8054909717717,57.3468313126024,14.5,6.5487894782301,0.0534512105217699,0.059950781818845,-0.102978497968919,0.102978497968919,force
0.383,65.3698064331017,45.1586382286051,59.2775217696058,14.5,6.6398602708751,0.0533601397291249,0.059993703912365,-0.0911097917284992,0.0911097917284992,force
0.384,66.4844843692005,47.4305683674102,61.0621492002405,14.5,6.71908361928839,0.0532809163807116,0.0600398067080794,-0.0792590562026753,0.0792590562026753,force
0.385,67.4282439682329,49.5941097143713,62.5753577961379,14.5,6.78650330316468,0.0532134966968353,0.0600888067080794,-0.0674517700813801,0.0674517700813801,force
0.386,68.2000920410617,51.6525804523647,64.0034048803253,14.5,6.84219040666983,0.0531578095933302,0.0601378067080794,-0.0557152603711429,0.0557152603711429,force
0.387,68.8005936716337,53.6102023504196,65.3559337387488,14.5,6.88627547456647,0.0531137245254335,0.0601868067080794,-0.0441090244517091,0.0441090244517091,force
0.388,69.2309421651928,55.4520147838219,66.5028893842356,14.5,6.91891129405259,0.0530810887059474,0.0602358067080794,-0.0326553344740221,0.0326553344740221,force
0.389,69.4931033292999,57.1584764036777,67.3972461228126,14.5,6.94027226602364,0.0530597277339764,0.0602848067080794,-0.021375835605258,0.021375835605258,force
0.39,69.5897752747254,58.7309021485435,68.1654566177383,14.5,6.95055368490951,0.0530494463150905,0.0603338067080794,-0.0102914542642256,0.0102914542642256,force
0.391,69.5273582782736,60.1638958575123,68.7618581113249,14.5,6.94997093399705,0.053050029066003,0.0603828067080794,0.000577686742397473,0,force
0.392,69.3591674613112,61.4564537137189,69.2118008509585,14.5,6.93875814805386,0.0530612418519461,0.0604318067080794,0.0112128014969445,0,force
0.393,69.0355773398791,62.6184035020359,69.5901022319384,14.5,6.91715981967093,0.0530828401803291,0.0604808067080794,0.0216035012006256,0,force
0.394,68.561232935675,63.6195607003393,69.6265038901595,14.5,6.88543815640794,0.0531145618435921,0.0605298067080794,0.0317320362167364,0,force
0.395,67.9413341951779,64.4620918407866,69.5172786834706,14.5,6.84387207793171,0.0531561279220683,0.0605788067080794,0.041581659975415,0,force
0.396,67.1815907544097,65.1690888208723,69.4110707013865,14.5,6.79275615509117,0.0532072438449088,0.0606278067080794,0.0511366873713158,0,force
0.397,66.2881752935188,65.7217057964585,69.0374076499755,14.5,6.73239949757836,0.0532676005024216,0.0606768067080794,0.0603825464976178,0,force
0.398,65.2676758082695,66.1278095379293,68.5644319867541,14.5,6.66312459690848,0.0533368754030915,0.0607258067080794,0.0693058236278856,0,force
0.399,64.1270471322258,66.3852658689536,67.9300038550993,14.5,6.58526613150982,0.0534147338684902,0.0607748067080794,0.0778943013872804,0,force
0.4,62.8735620459367,66.4986353645738,67.1788523382949,14.5,6.49916974073444,0.0535008302592656,0.0608238067080794,0.0861369900866347,0,retract
0.401,61.50717516567,66.485082899066,66.403768106019,14.5,6.40466409240743,0.0535953359075926,0.0608267726422119,0.0945511898752538,0,retract
0.402,60.0423946283199,66.3151112885123,65.29528162519,14.5,6.30257233816468,0.0536974276618353,0.0608356440220334,0.102141745702203,0,retract
0.403,58.4861999415817,66.0119704937212,64.193125724975,14.5,6.19319525494994,0.0538068047450501,0.0608503812136804,0.109431356924972,0,retract
0.404,56.84577161081,65.5569783595156,62.8270255542819,14.5,6.07684202602844,0.0539231579739716,0.0608709445832891,0.116411597364431,0,retract
0.405,55.1284506123994,64.9785077115605,61.50768382383,14.5,5.95382904632361,0.0540461709536764,0.0608972944969959,0.123075237282245,0,retract
0.406,53.341698516378,64.2699994778869,60.0189500758451,14.5,5.82447872069817,0.0541755212793018,0.060929391320937,0.129416250564213,0,retract
0.407,51.4930585440865,63.4334853466106,58.4144005589528,14.5,5.68911826070923,0.0543108817392908,0.0609671954212489,0.135429816342718,0,retract
0.408,49.5901178354895,62.4903573757845,56.8315895508281,14.5,5.54807848523709,0.0544519215147629,0.0610106671640677,0.141112315198466,0,retract
0.409,47.6404711878013,61.4332873892765,55.0908674702281,14.5,5.40169263020388,0.0545983073697961,0.0610597669155298,0.146461320117436,0,retract
0.41,45.6516865135212,60.2722769244823,53.3062141357171,14.5,5.25029517239279,0.0547497048276072,0.0611144550417716,0.151475582414012,0,retract
0.411,43.6312722518379,59.0233018508623,51.5294514091422,14.5,5.09422067212997,0.05490577932787,0.0611746919089293,0.156155012865496,0,retract
0.412,41.5866469534533,57.6801572414689,49.621289585109,14.5,4.93380263931727,0.0550661973606827,0.0612404378831393,0.160500658336451,0,retract
0.413,39.5251112456597,56.2513609717304,47.6785833532988,14.5,4.76937242699411,0.0552306275730059,0.0613116533305378,0.164514674203487,0,retract
0.414,37.453822372797,54.7207005837563,45.5367382559117,14.5,4.60125815626432,0.0553987418437357,0.0613882986172612,0.168200292922241,0,retract
0.415,35.379771498008,53.1269912721957,43.5647354028324,14.5,4.42978367605714,0.0555702163239429,0.0614703341094458,0.17156178910841,0,retract
0.416,33.309763946549,51.4639944360817,41.4860134193979,14.5,4.25526756079047,0.0557447324392095,0.061557720173228,0.174604441534094,0,retract
0.417,31.2504025703259,49.7521373089464,39.4809945461342,14.5,4.07802214857665,0.0559219778514234,0.0616504171747439,0.177334492469712,0,retract
0.418,29.2080744197401,47.9843949793766,37.3779410019581,14.5,3.89835262215308,0.0561016473778469,0.06174838548013,0.179759104831025,0,retract
0.419,27.1889409249645,46.1878894061212,35.4088559665884,14.5,3.71655613423578,0.0562834438657642,0.0618515854555226,0.181886317621167,0,retract
0.42,25.19893181787,44.3570666964645,33.3721304385246,14.5,3.53292097846757,0.0564670790215324,0.0619599774670579,0.183725000190461,0,retract
0.421,23.2437430732686,42.4732536911128,31.1703756590028,14.5,3.34772580658083,0.0566522741934192,0.0620735218808724,0.185284805873851,0,retract
0.422,21.3288392210403,40.5753641987665,29.1880272446884,14.5,3.16123889179069,0.0568387611082093,0.0621921790631022,0.186576125609844,0,retract
0.423,19.4594604900177,38.6771411815145,27.2878030780028,14.5,2.97371743777754,0.0570262825622225,0.0623159093798838,0.187610042199425,0,retract
0.424,17.6406354067292,36.752601568339,25.2053638892855,14.5,2.78540693189116,0.0572145930681088,0.0624446731973534,0.188398285934114,0,retract
0.425,15.8771997129556,34.8215774580035,23.2354327959905,14.5,2.59654054038991,0.0574034594596101,0.0625784308816473,0.188953192416958,0,retract
0.426,14.1738228266012,32.8929918415483,21.3214781428172,14.5,2.40733854256949,0.0575926614574305,0.0627171427989019,0.189287663530702,0,retract
0.427,12.535043618785,30.9663959718343,19.4068207535506,14.5,2.21800779950785,0.0577819922004922,0.0628607693152535,0.189415132691904,0,retract
0.428,10.9653181317477,29.0648369206564,17.6554826135888,14.5,2.02874125173953,0.0579712587482605,0.0630092707968383,0.189349535796887,0,retract
0.429,9.46908322231784,27.1839848330827,15.8988723076408,14.5,1.8397174383794,0.0581602825616206,0.0631626076097928,0.18910528966167,0,retract
0.43,8.05084236232576,25.3258590099924,14.1771040714501,14.5,1.65110002780915,0.0583488999721909,0.0633207401202532,0.188697280361382,0,retract
0.431,6.71528369519651,23.5095060928014,12.6113885896555,14.5,1.46303734668877,0.0585369626533112,0.0634836286943558,0.188140864821586,0,retract
0.432,5.46744745061776,21.7055070287427,10.8815126443907,14.5,1.27566188916931,0.0587243381108307,0.063651233698237,0.187451890554784,0,retract
0.433,4.31297330816034,19.9601336188939,9.48789315980079,14.5,1.08908978066815,0.0589109102193319,0.063823515498033,0.186646741055209,0,retract
0.434,3.25848639027811,18.2796395964846,8.19667546202862,14.5,0.903420158361222,0.0590965798416388,0.0640004344598803,0.185742419070774,0,retract
0.435,2.31224528072403,16.6210359113861,6.66941380079565,14.5,0.718734409272372,0.0592812655907276,0.064181950949915,0.184756689035093,0,retract
0.436,1.48534653692023,15.0276098708846,5.4670536278753,14.5,0.535095166439507,0.0594649048335605,0.0643680253342735,0.18370831908132,0,retract
0.437,0.794333463824388,13.4994528681881,4.33051085200919,14.5,0.352544877405943,0.0596474551225941,0.0645586179790922,0.182617508919564,0,retract
0.438,0.268577570160941,12.030494904311,3.21674712104832,14.5,0.171103540549687,0.0598288964594503,0.0647536892505072,0.18150672243499,0,retract
0.439,0,10.663067299089,2.45850166775671,14.5,0,0.060009235542654,0.0649531995146551,0.180402672850211,0,retract
0.44,0,9.35182660262841,1.48438242386515,14.5,0,0.0601885198240844,0.065157109137672,0.179346137124978,0,retract
0.441,0,8.12912232951088,0.792896690805715,14.5,0,0.0603668385931531,0.0653653784856943,0.178378975369828,0,retract
0.442,0,7.01561318162894,0.334558294337265,14.5,0,0.0605442797208124,0.0655779679248583,0.177499764983187,0,retract
0.443,0,6.01338272711052,0,14.5,0,0.060720929665618,0.0657948378213003,0.176707089636742,0,retract
0.444,0,5.16845379542499,0.0988802053117881,14.5,0,0.0608968734801652,0.0660159485411566,0.175999539637645,0,retract
0.445,0,4.43010325322142,0,14.5,0,0.0610721948178754,0.0662412604505636,0.175375712270487,0,retract
0.446,0,3.79723135990407,0,14.5,0,0.0612469759401143,0.0664707339156575,0.17483421211967,0,retract
0.447,0,3.25476973706063,0,14.5,0,0.0614212977236204,0.0667043293025747,0.174373651372766,0,retract
0.448,0,2.78980263176626,0,14.5,0,0.0615952396682286,0.0669420069774515,0.173992650105471,0,retract
0.449,0,2.39125939865679,0,14.5,0,0.0617688799048671,0.0671837273064242,0.17368983654874,0,retract
0.45,0,2.04965091313439,0,14.5,0,0.0619422952038122,0.0674294506556291,0.173463847338686,0,retract
0.451,0,1.75684363982948,0,14.5,0,0.0621155609831834,0.0676791373912025,0.173313327749804,0,retract
0.452,0,1.52013072247525,0.0998532183498591,14.5,0,0.0622887513176625,0.0679327478792808,0.1732369319121,0,retract
0.453,0,1.31364187757737,0.074708808190119,14.5,0,0.0624619389474218,0.0681902424860002,0.173233323012644,0,retract
0.454,0,1.12664046933263,0.00463201986419811,14.5,0,0.0626351952872423,0.0684515815774971,0.173301173482124,0,retract
0.455,0,0.978175505879584,0.087385725161291,14.5,0,0.062808590435814,0.0687167255199078,0.173439165166897,0,retract
0.456,0,0.84575081098697,0.0512026416312826,14.5,0,0.0629821931851967,0.0689856346793686,0.173645989487072,0,retract
0.457,0,0.72492926656026,0,14.5,0,0.0631560710304329,0.0692582694220159,0.173920347581132,0,retract
0.458,0,0.621367942765937,0,14.5,0,0.063330290179297,0.0695345901139858,0.174260950437579,0,retract
0.459,0,0.532601093799375,0,14.5,0,0.0635049155621692,0.0698145571214148,0.174666519014105,0,retract
0.46,0,0.465962448839208,0.0661305790782101,14.5,0,0.0636800108420213,0.0700981308104392,0.175135784344741,0,retract
0.461,0,0.407794149029083,0.0587843501683313,14.5,0,0.0638556384245019,0.0703852715471952,0.175667487635468,0,retract
0.462,0,0.350373863613064,0.00585215111694982,14.5,0,0.0640318594681131,0.0706759396978192,0.176260380348724,0,retract
0.463,0,0.302731152798058,0.0168748879080208,14.5,0,0.0642087338944622,0.0709700956284476,0.176913224277257,0,retract
0.464,0,0.263057534905509,0.0250158275502181,14.5,0,0.0643863203985837,0.0712676997052165,0.177624791607754,0,retract
0.465,0,0.234137502692333,0.0606173094132745,14.5,0,0.0645646764593177,0.0715687122942624,0.17839386497465,0,retract
0.466,0,0.200689288022,0,14.5,0,0.0647438583497376,0.0718730937617215,0.179219237504554,0,retract
0.467,0,0.173934653335162,0.0134068452141371,14.5,0,0.0649239211476148,0.0721808044737303,0.180099712851653,0,retract
0.468,0,0.149086845715853,0,14.5,0,0.0651049187459168,0.0724918047964248,0.181034105224509,0,retract
0.469,0,0.127788724899303,0,14.5,0,0.0652869038633246,0.0728060550959416,0.182021239404614,0,retract
0.47,0,0.110039809704413,0.00354631853507555,14.5,0,0.0654699280547644,0.0731235157384169,0.18305995075706,0,retract
0.471,0,0.0943198368894971,0,14.5,0,0.0656540417219468,0.073444147089987,0.184149085233704,0,retract
0.472,0,0.0808455744767118,0,14.5,0,0.0658392941239034,0.0737679095167883,0.185287499369141,0,retract
0.473,0,0.0692962066943244,0,14.5,0,0.0660257333875159,0.074094763384957,0.186474060269851,0,retract
0.474,0,0.0640881642378749,0.0328399094991781,14.5,0,0.066213406518031,0.0744246690606294,0.187707645596827,0,retract
0.475,0,0.0549327122038928,0,14.5,0,0.0664023594095528,0.074757586909942,0.188987143542009,0,retract
0.476,0,0.0556119863358016,0.0596876311272543,14.5,0,0.0665926368555101,0.075093477299031,0.190311452798825,0,retract
0.477,0,0.0582384832686371,0.0739974648656503,14.5,0,0.0667842825590891,0.0754323005940326,0.191679482527145,0,retract
0.478,0,0.0532518639607728,0.0233321481135869,14.5,0,0.0669773391436288,0.0757740171610833,0.193090152312929,0,retract
0.479,0,0.0538001540837274,0.0570898948214552,14.5,0,0.0671718481629738,0.0761185873663194,0.194542392122858,0,retract
0.48,0,0.0461144177860521,0,14.5,0,0.0673678501117773,0.076465971575877,0.196035142254208,0,retract
0.481,0,0.0395266438166161,0,14.5,0,0.0675653844357531,0.0768161301558927,0.19756735328024,0,retract
0.482,0,0.0418370667391079,0.0556996042740589,14.5,0,0.0677644895418683,0.0771690234725026,0.199137985991358,0,retract
0.483,0,0.0513061496883312,0.108120647383671,14.5,0,0.067965202808478,0.0775246118918432,0.200746011332283,0,retract
0.484,0,0.0439766997328553,0,14.5,0,0.0681675605953921,0.0778828557800506,0.20239041033547,0,retract
0.485,0,0.0481954808986771,0.0735081678936076,14.5,0,0.0683715982538753,0.0782437155032613,0.204070174051021,0,retract
0.486,0,0.0413104121988661,0,14.5,0,0.0685773501365743,0.0786071514276116,0.205784303473299,0,retract
0.487,0,0.0354089247418852,0,14.5,0,0.0687848496073704,0.0789731239192377,0.207531809464463,0,retract
0.488,0,0.0303505069216159,0,14.5,0,0.0689941290511539,0.0793415933442759,0.209311712675139,0,retract
0.489,0,0.0260147202185279,0,14.5,0,0.069205219883517,0.0797125200688627,0.211123043462423,0,retract
0.49,0,0.0222983316158811,0,14.5,0,0.0694181525603654,0.0800858644591343,0.21296484180541,0,retract
0.491,0,0.0287308623030744,0.0673260464262346,14.5,0,0.0696329565874417,0.0804615868812269,0.21483615721844,0,retract
0.492,0,0.0246264534026352,0,14.5,0,0.0698496605297627,0.080839647701277,0.216736048662242,0,retract
0.493,0,0.0211083886308302,0,14.5,0,0.0700682920209664,0.0812200072854209,0.218663584453153,0,retract
0.494,0,0.0180929045407116,0,14.5,0,0.0702888777725673,0.0816026259997948,0.220617842170569,0,retract
0.495,0,0.0155082038920385,0,14.5,0,0.0705114435831182,0.0819874642105351,0.222597908562809,0,retract
0.496,0,0.0132927461931759,0,14.5,0,0.0707360143472779,0.0823744822837781,0.224602879451536,0,retract
0.497,0,0.0113937824512936,0,14.5,0,0.0709626140647819,0.0827636405856601,0.226631859634884,0,retract
0.498,0,0.0100875312413433,0.00225002398164142,14.5,0,0.0711912658493166,0.0831548994823174,0.228683962789453,0,retract
0.499,0,0.00864645534972281,0,14.5,0,0.0714219919372948,0.0835482193398864,0.230758311371283,0,retract
0.5,0,0.00741124744261955,0,14.5,0,0.0716548136965315,0.0839435605245033,0.232854036515979,0,retract
0.501,0,0.00635249780795962,0,14.5,0,0.0718897516348203,0.0843408834023044,0.234970277938075,0,retract
0.502,0,0.00760860703743018,0.0151452624142536,14.5,0,0.0721268254084091,0.0847401483394262,0.237106183829799,0,retract
0.503,0,0.00652166317494016,0,14.5,0,0.0723660538303739,0.0851413157020048,0.239260910759327,0,retract
0.504,0,0.00558999700709156,0,14.5,0,0.0726074548788911,0.0855443458561767,0.241433623568667,0,retract
0.505,0,0.00479142600607848,0,14.5,0,0.0728510457054087,0.085949199168078,0.243623495271258,0,retract
0.506,0,0.0041069365766387,0,14.5,0,0.0730968426427144,0.0863558360038452,0.245829706949413,0,retract
0.507,0,0.0035202313514046,0,14.5,0,0.073344861212901,0.0867642167296146,0.248051447651686,0,retract
0.508,0,0.0030173411583468,0,14.5,0,0.0735951161352313,0.0871743017115224,0.250287914290274,0,retract
0.509,0,0.0103184615731179,0.0541251840617447,14.5,0,0.0738476213338984,0.0875860513157051,0.252538311538541,0,retract
0.51,0,0.00884439563410108,0,14.5,0,0.0741023899456865,0.0879994259082988,0.254801851728753,0,retract
0.511,0,0.0171369607760795,0.0668923516279501,14.5,0,0.0743594343275282,0.0884143858554399,0.257077754750108,0,retract
0.512,0,0.0146888235223539,0,14.5,0,0.0746187660639605,0.0888308915232647,0.259365247947139,0,retract
0.513,0,0.0125904201620176,0,14.5,0,0.0748803959744813,0.0892489032779096,0.261663566018582,0,retract
0.514,0,0.0150756920197426,0.0299873231660929,14.5,0,0.0751443341208033,0.0896683814855109,0.263971950916752,0,retract
0.515,0,0.0141736309476677,0.0087612645152178,14.5,0,0.0754105898140096,0.0900892865122048,0.266289651747539,0,retract
0.516,0,0.0208101203352154,0.0606290566605017,14.5,0,0.0756791716216102,0.0905115787241277,0.268615924671048,0,retract
0.517,0,0.0178372460016132,0,14.5,0,0.0759500873744988,0.0909352184874159,0.27095003280298,0,retract
0.518,0,0.0243075091049468,0.0631290877249487,14.5,0,0.0762233441738119,0.0913601661682057,0.273291246116796,0,retract
0.519,0,0.0273784357178145,0.0458039953950203,14.5,0,0.0764989483976928,0.0917863821326335,0.275638841346722,0,retract
0.52,0,0.0234672306152695,0,14.5,0,0.076776905707957,0.0922138267468355,0.277992101891664,0,retract
0.521,0,0.0201147690988025,0,14.5,0,0.0770572210566644,0.092642460376948,0.280350317720068,0,retract
0.522,0,0.0216672582814135,0.0309821933770798,14.5,0,0.0773398986925963,0.0930722433891074,0.282712785275779,0,retract
0.523,0,0.018571935669783,0,14.5,0,0.0776249421676399,0.0935031361494501,0.285078807384951,0,retract
0.524,0,0.027531116179318,0.081286199236528,14.5,0,0.0779123543430807,0.0939350990241122,0.287447693164044,0,retract
0.525,0,0.0271235472920729,0.0246781339686025,14.5,0,0.0782021373958036,0.0943680923792301,0.289818757928953,0,retract
0.526,0,0.0258445072205548,0.0181702667914459,14.5,0,0.0784942928244042,0.0948020765809402,0.292191323105309,0,retract
0.527,0,0.0221524347604755,0,14.5,0,0.078788821455213,0.0952370119953787,0.294564716139981,0,retract
0.528,0,0.0192002070473113,0.00148684076832613,14.5,0,0.0790857234482298,0.095672858988682,0.296938270413824,0,retract
0.529,0,0.0164573203262669,0,14.5,0,0.0793849983029741,0.0961095779269863,0.299311325155694,0,retract
0.53,0,0.0141062745653716,0,14.5,0,0.07968664486425,0.096547129176428,0.301683225357771,0,retract
0.531,0,0.0177212253902672,0.0394109303396408,14.5,0,0.0799906613278274,0.0969854731031435,0.304053321692209,0,retract
0.532,0,0.0205292374169391,0.0373773095769704,14.5,0,0.0802970452460415,0.097424570073269,0.306420970429137,0,retract
0.533,0,0.0175964892145192,0,14.5,0,0.0806057935333117,0.0978643804529408,0.308785533356048,0,retract
0.534,0,0.0150827050410165,0,14.5,0,0.0809169024715805,0.0983048646082952,0.311146377698586,0,retract
0.535,0,0.0129280328922998,0,14.5,0,0.0812303677156749,0.0987459829054687,0.31350287604275,0,retract
0.536,0,0.0110811710505427,0,14.5,0,0.081546184298592,0.0991876957105974,0.31585440625855,0,retract
0.537,0,0.0198509745553106,0.0724697955839179,14.5,0,0.0818643466367076,0.0996299633898176,0.318200351425111,0,retract
0.538,0,0.0170151210474091,0,14.5,0,0.0821848485349142,0.100072746309266,0.320540099757252,0,retract
0.539,0,0.0145843894692078,0,14.5,0,0.0825076831916837,0.100516004835078,0.322873044533559,0,retract
0.54,0,0.012665721163339,0.00115371132812624,14.5,0,0.0828328432040622,0.100959699333391,0.325198584025946,0,retract
0.541,0,0.0192465690053244,0.0587316560572369,14.5,0,0.0831603205725937,0.101403790170341,0.327516121430736,0,retract
0.542,0,0.0164970591474209,0,14.5,0,0.0834901067061779,0.101848237712064,0.329825064801257,0,retract
0.543,0,0.0141403364120751,0,14.5,0,0.0838221924268608,0.102293002324697,0.332124826981973,0,retract
0.544,0,0.0122367576107203,0.000815284802591662,14.5,0,0.084156567974561,0.102738044374375,0.33441482554414,0,retract
0.545,0,0.0104886493806174,0,14.5,0,0.0844932230117338,0.103183324227235,0.33669448272301,0,retract
0.546,0,0.00899027089767206,0,14.5,0,0.0848321466279731,0.103628802249414,0.338963225356585,0,retract
0.547,0,0.0151386592942373,0.0520289896736287,14.5,0,0.0851733273445533,0.104074438807048,0.341220484825914,0,retract
0.548,0,0.0169291891351834,0.0276723681808597,14.5,0,0.0855167531189136,0.104520194266272,0.343465696996939,0,retract
0.549,0,0.0145107335444429,0,14.5,0,0.0858624113490852,0.104966028993224,0.345698302163908,0,retract
0.55,0,0.0128508452573428,0.00289151553474205,14.5,0,0.0862102888780629,0.10541190335404,0.347917744994326,0,retract
0.551,0,0.0138849551658028,0.0200896146165627,14.5,0,0.0865603719981236,0.105857777714855,0.350123474475474,0,retract
0.552,0,0.0299481379210808,0.126327234452749,14.5,0,0.0869126464550928,0.106303612441807,0.352314943862465,0,retract
0.553,0,0.0256698325037835,0,14.5,0,0.0872670974525595,0.106749367901032,0.35449161062786,0,retract
0.554,0,0.0261215049963043,0.0288315399514288,14.5,0,0.0876237096560433,0.107195004458666,0.356652936412831,0,retract
0.555,0,0.0253349384266414,0.0206155390086641,14.5,0,0.0879824671971133,0.107640482480844,0.358798386979854,0,retract
0.556,0,0.0350421836343002,0.0932856548802529,14.5,0,0.0883433536774614,0.108085762333705,0.360927432166953,0,retract
0.557,0,0.0316270808138258,0.0111364638909793,14.5,0,0.0887063521729311,0.108530804383383,0.363039545843464,0,retract
0.558,0,0.0271089264118507,0,14.5,0,0.0890714452375036,0.108975568996015,0.365134205867337,0,retract
0.559,0,0.025429427792478,0.0153524360762417,14.5,0,0.0894386149072412,0.109420016537738,0.367210894043936,0,retract
0.56,0,0.0217966523935525,0,14.5,0,0.0898078427041941,0.109864107374688,0.369269096086373,0,retract
0.561,0,0.0271428342140947,0.0592199251373479,14.5,0,0.0901791096402644,0.110307801873001,0.37130830157732,0,retract
0.562,0,0.0232652864692241,0,14.5,0,0.090552396221037,0.110751060398814,0.373328003932332,0,retract
0.563,0,0.0199416741164778,0,14.5,0,0.0909276824495738,0.111193843318262,0.375327700364644,0,retract
0.564,0,0.0232913291879699,0.043389259616923,14.5,0,0.0913049478301728,0.111636110997482,0.377306891851434,0,retract
0.565,0,0.0199639964468314,0,14.5,0,0.0916841713720969,0.112077823802611,0.379265083101562,0,retract
0.566,0,0.0213645094120863,0.0297675872036155,14.5,0,0.0920653315932703,0.112518942099784,0.381201782524748,0,retract
0.567,0,0.0215248479757481,0.0224868793577192,14.5,0,0.0924484065239456,0.112959426255139,0.38311650220219,0,retract
0.568,0,0.020402303192426,0.013667034492493,14.5,0,0.0928333737103433,0.11339923663481,0.385008757858608,0,retract
0.569,0,0.0281051643828842,0.0743223315256336,14.5,0,0.0932202102182642,0.113838333604936,0.386878068835703,0,retract
0.57,0,0.024090140899615,0,14.5,0,0.0936088926366757,0.114276677531651,0.388723958067012,0,retract
0.571,0,0.02064869219967,0,14.5,0,0.0939993970812764,0.114714228781093,0.390545952054144,0,retract
0.572,0,0.0176988790282886,0,14.5,0,0.0943916991980356,0.115150947719397,0.392343580844398,0,retract
0.573,0,0.0151704677385331,0,14.5,0,0.0947857741667134,0.115586794712701,0.394116378009725,0,retract
0.574,0,0.0130032580615998,0,14.5,0,0.0951815967043596,0.116021730127139,0.395863880627039,0,retract
0.575,0,0.0134772704987189,0.0163213451214339,14.5,0,0.0955791410687964,0.116455714328849,0.397585629259851,0,retract
0.576,0,0.0115519461417591,0,14.5,0,0.0959783810620804,0.116888707683967,0.399281167941209,0,retract
0.577,0,0.0099016681215078,0,14.5,0,0.0963792900339517,0.117320670558629,0.40095004415794,0,retract
0.578,0,0.0152595100163401,0.0474065613853339,14.5,0,0.0967818408852674,0.117751563318972,0.402591808836155,0,retract
0.579,0,0.0140212506414351,0.00659169439200519,14.5,0,0.0971860060714213,0.118181346331131,0.404206016328028,0,retract
0.58,0,0.0120182148355158,0,14.5,0,0.0975917576057517,0.118609979961244,0.405792224399809,0,retract
0.581,0,0.018467828556128,0.0571655108798014,14.5,0,0.0979990670629386,0.119037424575446,0.407349994221065,0,retract
0.582,0,0.0173947852473219,0.0109565253944854,14.5,0,0.0984079055823915,0.119463640539874,0.408878890355123,0,retract
0.583,0,0.014909815926276,0,14.5,0,0.098818243871627,0.119888588220664,0.410378480750711,0,retract
0.584,0,0.0127798422225222,0,14.5,0,0.0992300522096416,0.120312227983952,0.411848336734762,0,retract
0.585,0,0.0269436105080921,0.111926220221512,14.5,0,0.0996433004502768,0.120734520195875,0.413288033006373,0,retract
0.586,0,0.0238899124350885,0.00556772399706681,14.5,0,0.100057958025579,0.121155425222569,0.414697147631896,0,retract
0.587,0,0.0204770678015044,0,14.5,0,0.100473993949156,0.12157490343017,0.41607526204114,0,retract
0.588,0,0.0230410054662726,0.0384246314548816,14.5,0,0.100891376819531,0.121992915184815,0.417421961024676,0,retract
0.589,0,0.0197494332568051,0,14.5,0,0.101310074823494,0.12240942085264,0.418736832732208,0,retract
0.59,0,0.0169280856486901,0,14.5,0,0.101730055739455,0.122824380799781,0.420019468671998,0,retract
0.591,0,0.0155992957481933,0.00762655634521254,14.5,0,0.102151286940792,0.123237755392374,0.421269463711338,0,retract
0.592,0,0.0133708249270228,0,14.5,0,0.102573735399205,0.123649504996557,0.422486416078021,0,retract
0.593,0,0.0199849467965269,0.0596696780135517,14.5,0,0.102997367688076,0.124059589978465,0.423669927362816,0,retract
0.594,0,0.0215250666182607,0.0307657855486633,14.5,0,0.103422149985821,0.124467970704234,0.424819602522916,0,retract
0.595,0,0.0184500571013663,0,14.5,0,0.103848048079255,0.124874607540001,0.425935049886333,0,retract
0.596,0,0.015814334658314,0,14.5,0,0.104275027366965,0.125279460851903,0.42701588115723,0,retract
0.597,0,0.0135551439928406,0,14.5,0,0.104703052862676,0.125682491006075,0.428061711422165,0,retract
0.598,0,0.0124504337322138,0.00582217216845302,14.5,0,0.10513208919864,0.126083658368653,0.429072159157217,0,retract
0.599,0,0.0106718003418975,0,14.5,0,0.105562100629021,0.126482923305775,0.43004684623599,0,retract
0.6,0,0.00966577893221904,0.00362965047414817,14.5,0,0.105993051033296,0.126880246183576,0.430985397938453,0,retract
0.601,0,0.0125980996396905,0.0301920238845195,14.5,0,0.10642490391966,0.127275587368193,0.431887442960614,0,retract
0.602,0,0.0278502632134635,0.119363244656101,14.5,0,0.106857622428444,0.127668907225762,0.432752613424994,0,retract
0.603,0,0.0238716541829687,0,14.5,0,0.107291169335548,0.128060166122419,0.43358054489188,0,retract
0.604,0,0.020461417871116,0,14.5,0,0.10772550705588,0.128449324424301,0.434370876371339,0,retract
0.605,0,0.0175383581752423,0,14.5,0,0.108160597646808,0.128836342497544,0.435123250335971,0,retract
0.606,0,0.015032878435922,0,14.5,0,0.108596402811631,0.129221180708285,0.435837312734375,0,retract
0.607,0,0.0128853243736474,0,14.5,0,0.109032883903057,0.129603799422659,0.436512713005311,0,retract
0.608,0,0.0110445637488406,0,14.5,0,0.109470001926704,0.129984159006802,0.437149104092524,0,retract
0.609,0,0.01713901409179,0.0537057161494865,14.5,0,0.109907717544606,0.130362219826852,0.437746142460229,0,retract
0.61,0,0.0146905835072486,0,14.5,0,0.110345991078744,0.130737942248945,0.438303488109214,0,retract
0.611,0,0.0125919287204988,0,14.5,0,0.110784782514592,0.131111286639217,0.438820804593545,0,retract
0.612,0,0.0107930817604275,0,14.5,0,0.111224051504674,0.131482213363803,0.439297759037859,0,retract
0.613,0,0.00925121293750933,0,14.5,0,0.111663757372148,0.131850682788842,0.439734022155209,0,retract
0.614,0,0.0141134925895124,0.0432871705015306,14.5,0,0.112103859114402,0.132216655280468,0.440129268265447,0,retract
0.615,0,0.0120972793624392,0,14.5,0,0.112544315406668,0.132580091204818,0.440483175314122,0,retract
0.616,0,0.016475731254404,0.0427464426061933,14.5,0,0.112985084605666,0.132940950928029,0.440795424891868,0,retract
0.617,0,0.0213596003251912,0.0506628147499141,14.5,0,0.113426124753248,0.133299194816236,0.441065702254258,0,retract
0.618,0,0.0183082288501639,0,14.5,0,0.113867393580088,0.133654783235577,0.441293696342109,0,retract
0.619,0,0.0156927675858547,0,14.5,0,0.114308848509366,0.134007676552187,0.441479099802202,0,retract
0.62,0,0.0194516554633595,0.0420049827283883,14.5,0,0.114750446660495,0.134357835132202,0.441621609008411,0,retract
0.621,0,0.017283020601421,0.00427121142978988,14.5,0,0.115192144852857,0.13470521934176,0.441720924083209,0,retract
0.622,0,0.0148140176583609,0,14.5,0,0.115633899609563,0.135049789546996,0.441776748919523,0,retract
0.623,0,0.0146755676093702,0.013844867315426,14.5,0,0.116075667161241,0.135391506114047,0.44178879120293,0,retract
0.624,0,0.0125790579508887,0,14.5,0,0.116517403449836,0.135730329409048,0.441756762434165,0,retract
0.625,0,0.0176025021932158,0.0477431676471784,14.5,0,0.116959064132446,0.136066219798137,0.441680377951907,0,retract
0.626,0,0.0180656981370323,0.020844873799931,14.5,0,0.117400604585167,0.13639913764745,0.441559356955851,0,retract
0.627,0,0.0281147820335979,0.0884092854129916,14.5,0,0.117841979906973,0.136729043323122,0.441393422530005,0,retract
0.628,0,0.0274261183336617,0.0232941361340449,14.5,0,0.118283144923612,0.137055897191291,0.441182301666224,0,retract
0.629,0,0.034078235132962,0.0739909359287638,14.5,0,0.118724054191531,0.137379659618092,0.440925725287941,0,retract
0.63,0,0.0292099158282532,0,14.5,0,0.11916466200182,0.137700290969663,0.440623428274073,0,retract
0.631,0,0.0250370707099313,0,14.5,0,0.119604922384184,0.138017751612138,0.440275149483093,0,retract
0.632,0,0.0214603463227983,0,14.5,0,0.120044789110937,0.138332001911655,0.439880631777234,0,retract
0.633,0,0.0321972323653601,0.0966185486207313,14.5,0,0.120484215701022,0.138643002234349,0.43943962204681,0,retract
0.634,0,0.0275976277417372,0,14.5,0,0.120923155424055,0.138950712946358,0.438951871234627,0,retract
0.635,0,0.0245583260822327,0.00632251612520526,14.5,0,0.12136156130439,0.139255094413817,0.438417134360479,0,retract
0.636,0,0.0211647090505738,0.000803006860620558,14.5,0,0.121799386125215,0.139556107002863,0.437835170545678,0,retract
0.637,0,0.0205177113424233,0.01663572509352,14.5,0,0.122236582432669,0.139853711079632,0.437205743037637,0,retract
0.638,0,0.0175866097220771,0,14.5,0,0.12267310253998,0.14014786701026,0.436528619234447,0,retract
0.639,0,0.0150742369046375,0,14.5,0,0.123108898531637,0.140438535160884,0.435803570709458,0,retract
0.64,0,0.0129207744896893,0,14.5,0,0.123543922267579,0.14072567589764,0.435030373235823,0,retract
0.641,0,0.0110749495625908,0,14.5,0,0.123978125387407,0.141009249586665,0.434208806811001,0,retract
0.642,0,0.00949281391079213,0,14.5,0,0.124411459314629,0.141289216594094,0.433338655681186,0,retract
0.643,0,0.0115651623293291,0.0239992528405508,14.5,0,0.124843875260924,0.141565537286064,0.432419708365654,0,retract
0.644,0,0.00991299628228206,0,14.5,0,0.125275324230427,0.141838172028711,0.431451757681004,0,retract
0.645,0,0.0269172418426169,0.128942715204626,14.5,0,0.125705757024046,0.142107081188172,0.430434600765273,0,retract
0.646,0,0.0236835529392129,0.0042814195187887,14.5,0,0.126135124243798,0.142372225130582,0.429368039101905,0,retract
0.647,0,0.0203001882336111,0,14.5,0,0.126563376297168,0.142633564222079,0.428251878543567,0,retract
0.648,0,0.0243361747727257,0.0485520940074136,14.5,0,0.126990463401496,0.142891058828799,0.427085929335783,0,retract
0.649,0,0.020859578376622,0,14.5,0,0.127416335588382,0.143144669316877,0.425870006140365,0,retract
0.65,0,0.0178796386085332,0,14.5,0,0.127840942708123,0.14339435605245,0.424603928058643,0,retract
0.651,0,0.0301025550227376,0.103440053507964,14.5,0,0.12826423443416,0.143640079401655,0.423287518654457,0,retract
0.652,0,0.0258021900194894,0,14.5,0,0.128686160267562,0.143881799730628,0.4219206059769,0,retract
0.653,0,0.0263066103003946,0.0293331319858261,14.5,0,0.12910666954152,0.144119477405505,0.420503022582805,0,retract
0.654,0,0.022548523114624,0,14.5,0,0.129525711425873,0.144353072792422,0.419034605558951,0,retract
0.655,0,0.0204056062041256,0.00754810474113551,14.5,0,0.129943234931653,0.144582546257516,0.41751519654397,0,retract
0.656,0,0.0207458019995405,0.0227869767720299,14.5,0,0.130359188915645,0.144807858166923,0.415944641749952,0,retract
0.657,0,0.0177821159996061,0,14.5,0,0.130773522084982,0.145028968886779,0.414322791983721,0,retract
0.658,0,0.0152418137139481,0,14.5,0,0.131186183001743,0.145245838783221,0.412649502667772,0,retract
0.659,0,0.0142017597185188,0.00796143574594282,14.5,0,0.131597120087593,0.145458428222385,0.410924633860862,0,retract
0.66,0,0.0145978281955697,0.0169742390578749,14.5,0,0.132006281628425,0.145666697570407,0.40914805027823,0,retract
0.661,0,0.0125124241676311,0,14.5,0,0.132413615779029,0.145870607193424,0.407319621311436,0,retract
0.662,0,0.013959115995489,0.0226392669626362,14.5,0,0.132819070567785,0.146070117457572,0.405439221047815,0,retract
0.663,0,0.011964956567562,0,14.5,0,0.133222593901366,0.146265188728987,0.403506728289523,0,retract
0.664,0,0.0102556770579103,0,14.5,0,0.133624133569466,0.146455781373806,0.401522026572167,0,retract
0.665,0,0.00908464403817005,0.00205844591972861,14.5,0,0.134023637249546,0.146641855758164,0.399485004183013,0,retract
0.666,0,0.010478769603974,0.018843522998798,14.5,0,0.134421052511596,0.146823372248199,0.397395554178745,0,retract
0.667,0,0.0154908067004603,0.0455630292793775,14.5,0,0.134816326822914,0.147000291210046,0.395253574402793,0,retract
0.668,0,0.0199410541657371,0.0466425389573984,14.5,0,0.135209407552903,0.147172573009842,0.393058967502182,0,retract
0.669,0,0.0216783693249202,0.0321022602800186,14.5,0,0.135600241977885,0.147340178013724,0.39081164094393,0,retract
0.67,0,0.0296848940851074,0.0777240426462307,14.5,0,0.13598877728593,0.147503066587826,0.388511507030961,0,retract
0.671,0,0.0329481138850616,0.052527432684787,14.5,0,0.136374960581701,0.147661199098287,0.386158482917533,0,retract
0.672,0,0.02824124047291,0,14.5,0,0.136758738891315,0.147814535911241,0.383752490624175,0,retract
0.673,0,0.0294013541930872,0.0363620365141503,14.5,0,0.137140059167215,0.147963037392826,0.381293457052115,0,retract
0.674,0,0.0257371984613032,0.00375226407059954,14.5,0,0.137518868293062,0.148106663909178,0.378781313997213,0,retract
0.675,0,0.0220604558239742,0,14.5,0,0.137895113088634,0.148245375826432,0.376215998163364,0,retract
0.676,0,0.018908962134835,0,14.5,0,0.13826874031474,0.148379133510726,0.373597451175392,0,retract
0.677,0,0.0247442357510494,0.0597558774483354,14.5,0,0.138639696678154,0.148507897328196,0.370925619591405,0,retract
0.678,0,0.025503998712623,0.0300625764820646,14.5,0,0.139007928836546,0.148631627644977,0.368200454914633,0,retract
0.679,0,0.0218605703251054,0,14.5,0,0.139373383403437,0.148750284827207,0.365421913604712,0,retract
0.68,0,0.0202940426118232,0.0108948763321297,14.5,0,0.139736006953163,0.148863829241021,0.36258995708844,0,retract
0.681,0,0.017394893667277,0,14.5,0,0.14009574602584,0.148972221252557,0.359704551769986,0,retract
0.682,0,0.014909908857666,0,14.5,0,0.140452547132354,0.149075421227949,0.356765669040544,0,retract
0.683,0,0.0146810175417001,0.0133076696459047,14.5,0,0.140806356759345,0.149173389533335,0.353773285287449,0,retract
0.684,0,0.0151674354028737,0.0180859425699155,14.5,0,0.141157121374209,0.149266086534851,0.350727381902726,0,retract
0.685,0,0.0130006589167489,0,14.5,0,0.141504787430107,0.149353472598634,0.347627945291101,0,retract
0.686,0,0.0111434219286419,0,14.5,0,0.14184930137098,0.149435508090818,0.344474966877441,0,retract
0.687,0,0.0123416151433554,0.0195307744316365,14.5,0,0.142190609636567,0.149512153377542,0.341268443113652,0,retract
0.688,0,0.0181370878664162,0.0529099242047806,14.5,0,0.14252865866744,0.14958336882494,0.338008375485015,0,retract
0.689,0,0.0199318615121379,0.0307005033864685,14.5,0,0.142863394910033,0.14964911479915,0.334694770515964,0,retract
0.69,0,0.0170844527246897,0,14.5,0,0.143194764821685,0.149709351666308,0.331327639775313,0,retract
0.691,0,0.0155041466492779,0.00602231019680728,14.5,0,0.143522714875683,0.14976403979255,0.327906999880935,0,retract
0.692,0,0.0182567717741094,0.0347725225230982,14.5,0,0.143847191566312,0.149813139544012,0.324432872503879,0,retract
0.693,0,0.0294543712554124,0.0966399681432308,14.5,0,0.144168141413906,0.149856611286831,0.320905284371948,0,retract
0.694,0,0.0252466039332106,0,14.5,0,0.144485510969906,0.149894415387142,0.317324267272725,0,retract
0.695,0,0.0276388136296734,0.0419920718084497,14.5,0,0.144799246821913,0.149926512211084,0.313689858056061,0,retract
0.696,0,0.0236904116825772,0,14.5,0,0.145109295598755,0.14995286212479,0.310002098636025,0,retract
0.697,0,0.0203060671564947,0,14.5,0,0.145415603975544,0.149973425494399,0.306261035992312,0,retract
0.698,0,0.0174052004198526,0,14.5,0,0.145718118678739,0.149988162686046,0.302466722171132,0,retract
0.699,0,0.0196273777548405,0.0329604417647677,14.5,0,0.146016786491211,0.149997034065868,0.298619214285569,0,retract
0.7,0,0.0227301675243379,0.0413469061413225,14.5,0,0.146311554257304,0.15,0.294718574515422,0,retract
0.701,0,0.0194830007351468,0,14.5,0,0.1466023688879,0.15,0.290764870106533,0,retract
0.702,0,0.0183359548317956,0.0114536794116883,14.5,0,0.146889263891053,0.15,0.286844723048691,0,retract
0.703,0,0.0157165327129676,0,14.5,0,0.147172272663643,0.15,0.282958020631156,0,retract
0.704,0,0.0136945610051187,0.00156273075802532,14.5,0,0.147451428488426,0.15,0.279104647232743,0,retract
0.705,0,0.0117381951472446,0,14.5,0,0.147726764531163,0.15,0.275284484391601,0,retract
0.706,0,0.0100613101262097,0,14.5,0,0.147998313837813,0.15,0.271497410874716,0,retract
0.707,0,0.00862398010817973,0,14.5,0,0.148266109331801,0.15,0.267743302747108,0,retract
0.708,0,0.0112714369471897,0.0271561779812499,14.5,0,0.148530183811352,0.15,0.264022033440676,0,retract
0.709,0,0.0131710844430199,0.0245689694180008,14.5,0,0.148790569946894,0.15,0.26033347382265,0,retract
0.71,0,0.0150944343822767,0.0266345340178178,14.5,0,0.149047300278535,0.15,0.25667749226362,0,retract
0.711,0,0.0189438512616294,0.0420403525377455,14.5,0,0.149300407213598,0.15,0.253053954705114,0,retract
0.712,0,0.0162375867956824,0,14.5,0,0.149549923024233,0.15,0.249462724726684,0,retract
0.713,0,0.0217543745459041,0.0548551010472348,14.5,0,0.149795879845095,0.15,0.245903663612484,0,retract
0.714,0,0.0204538344358666,0.0126505937756411,14.5,0,0.150038309671081,0.15,0.242376630417318,0,retract
0.715,0,0.0238294402263626,0.0440830749693387,14.5,0,0.150277244355143,0.15,0.238881482032123,0,retract
0.716,0,0.0204252344797394,0,14.5,0,0.150512715606161,0.15,0.235418073248883,0,retract
0.717,0,0.0233802912271125,0.0411106317113515,14.5,0,0.150744754986881,0.15,0.23198625682494,0,retract
0.718,0,0.0200402496232393,0,14.5,0,0.150973393911918,0.15,0.228585883546698,0,retract
0.719,0,0.0171773568199194,0,14.5,0,0.151198663645823,0.15,0.225216802292703,0,retract
0.72,0,0.025535513693152,0.0756844549325476,14.5,0,0.151420595301213,0.15,0.221878860096072,0,retract
0.721,0,0.0218875831655589,0,14.5,0,0.151639219836962,0.15,0.218571902206282,0,retract
0.722,0,0.018760785570479,0,14.5,0,0.151854568056457,0.15,0.215295772150285,0,retract
0.723,0,0.0181537192639268,0.0145113214246136,14.5,0,0.152066670605906,0.15,0.21205031179295,0,retract
0.724,0,0.0229265485447183,0.051563524229467,14.5,0,0.152275557972721,0.15,0.208835361396831,0,retract
0.725,0,0.0264493093515045,0.0475858741922219,14.5,0,0.152481260483947,0.15,0.205650759681227,0,retract
0.726,0,0.0332165892390821,0.0738202685645478,14.5,0,0.152683808304754,0.15,0.202496343880561,0,retract
0.727,0,0.0371805057622523,0.0609640049012735,14.5,0,0.152883231436991,0.15,0.199371949802039,0,retract
0.728,0,0.0318690049390734,0,14.5,0,0.153079559717795,0.15,0.196277411882608,0,retract
0.729,0,0.0273162899477772,0,14.5,0,0.153272822818251,0.15,0.193212563245196,0,retract
0.73,0,0.0234139628123805,0,14.5,0,0.153463050242121,0.15,0.19017723575423,0,retract
0.731,0,0.0200691109820404,0,14.5,0,0.153650271324611,0.15,0.187171260070432,0,retract
0.732,0,0.0194621945880773,0.0158206962242983,14.5,0,0.153834515231208,0.15,0.184194465704885,0,retract
0.733,0,0.0228487474397055,0.043168064549475,14.5,0,0.154015810956563,0.15,0.181246681072379,0,retract
0.734,0,0.0268368596712203,0.0507655330603094,14.5,0,0.154194187323427,0.15,0.178327733544014,0,retract
0.735,0,0.0263074401053472,0.0231309227101086,14.5,0,0.154369672981644,0.15,0.17543744949908,0,retract
0.736,0,0.0225492343760119,0,14.5,0,0.154542296407185,0.15,0.172575654376195,0,retract
0.737,0,0.0193279151794388,0,14.5,0,0.154712085901248,0.15,0.169742172723712,0,retract
0.738,0,0.0206631523822473,0.0286745755990986,14.5,0,0.154879069589397,0.15,0.166936828249393,0,retract
0.739,0,0.0193353164977356,0.011368301190665,14.5,0,0.155043275420749,0.15,0.164159443869344,0,retract
0.74,0,0.0165731284266305,0,14.5,0,0.155204731167219,0.15,0.161409841756216,0,retract
0.741,0,0.0142055386513976,0,14.5,0,0.155363464422809,0.15,0.158687843386671,0,retract
0.742,0,0.0121761759869122,0,14.5,0,0.155519502602933,0.15,0.155993269588119,0,retract
0.743,0,0.0200773605322888,0.0674844678045481,14.5,0,0.155672872943809,0.15,0.153325940584715,0,retract
0.744,0,0.0276291792618863,0.0729400916394713,14.5,0,0.155823602501879,0.15,0.150685676042635,0,retract
0.745,0,0.0391597455145442,0.108343143030492,14.5,0,0.155971718153282,0.15,0.148072295114611,0,retract
0.746,0,0.0383035471651643,0.0331663570688848,14.5,0,0.15611724659337,0.15,0.145485616483754,0,retract
0.747,0,0.0328316118558551,0,14.5,0,0.156260214336265,0.15,0.142925458406636,0,retract
0.748,0,0.0383176659466895,0.071233990491696,14.5,0,0.156400647714463,0.15,0.140391638755662,0,retract
0.749,0,0.032843713668591,0,14.5,0,0.156538572878474,0.15,0.137883975060714,0,retract
0.75,0,0.0332367202745567,0.0355947599103509,14.5,0,0.156674015796512,0.15,0.135402284550086,0,retract
0.751,0,0.0284886173781915,0,14.5,0,0.156807002254214,0.15,0.132946384190696,0,retract
0.752,0,0.0244188148955927,0,14.5,0,0.156937557854408,0.15,0.13051609072759,0,retract
0.753,0,0.0282988317868698,0.0515789331345324,14.5,0,0.157065708016918,0.15,0.128111220722743,0,retract
0.754,0,0.0242561415316027,0,14.5,0,0.157191477978404,0.15,0.12573159059315,0,retract
0.755,0,0.0350214241699,0.0996131199996841,14.5,0,0.157314892792243,0.15,0.123377016648217,0,retract
0.756,0,0.0318194755554756,0.0126077838689288,14.5,0,0.157435977328445,0.15,0.121047315126457,0,retract
0.757,0,0.0272738361904076,0,14.5,0,0.157554756273609,0.15,0.118742302231493,0,retract
0.758,0,0.0233775738774923,0,14.5,0,0.157671254130907,0.15,0.116461794167368,0,retract
0.759,0,0.0200379204664219,0,14.5,0,0.157785495220112,0.15,0.114205607173177,0,retract
0.76,0,0.0185494442542688,0.00961858698135014,14.5,0,0.157897503677653,0.15,0.111973557557009,0,retract
0.761,0,0.0204287591149932,0.0317046482793398,14.5,0,0.158007303456708,0.15,0.109765461729222,0,retract
0.762,0,0.0175103649557085,0,14.5,0,0.158114918327325,0.15,0.107581136235039,0,retract
0.763,0,0.0150088842477501,0,14.5,0,0.158220371876584,0.15,0.105420397786483,0,retract
0.764,0,0.0210918587870541,0.0575897060228777,14.5,0,0.158323687508778,0.15,0.103283063293642,0,retract
0.765,0,0.0180787361031892,0,14.5,0,0.158424888445636,0.15,0.10116894989528,0,retract
0.766,0,0.0274144989256599,0.0834290758604842,14.5,0,0.158523997726571,0.15,0.0990778749888015,0,retract
0.767,0,0.0327784782743886,0.0649623543667605,14.5,0,0.158621038208957,0.15,0.0970096562595516,0,retract
0.768,0,0.0280958385209045,0,14.5,0,0.158716032568436,0.15,0.094964111709491,0,retract
0.769,0,0.026894980014299,0.0196898289746661,14.5,0,0.158809003299255,0.15,0.092941059685221,0,retract
0.77,0,0.0230528400122563,0,14.5,0,0.15889997271463,0.15,0.0909403189053812,0,retract
0.771,0,0.0198927607217081,0.000932284978418925,14.5,0,0.158988962947128,0.15,0.0889617084874189,0,retract
0.772,0,0.0223777688264887,0.037287817455172,14.5,0,0.159075995949097,0.15,0.087005047973735,0,retract
0.773,0,0.0191809447084189,0,14.5,0,0.159161093493093,0.15,0.0850701573572148,0,retract
0.774,0,0.0164408097500733,0,14.5,0,0.159244277172359,0.15,0.0831568571061475,0,retract
0.775,0,0.01409212264292,0,14.5,0,0.159325568401309,0.15,0.0812649681885391,0,retract
0.776,0,0.01207896226536,0,14.5,0,0.159404988416047,0.15,0.0793943120958259,0,retract
0.777,0,0.0103533962274514,0,14.5,0,0.159482558274905,0.15,0.0775447108659938,0,retract
0.778,0,0.0164620630360882,0.0531140638879091,14.5,0,0.159558298859005,0.15,0.0757159871061085,0,retract
0.779,0,0.0141103397452185,0,14.5,0,0.159632230872839,0.15,0.073907964014263,0,retract
0.78,0,0.0130008245599678,0.00634373344846343,14.5,0,0.159704374844881,0.15,0.0721204654009479,0,retract
0.781,0,0.0111435639085438,0,14.5,0,0.159774751128207,0.15,0.0703533157098502,0,retract
0.782,0,0.00955162620732325,0,14.5,0,0.159843379901141,0.15,0.0686063400380873,0,retract
0.783,0,0.00904157494914096,0.00598126740004722,14.5,0,0.159910281167929,0.15,0.0668793641558807,0,retract
0.784,0,0.016995508096929,0.0647191069836572,14.5,0,0.159975474759415,0.15,0.0651722145256775,0,retract
0.785,0,0.0145675783687963,0,14.5,0,0.160038980333752,0.15,0.0634847183207226,0,retract
0.786,0,0.0124864957446825,0,14.5,0,0.16010081737712,0.15,0.0618167034430916,0,retract
0.787,0,0.0134071912702972,0.0189313644239855,14.5,0,0.160161005204469,0.15,0.0601679985411861,0,retract
0.788,0,0.0194982963848791,0.0560449270723703,14.5,0,0.160219562960277,0.15,0.0585384330267021,0,retract
0.789,0,0.0167128254727535,0,14.5,0,0.160276509619321,0.15,0.0569278370910727,0,retract
0.79,0,0.0143252789766459,0,14.5,0,0.160331863987466,0.15,0.0553360417213963,0,retract
0.791,0,0.0142045396113221,0.0134801034193793,14.5,0,0.160385644702477,0.15,0.0537628787158519,0,retract
0.792,0,0.0121753196668475,0,14.5,0,0.16043787023483,0.15,0.0522081806986113,0,retract
0.793,0,0.0148848350969553,0.0311419276776021,14.5,0,0.160488558888556,0.15,0.0506717811342519,0,retract
0.794,0,0.0257691141465869,0.0910747884443766,14.5,0,0.160537728802085,0.15,0.0491535143416776,0,retract
0.795,0,0.0220878121256459,0,14.5,0,0.160585397949109,0.15,0.0476532155075541,0,retract
0.796,0,0.0189324103934108,0,14.5,0,0.160631584139458,0.15,0.0461707206992633,0,retract
0.797,0,0.0162277803372093,0,14.5,0,0.160676305019992,0.15,0.0447058668773864,0,retract
0.798,0,0.0146076665746876,0.00488698399955795,14.5,0,0.160719578075494,0.15,0.043258491907717,0,retract
0.799,0,0.0236071555362676,0.0776040893057471,14.5,0,0.160761420629589,0.15,0.0418284345728159,0,retract
0.8,0,0.020963677448562,0.00510280892232829,14.5,0,0.160801849845666,0.15,0.0404155345831093,0,retract
0.801,0,0.0179688663844817,0,14.5,0,0.160840882727807,0.15,0.0390196325875397,0,retract
0.802,0,0.0154018854724129,0,14.5,0,0.16087853612174,0.15,0.0376405701837745,0,retract
0.803,0,0.0155130636357263,0.016180132615607,14.5,0,0.160914826715785,0.15,0.0362781899279783,0,retract
0.804,0,0.0227124247738822,0.0659085916028179,14.5,0,0.160949771041823,0.15,0.0349323353441565,0,retract
0.805,0,0.0194677926633276,0,14.5,0,0.160983385476269,0.15,0.0336028509330745,0,retract
0.806,0,0.0166866794257094,0,14.5,0,0.161015686241049,0.15,0.032289582180761,0,retract
0.807,0,0.0191798179492321,0.0341386490903679,14.5,0,0.161046689404594,0.15,0.0309923755665995,0,retract
0.808,0,0.0164398439564846,0,14.5,0,0.161076410882836,0.15,0.0297110785710161,0,retract
0.809,0,0.0227347134049996,0.0605039300960893,14.5,0,0.161104866440212,0.15,0.0284455396827685,0,retract
0.81,0,0.0194868972042853,0,14.5,0,0.161132071690676,0.15,0.0271956084058429,0,retract
0.811,0,0.0167030547465303,0,14.5,0,0.16115804209872,0.15,0.0259611352659652,0,retract
0.812,0,0.0246213778128363,0.0721313162106722,14.5,0,0.161182792980394,0.15,0.0247419718167324,0,retract
0.813,0,0.0211040381252882,0,14.5,0,0.16120633950434,0.15,0.0235379706453704,0,retract
0.814,0,0.0180891755359614,0,14.5,0,0.161228696692827,0.15,0.0223489853781246,0,retract
0.815,0,0.0155050076022526,0,14.5,0,0.161249879422794,0.15,0.0211748706852886,0,retract
0.816,0,0.0164616135225608,0.02220124904441,14.5,0,0.161269902426889,0.15,0.0200154822858788,0,retract
0.817,0,0.0141099544479092,0,14.5,0,0.16128878029453,0.15,0.0188706769519588,0,retract
0.818,0,0.0120942466696365,0,14.5,0,0.16130652747295,0.15,0.0177403125126215,0,retract
0.819,0,0.0103664971454027,0,14.5,0,0.161323158268258,0.15,0.0166242478576336,0,retract
0.82,0,0.0100398774502204,0.00808015927912652,14.5,0,0.161338686846504,0.15,0.0155223429407499,0,retract
0.821,0,0.00860560924304606,0,14.5,0,0.161353127234739,0.15,0.014434458782702,0,retract
0.822,0,0.0171356311758088,0.0683157627723855,14.5,0,0.161366493322083,0.15,0.0133604574738675,0,retract
0.823,0,0.0234964785174362,0.0616615625672006,14.5,0,0.161378798860798,0.15,0.0123002021766272,0,retract
0.824,0,0.0201398387292311,0,14.5,0,0.161390057467355,0.15,0.0112535571274139,0,retract
0.825,0,0.0172627189107695,0,14.5,0,0.16140028262351,0.15,0.0102203876384605,0,retract
0.826,0,0.0156822870228714,0.00619969569548299,14.5,0,0.161409487677382,0.15,0.00920056009925188,0,retract
0.827,0,0.0210681578996759,0.0533833831605032,14.5,0,0.161417685844525,0.15,0.00819394197768748,0,retract
0.828,0,0.0180584210568651,0,14.5,0,0.161424890209006,0.15,0.00720040182095938,0,retract
0.829,0,0.0182891311696532,0.0196733918463817,14.5,0,0.161431113724485,0.15,0.00621980925615211,0,retract
0.83,0,0.0219362687172961,0.0438190940031536,14.5,0,0.161436369215294,0.15,0.00525203499056971,0,retract
0.831,0,0.0217304939496436,0.0204958453437289,14.5,0,0.161440669377511,0.15,0.00429695081179592,0,retract
0.832,0,0.0186261376711231,0,14.5,0,0.161444026780045,0.15,0.0033544295874924,0,retract
0.833,0,0.0229823040034948,0.0491193019977248,14.5,0,0.161446453865708,0.15,0.00242434526494127,0,retract
0.834,0,0.0207964103549169,0.00768104846344942,14.5,0,0.161447962952296,0.15,0.00150657287033739,0,retract
0.835,0,0.0178254945899288,0,14.5,0,0.161448566233665,0.15,0.000600988507835028,0,retract
0.836,0,0.0152789953627961,0,14.5,0,0.161448275780803,0.15,-0.000292530641644386,0.000292530641644386,retract
0.837,0,0.0154799768977216,0.016685866107275,14.5,0,0.161447103542911,0.15,-0.00117410632183906,0.00117410632183906,retract
0.838,0,0.0151378411029272,0.0130850263341607,14.5,0,0.161445061348467,0.15,-0.00204385920280232,0.00204385920280232,retract
0.839,0,0.0253086733087925,0.0863336665439844,14.5,0,0.161442160906305,0.15,-0.00290190888278201,0.00290190888278201,retract
0.84,0,0.0322821114782529,0.0741227404950148,14.5,0,0.161438413806675,0.15,-0.00374837389031765,0.00374837389031765,retract
0.841,0,0.0276703812670739,0,14.5,0,0.161433831522317,0.15,-0.00458337168655131,0.00458337168655131,retract
0.842,0,0.0237174696574919,0,14.5,0,0.161428425409518,0.15,-0.00540701866774622,0.00540701866774622,retract
0.843,0,0.0285663344263602,0.0576595230395703,14.5,0,0.161422206709181,0.15,-0.00621943016800788,0.00621943016800788,retract
0.844,0,0.0244854295083088,0,14.5,0,0.161415186547875,0.15,-0.007020720462204,0.007020720462204,retract
0.845,0,0.0209875110071218,0,14.5,0,0.161407375938895,0.15,-0.00781100276907615,0.00781100276907615,retract
0.846,0,0.0280902858529271,0.0707069349277588,14.5,0,0.161398785783314,0.15,-0.00859038925454008,0.00859038925454008,retract
0.847,0,0.0240773878739375,0,14.5,0,0.161389426871028,0.15,-0.00935899103516856,0.00935899103516856,retract
0.848,0,0.0206377610348036,0,14.5,0,0.161379309881807,0.15,-0.0101169181818527,0.0101169181818527,retract
0.849,0,0.0179386268308627,0.00174382160721778,14.5,0,0.161368445386329,0.15,-0.0108642797236362,0.0108642797236362,retract
0.85,0,0.0153759658550252,0,14.5,0,0.161356843847224,0.15,-0.0116011836517183,0.0116011836517183,retract
0.851,0,0.0131793993043073,0,14.5,0,0.161344515620099,0.15,-0.0123277369236211,0.0123277369236211,retract
0.852,0,0.0154310132966953,0.0289406972510228,14.5,0,0.161331470954576,0.15,-0.0130440454675151,0.0130440454675151,retract
0.853,0,0.0238974752908335,0.0746962472556631,14.5,0,0.161317719995311,0.15,-0.0137502141866999,0.0137502141866999,retract
0.854,0,0.0204835502492859,0,14.5,0,0.161303272783011,0.15,-0.0144463469642357,0.0144463469642357,retract
0.855,0,0.0175573287851022,0,14.5,0,0.161288139255456,0.15,-0.0151325466677184,0.0151325466677184,retract
0.856,0,0.015049138958659,0,14.5,0,0.161272329248505,0.15,-0.0158089151541982,0.0158089151541982,retract
0.857,0,0.0128992619645649,0,14.5,0,0.1612558524971,0.15,-0.0164755532752332,0.0164755532752332,retract
0.858,0,0.0110565102553413,0,14.5,0,0.16123871863627,0.15,-0.017132560882076,0.017132560882076,retract
0.859,0,0.00947700879029255,0,14.5,0,0.161220937202121,0.15,-0.0177800368309886,0.0177800368309886,retract
0.86,0,0.0131052585754575,0.0348747572864472,14.5,0,0.161202517632828,0.15,-0.0184180789886812,0.0184180789886812,retract
0.861,0,0.0112330787789636,0,14.5,0,0.161183469269619,0.15,-0.0190467842378701,0.0190467842378701,retract
0.862,0,0.00962835323911164,0,14.5,0,0.161163801357753,0.15,-0.0196662484829523,0.0196662484829523,retract
0.863,0,0.015846566067877,0.0531558430404694,14.5,0,0.161143523047489,0.15,-0.0202765666557905,0.0202765666557905,retract
0.864,0,0.0149975542484295,0.00990348333174414,14.5,0,0.161122643395057,0.15,-0.0208778327216063,0.0208778327216063,retract
0.865,0,0.0128550464986538,0,14.5,0,0.161101171363617,0.15,-0.0214701396849773,0.0214701396849773,retract
0.866,0,0.0110186112845604,0,14.5,0,0.161079115824213,0.15,-0.0220535795959327,0.0220535795959327,retract
0.867,0,0.0109249174067261,0.0103627541397201,14.5,0,0.161056485556719,0.15,-0.0226282435561459,0.0226282435561459,retract
0.868,0,0.0184465031909948,0.0635760178966067,14.5,0,0.161033289250787,0.15,-0.0231942217252184,0.0231942217252184,retract
0.869,0,0.0158112884494241,0,14.5,0,0.161009535506777,0.15,-0.0237516033270526,0.0237516033270526,retract
0.87,0,0.0142566014116596,0.00492847918507257,14.5,0,0.160985232836688,0.15,-0.0243004766563087,0.0243004766563087,retract
0.871,0,0.0122199440671368,0,14.5,0,0.160960389665083,0.15,-0.0248409290849425,0.0248409290849425,retract
0.872,0,0.0137068960084746,0.0226286076565013,14.5,0,0.160935014330001,0.15,-0.0253730470688212,0.0253730470688212,retract
0.873,0,0.0117487680072639,0,14.5,0,0.160909115083869,0.15,-0.0258969161544126,0.0258969161544126,retract
0.874,0,0.0100703725776548,0,14.5,0,0.160882700094407,0.15,-0.0264126209855445,0.0264126209855445,retract
0.875,0,0.0114259063306513,0.0195591088486305,14.5,0,0.160855777445519,0.15,-0.0269202453102316,0.0269202453102316,retract
0.876,0,0.0103833718779579,0.00412816516179735,14.5,0,0.160828355138184,0.15,-0.0274198719875661,0.0274198719875661,retract
0.877,0,0.00890003303824962,0,14.5,0,0.160800441091341,0.15,-0.0279115829946675,0.0279115829946675,retract
0.878,0,0.0076285997470711,0,14.5,0,0.16077204314276,0.15,-0.0283954594336911,0.0283954594336911,retract
0.879,0,0.0163310009109528,0.0685454078942432,14.5,0,0.160743169049913,0.15,-0.028871581538889,0.028871581538889,retract
0.88,0,0.0187453616879886,0.0332315263502033,14.5,0,0.160713826490832,0.15,-0.0293400286837222,0.0293400286837222,retract
0.881,0,0.0163005497603364,0.00163167819442281,14.5,0,0.160684023064968,0.15,-0.029800879388021,0.029800879388021,retract
0.882,0,0.0153120356144789,0.00938095073933417,14.5,0,0.160653766294032,0.15,-0.0302542113251887,0.0302542113251887,retract
0.883,0,0.0131246019552676,0,14.5,0,0.160623063622837,0.15,-0.0307001013294479,0.0307001013294479,retract
0.884,0,0.0112496588188008,0,14.5,0,0.160591922420133,0.15,-0.0311386254031248,0.0311386254031248,retract
0.885,0,0.0137342505906699,0.0286418012218841,14.5,0,0.160560349979427,0.15,-0.0315698587239697,0.0315698587239697,retract
0.886,0,0.0117722147920027,0,14.5,0,0.160528353519801,0.15,-0.0319938756525102,0.0319938756525102,retract
0.887,0,0.0218124960795622,0.0820541838049189,14.5,0,0.160495940186728,0.15,-0.0324107497394342,0.0324107497394342,retract
0.888,0,0.0310103572280603,0.0861975241190492,14.5,0,0.160463117052869,0.15,-0.0328205537330008,0.0328205537330008,retract
0.889,0,0.0305014497093984,0.0274480045974267,14.5,0,0.160429891118868,0.15,-0.0332233595864758,0.0332233595864758,retract
0.89,0,0.0261440997509129,0,14.5,0,0.160396269314145,0.15,-0.0336192384655889,0.0336192384655889,retract
0.891,0,0.0224092283579253,0,14.5,0,0.160362258497672,0.15,-0.0340082607560108,0.0340082607560108,retract
0.892,0,0.0192079100210789,0,14.5,0,0.160327865458749,0.15,-0.034390496070847,0.034390496070847,retract
0.893,0,0.0203392167037257,0.027127056799607,14.5,0,0.160293096917766,0.15,-0.0347660132581462,0.0347660132581462,retract
0.894,0,0.0174336143174792,0,14.5,0,0.160257959526965,0.15,-0.0351348804084206,0.0351348804084206,retract
0.895,0,0.0199077831104448,0.0347527958682384,14.5,0,0.160222459871188,0.15,-0.0354971648621763,0.0354971648621763,retract
0.896,0,0.017063814094667,0,14.5,0,0.160186604468619,0.15,-0.0358529332174501,0.0358529332174501,retract
0.897,0,0.016880527794058,0.0157808099904039,14.5,0,0.160150399771523,0.15,-0.0362022513373525,0.0362022513373525,retract
0.898,0,0.0227552511775476,0.0580035914784857,14.5,0,0.160113852166971,0.15,-0.0365451843576125,0.0365451843576125,retract
0.899,0,0.0242281285394353,0.0330653927107615,14.5,0,0.160076967977562,0.15,-0.0368817966941235,0.0368817966941235,retract
0.9,0,0.020766967319516,0,14.5,0,0.160039753462132,0.15,-0.0372121520504877,0.0372121520504877,retract
0.901,0,0.0178002577024423,0,14.5,0,0.160002214816467,0.15,-0.0375363134255564,0.0375363134255564,retract
0.902,0,0.0152573637449505,0,14.5,0,0.159964358173992,0.15,-0.0378543431209654,0.0378543431209654,retract
0.903,0,0.0130777403528147,0,14.5,0,0.159926189606467,0.15,-0.0381663027486617,0.0381663027486617,retract
0.904,0,0.0192908548576023,0.0565695418863275,14.5,0,0.159887715124668,0.15,-0.0384722532384215,0.0384722532384215,retract
0.905,0,0.0165350184493734,0,14.5,0,0.159848940679061,0.15,-0.0387722548453558,0.0387722548453558,retract
0.906,0,0.0205879706868482,0.0449056841116969,14.5,0,0.159809872160474,0.15,-0.0390663671574036,0.0390663671574036,retract
0.907,0,0.0176468320172984,0,14.5,0,0.159770515400752,0.15,-0.0393546491028083,0.0393546491028083,retract
0.908,0,0.0151258560148272,0,14.5,0,0.159730876173411,0.15,-0.0396371589575788,0.0396371589575788,retract
0.909,0,0.0278121693477973,0.103930049345618,14.5,0,0.159690960194286,0.15,-0.0399139543529305,0.0399139543529305,retract
0.91,0,0.0457489266770025,0.153369470652233,14.5,0,0.159650773122169,0.15,-0.0401850922827062,0.0401850922827062,retract
0.911,0,0.0441557204495476,0.0345964830848185,14.5,0,0.159610320559435,0.15,-0.0404506291107753,0.0404506291107753,retract
0.912,0,0.0391509052246773,0.00912201387545494,14.5,0,0.15956960805267,0.15,-0.0407106205784088,0.0407106205784088,retract
0.913,0,0.0335579187640091,0,14.5,0,0.159528641093284,0.15,-0.0409651218116289,0.0409651218116289,retract
0.914,0,0.0287639303691506,0,14.5,0,0.159487425118123,0.15,-0.0412141873285322,0.0412141873285322,retract
0.915,0,0.0287904651242764,0.0289496736550308,14.5,0,0.159445965510065,0.15,-0.0414578710465843,0.0414578710465843,retract
0.916,0,0.0279835164534298,0.0231418244283507,14.5,0,0.159404267598619,0.15,-0.0416962262898846,0.0416962262898846,retract
0.917,0,0.023985871245797,0,14.5,0,0.159362336660508,0.15,-0.0419293057964002,0.0419293057964002,retract
0.918,0,0.0236905970247343,0.0219189516983578,14.5,0,0.159320177920252,0.15,-0.0421571617251667,0.0421571617251667,retract
0.919,0,0.0203062260212008,0,14.5,0,0.159277796550736,0.15,-0.0423798456634559,0.0423798456634559,retract
0.92,0,0.0338384549701898,0.115031828664124,14.5,0,0.159235197673782,0.15,-0.042597408633908,0.042597408633908,retract
0.921,0,0.0316790860934556,0.0187228728330504,14.5,0,0.1591923863607,0.15,-0.042809901101627,0.042809901101627,retract
0.922,0,0.027971169945737,0.00572367305942523,14.5,0,0.159149367632841,0.15,-0.0430173729812391,0.0430173729812391,retract
0.923,0,0.0239752885249174,0,14.5,0,0.159106146462147,0.15,-0.0432198736439121,0.0432198736439121,retract
0.924,0,0.0205502473070721,0,14.5,0,0.159062727771678,0.15,-0.0434174519243347,0.0434174519243347,retract
0.925,0,0.0189797364979846,0.00955667164345936,14.5,0,0.159019116436152,0.15,-0.043610156127655,0.043610156127655,retract
0.926,0,0.016268345569701,0,14.5,0,0.15897531728246,0.15,-0.0437980340363768,0.0437980340363768,retract
0.927,0,0.0220220192618512,0.0565440614147524,14.5,0,0.158931335090191,0.15,-0.0439811329172128,0.0439811329172128,retract
0.928,0,0.0188760165101582,0,14.5,0,0.158887174592133,0.15,-0.044159499527894,0.044159499527894,retract
0.929,0,0.0161794427229927,0,14.5,0,0.158842840474781,0.15,-0.0443331801239332,0.0443331801239332,retract
0.93,0,0.0138680937625652,0,14.5,0,0.158798337378833,0.15,-0.0445022204653431,0.0445022204653431,retract
0.931,0,0.0119649787777295,0.000546288868715255,14.5,0,0.158753669899676,0.15,-0.044666665823308,0.044666665823308,retract
0.932,0,0.0209527951037624,0.0748796930599597,14.5,0,0.158708842587875,0.15,-0.0448265609868064,0.0448265609868064,retract
0.933,0,0.0179595386603678,0,14.5,0,0.158663859949642,0.15,-0.0449819502691862,0.0449819502691862,retract
0.934,0,0.0240913332326815,0.060882100666564,14.5,0,0.158618726447312,0.15,-0.04513287751469,0.04513287751469,retract
0.935,0,0.0206497141994413,0,14.5,0,0.158573446499801,0.15,-0.0452793861049306,0.0452793861049306,retract
0.936,0,0.0295845611254703,0.0831936426816443,14.5,0,0.158528024483068,0.15,-0.0454215189653146,0.0454215189653146,retract
0.937,0,0.0256110564856238,0.00177002864654481,14.5,0,0.158482464730561,0.15,-0.0455593185714163,0.0455593185714163,retract
0.938,0,0.0219523341305347,0,14.5,0,0.158436771533665,0.15,-0.0456928269552972,0.0456928269552972,retract
0.939,0,0.022964584767186,0.029038088587094,14.5,0,0.158390949142136,0.15,-0.0458220857117745,0.0458220857117745,retract
0.94,0,0.0318037814962465,0.0848389618706097,14.5,0,0.158345001764535,0.15,-0.0459471360046348,0.0459471360046348,retract
0.941,0,0.0272603841396399,0,14.5,0,0.158298933568654,0.15,-0.0460680185727942,0.0460680185727942,retract
0.942,0,0.0233660435482628,0,14.5,0,0.158252748681934,0.15,-0.0461847737364038,0.0461847737364038,retract
0.943,0,0.0200280373270824,0,14.5,0,0.158206451191879,0.15,-0.0462974414029,0.0462974414029,retract
0.944,0,0.0173407837343154,0.00121726217771321,14.5,0,0.158160045146464,0.15,-0.0464060610729991,0.0464060610729991,retract
0.945,0,0.0209953334072964,0.0429226314451828,14.5,0,0.158113534554533,0.15,-0.0465106718466356,0.0465106718466356,retract
0.946,0,0.026509613430804,0.0595952935718497,14.5,0,0.158066923386199,0.15,-0.0466113124288443,0.0466113124288443,retract
0.947,0,0.022722525797832,0,14.5,0,0.158020215573232,0.15,-0.0467080211355849,0.0467080211355849,retract
0.948,0,0.019476450683856,0,14.5,0,0.157973415009443,0.15,-0.0468008358995096,0.0468008358995096,retract
0.949,0,0.0197341148650411,0.0212800999521518,14.5,0,0.157926525551061,0.15,-0.046889794275673,0.046889794275673,retract
0.95,0,0.0189296244744309,0.0141026821307693,14.5,0,0.157879551017106,0.15,-0.0469749334471832,0.0469749334471832,retract
0.951,0,0.016225392406655,0,14.5,0,0.157832495189757,0.15,-0.0470562902307956,0.0470562902307956,retract
0.952,0,0.0163525081061141,0.0171152023028689,14.5,0,0.157785361814714,0.15,-0.0471339010824466,0.0471339010824466,retract
0.953,0,0.0219103751335806,0.0552575772983794,14.5,0,0.157738154601551,0.15,-0.0472078021027297,0.0472078021027297,retract
0.954,0,0.0187803215430691,0,14.5,0,0.157690877224069,0.15,-0.0472780290423111,0.0472780290423111,retract
0.955,0,0.0160974184654878,0,14.5,0,0.157643533320641,0.15,-0.0473446173072871,0.0473446173072871,retract
0.956,0,0.0232971912035047,0.0664958276316063,14.5,0,0.15759612649455,0.15,-0.0474076019644803,0.0474076019644803,retract
0.957,0,0.0199690210315755,0,14.5,0,0.157548660314327,0.15,-0.0474670177466776,0.0474670177466776,retract
0.958,0,0.0171163037413504,0,14.5,0,0.157501138314075,0.15,-0.0475228990578069,0.0475228990578069,retract
0.959,0,0.0146711174925861,0,14.5,0,0.1574535639938,0.15,-0.047575279978054,0.047575279978054,retract
0.96,0,0.0183086687195218,0.0401339760811366,14.5,0,0.157405940819725,0.15,-0.0476241942689199,0.0476241942689199,retract
0.961,0,0.015693144616733,0,14.5,0,0.157358272224608,0.15,-0.0476696753782165,0.0476696753782165,retract
0.962,0,0.0134512668143426,0,14.5,0,0.157310561608046,0.15,-0.047711756445003,0.047711756445003,retract
0.963,0,0.013504078962383,0.0138209518506258,14.5,0,0.157262812336785,0.15,-0.0477504703044611,0.0477504703044611,retract
0.964,0,0.0151112272702832,0.0247541171176843,14.5,0,0.157215027745019,0.15,-0.0477858494927097,0.0477858494927097,retract
0.965,0,0.0149635245629178,0.0140773083187256,14.5,0,0.15716721113468,0.15,-0.0478179262515593,0.0478179262515593,retract
0.966,0,0.0128258781967867,0,14.5,0,0.157119365775734,0.15,-0.0478467325332059,0.0478467325332059,retract
0.967,0,0.020703988223748,0.0679726483855158,14.5,0,0.157071494906463,0.15,-0.0478723000048638,0.0478723000048638,retract
0.968,0,0.0177462756203554,0,14.5,0,0.157023601733746,0.15,-0.0478946600533383,0.0478946600533383,retract
0.969,0,0.0152110933888761,0,14.5,0,0.156975689433338,0.15,-0.0479138437895377,0.0479138437895377,retract
0.97,0,0.0130380800476081,0,14.5,0,0.15692776115014,0.15,-0.0479298820529254,0.0479298820529254,retract
0.971,0,0.0120822897133032,0.00634754770747368,14.5,0,0.156879819998464,0.15,-0.0479428054159104,0.0479428054159104,retract
0.972,0,0.0103562483256884,0,14.5,0,0.156831869062303,0.15,-0.0479526441881793,0.0479526441881793,retract
0.973,0,0.00887678427916151,0,14.5,0,0.156783911395584,0.15,-0.0479594284209667,0.0479594284209667,retract
0.974,0,0.0185401782174691,0.0765205418473146,14.5,0,0.156735950022424,0.15,-0.0479631879112665,0.0479631879112665,retract
0.975,0,0.0158915813292592,0,14.5,0,0.156687987937382,0.15,-0.0479639522059825,0.0479639522059825,retract
0.976,0,0.0136213554250793,0,14.5,0,0.156640028105705,0.15,-0.0479617506060204,0.0479617506060204,retract
0.977,0,0.0201265537983828,0.0591577440382034,14.5,0,0.15659207346357,0.15,-0.0479566121703194,0.0479566121703194,retract
0.978,0,0.0172513318271852,0,14.5,0,0.156544126918323,0.15,-0.0479485657198245,0.0479485657198245,retract
0.979,0,0.014786855851873,0,14.5,0,0.156496191348712,0.15,-0.0479376398414001,0.0479376398414001,retract
0.98,0,0.0141339238943096,0.0102163321489288,14.5,0,0.156448269605119,0.15,-0.0479238628916844,0.0479238628916844,retract
0.981,0,0.0121147919094082,0,14.5,0,0.156400364509788,0.15,-0.0479072630008852,0.0479072630008852,retract
0.982,0,0.0103841073509213,0,14.5,0,0.156352478857045,0.15,-0.0478878680765169,0.0478878680765169,retract
0.983,0,0.0122555343358121,0.0234840962451564,14.5,0,0.156304615413521,0.15,-0.0478657058070796,0.0478657058070796,retract
0.984,0,0.0105047437164103,0,14.5,0,0.156256776918366,0.15,-0.04784080366568,0.04784080366568,retract
0.985,0,0.00900406604263743,0,14.5,0,0.156208966083458,0.15,-0.0478131889135951,0.0478131889135951,retract
0.986,0,0.00771777089368922,0,14.5,0,0.156161185593621,0.15,-0.0477828886037776,0.0477828886037776,retract
0.987,0,0.00858631078253558,0.0137975501156137,14.5,0,0.156113438106818,0.15,-0.047749929584305,0.047749929584305,retract
0.988,0,0.0147034434153412,0.051406239212175,14.5,0,0.156065726254364,0.15,-0.0477143385017714,0.0477143385017714,retract
0.989,0,0.0127691385945818,0.00116330967002538,14.5,0,0.156018052641118,0.15,-0.0476761418046228,0.0476761418046228,retract
0.99,0,0.010944975938213,0,14.5,0,0.15597041984568,0.15,-0.0476353657464367,0.0476353657464367,retract
0.991,0,0.0149111430013494,0.0387081453801683,14.5,0,0.155922830420582,0.15,-0.0475920363891452,0.0475920363891452,retract
0.992,0,0.0127809797154424,0,14.5,0,0.155875286892481,0.15,-0.047546179606203,0.047546179606203,retract
0.993,0,0.0159008815014985,0.0346202922178352,14.5,0,0.155827791762338,0.15,-0.0474978210857,0.0474978210857,retract
0.994,0,0.0136293270012844,0,14.5,0,0.155780347505608,0.15,-0.0474469863334192,0.0474469863334192,retract
0.995,0,0.0226712203269265,0.0769225802807792,14.5,0,0.155732956572412,0.15,-0.0473937006758403,0.0473937006758403,retract
0.996,0,0.023828356630436,0.0307711744514928,14.5,0,0.155685621387722,0.15,-0.0473379892630888,0.0473379892630888,retract
0.997,0,0.0204694545618095,0.000316042150050383,14.5,0,0.155638344351526,0.15,-0.0472798770718321,0.0472798770718321,retract
0.998,0,0.0175452467672653,0,14.5,0,0.155591127839007,0.15,-0.0472193889081216,0.0472193889081216,retract
0.999,0,0.0159088158616235,0.0060902304277727,14.5,0,0.155543974200706,0.15,-0.0471565494101825,0.0471565494101825,retract
1,0,0.019549105203699,0.0413908412561519,14.5,0,0.15549688576269,0.15,-0.0470913830511504,0.0470913830511504,retract
1.001,0,0.0179204610233254,0.0081485959410839,14.5,0,0.155449864826713,0.15,-0.0470239141417569,0.0470239141417569,retract
1.002,0,0.0194107045482094,0.0283521656975135,14.5,0,0.155402913670377,0.15,-0.0469541668329624,0.0469541668329624,retract
1.003,0,0.0166377467556081,0,14.5,0,0.155356034547288,0.15,-0.0468821651185382,0.0468821651185382,retract
1.004,0,0.0142609257905212,0,14.5,0,0.155309229687216,0.15,-0.0468079328375982,0.0468079328375982,retract
1.005,0,0.0173940652986252,0.0361929023472491,14.5,0,0.15526250129624,0.15,-0.0467314936770793,0.0467314936770793,retract
1.006,0,0.014909198827393,0,14.5,0,0.155215851556904,0.15,-0.0466528711741727,0.0466528711741727,retract
1.007,0,0.0184571715120427,0.0397450076199405,14.5,0,0.155169282628361,0.15,-0.0465720887187051,0.0465720887187051,retract
1.008,0,0.0166400702987241,0.00573746301881306,14.5,0,0.155122796646522,0.15,-0.0464891695554716,0.0464891695554716,retract
1.009,0,0.0142629173989064,0,14.5,0,0.155076395724194,0.15,-0.046404136786519,0.046404136786519,retract
1.01,0,0.0173223856998647,0.0356791955056141,14.5,0,0.155030081951226,0.15,-0.0463170133733821,0.0463170133733821,retract
1.011,0,0.0148477591713126,0,14.5,0,0.154983857394645,0.15,-0.0462278221392715,0.0462278221392715,retract
1.012,0,0.0137129358481057,0.00690399590886461,14.5,0,0.15493772409879,0.15,-0.0461365857712147,0.0461365857712147,retract
1.013,0,0.0153570347484247,0.0252216281503389,14.5,0,0.154891684085451,0.15,-0.0460433268221501,0.0460433268221501,retract
1.014,0,0.0245929419631141,0.0800083852512499,14.5,0,0.154845739354,0.15,-0.0459480677129753,0.0459480677129753,retract
1.015,0,0.021079664539812,0,14.5,0,0.15479989188152,0.15,-0.0458508307345492,0.0458508307345492,retract
1.016,0,0.0226296607031645,0.0319296376832791,14.5,0,0.154754143622933,0.15,-0.045751638049649,0.045751638049649,retract
1.017,0,0.0212055543986102,0.0126609165712844,14.5,0,0.154708496511128,0.15,-0.0456505116948822,0.0456505116948822,retract
1.018,0,0.018176189484523,0,14.5,0,0.154662952457083,0.15,-0.0455474735825547,0.0455474735825547,retract
1.019,0,0.015579590986734,0,14.5,0,0.154617513349993,0.15,-0.0454425455024949,0.0454425455024949,retract
1.02,0,0.0370938785745436,0.166179604101401,14.5,0,0.154572181057385,0.15,-0.0453357491238344,0.0453357491238344,retract
1.021,0,0.0326595023958303,0.00605324532355032,14.5,0,0.15452695742524,0.15,-0.0452271059967457,0.0452271059967457,retract
1.022,0,0.027993859196426,0,14.5,0,0.154481844278109,0.15,-0.0451166375541383,0.0451166375541383,retract
1.023,0,0.0300323213605846,0.0422630943455361,14.5,0,0.154436843419232,0.15,-0.0450043651133122,0.0450043651133122,retract
1.024,0,0.0257419897376439,0,14.5,0,0.154391956630649,0.15,-0.0448903098775706,0.0448903098775706,retract
1.025,0,0.0220645626322662,0,14.5,0,0.154347185673312,0.15,-0.0447744929377912,0.0447744929377912,retract
1.026,0,0.0189124822562282,0,14.5,0,0.154302532287201,0.15,-0.0446569352739581,0.0446569352739581,retract
1.027,0,0.0167544164117992,0.00380602134522516,14.5,0,0.154257998191427,0.15,-0.0445376577566529,0.0445376577566529,retract
1.028,0,0.0143609283529707,0,14.5,0,0.154213585084346,0.15,-0.044416681148507,0.044416681148507,retract
1.029,0,0.0123093671596892,0,14.5,0,0.154169294643662,0.15,-0.0442940261056157,0.0442940261056157,retract
1.03,0,0.0105508861368765,0,14.5,0,0.154125128526533,0.15,-0.0441697131789123,0.0441697131789123,retract
1.031,0,0.00904361668875124,0,14.5,0,0.154081088369675,0.15,-0.0440437628155065,0.0440437628155065,retract
1.032,0,0.00775167144750107,0,14.5,0,0.154037175789467,0.15,-0.0439161953599837,0.0439161953599837,retract
1.033,0,0.00664428981214377,0,14.5,0,0.15399339238205,0.15,-0.0437870310556692,0.0437870310556692,retract
1.034,0,0.00569510555326609,0,14.5,0,0.153949739723426,0.15,-0.0436562900458547,0.0436562900458547,retract
1.035,0,0.0151665419998481,0.0719951606793401,14.5,0,0.15390621936956,0.15,-0.0435239923749898,0.0435239923749898,retract
1.036,0,0.0129998931427269,0,14.5,0,0.153862832856477,0.15,-0.0433901579898383,0.0433901579898383,retract
1.037,0,0.0111427655509088,0,14.5,0,0.153819581700357,0.15,-0.0432548067405996,0.0432548067405996,retract
1.038,0,0.0106966812240728,0.00802017526305657,14.5,0,0.153776467397632,0.15,-0.0431179583819958,0.0431179583819958,retract
1.039,0,0.0129516096220065,0.0264811800096089,14.5,0,0.153733491425081,0.15,-0.042979632574325,0.042979632574325,retract
1.04,0,0.0111013796760056,0,14.5,0,0.153690655239921,0.15,-0.042839848884482,0.042839848884482,retract
1.041,0,0.00951546829371907,0,14.5,0,0.153647960279905,0.15,-0.0426986267869455,0.0426986267869455,retract
1.042,0,0.0121163846478117,0.0277218827723677,14.5,0,0.153605407963405,0.15,-0.0425559856647338,0.0425559856647338,retract
1.043,0,0.0117972486183983,0.00988243244191783,14.5,0,0.153562999689511,0.15,-0.0424119448103282,0.0424119448103282,retract
1.044,0,0.0143009338775014,0.0293230454321196,14.5,0,0.153520736838118,0.15,-0.0422665234265657,0.0422665234265657,retract
1.045,0,0.0122579433235726,0,14.5,0,0.15347862077001,0.15,-0.0421197406275007,0.0421197406275007,retract
1.046,0,0.0105068085630622,0,14.5,0,0.153436652826957,0.15,-0.0419716154392367,0.0419716154392367,retract
1.047,0,0.00900583591119619,0,14.5,0,0.153394834331794,0.15,-0.0418221668007282,0.0418221668007282,retract
1.048,0,0.0162128447894012,0.0594548980586311,14.5,0,0.153353166588513,0.15,-0.0416714135645533,0.0416714135645533,retract
1.049,0,0.0161651116384423,0.0158787127326889,14.5,0,0.153311650882344,0.15,-0.0415193744976579,0.0415193744976579,retract
1.05,0,0.0138558099758077,0,14.5,0,0.153270288479847,0.15,-0.0413660682820715,0.0413660682820715,retract
1.051,0,0.0118764085506923,0,14.5,0,0.153229080628987,0.15,-0.0412115135155954,0.0412115135155954,retract
1.052,0,0.0101797787577362,0,14.5,0,0.153188028559226,0.15,-0.0410557287124631,0.0410557287124631,retract
1.053,0,0.0131857452453504,0.0312215441710355,14.5,0,0.153147133481601,0.15,-0.0408987323039752,0.0408987323039752,retract
1.054,0,0.0113020673531575,0,14.5,0,0.153106396588808,0.15,-0.0407405426391065,0.0407405426391065,retract
1.055,0,0.00968748630270643,0,14.5,0,0.153065819055284,0.15,-0.0405811779850885,0.0405811779850885,retract
1.056,0,0.00830355968803408,0,14.5,0,0.153025402037287,0.15,-0.0404206565279664,0.0404206565279664,retract
1.057,0,0.00711733687545779,0,14.5,0,0.15298514667298,0.15,-0.0402589963731303,0.0402589963731303,retract
1.058,0,0.0104605688430324,0.0305199606484801,14.5,0,0.152945054082506,0.15,-0.0400962155458236,0.0400962155458236,retract
1.059,0,0.00989561101304668,0.00650586403313231,14.5,0,0.152905125368072,0.15,-0.0399323319916265,0.0399323319916265,retract
1.06,0,0.00848195229689715,0,14.5,0,0.152865361614027,0.15,-0.0397673635769163,0.0397673635769163,retract
1.061,0,0.0209841388119252,0.0959972579020932,14.5,0,0.15282576388694,0.15,-0.0396013280893044,0.0396013280893044,retract
1.062,0,0.0303332208006156,0.0864277127327586,14.5,0,0.152786333235678,0.15,-0.0394342432380522,0.0394342432380522,retract
1.063,0,0.0259999035433848,0,14.5,0,0.152747070691488,0.15,-0.0392661266544629,0.0392661266544629,retract
1.064,0,0.0222856316086156,0,14.5,0,0.152707977268068,0.15,-0.0390969958922536,0.0390969958922536,retract
1.065,0,0.0191019699502419,0,14.5,0,0.152669053961649,0.15,-0.0389268684279054,0.0389268684279054,retract
1.066,0,0.0163731171002074,0,14.5,0,0.152630301751072,0.15,-0.0387557616609924,0.0387557616609924,retract
1.067,0,0.0219055390301244,0.0551000706096267,14.5,0,0.152591721597862,0.15,-0.0385836929144922,0.0385836929144922,retract
1.068,0,0.0266825826362055,0.0553448442726921,14.5,0,0.152553314446305,0.15,-0.0384106794350743,0.0384106794350743,retract
1.069,0,0.0228707851167476,0,14.5,0,0.152515081223527,0.15,-0.0382367383933711,0.0382367383933711,retract
1.07,0,0.0267377309703599,0.0499394060920339,14.5,0,0.152477022839566,0.15,-0.0380618868842295,0.0380618868842295,retract
1.071,0,0.0250345705935294,0.0148156083325465,14.5,0,0.152439140187448,0.15,-0.037886141926943,0.037886141926943,retract
1.072,0,0.0214582033658824,0,14.5,0,0.152401434143266,0.15,-0.0377095204654674,0.0377095204654674,retract
1.073,0,0.0215558851453322,0.0221419758220316,14.5,0,0.152363905566249,0.15,-0.0375320393686178,0.0375320393686178,retract
1.074,0,0.025520112131728,0.0493054740501027,14.5,0,0.152326555298844,0.15,-0.0373537154302492,0.0373537154302492,retract
1.075,0,0.0302049873581555,0.0583142387167203,14.5,0,0.152289384166786,0.15,-0.0371745653694192,0.0371745653694192,retract
1.076,0,0.032017375119437,0.0428917016871264,14.5,0,0.152252392979172,0.15,-0.036994605830536,0.036994605830536,retract
1.077,0,0.0352074653831259,0.0543480069652592,14.5,0,0.15221558252854,0.15,-0.0368138533834889,0.0368138533834889,retract
1.078,0,0.0301778274712508,0,14.5,0,0.15217895359094,0.15,-0.0366323245237642,0.0366323245237642,retract
1.079,0,0.0258667092610721,0,14.5,0,0.152142506926008,0.15,-0.036450035672546,0.036450035672546,retract
1.08,0,0.0221714650809189,0,14.5,0,0.152106243277042,0.15,-0.0362670031768019,0.0362670031768019,retract
1.081,0,0.019004112926502,0,14.5,0,0.152070163371076,0.15,-0.0360832433093548,0.0360832433093548,retract
1.082,0,0.0162892396512874,0,14.5,0,0.152034267918952,0.15,-0.0358987722689403,0.0358987722689403,retract
1.083,0,0.0139622054153892,0,14.5,0,0.151998557615398,0.15,-0.0357136061802511,0.0357136061802511,retract
1.084,0,0.0254073080095768,0.0940779235747023,14.5,0,0.151963033139095,0.15,-0.0355277610939679,0.0355277610939679,retract
1.085,0,0.0217776925796372,0,14.5,0,0.151927695152761,0.15,-0.0353412529867779,0.0353412529867779,retract
1.086,0,0.0186665936396891,0,14.5,0,0.151892544303214,0.15,-0.0351540977613806,0.0351540977613806,retract
1.087,0,0.0185561155465381,0.0178932469876321,14.5,0,0.151857581221456,0.15,-0.0349663112464818,0.0349663112464818,retract
1.088,0,0.0165653519543569,0.00462077040126973,14.5,0,0.151822806522738,0.15,-0.034777909196776,0.034777909196776,retract
1.089,0,0.0141988731037345,0,14.5,0,0.151788220806642,0.15,-0.0345889072929174,0.0345889072929174,retract
1.09,0,0.0174616068301486,0.0370380091886333,14.5,0,0.151753824657148,0.15,-0.0343993211414798,0.0343993211414798,retract
1.091,0,0.0149670915686988,0,14.5,0,0.151719618642714,0.15,-0.0342091662749071,0.0342091662749071,retract
1.092,0,0.0128289356303132,0,14.5,0,0.151685603316347,0.15,-0.0340184581514516,0.0340184581514516,retract
1.093,0,0.0111226394562617,0.000884862411952363,14.5,0,0.151651779215677,0.15,-0.0338272121551046,0.0338272121551046,retract
1.094,0,0.00953369096251002,0,14.5,0,0.151618146863031,0.15,-0.0336354435955163,0.0336354435955163,retract
1.095,0,0.0109248951730857,0.0192721204365394,14.5,0,0.151584706765512,0.15,-0.0334431677079064,0.0334431677079064,retract
1.096,0,0.0148492150989058,0.0383951346538269,14.5,0,0.151551459415067,0.15,-0.0332503996529668,0.0332503996529668,retract
1.097,0,0.0235239527626987,0.075572378745456,14.5,0,0.151518405288565,0.15,-0.0330571545167553,0.0330571545167553,retract
1.098,0,0.024970005165525,0.0336463195824828,14.5,0,0.151485544847871,0.15,-0.0328634473105809,0.0328634473105809,retract
1.099,0,0.02140286157045,0,14.5,0,0.151452878539922,0.15,-0.032669292970882,0.032669292970882,retract
1.1,0,0.0183453099175286,0,14.5,0,0.151420406796801,0.15,-0.0324747063590965,0.0324747063590965,retract
1.101,0,0.0348368346802872,0.133785983256839,14.5,0,0.151388130035811,0.15,-0.0322797022615247,0.0322797022615247,retract
1.102,0,0.039430486244958,0.0669923956329831,14.5,0,0.151356048659551,0.15,-0.0320842953891862,0.0320842953891862,retract
1.103,0,0.0361981540577236,0.0168041609343169,14.5,0,0.151324163055992,0.15,-0.0318885003776689,0.0318885003776689,retract
1.104,0,0.0366505081195269,0.0393646324903469,14.5,0,0.151292473598554,0.15,-0.031692331786973,0.031692331786973,retract
1.105,0,0.0314147212453088,0,14.5,0,0.151260980646178,0.15,-0.0314958041013482,0.0314958041013482,retract
1.106,0,0.0269269039245504,0,14.5,0,0.151229684543403,0.15,-0.0312989317291258,0.0312989317291258,retract
1.107,0,0.0230802033639003,0,14.5,0,0.151198585620443,0.15,-0.0311017290025451,0.0311017290025451,retract
1.108,0,0.0328291704907013,0.0913229732515072,14.5,0,0.151167684193266,0.15,-0.0309042101775748,0.0309042101775748,retract
1.109,0,0.0281392889920297,0,14.5,0,0.151136980563663,0.15,-0.0307063894337298,0.0307063894337298,retract
1.11,0,0.0334584065476363,0.0653731118812757,14.5,0,0.151106475019332,0.15,-0.0305082808738832,0.0305082808738832,retract
1.111,0,0.0286786341836882,0,14.5,0,0.151076167833949,0.15,-0.0303098985240744,0.0303098985240744,retract
1.112,0,0.0297571776891315,0.0362284387217912,14.5,0,0.15104605926725,0.15,-0.0301112563333129,0.0301112563333129,retract
1.113,0,0.0260398272828033,0.00373572484483392,14.5,0,0.151016149565104,0.15,-0.0299123681733787,0.0299123681733787,retract
1.114,0,0.0223198519566885,0,14.5,0,0.150986438959594,0.15,-0.0297132478386189,0.0297132478386189,retract
1.115,0,0.0218893726109056,0.0193064965362078,14.5,0,0.150956927669091,0.15,-0.0295139090457417,0.0295139090457417,retract
1.116,0,0.0193848536987985,0.004357740226156,14.5,0,0.150927615898333,0.15,-0.029314365433607,0.029314365433607,retract
1.117,0,0.020179249598946,0.0249456249998312,14.5,0,0.150898503838507,0.15,-0.0291146305630143,0.0291146305630143,retract
1.118,0,0.0213433563158063,0.0283279966169683,14.5,0,0.150869591667318,0.15,-0.028914717916489,0.028914717916489,retract
1.119,0,0.0228166628642598,0.0316565021549804,14.5,0,0.150840879549079,0.15,-0.028714640898065,0.028714640898065,retract
1.12,0,0.019557139597937,0,14.5,0,0.150812367634779,0.15,-0.028514412833067,0.028514412833067,retract
1.121,0,0.0241710623042198,0.051854598541917,14.5,0,0.15078405606217,0.15,-0.0283140469678901,0.0283140469678901,retract
1.122,0,0.020718053403617,0,14.5,0,0.150755944955839,0.15,-0.0281135564697783,0.0281135564697783,retract
1.123,0,0.0177583314888146,0,14.5,0,0.150728034427295,0.15,-0.0279129544266013,0.0279129544266013,retract
1.124,0,0.0248034481491055,0.0670741481108512,14.5,0,0.150700324575041,0.15,-0.027712253846631,0.027712253846631,retract
1.125,0,0.021260098413519,0,14.5,0,0.15067281548466,0.15,-0.0275114676583169,0.0275114676583169,retract
1.126,0,0.018222941497302,0,14.5,0,0.150645507228889,0.15,-0.0273106087100605,0.0273106087100605,retract
1.127,0,0.0195586345379161,0.027572792781601,14.5,0,0.150618399867706,0.15,-0.0271096897699897,0.0271096897699897,retract
1.128,0,0.0196373281940634,0.0201094901309471,14.5,0,0.150591493448404,0.15,-0.0269087235257335,0.0269087235257335,retract
1.129,0,0.0168319955949115,0,14.5,0,0.150564788005675,0.15,-0.0267077225841955,0.0267077225841955,retract
1.13,0,0.0144274247956384,0,14.5,0,0.150538283561691,0.15,-0.0265066994713288,0.0265066994713288,retract
1.131,0,0.0138539169632596,0.0104128699689864,14.5,0,0.150511980126185,0.15,-0.026305666631911,0.026305666631911,retract
1.132,0,0.0129032164074524,0.00719901307260932,14.5,0,0.150485877696529,0.15,-0.0261046364293193,0.0261046364293193,retract
1.133,0,0.0166674776393274,0.0392530450305775,14.5,0,0.150459976257821,0.15,-0.025903621145307,0.025903621145307,retract
1.134,0,0.0142864094051378,0,14.5,0,0.150434275782962,0.15,-0.025702632979781,0.025702632979781,retract
1.135,0,0.0168050764931896,0.0319170790215005,14.5,0,0.150408776232742,0.15,-0.0255016840505799,0.0255016840505799,retract
1.136,0,0.0215976555453505,0.0503531298583162,14.5,0,0.15038347755592,0.15,-0.025300786393254,0.025300786393254,retract
1.137,0,0.0262700273988443,0.0543042585198069,14.5,0,0.150358379689303,0.15,-0.0250999519608467,0.0250999519608467,retract
1.138,0,0.0319880152369509,0.0662959422655907,14.5,0,0.150333482557838,0.15,-0.0248991926236775,0.0248991926236775,retract
1.139,0,0.0333062986619253,0.0412159992117713,14.5,0,0.150308786074684,0.15,-0.0246985201691268,0.0246985201691268,retract
1.14,0,0.0295378622795809,0.00692724398551444,14.5,0,0.150284290141305,0.15,-0.0244979463014227,0.0244979463014227,retract
1.141,0,0.0323361792961912,0.0491260813958531,14.5,0,0.150259994647543,0.15,-0.0242974826414302,0.0242974826414302,retract
1.142,0,0.027716725111021,0,14.5,0,0.150235899471712,0.15,-0.0240971407264427,0.0240971407264427,retract
1.143,0,0.0306743224742249,0.0484199066534479,14.5,0,0.150212004480675,0.15,-0.0238969320099755,0.0238969320099755,retract
1.144,0,0.0351994440695696,0.062350173641638,14.5,0,0.150188309529927,0.15,-0.0236968678615627,0.0236968678615627,retract
1.145,0,0.0328182089825441,0.0185307984603909,14.5,0,0.150164814463686,0.15,-0.023496959566556,0.023496959566556,retract
1.146,0,0.0281298934136092,0,14.5,0,0.150141519114971,0.15,-0.0232972183259273,0.0232972183259273,retract
1.147,0,0.024111337211665,0,14.5,0,0.150118423305686,0.15,-0.0230976552560736,0.0230976552560736,retract
1.148,0,0.0333066835881001,0.0884787618467107,14.5,0,0.150095526846712,0.15,-0.0228982813886254,0.0228982813886254,retract
1.149,0,0.0361445310328287,0.0531716157012003,14.5,0,0.150072829537984,0.15,-0.0226991076702584,0.0226991076702584,retract
1.15,0,0.0309810265995675,0,14.5,0,0.150050331168579,0.15,-0.0225001449625089,0.0225001449625089,retract
1.151,0,0.0265551656567721,0,14.5,0,0.150028031516802,0.15,-0.0223014040415919,0.0223014040415919,retract
1.152,0,0.0247042655764807,0.0135988650947321,14.5,0,0.150005930350272,0.15,-0.022102895598224,0.022102895598224,retract
1.153,0,0.0296271128219061,0.0591641962944586,14.5,0,0.149984027426005,0.15,-0.0219046302374492,0.0219046302374492,retract
1.154,0,0.0261016500027263,0.00494887308764739,14.5,0,0.1499623224905,0.15,-0.021706618478469,0.021706618478469,retract
1.155,0,0.0223728428594797,0,14.5,0,0.149940815279829,0.15,-0.0215088707544765,0.0215088707544765,retract
1.156,0,0.0191767224509826,0,14.5,0,0.149919505519718,0.15,-0.0213113974124948,0.0213113974124948,retract
1.157,0,0.0164371906722708,0,14.5,0,0.149898392925635,0.15,-0.0211142087132187,0.0211142087132187,retract
1.158,0,0.0140890205762321,0,14.5,0,0.14987747720288,0.15,-0.0209173148308623,0.0209173148308623,retract
1.159,0,0.0120763033510561,0,14.5,0,0.149856758046664,0.15,-0.0207207258530095,0.0207207258530095,retract
1.16,0,0.0152992363681186,0.0346368344704938,14.5,0,0.149836235142202,0.15,-0.0205244517804701,0.0205244517804701,retract
1.161,0,0.0163661506950997,0.0227676366569862,14.5,0,0.1498159081648,0.15,-0.0203285025271397,0.0203285025271397,retract
1.162,0,0.0140281291672283,0,14.5,0,0.149795776779937,0.15,-0.0201328879198649,0.0201328879198649,retract
1.163,0,0.0173508542295312,0.0372872046033485,14.5,0,0.149775840643356,0.15,-0.0199376176983131,0.0199376176983131,retract
1.164,0,0.0148721607681696,0,14.5,0,0.14975609940115,0.15,-0.0197427015148468,0.0197427015148468,retract
1.165,0,0.0127475663727168,0,14.5,0,0.14973655268985,0.15,-0.0195481489344035,0.0195481489344035,retract
1.166,0,0.0136248004631513,0.0188882050057584,14.5,0,0.149717200136512,0.15,-0.0193539694343803,0.0193539694343803,retract
1.167,0,0.012141467800258,0.00324147182289806,14.5,0,0.149698041358803,0.15,-0.0191601724045231,0.0191601724045231,retract
1.168,0,0.0104069724002211,0,14.5,0,0.149679075965094,0.15,-0.0189667671468219,0.0189667671468219,retract
1.169,0,0.0126789496783906,0.0263108133474073,14.5,0,0.14966030355454,0.15,-0.0187737628754107,0.0187737628754107,retract
1.17,0,0.0130120607001193,0.0150107268304916,14.5,0,0.149641723717174,0.15,-0.0185811687164729,0.0185811687164729,retract
1.171,0,0.0133860903789709,0.0156302684520804,14.5,0,0.149623336033994,0.15,-0.018388993708152,0.018388993708152,retract
1.172,0,0.0114737917534036,0,14.5,0,0.149605140077047,0.15,-0.0181972468004676,0.0181972468004676,retract
1.173,0,0.0111306924143453,0.00907209637999514,14.5,0,0.149587135409522,0.15,-0.0180059368552373,0.0180059368552373,retract
1.174,0,0.00954059349801023,0,14.5,0,0.149569321585837,0.15,-0.0178150726460035,0.0178150726460035,retract
1.175,0,0.00817765156972306,0,14.5,0,0.149551698151724,0.15,-0.0176246628579665,0.0176246628579665,retract
1.176,0,0.0108870524941159,0.0271434580404729,14.5,0,0.149534264644324,0.15,-0.0174347160879225,0.0174347160879225,retract
1.177,0,0.0110001064339343,0.0116784300728447,14.5,0,0.149517020592268,0.15,-0.0172452408442079,0.0172452408442079,retract
1.178,0,0.00988409865568189,0.00318805198616751,14.5,0,0.14949996551577,0.15,-0.017056245546649,0.017056245546649,retract
1.179,0,0.00847208456201305,0,14.5,0,0.149483098926713,0.15,-0.0168677385265172,0.0168677385265172,retract
1.18,0,0.00726178676743976,0,14.5,0,0.14946642032874,0.15,-0.0166797280264909,0.0166797280264909,retract
1.181,0,0.0183133978113896,0.0846230640750889,14.5,0,0.149449929217343,0.15,-0.0164922222006223,0.0164922222006223,retract
1.182,0,0.0254608691265889,0.0683456970177844,14.5,0,0.149433625079945,0.15,-0.0163052291143103,0.0163052291143103,retract
1.183,0,0.0306826840637752,0.0620135736868929,14.5,0,0.149417507396,0.15,-0.0161187567442799,0.0161187567442799,retract
1.184,0,0.0262994434832359,0,14.5,0,0.14940157563707,0.15,-0.0159328129785667,0.0159328129785667,retract
1.185,0,0.0225423801284879,0,14.5,0,0.149385829266921,0.15,-0.0157474056165077,0.0157474056165077,retract
1.186,0,0.0193220401101325,0,14.5,0,0.14937026774161,0.15,-0.0155625423687387,0.0155625423687387,retract
1.187,0,0.0206943989328226,0.0289285518689633,14.5,0,0.149354890509571,0.15,-0.0153782308571963,0.0153782308571963,retract
1.188,0,0.0177380562281336,0,14.5,0,0.149339697011708,0.15,-0.0151944786151276,0.0151944786151276,retract
1.189,0,0.0152040481955431,0,14.5,0,0.149324686681481,0.15,-0.0150112930871046,0.0150112930871046,retract
1.19,0,0.0130320413104655,0,14.5,0,0.149309858944993,0.15,-0.0148286816290453,0.0148286816290453,retract
1.191,0,0.0154801053570272,0.0301684896363971,14.5,0,0.149295213221082,0.15,-0.014646651508241,0.014646651508241,retract
1.192,0,0.0142067123480839,0.0065663542944241,14.5,0,0.149280748921408,0.15,-0.0144652099033892,0.0144652099033892,retract
1.193,0,0.024516201492368,0.0863731363580729,14.5,0,0.149266465450543,0.15,-0.0142843639046331,0.0142843639046331,retract
1.194,0,0.0210138869934583,0,14.5,0,0.149252362206055,0.15,-0.0141041205136069,0.0141041205136069,retract
1.195,0,0.01801190313725,0,14.5,0,0.149238438578601,0.15,-0.0139244866434874,0.0139244866434874,retract
1.196,0,0.0272157793651083,0.0824390367322582,14.5,0,0.149224693952014,0.15,-0.0137454691190515,0.0137454691190515,retract
1.197,0,0.0233278108843785,0,14.5,0,0.149211127703391,0.15,-0.01356707467674,0.01356707467674,retract
1.198,0,0.0242152653593445,0.0295399922091403,14.5,0,0.14919773920318,0.15,-0.013389309964728,0.013389309964728,retract
1.199,0,0.0245640663778924,0.0266568724891798,14.5,0,0.149184527815272,0.15,-0.013212181543,0.013212181543,retract
1.2,0,0.0210549140381935,0,14.5,0,0.149171492897084,0.15,-0.0130356958834331,0.0130356958834331,retract
1.201,0,0.0180470691755944,0,14.5,0,0.149158633799651,0.15,-0.0128598593698845,0.0128598593698845,retract
1.202,0,0.0205656209802256,0.0356769318080127,14.5,0,0.149145949867711,0.15,-0.0126846782982862,0.0126846782982862,retract
1.203,0,0.0176276751259077,0,14.5,0,0.149133440439794,0.15,-0.0125101588767457,0.0125101588767457,retract
1.204,0,0.033948787263486,0.131875460088956,14.5,0,0.149121104848312,0.15,-0.0123363072256522,0.0123363072256522,retract
1.205,0,0.0290989605115594,0,14.5,0,0.149108942419642,0.15,-0.0121631293777896,0.0121631293777896,retract
1.206,0,0.0249419661527652,0,14.5,0,0.149096952474216,0.15,-0.0119906312784554,0.0119906312784554,retract
1.207,0,0.0251176808795732,0.0261719692404213,14.5,0,0.14908513432661,0.15,-0.011818818785585,0.011818818785585,retract
1.208,0,0.0215294407539199,0,14.5,0,0.149073487285627,0.15,-0.011647697669883,0.011647697669883,retract
1.209,0,0.0184538063605028,0,14.5,0,0.149062010654387,0.15,-0.0114772736149602,0.0114772736149602,retract
1.21,0,0.0158175483090024,0,14.5,0,0.149050703730414,0.15,-0.011307552217476,0.011307552217476,retract
1.211,0,0.0140617233957101,0.0035267739159562,14.5,0,0.149039565805721,0.15,-0.0111385389872878,0.0111385389872878,retract
1.212,0,0.0201389224621824,0.0566021168610162,14.5,0,0.149028596166898,0.15,-0.0109702393476056,0.0109702393476056,retract
1.213,0,0.0172619335390135,0,14.5,0,0.149017794095198,0.15,-0.0108026586351528,0.0108026586351528,retract
1.214,0,0.0147959430334401,0,14.5,0,0.149007158866624,0.15,-0.0106358021003331,0.0106358021003331,retract
1.215,0,0.0145167975834504,0.0128419248835119,14.5,0,0.148996689752012,0.15,-0.0104696749074027,0.0104696749074027,retract
1.216,0,0.0131657187968944,0.00505924607755868,14.5,0,0.148986386017124,0.15,-0.0103042821346492,0.0103042821346492,retract
1.217,0,0.0163125074957812,0.0351932396891017,14.5,0,0.148976246922724,0.15,-0.0101396287745759,0.0101396287745759,retract
1.218,0,0.0139821492820981,0,14.5,0,0.148966271724671,0.15,-0.00997571973409147,0.00997571973409147,retract
1.219,0,0.0119846993846556,0,14.5,0,0.148956459674002,0.15,-0.00981255983470614,0.00981255983470614,retract
1.22,0,0.0168848245284496,0.0462855753912135,14.5,0,0.148946810017018,0.15,-0.00965015381273325,0.00965015381273325,retract
1.221,0,0.021858709198138,0.0517020172162684,14.5,0,0.148937321995366,0.15,-0.0094885063194966,0.0094885063194966,retract
1.222,0,0.0187360364555468,0,14.5,0,0.148927994846128,0.15,-0.00932762192154339,0.00932762192154339,retract
1.223,0,0.0311263637705412,0.105468327660507,14.5,0,0.148918827801901,0.15,-0.00916750510086284,0.00916750510086284,retract
1.224,0,0.0266797403747496,0,14.5,0,0.148909820090887,0.15,-0.00900816025511047,0.00900816025511047,retract
1.225,0,0.0319320237413318,0.0634457239408254,14.5,0,0.148900970936972,0.15,-0.00884959169783779,0.00884959169783779,retract
1.226,0,0.0392587922601736,0.0832194033732239,14.5,0,0.14889227955981,0.15,-0.00869180365872773,0.00869180365872773,retract
1.227,0,0.0348075514905802,0.00810010687302034,14.5,0,0.148883745174911,0.15,-0.00853480028383527,0.00853480028383527,retract
1.228,0,0.0326513135159909,0.019713885668455,14.5,0,0.148875366993719,0.15,-0.00837858563583376,0.00837858563583376,retract
1.229,0,0.0279868401565636,0,14.5,0,0.148867144223701,0.15,-0.00822316369426644,0.00822316369426644,retract
1.23,0,0.0321823393800985,0.0573553347213077,14.5,0,0.148859076068423,0.15,-0.00806853835580362,0.00806853835580362,retract
1.231,0,0.0287296804502769,0.00801372687134742,14.5,0,0.148851161727639,0.15,-0.00791471343450469,0.00791471343450469,retract
1.232,0,0.0253810955967868,0.00528958647584581,14.5,0,0.148843400397368,0.15,-0.00776169266208582,0.00776169266208582,retract
1.233,0,0.0239253597191953,0.0151909444536465,14.5,0,0.148835791269979,0.15,-0.00760947968819264,0.00760947968819264,retract
1.234,0,0.0205074511878817,0,14.5,0,0.148828333534274,0.15,-0.0074580780806782,0.0074580780806782,retract
1.235,0,0.0311358819923475,0.0949064668191423,14.5,0,0.148821026375567,0.15,-0.00730749132588606,0.00730749132588606,retract
1.236,0,0.0271562339823522,0.00327834592238031,14.5,0,0.148813868975763,0.15,-0.00715772282893844,0.00715772282893844,retract
1.237,0,0.0268393749948578,0.0249382210698915,14.5,0,0.148806860513446,0.15,-0.00700877591402915,0.00700877591402915,retract
1.238,0,0.023005178567021,0,14.5,0,0.148800000163953,0.15,-0.00686065382472206,0.00686065382472206,retract
1.239,0,0.0230977532109912,0.0236532010748127,14.5,0,0.148793287099457,0.15,-0.00671335972425396,0.00671335972425396,retract
1.24,0,0.0197980741808496,0,14.5,0,0.148786720489048,0.15,-0.00656689669584238,0.00656689669584238,retract
1.241,0,0.0219954170101468,0.0351794739859301,14.5,0,0.14878029949881,0.15,-0.00642126774299861,0.00642126774299861,retract
1.242,0,0.0188532145801258,0,14.5,0,0.148774023291902,0.15,-0.00627647578984501,0.00627647578984501,retract
1.243,0,0.0161598982115364,0,14.5,0,0.148767891028636,0.15,-0.0061325236814374,0.0061325236814374,retract
1.244,0,0.0138513413241741,0,14.5,0,0.14876190186656,0.15,-0.00598941418409173,0.00598941418409173,retract
1.245,0,0.0118725782778635,0,14.5,0,0.148756054960529,0.15,-0.00584714998571588,0.00584714998571588,retract
1.246,0,0.0177375166329259,0.0529271467633001,14.5,0,0.148750349462788,0.15,-0.00570573369614549,0.00570573369614549,retract
1.247,0,0.015203585685365,0,14.5,0,0.148744784523051,0.15,-0.00556516784748456,0.00556516784748456,retract
1.248,0,0.0139369766761529,0.00633732262087993,14.5,0,0.148739359288573,0.15,-0.00542545489445051,0.00542545489445051,retract
1.249,0,0.011945980008131,0,14.5,0,0.148734072904231,0.15,-0.0052865972147235,0.0052865972147235,retract
1.25,0,0.0102394114355409,0,14.5,0,0.148728924512601,0.15,-0.00514859710930014,0.00514859710930014,retract
1.251,0,0.00877663837332077,0,14.5,0,0.148723913254033,0.15,-0.00501145680285143,0.00501145680285143,retract
1.252,0,0.0075228328914178,0,14.5,0,0.148719038266724,0.15,-0.00487517844408505,0.00487517844408505,retract
1.253,0,0.00644814247835811,0,14.5,0,0.148714298686801,0.15,-0.0047397641061115,0.0047397641061115,retract
1.254,0,0.0055269792671641,0,14.5,0,0.148709693648389,0.15,-0.00460521578681469,0.00460521578681469,retract
1.255,0,0.00473741080042637,0,14.5,0,0.148705222283688,0.15,-0.00447153540922635,0.00447153540922635,retract
1.256,0,0.00783598868083863,0.0264274559633122,14.5,0,0.148700883723052,0.15,-0.0043387248219043,0.0043387248219043,retract
1.257,0,0.00671656172643311,0,14.5,0,0.148696677095054,0.15,-0.00420678579931512,0.00420678579931512,retract
1.258,0,0.012356808321619,0.0461982878927346,14.5,0,0.14869260152657,0.15,-0.00407572004222006,0.00407572004222006,retract
1.259,0,0.0105915499899592,0,14.5,0,0.148688656142843,0.15,-0.00394552917806508,0.00394552917806508,retract
1.26,0,0.0205147825926082,0.0800541782085022,14.5,0,0.148684840067563,0.15,-0.00381621476137467,0.00381621476137467,retract
1.261,0,0.0175840993650927,0,14.5,0,0.148681152422935,0.15,-0.00368777827414911,0.00368777827414911,retract
1.262,0,0.0242919825676106,0.0645392817827179,14.5,0,0.148677592329753,0.15,-0.00356022112626562,0.00356022112626562,retract
1.263,0,0.0208216993436662,0,14.5,0,0.148674158907472,0.15,-0.00343354465588272,0.00343354465588272,retract
1.264,0,0.0178471708659996,0,14.5,0,0.148670851274279,0.15,-0.00330775012984835,0.00330775012984835,retract
1.265,0,0.0152975750279997,0,14.5,0,0.148667668547162,0.15,-0.00318283874411134,0.00318283874411134,retract
1.266,0,0.0178384145614524,0.0330834517621685,14.5,0,0.148664609841984,0.15,-0.00305881162413611,0.00305881162413611,retract
1.267,0,0.015290069624102,0,14.5,0,0.148661674273551,0.15,-0.00293566982532089,0.00293566982532089,retract
1.268,0,0.013105773963516,0,14.5,0,0.148658860955681,0.15,-0.00281341433341893,0.00281341433341893,retract
1.269,0,0.0166533201478394,0.0379385972537793,14.5,0,0.148656169001273,0.15,-0.00269204606496312,0.00269204606496312,retract
1.27,0,0.0142742744124337,0,14.5,0,0.14865359752238,0.15,-0.00257156586769354,0.00257156586769354,retract
1.271,0,0.0137013719828232,0.0102639574051603,14.5,0,0.148651145630271,0.15,-0.00245197452098815,0.00245197452098815,retract
1.272,0,0.0117440331281342,0,14.5,0,0.148648812435504,0.15,-0.00233327273629634,0.00233327273629634,retract
1.273,0,0.0100663141098293,0,14.5,0,0.148646597047992,0.15,-0.00221546115757565,0.00221546115757565,retract
1.274,0,0.0194866673185347,0.0760087865707668,14.5,0,0.148644498577066,0.15,-0.00209854036173104,0.00209854036173104,retract
1.275,0,0.0167028577016012,0,14.5,0,0.148642516131551,0.15,-0.00198251085905714,0.00198251085905714,retract
1.276,0,0.014316735172801,0,14.5,0,0.148640648819822,0.15,-0.00186737309368323,0.00186737309368323,retract
1.277,0,0.0122714872909723,0,14.5,0,0.148638895749876,0.15,-0.00175312744402075,0.00175312744402075,retract
1.278,0,0.0105184176779762,0,14.5,0,0.148637256029394,0.15,-0.00163977422321352,0.00163977422321352,retract
1.279,0,0.0186191260905451,0.067223376565958,14.5,0,0.148635728765809,0.15,-0.00152731367959057,0.00152731367959057,retract
1.28,0,0.0159592509347529,0,14.5,0,0.148634313066368,0.15,-0.0014157459971212,0.0014157459971212,retract
1.281,0,0.0149348079470055,0.00878815002052099,14.5,0,0.148633008038196,0.15,-0.00130507129587273,0.00130507129587273,retract
1.282,0,0.0128012639545761,0,14.5,0,0.14863181278836,0.15,-0.00119528963247033,0.00119528963247033,retract
1.283,0,0.0199263818606811,0.0626770892973108,14.5,0,0.148630726423931,0.15,-0.00108640100055942,0.00108640100055942,retract
1.284,0,0.0170797558805838,0,14.5,0,0.14862974805205,0.15,-0.000978405331270028,0.000978405331270028,retract
1.285,0,0.017212842275657,0.0180113606460966,14.5,0,0.148628876779986,0.15,-0.000871302493683547,0.000871302493683547,retract
1.286,0,0.0152310972273568,0.0033406269375556,14.5,0,0.148628111715198,0.15,-0.000765092295301293,0.000765092295301293,retract
1.287,0,0.0130552261948773,0,14.5,0,0.148627451965399,0.15,-0.000659774482515419,0.000659774482515419,retract
1.288,0,0.011471932802958,0.00197217245144204,14.5,0,0.148626896638613,0.15,-0.000555348741081591,0.000555348741081591,retract
1.289,0,0.0161965769396167,0.044544441759569,14.5,0,0.148626444843239,0.15,-0.000451814696593546,0.000451814696593546,retract
1.29,0,0.0149992320654551,0.00781516282048592,14.5,0,0.148626095688108,0.15,-0.00034917191495974,0.00034917191495974,retract
1.291,0,0.012856484627533,0,14.5,0,0.14862584828254,0.15,-0.000247419902881414,0.000247419902881414,retract
1.292,0,0.0110198439664568,0,14.5,0,0.148625701736411,0.15,-0.000146558108332738,0.000146558108332738,retract
1.293,0,0.0162089930252786,0.0473438873782094,14.5,0,0.148625655160201,0.15,-4.65859210423546e-05,4.65859210423546e-05,retract
1.294,0,0.013893422593096,0,14.5,0,0.148625707665059,0.15,5.24973270232902e-05,0,retract
1.295,0,0.0119086479369394,0,14.5,0,0.148625858362858,0.15,0.000150692361175316,0,retract
1.296,0,0.0102074125173766,0,14.5,0,0.148626106366251,0.15,0.000247999963515996,0,retract
1.297,0,0.00874921072917997,0,14.5,0,0.148626450788727,0.15,0.000344420972451183,0,retract
1.298,0,0.00749932348215426,0,14.5,0,0.148626890744671,0.15,0.000439956282201326,0,retract
1.299,0,0.00642799155613222,0,14.5,0,0.148627425349412,0.15,0.000534606842311052,0,retract
1.3,0,0.00550970704811333,0,14.5,0,0.148628053719285,0.15,0.000628373657157775,0,retract
1.301,0,0.00472260604124,0,14.5,0,0.148628774971681,0.15,0.000721257785458823,0,retract
1.302,0,0.00404794803534857,0,14.5,0,0.148629588225103,0.15,0.000813260339777833,0,retract
1.303,0,0.00346966974458449,0,14.5,0,0.148630492599218,0.15,0.000904382486029664,0,retract
1.304,0,0.0119041577260057,0.0625110856145333,14.5,0,0.148631487214911,0.15,0.000994625442984662,0,retract
1.305,0,0.0102035637651478,0,14.5,0,0.148632571194336,0.15,0.0010839904817718,0,retract
1.306,0,0.00942017468206978,0.00471984018360175,14.5,0,0.148633743660969,0.15,0.00117247892538104,0,retract
1.307,0,0.0156512976532762,0.0530380354805147,14.5,0,0.148635003739658,0.15,0.0012600921481648,0,retract
1.308,0,0.0196534543320746,0.043666394404865,14.5,0,0.148636350556678,0.15,0.0013468315753388,0,retract
1.309,0,0.0209529787724549,0.0287501254147367,14.5,0,0.148637783239775,0.15,0.00143269868248193,0,retract
1.31,0,0.019063301756346,0.00772523965969274,14.5,0,0.14863930091822,0.15,0.00151769499503584,0,retract
1.311,0,0.0190042822356592,0.0186501651115386,14.5,0,0.148640902722857,0.15,0.0016018220878036,0,retract
1.312,0,0.0162893847734222,0,14.5,0,0.148642587786155,0.15,0.00168508158444816,0,retract
1.313,0,0.0139623298057905,0,14.5,0,0.148644355242251,0.15,0.00176747515698999,0,retract
1.314,0,0.0119677112621061,0,14.5,0,0.148646204227001,0.15,0.00184900452530451,0,retract
1.315,0,0.0102580382246624,0,14.5,0,0.148648133878028,0.15,0.00192967145661912,0,retract
1.316,0,0.0106772975683417,0.0131928536304174,14.5,0,0.148650143334767,0.15,0.00200947776501,0,retract
1.317,0,0.0102178116705091,0.00746089628351348,14.5,0,0.148652231738512,0.15,0.00208842531089842,0,retract
1.318,0,0.00875812428900778,0,14.5,0,0.148654398232463,0.15,0.00216651600054713,0,retract
1.319,0,0.0127686679622761,0.0368319300018862,14.5,0,0.14865664196177,0.15,0.0022437517855564,0,retract
1.32,0,0.0109445725390938,0,14.5,0,0.148658962073578,0.15,0.00232013466236001,0,retract
1.321,0,0.0104684276971993,0.00761155864583198,14.5,0,0.14866135771707,0.15,0.0023956666717213,0,retract
1.322,0,0.0089729380261708,0,14.5,0,0.148663828043516,0.15,0.00247034989822913,0,retract
1.323,0,0.0202851698004612,0.0881585604462037,14.5,0,0.14866637220631,0.15,0.00254418646979396,0,retract
1.324,0,0.0173872884003953,0,14.5,0,0.148668989361015,0.15,0.00261717855714396,0,retract
1.325,0,0.0149033900574817,0,14.5,0,0.148671678665409,0.15,0.00268932837332147,0,retract
1.326,0,0.0127743343349843,0,14.5,0,0.14867443927952,0.15,0.0027606381731794,0,retract
1.327,0,0.0109494294299866,0,14.5,0,0.148677270365674,0.15,0.00283111025287819,0,retract
1.328,0,0.00971777105234408,0.00232782078648916,14.5,0,0.148680171088532,0.15,0.00290074694938293,0,retract
1.329,0,0.0236483542838424,0.107231853672833,14.5,0,0.148683140615129,0.15,0.0029695506399608,0,retract
1.33,0,0.0202700179575792,0,14.5,0,0.148686178114919,0.15,0.00303752374167911,0,retract
1.331,0,0.0221025452319536,0.0330977088781999,14.5,0,0.148689282759809,0.15,0.00310466871090355,0,retract
1.332,0,0.018945038770246,0,14.5,0,0.148692453724202,0.15,0.00317098804279729,0,retract
1.333,0,0.0279837633889572,0.0822161111012244,14.5,0,0.148695690185033,0.15,0.00323648427082028,0,retract
1.334,0,0.027873842491514,0.0272143171068547,14.5,0,0.148698991321805,0.15,0.00330115996622945,0,retract
1.335,0,0.0348006372244326,0.0763614056219448,14.5,0,0.148702356316631,0.15,0.00336501773757937,0,retract
1.336,0,0.0380149338957645,0.0573007139237559,14.5,0,0.148705784354267,0.15,0.00342806023022369,0,retract
1.337,0,0.0409297858427277,0.0584188975245069,14.5,0,0.14870927462215,0.15,0.00349029012581744,0,retract
1.338,0,0.0350826735794809,0,14.5,0,0.148712826310434,0.15,0.00355171014181989,0,retract
1.339,0,0.0320139830039214,0.013601839550564,14.5,0,0.148716438612025,0.15,0.00361232303099834,0,retract
1.34,0,0.0312294070390801,0.0265219512500325,14.5,0,0.148720110722612,0.15,0.00367213158093295,0,retract
1.341,0,0.0311805572050747,0.0308874582010427,14.5,0,0.148723841840711,0.15,0.00373113861352226,0,retract
1.342,0,0.0356412694009495,0.0624055425761977,14.5,0,0.148727631167687,0.15,0.0037893469844898,0,retract
1.343,0,0.0305496594865281,0,14.5,0,0.148731477907797,0.15,0.00384675958289178,0,retract
1.344,0,0.0261854224170241,0,14.5,0,0.148735381268217,0.15,0.00390337933062553,0,retract
1.345,0,0.0224446477860206,0,14.5,0,0.148739340459077,0.15,0.00395920918193951,0,retract
1.346,0,0.0226512716301095,0.0238910146946425,14.5,0,0.148743354693491,0.15,0.00401425212294397,0,retract
1.347,0,0.019415375682951,0,14.5,0,0.148747423187592,0.15,0.0040685111711232,0,retract
1.348,0,0.0166417505853866,0,14.5,0,0.148751545160559,0.15,0.00412198937484875,0,retract
1.349,0,0.0195163699680841,0.0367640862642692,14.5,0,0.148755719834648,0.15,0.00417468981289385,0,retract
1.35,0,0.0167283171155006,0,14.5,0,0.148759946435224,0.15,0.00422661559394943,0,retract
1.351,0,0.014338557527572,0,14.5,0,0.148764224190789,0.15,0.00427776985614118,0,retract
1.352,0,0.0122901921664903,0,14.5,0,0.148768552333012,0.15,0.00432815576654819,0,retract
1.353,0,0.0255097619840499,0.104827180889408,14.5,0,0.148772930096755,0.15,0.00437777652072271,0,retract
1.354,0,0.0264460648831719,0.032063882277904,14.5,0,0.148777356720104,0.15,0.00442663534221182,0,retract
1.355,0,0.0270910037069256,0.0309606366494476,14.5,0,0.148781831444394,0.15,0.0044747354820801,0,retract
1.356,0,0.0236008215149559,0.00265972836313759,14.5,0,0.14878635351424,0.15,0.00452208021843417,0,retract
1.357,0,0.0326638876518839,0.0870422844734523,14.5,0,0.148790922177558,0.15,0.00456867285594867,0,retract
1.358,0,0.0279976179873291,0,14.5,0,0.148795536685595,0.15,0.00461451672539366,0,retract
1.359,0,0.0261628903882099,0.0151545247934946,14.5,0,0.148800196292954,0.15,0.00465961518316397,0,retract
1.36,0,0.0224253346184656,0,14.5,0,0.148804900257618,0.15,0.00470397161081,0,retract
1.361,0,0.0224708601101535,0.0227440130602808,14.5,0,0.148809647840977,0.15,0.00474758941457024,0,retract
1.362,0,0.0192607372372744,0,14.5,0,0.148814438307849,0.15,0.00479047202490552,0,retract
1.363,0,0.0165092033462352,0,14.5,0,0.148819270926506,0.15,0.00483262289603512,0,retract
1.364,0,0.026567434969732,0.0869168247107129,14.5,0,0.148824144968697,0.15,0.00487404550547451,0,retract
1.365,0,0.0227720871169132,0,14.5,0,0.148829059709672,0.15,0.004914743353575,0,retract
1.366,0,0.0298950175826574,0.0726326003771229,14.5,0,0.1488340144282,0.15,0.00495471996306526,0,retract
1.367,0,0.0319414761840755,0.044220227792584,14.5,0,0.148839008406597,0.15,0.00499397887859478,0,retract
1.368,0,0.0306020040807786,0.0225651714609971,14.5,0,0.148844040930742,0.15,0.00503252366627901,0,retract
1.369,0,0.0308235871543287,0.0321530855956292,14.5,0,0.148849111290102,0.15,0.00507035791324671,0,retract
1.37,0,0.0316889145367032,0.0368808788309506,14.5,0,0.148854218777751,0.15,0.00510748522718914,0,retract
1.371,0,0.0364087368521962,0.0647276707451537,14.5,0,0.14885936269039,0.15,0.00514390923591128,0,retract
1.372,0,0.0312074887304539,0,14.5,0,0.148864542328367,0.15,0.00517963358688505,0,retract
1.373,0,0.0267492760546747,0,14.5,0,0.148869756995694,0.15,0.00521466194680463,0,retract
1.374,0,0.0345069563993202,0.0810530384671933,14.5,0,0.148875006000072,0.15,0.00524899800114379,0,retract
1.375,0,0.0295773911994174,0,14.5,0,0.148880288652902,0.15,0.00528264545371552,0,retract
1.376,0,0.0253520495995006,0,14.5,0,0.148885604269306,0.15,0.00531560802623354,0,retract
1.377,0,0.0328876239467752,0.0781010700304232,14.5,0,0.148890952168147,0.15,0.00534788945787611,0,retract
1.378,0,0.0281893919543788,0,14.5,0,0.148896331672043,0.15,0.00537949350485211,0,retract
1.379,0,0.0284863329717121,0.0302679790757122,14.5,0,0.148901742107382,0.15,0.00541042393996907,0,retract
1.38,0,0.0262615829748309,0.0129130829935433,14.5,0,0.148907182804342,0.15,0.00544068455220368,0,retract
1.381,0,0.025985696241639,0.0243303758424876,14.5,0,0.148912653096907,0.15,0.00547027914627453,0,retract
1.382,0,0.0272196042725205,0.0346230524578098,14.5,0,0.148918152322878,0.15,0.00549921154221694,0,retract
1.383,0,0.0233310893764462,0,14.5,0,0.148923679823891,0.15,0.00552748557496028,0,retract
1.384,0,0.0388014467088273,0.131623590703114,14.5,0,0.148929234945431,0.15,0.00555510509390767,0,retract
1.385,0,0.0403327603453349,0.049520642164381,14.5,0,0.148934817036847,0.15,0.00558207396251771,0,retract
1.386,0,0.0345709374388585,0,14.5,0,0.148940425451364,0.15,0.00560839605788898,0,retract
1.387,0,0.0421740288273303,0.087792577158161,14.5,0,0.148946059546095,0.15,0.00563407527034655,0,retract
1.388,0,0.0495184949642978,0.0935852917861027,14.5,0,0.148951718682059,0.15,0.00565911550303121,0,retract
1.389,0,0.0424444242551124,0,14.5,0,0.148957402224188,0.15,0.005683520671491,0,retract
1.39,0,0.0429857171028364,0.0462334741891805,14.5,0,0.148963109541341,0.15,0.00570729470327506,0,retract
1.391,0,0.0482858853502159,0.0800868948344931,14.5,0,0.148968840006318,0.15,0.0057304415375302,0,retract
1.392,0,0.0501846136897039,0.0615769837266321,14.5,0,0.148974592995866,0.15,0.00575296512459969,0,retract
1.393,0,0.0430153831626034,0,14.5,0,0.148980367890694,0.15,0.0057748694256248,0,retract
1.394,0,0.0368703284250886,0,14.5,0,0.148986164075483,0.15,0.00579615841214862,0,retract
1.395,0,0.0328659080837093,0.00883938603543323,14.5,0,0.148991980938895,0.15,0.00581683606572267,0,retract
1.396,0,0.0281707783574651,0,14.5,0,0.148997817873581,0.15,0.00583690637751566,0,retract
1.397,0,0.0241463814492558,0,14.5,0,0.149003674276194,0.15,0.00585637334792541,0,retract
1.398,0,0.0206968983850764,0,14.5,0,0.149009549547396,0.15,0.00587524098619279,0,retract
1.399,0,0.0177401986157798,0,14.5,0,0.149015443091864,0.15,0.0058935133100185,0,retract
1.4,0,0.0152058845278112,0,14.5,0,0.149021354318302,0.15,0.00591119434518248,0,retract
