t_s,force_normal_N,force_filtered_N,force_measured_N,force_desired_N,penetration_mm,ee_z_m,cmd_z_m,ee_z_velocity_mps,closing_velocity_mps,phase
0,0,0,0,14.5,0,0.149999994323105,0.15,0,0,approach
0.001,0,0,0,14.5,0,0.149999994324321,0.149996601239669,1.21532500625011e-09,0,approach
0.002,0,0.0035136302494089,0.0245954117458623,14.5,0,0.149999912457286,0.149986446280992,-8.18670277252592e-05,8.18670277252592e-05,approach
0.003,0,0.00337762504844086,0.00256159384263265,14.5,0,0.149999667735275,0.149969597107438,-0.000244721947339053,0.000244721947339053,approach
0.004,0,0.00289510718437788,0,14.5,0,0.14999918006911,0.149946115702479,-0.000487665913440574,0.000487665913440574,approach
0.005,0,0.00248152044375247,0,14.5,0,0.149998370281582,0.149916064049587,-0.000809786836157594,0.000809786836157594,approach
0.006,0,0.00844979225976309,0.0442594231558268,14.5,0,0.149997160121488,0.149879504132231,-0.00121015855251272,0.00121015855251272,approach
0.007,0,0.00789873782753365,0.00459241123415699,14.5,0,0.149995472277285,0.149836497933884,-0.00168784121142765,0.00168784121142765,approach
0.008,0,0.0123696979478234,0.0391954586695621,14.5,0,0.149993230390361,0.149787107438017,-0.00224188165712307,0.00224188165712307,approach
0.009,0,0.0205044992922732,0.0693133073589719,14.5,0,0.149990359067931,0.149731394628099,-0.0028713138109895,0.0028713138109895,approach
0.01,0,0.0250411458114546,0.052261024926543,14.5,0,0.149986783895548,0.149669421487603,-0.00357515905199724,0.00357515905199724,approach
0.011,0,0.0214638392669611,0,14.5,0,0.149982431449238,0.14960125,-0.00435242659570651,0.00435242659570651,approach
0.012,0,0.0183975765145381,0,14.5,0,0.14997722930727,0.14952694214876,-0.00520211387193141,0.00520211387193141,approach
0.013,0,0.0179368687804802,0.0151726223761331,14.5,0,0.14997110606153,0.149446559917355,-0.00612320690110461,0.00612320690110461,approach
0.014,0,0.0153744589546973,0,14.5,0,0.149963991328548,0.149360165289256,-0.00711468066938228,0.00711468066938228,approach
0.015,0,0.0189787609124695,0.0406045726591022,14.5,0,0.149955815760129,0.149267820247934,-0.00817549950252178,0.00817549950252178,approach
0.016,0,0.0254729480436015,0.0644380708303938,14.5,0,0.149946511053629,0.14916958677686,-0.00930461743855794,0.00930461743855794,approach
0.017,0,0.0309435929036311,0.0637674620638089,14.5,0,0.149936009961856,0.149065526859504,-0.0105009785992966,0.0105009785992966,approach
0.018,0,0.0265230796316838,0,14.5,0,0.1499242463026,0.148955702479339,-0.0117635175606382,0.0117635175606382,approach
0.019,0,0.0338179582918301,0.0775872302527077,14.5,0,0.149911154967802,0.148840175619835,-0.0130911597217368,0.0130911597217368,approach
0.02,0,0.0289868213929972,0,14.5,0,0.149896671932346,0.148719008264463,-0.0144828216729943,0.0144828216729943,approach
0.021,0,0.0248458469082833,0,14.5,0,0.149880734262503,0.148592262396694,-0.0159374115628832,0.0159374115628832,approach
0.022,0,0.0212964402071,0,14.5,0,0.14986328012399,0.14846,-0.0174538294635852,0.0174538294635852,approach
0.023,0,0.0257023558084468,0.0521378494165273,14.5,0,0.149844248789683,0.148322283057851,-0.0190309677354277,0.0190309677354277,approach
0.024,0,0.0220305906929544,0,14.5,0,0.149823580646962,0.148179173553719,-0.0206677113900946,0.0206677113900946,approach
0.025,0,0.0188833634511037,0,14.5,0,0.149801217204694,0.148030733471074,-0.0223629384525812,0.0223629384525812,approach
0.026,0,0.0161857401009461,0,14.5,0,0.149777101099858,0.147877024793388,-0.0241155203218601,0.0241155203218601,approach
0.027,0,0.0138734915150966,0,14.5,0,0.149751176103814,0.147718109504132,-0.0259243221302188,0.0259243221302188,approach
0.028,0,0.0118915641557971,0,14.5,0,0.149723387128216,0.147554049586777,-0.0277882031012243,0.0277882031012243,approach
0.029,0,0.0101927692763975,0,14.5,0,0.149693680230563,0.147384907024793,-0.0297060169062673,0.0297060169062673,approach
0.03,0,0.00873665937976931,0,14.5,0,0.149662002619405,0.147210743801653,-0.031676612019634,0.031676612019634,approach
0.031,0,0.00748856518265941,0,14.5,0,0.149628302659193,0.147031621900826,-0.0336988320720467,0.0336988320720467,approach
0.032,0,0.0157686141577703,0.065448908008436,14.5,0,0.149592529874775,0.146847603305785,-0.0357715162026166,0.0357715162026166,approach
0.033,0,0.019731600223219,0.0435095166159108,14.5,0,0.149554634955549,0.14665875,-0.0378934994091407,0.0378934994091407,approach
0.034,0,0.0171665664177021,0.00177636358460098,14.5,0,0.149514569759265,0.146465123966942,-0.0400636128966799,0.0400636128966799,approach
0.035,0,0.0147141997866018,0,14.5,0,0.149472287315482,0.146266787190083,-0.0422806844243438,0.0422806844243438,approach
0.036,0,0.0187143596831497,0.0427153190624372,14.5,0,0.149427741828679,0.146063801652893,-0.0445435386502133,0.0445435386502133,approach
0.037,0,0.0215467841940324,0.0385413312593285,14.5,0,0.14938088868103,0.145856229338843,-0.0468509974743212,0.0468509974743212,approach
0.038,0,0.0244934203029728,0.0421732369566152,14.5,0,0.149331684434832,0.145644132231405,-0.0492018803796151,0.0492018803796151,approach
0.039,0,0.0258574387275526,0.0340415492750315,14.5,0,0.149280086834598,0.14542757231405,-0.0515950047708215,0.0515950047708215,approach
0.04,0,0.0288979443743463,0.0471409782551085,14.5,0,0.149226054808817,0.145206611570248,-0.0540291863111268,0.0540291863111268,approach
0.041,0,0.0247696666065826,0,14.5,0,0.149169548471374,0.144981311983471,-0.0565032392565936,0.0565032392565936,approach
0.042,0,0.0284269757015479,0.0503708302713398,14.5,0,0.149110529122648,0.14475173553719,-0.0590159767882231,0.0590159767882231,approach
0.043,0,0.0243659791727553,0,14.5,0,0.14904895925027,0.144517944214876,-0.0615662113415785,0.0615662113415785,approach
0.044,0,0.0208851250052189,0,14.5,0,0.148984802529563,0.14428,-0.0641527549338788,0.0641527549338788,approach
0.045,0,0.0236996028751339,0.0405864700946241,14.5,0,0.148918023823653,0.144037964876033,-0.0667744194884741,0.0667744194884741,approach
0.046,0,0.0274047341581495,0.0496355218562432,14.5,0,0.148848589183267,0.143791900826446,-0.06943001715661,0.06943001715661,approach
0.047,0,0.0234897721355567,0,14.5,0,0.148776465846201,0.143541869834711,-0.0721183606363929,0.0721183606363929,approach
0.048,0,0.0242145728733791,0.0285633773003135,14.5,0,0.148701622236479,0.143287933884298,-0.0748382634888584,0.0748382634888584,approach
0.049,0,0.0207553481771821,0,14.5,0,0.148624027963202,0.143030154958678,-0.0775885404510571,0.0775885404510571,approach
0.05,0,0.0177902984375847,0,14.5,0,0.148543653819082,0.142768595041322,-0.0803680077460583,0.0803680077460583,approach
0.051,0,0.0219292285487099,0.0467628092154611,14.5,0,0.14846047177867,0.142503316115702,-0.0831754833897841,0.0831754833897841,approach
0.052,0,0.0187964816131799,0,14.5,0,0.148374454996286,0.142234380165289,-0.0860097874945781,0.0860097874945781,approach
0.053,0,0.0189615898122313,0.01995223900654,14.5,0,0.148285577803646,0.141961849173554,-0.0888697425694168,0.0888697425694168,approach
0.054,0,0.0180427221333599,0.0125295160601316,14.5,0,0.148193815707187,0.141685785123967,-0.0917541738166727,0.0917541738166727,approach
0.055,0,0.0248475511540944,0.0656765252785014,14.5,0,0.148099145385108,0.14140625,-0.0946619094253351,0.0946619094253351,approach
0.056,0,0.0271131771193322,0.0407069329107591,14.5,0,0.14800154468412,0.141123305785124,-0.0975917808606,0.0975917808606,approach
0.057,0,0.0232398661022848,0,14.5,0,0.147900992615902,0.14083701446281,-0.100542623149738,0.100542623149738,approach
0.058,0,0.0199198852305298,0,14.5,0,0.147797469353287,0.140547438016529,-0.103513275164148,0.103513275164148,approach
0.059,0,0.0170741873404541,0,14.5,0,0.14769095622616,0.140254638429752,-0.106502579897517,0.106502579897517,approach
0.06,0,0.0146350177203893,0,14.5,0,0.14758143571709,0.13995867768595,-0.109509384739986,0.109509384739986,approach
0.061,0,0.0138469131629882,0.00911828581858198,14.5,0,0.147468891456683,0.139659617768595,-0.112532541748247,0.112532541748247,approach
0.062,0,0.0139846977683344,0.0148114054004115,14.5,0,0.147353308218681,0.139357520661157,-0.115570907911479,0.115570907911479,approach
0.063,0,0.0199421687395916,0.055686994567135,14.5,0,0.147234671914783,0.139052448347107,-0.118623345413049,0.118623345413049,approach
0.064,0,0.0232183249154066,0.0428752619702963,14.5,0,0.147112969589227,0.138744462809917,-0.121688721887885,0.121688721887885,approach
0.065,0,0.0199014213560628,0,14.5,0,0.146988189413104,0.138433626033058,-0.124765910675444,0.124765910675444,approach
0.066,0,0.0170583611623395,0,14.5,0,0.146860320678432,0.13812,-0.127853791068211,0.127853791068211,approach
0.067,0,0.0179135066325863,0.0230443794540666,14.5,0,0.146729353791981,0.137803646694215,-0.130951248555626,0.130951248555626,approach
0.068,0,0.0153544342565025,0,14.5,0,0.146595280268861,0.137484628099174,-0.134057175063388,0.134057175063388,approach
0.069,0,0.0131609436484307,0,14.5,0,0.146458092725878,0.137163006198347,-0.137170469188051,0.137170469188051,approach
0.07,0,0.0127792314590438,0.0104889583227226,14.5,0,0.146317784874651,0.136838842975207,-0.140290036426847,0.140290036426847,approach
0.071,0,0.0109536269648947,0,14.5,0,0.146174351514514,0.136512200413223,-0.14341478940266,0.14341478940266,approach
0.072,0,0.0169942878810781,0.0532382533781782,14.5,0,0.146027788525191,0.136183140495868,-0.146543648084098,0.146543648084098,approach
0.073,0,0.0222927488901298,0.0540835149444404,14.5,0,0.145878092859259,0.135851725206612,-0.14967554000058,0.14967554000058,approach
0.074,0,0.0191080704772542,0,14.5,0,0.145725262534396,0.135518016528926,-0.152809400452393,0.152809400452393,approach
0.075,0,0.0171359949549556,0.00530354182116453,14.5,0,0.145569296625432,0.135182076446281,-0.155944172715652,0.155944172715652,approach
0.076,0,0.0213746559832626,0.0468066221531043,14.5,0,0.14541019525619,0.134843966942149,-0.159078808242109,0.159078808242109,approach
0.077,0,0.0286048386794926,0.0719859348568726,14.5,0,0.145247959591138,0.13450375,-0.162212266853743,0.162212266853743,approach
0.078,0,0.0245184331538508,0,14.5,0,0.145082591826852,0.134161487603306,-0.165343516932106,0.165343516932106,approach
0.079,0,0.0210157998461578,0,14.5,0,0.144914095183289,0.133817241735537,-0.168471535602342,0.168471535602342,approach
0.08,0,0.0358812465513809,0.125073926782719,14.5,0,0.144742473894888,0.133471074380165,-0.171595308911861,0.171595308911861,approach
0.081,0,0.0410517666917131,0.0720748875337063,14.5,0,0.144567733201488,0.133123047520661,-0.174713832003603,0.174713832003603,approach
0.082,0,0.0351872285928969,0,14.5,0,0.144389879339088,0.132773223140496,-0.177826109283861,0.177826109283861,approach
0.083,0,0.0301604816510545,0,14.5,0,0.144208919530439,0.132421663223141,-0.180931154584616,0.180931154584616,approach
0.084,0,0.035041948991997,0.0643307530376518,14.5,0,0.144024861975473,0.132068429752066,-0.184027991320356,0.184027991320356,approach
0.085,0,0.0383649079117961,0.0583026614305911,14.5,0,0.143837715841594,0.131713584710744,-0.187115652639338,0.187115652639338,approach
0.086,0,0.0328842067815395,0,14.5,0,0.143647491253809,0.131357190082645,-0.19019318156926,0.19019318156926,approach
0.087,0,0.031378012236556,0.022340844966655,14.5,0,0.143454199284726,0.13099930785124,-0.193259631157321,0.193259631157321,approach
0.088,0,0.0390371028613235,0.0849916466099281,14.5,0,0.143257851944415,0.13064,-0.196314064604638,0.196314064604638,approach
0.089,0,0.0343597438073677,0.00629558948363283,14.5,0,0.143058462170138,0.130279328512397,-0.199355555395004,0.199355555395004,approach
0.09,0,0.0294512089777437,0,14.5,0,0.142856043815959,0.129917355371901,-0.202383187417949,0.202383187417949,approach
0.091,0,0.0252438934094946,0,14.5,0,0.142650611642233,0.129554142561983,-0.205396055086106,0.205396055086106,approach
0.092,0,0.021637622922424,0,14.5,0,0.142442181304982,0.129189752066116,-0.208393263446863,0.208393263446863,approach
0.093,0,0.0255395117751795,0.048950844891713,14.5,0,0.142230769345169,0.128824245867769,-0.211373928288272,0.211373928288272,approach
0.094,0,0.021891010093011,0,14.5,0,0.142016393177864,0.128457685950413,-0.214337176239231,0.214337176239231,approach
0.095,0,0.0187637229368666,0,14.5,0,0.141799071081321,0.128090134297521,-0.21728214486391,0.21728214486391,approach
0.096,0,0.0160831910887428,0,14.5,0,0.141578822185965,0.127721652892562,-0.220207982750434,0.220207982750434,approach
0.097,0,0.0137855923617795,0,14.5,0,0.14135566646329,0.127352303719008,-0.22311384959381,0.22311384959381,approach
0.098,0,0.0118162220243825,0,14.5,0,0.141129624714685,0.126982148760331,-0.225998916273103,0.225998916273103,approach
0.099,0,0.0101281903066135,0,14.5,0,0.140900718560188,0.12661125,-0.228862364922871,0.228862364922871,approach
0.1,0,0.00911881104755457,0.00306253549320077,14.5,0,0.140668970427164,0.126239669421488,-0.23170338899886,0.23170338899886,approach
0.101,0,0.00995300956738534,0.0149582006863699,14.5,0,0.140434403538939,0.125867469008264,-0.234521193337963,0.234521193337963,approach
0.102,0,0.00853115105775886,0,14.5,0,0.140197041903363,0.125494710743802,-0.237314994212478,0.237314994212478,approach
0.103,0,0.00731241519236474,0,14.5,0,0.139956910301329,0.12512145661157,-0.240084019378649,0.240084019378649,approach
0.104,0,0.00626778445059835,0,14.5,0,0.139714034275257,0.124747768595041,-0.242827508119532,0.242827508119532,approach
0.105,0,0.0069084282050088,0.0107522907314715,14.5,0,0.139468440117526,0.124373708677686,-0.2455447112822,0.2455447112822,approach
0.106,0,0.00925737785686032,0.0233510757679694,14.5,0,0.139220154858881,0.123999338842975,-0.248234891309302,0.248234891309302,approach
0.107,0,0.0296322465506655,0.151881458713497,14.5,0,0.138969206256816,0.12362472107438,-0.250897322265017,0.250897322265017,approach
0.108,0,0.025399068471999,0,14.5,0,0.138715622783929,0.123249917355372,-0.253531289855411,0.253531289855411,approach
0.109,0,0.0277521889544126,0.0418709118488943,14.5,0,0.138459433616267,0.122874989669422,-0.256136091443254,0.256136091443254,approach
0.11,0,0.0304222224772718,0.0464424236144266,14.5,0,0.138200668621656,0.1225,-0.258711036057305,0.258711036057305,approach
0.111,0,0.0260761906948044,0,14.5,0,0.137939358348033,0.122125010330579,-0.261255444396117,0.261255444396117,approach
0.112,0,0.0304299191395561,0.0565522898080663,14.5,0,0.137675534011772,0.121750082644628,-0.263768648826395,0.263768648826395,approach
0.113,0,0.0327789905349134,0.0468734189070574,14.5,0,0.13740922748602,0.12137527892562,-0.266249993375953,0.266249993375953,approach
0.114,0,0.0296289355032683,0.0107286053133977,14.5,0,0.137140471289046,0.121000661157025,-0.268698833721299,0.268698833721299,approach
0.115,0,0.0390718367069449,0.0957292439290048,14.5,0,0.136869298572602,0.120626291322314,-0.271114537169915,0.271114537169915,approach
0.116,0,0.0334901457488099,0,14.5,0,0.136595743110311,0.120252231404959,-0.273496482637264,0.273496482637264,approach
0.117,0,0.0287058392132657,0,14.5,0,0.13631983928608,0.11987854338843,-0.275844060618579,0.275844060618579,approach
0.118,0,0.024605005039942,0,14.5,0,0.136041622082547,0.119505289256198,-0.278156673155491,0.278156673155491,approach
0.119,0,0.0210900043199503,0,14.5,0,0.135761127069564,0.119132530991736,-0.280433733797543,0.280433733797543,approach
0.12,0,0.0292417005808305,0.0781518781461117,14.5,0,0.135478390392725,0.118760330578512,-0.282674667558656,0.282674667558656,approach
0.121,0,0.025064314783569,0,14.5,0,0.135193448761939,0.11838875,-0.284878910868598,0.284878910868598,approach
0.122,0,0.0245207492575689,0.0212593561015687,14.5,0,0.134906339440061,0.118017851239669,-0.287045911519526,0.287045911519526,approach
0.123,0,0.0210177850779162,0,14.5,0,0.134617100231572,0.117647696280992,-0.289175128607655,0.289175128607655,approach
0.124,0,0.0180152443524996,0,14.5,0,0.134325769471329,0.117278347107438,-0.291266032470129,0.291266032470129,approach
0.125,0,0.0154416380164283,0,14.5,0,0.134032386013382,0.116909865702479,-0.293318104617155,0.293318104617155,approach
0.126,0,0.0132356897283671,0,14.5,0,0.133736989219855,0.116542314049587,-0.295330837659474,0.295330837659474,approach
0.127,0,0.0116436245895973,0.00209123375697888,14.5,0,0.133439618949915,0.116175754132231,-0.297303735231234,0.297303735231234,approach
0.128,0,0.010887387591478,0.00634996560276177,14.5,0,0.133140315548811,0.115810247933884,-0.29923631190835,0.29923631190835,approach
0.129,0,0.00933204650698112,0,14.5,0,0.132839119837007,0.115445857438017,-0.301128093122409,0.301128093122409,approach
0.13,0,0.0144157141956956,0.0449177203279823,14.5,0,0.132536073099397,0.115082644628099,-0.302978615070216,0.302978615070216,approach
0.131,0,0.0123563264534533,0,14.5,0,0.132231217074625,0.114720671487603,-0.304787424619044,0.304787424619044,approach
0.132,0,0.0105911369601029,0,14.5,0,0.131924593944488,0.11436,-0.306554079207676,0.306554079207676,approach
0.133,0,0.00907811739437389,0,14.5,0,0.131616246323459,0.11400069214876,-0.308278146743321,0.308278146743321,approach
0.134,0,0.0077812434808919,0,14.5,0,0.131306217248301,0.113642809917355,-0.309959205494478,0.309959205494478,approach
0.135,0,0.00666963726933592,0,14.5,0,0.1309945501678,0.113286415289256,-0.311596843979852,0.311596843979852,approach
0.136,0,0.0117659383224149,0.0423437446408887,14.5,0,0.130681288932615,0.112931570247934,-0.313190660853387,0.313190660853387,approach
0.137,0,0.0170914509835955,0.049044526950679,14.5,0,0.130366477785234,0.112578336776859,-0.314740264785515,0.314740264785515,approach
0.138,0,0.0146498151287961,0,14.5,0,0.130050161350067,0.112226776859504,-0.316245274340705,0.316245274340705,approach
0.139,0,0.012556984396111,0,14.5,0,0.129732384623654,0.111876952479339,-0.317705317851415,0.317705317851415,approach
0.14,0,0.0107631294823808,0,14.5,0,0.129413192965003,0.111528925619835,-0.319120033288515,0.319120033288515,approach
0.141,0,0.00922553955632642,0,14.5,0,0.129092632086071,0.111182758264463,-0.320489068128292,0.320489068128292,approach
0.142,0,0.00790760533399408,0,14.5,0,0.128770748042361,0.110838512396694,-0.321812079216132,0.321812079216132,approach
0.143,0,0.00683534050168109,0.000401751507803193,14.5,0,0.128447587223681,0.11049625,-0.323088732626951,0.323088732626951,approach
0.144,0,0.00948784486145441,0.0254028710200943,14.5,0,0.128123196345028,0.110156033057851,-0.324318703522498,0.324318703522498,approach
0.145,0,0.00813243845267521,0,14.5,0,0.127797622437624,0.109817923553719,-0.325501676005614,0.325501676005614,approach
0.146,0,0.00916145613244066,0.0153355622110334,14.5,0,0.127470912840103,0.109481983471074,-0.326637342971535,0.326637342971535,approach
0.147,0,0.0136252356159852,0.0404079125172525,14.5,0,0.127143115189841,0.109148274793388,-0.327725405956357,0.327725405956357,approach
0.148,0,0.0116787733851302,0,14.5,0,0.126814277414448,0.108816859504132,-0.328765574982742,0.328765574982742,approach
0.149,0,0.0137915543805369,0.0264682403529771,14.5,0,0.126484447723415,0.108487799586777,-0.329757568402979,0.329757568402979,approach
0.15,0,0.0118213323261745,0,14.5,0,0.126153674599914,0.108161157024793,-0.330701112739493,0.330701112739493,approach
0.151,0,0.0160318900238573,0.0412952362099544,14.5,0,0.125822006792769,0.107836993801653,-0.331595942522895,0.331595942522895,approach
0.152,0,0.0178236678836658,0.0285743350425167,14.5,0,0.12548949330858,0.107515371900826,-0.332441800127696,0.332441800127696,approach
0.153,0,0.0159170310218684,0.00447720985108404,14.5,0,0.125156183404029,0.107196353305785,-0.333238435605758,0.333238435605758,approach
0.154,0,0.0136431694473158,0,14.5,0,0.124822126578335,0.10688,-0.333985606517603,0.333985606517603,approach
0.155,0,0.0152784210597872,0.025089930734616,14.5,0,0.124487372565896,0.106566373966942,-0.334683077761676,0.334683077761676,approach
0.156,0,0.0205131066456687,0.0519212201609575,14.5,0,0.124151971329094,0.106255537190083,-0.335330621401662,0.335330621401662,approach
0.157,0,0.0175826628391446,0,14.5,0,0.123815973051278,0.105947551652893,-0.335928016491957,0.335928016491957,approach
0.158,0,0.0173874310887376,0.0162160405862956,14.5,0,0.123479428129923,0.105642479338843,-0.336475048901407,0.336475048901407,approach
0.159,0,0.0149035123617751,0,14.5,0,0.123142387169964,0.105340382231405,-0.336971511135393,0.336971511135393,approach
0.16,0,0.0198894207811694,0.0498048712975351,14.5,0,0.122804900977314,0.10504132231405,-0.337417202156393,0.337417202156393,approach
0.161,0,0.0259842868028083,0.0625534829326419,14.5,0,0.122467020552558,0.104745361570248,-0.3378119272031,0.3378119272031,approach
0.162,0,0.0244814568198853,0.0154644769223471,14.5,0,0.122128797084831,0.104452561983471,-0.338155497608203,0.338155497608203,approach
0.163,0,0.0246036628322314,0.025336898906308,14.5,0,0.121790281945884,0.10416298553719,-0.338447730614941,0.338447730614941,approach
0.164,0,0.0210888538561983,0,14.5,0,0.121451526684321,0.103876694214876,-0.33868844919252,0.33868844919252,approach
0.165,0,0.01807616044817,0,14.5,0,0.121112583020041,0.10359375,-0.338877481850498,0.338877481850498,approach
0.166,0,0.0154938518127171,0,14.5,0,0.120773502838848,0.103314214876033,-0.33901466245223,0.33901466245223,approach
0.167,0,0.0158464280190752,0.0179618852572234,14.5,0,0.120434338187263,0.103038150826446,-0.339099830027493,0.339099830027493,approach
0.168,0,0.0135826525877787,0,14.5,0,0.120095141267512,0.102765619834711,-0.339132828584361,0.339132828584361,approach
0.169,0,0.0192579685617258,0.053309864405408,14.5,0,0.11975596443271,0.102496683884298,-0.339113506920449,0.339113506920449,approach
0.17,0,0.0165068301957649,0,14.5,0,0.119416860182236,0.102231404958678,-0.339041718433617,0.339041718433617,approach
0.171,0,0.0141487115963699,0,14.5,0,0.119077881157289,0.101969845041322,-0.338917320932226,0.338917320932226,approach
0.172,0,0.0121274670826028,0,14.5,0,0.118739080136645,0.101712066115702,-0.338740176445048,0.338740176445048,approach
0.173,0,0.0157706190324795,0.0376295307317393,14.5,0,0.118400510032595,0.101458130165289,-0.338510151030915,0.338510151030915,approach
0.174,0,0.0257675895415484,0.0857494125959619,14.5,0,0.118062223887081,0.101208099173554,-0.338227114588219,0.338227114588219,approach
0.175,0,0.0255325724783359,0.0241224700990609,14.5,0,0.117724274868016,0.100962035123967,-0.337890940664332,0.337890940664332,approach
0.176,0,0.0218850621242879,0,14.5,0,0.1173867162658,0.10072,-0.337501506265052,0.337501506265052,approach
0.177,0,0.0272942521417405,0.0597493922464562,14.5,0,0.117049601490025,0.100482055785124,-0.337058691664164,0.337058691664164,approach
0.178,0,0.023395073264349,0,14.5,0,0.11671298406637,0.10024826446281,-0.3365623802132,0.3365623802132,approach
0.179,0,0.0256500827468869,0.0391801396421141,14.5,0,0.116376917633685,0.100018688016529,-0.336012458151494,0.336012458151494,approach
0.18,0,0.0237247572498246,0.0121728042674513,14.5,0,0.116041455941265,0.0997933884297521,-0.335408814416603,0.335408814416603,approach
0.181,0,0.0203355062141354,0,14.5,0,0.115706652846319,0.0995724276859504,-0.334751340455197,0.334751340455197,approach
0.182,0,0.017530688310115,0.000701780885992809,14.5,0,0.115372562311617,0.099355867768595,-0.334039930034493,0.334039930034493,approach
0.183,0,0.0180814461489178,0.0213859931817344,14.5,0,0.115039238403337,0.099143770661157,-0.33327447905431,0.33327447905431,approach
0.184,0,0.0154983824133581,0,14.5,0,0.114706735289088,0.0989361983471074,-0.33245488535984,0.33245488535984,approach
0.185,0,0.0198291213806627,0.0458135551844901,14.5,0,0.114375107236132,0.0987332128099174,-0.331581048555193,0.331581048555193,approach
0.186,0,0.0169963897548537,0,14.5,0,0.114044408609778,0.0985348760330579,-0.330652869817819,0.330652869817819,approach
0.187,0,0.0191895772846876,0.0323487024636906,14.5,0,0.113714693871974,0.09834125,-0.32967025171386,0.32967025171386,approach
0.188,0,0.0199820695501185,0.024737023142704,14.5,0,0.113386017580076,0.0981523966942149,-0.328633098014519,0.328633098014519,approach
0.189,0,0.0171274881858158,0,14.5,0,0.113058434385798,0.0979683780991736,-0.327541313513514,0.327541313513514,approach
0.19,0,0.0170930224641175,0.0168862281339276,14.5,0,0.11273199903435,0.0977892561983471,-0.326394803845687,0.326394803845687,approach
0.191,0,0.0146511621121007,0,14.5,0,0.112406766363754,0.0976150929752066,-0.325193475306842,0.325193475306842,approach
0.192,0,0.0214834210461053,0.0624769746501328,14.5,0,0.112082791304334,0.0974459504132232,-0.32393723467487,0.32393723467487,approach
0.193,0,0.0190302619048258,0.00431130705714876,14.5,0,0.111760128878393,0.0972818904958678,-0.322625989032231,0.322625989032231,approach
0.194,0,0.0163116530612793,0,14.5,0,0.11143883420006,0.0971229752066116,-0.321259645589863,0.321259645589863,approach
0.195,0,0.0231574314186785,0.0642321015630739,14.5,0,0.111118962475314,0.0969692665289256,-0.31983811151256,0.31983811151256,approach
0.196,0,0.0198492269302959,0,14.5,0,0.11080056900218,0.096820826446281,-0.318361293745901,0.318361293745901,approach
0.197,0,0.0182986761849976,0.00899537171320778,14.5,0,0.110483709171102,0.0966777169421488,-0.316829098844771,0.316829098844771,approach
0.198,0,0.0156845795871408,0,14.5,0,0.110168438465477,0.09654,-0.315241432803532,0.315241432803532,approach
0.199,0,0.0134439253604064,0,14.5,0,0.109854812462369,0.0964077376033058,-0.313598200887902,0.313598200887902,approach
0.2,0,0.0176636977841568,0.0429823323266592,14.5,0,0.109542886833379,0.0962809917355372,-0.311899307468597,0.311899307468597,approach
0.201,0,0.0166293587139502,0.0104233242927108,14.5,0,0.109232717345685,0.0961598243801653,-0.310144655856761,0.310144655856761,approach
0.202,0,0.0242139712821612,0.069721646691427,14.5,0,0.10892435986325,0.0960442975206612,-0.308334148141262,0.308334148141262,approach
0.203,0,0.0234974011964683,0.019197980682311,14.5,0,0.10861787034818,0.0959344731404959,-0.306467685027884,0.306467685027884,approach
0.204,0,0.0201406295969728,0,14.5,0,0.10831330486225,0.0958304132231405,-0.304545165680445,0.304545165680445,approach
0.205,0,0.0309277970660295,0.0956508018803695,14.5,0,0.108010719568588,0.0957321797520661,-0.302566487563908,0.302566487563908,approach
0.206,0,0.026509540342311,0,14.5,0,0.107710170733503,0.0956398347107438,-0.300531546289503,0.300531546289503,approach
0.207,0,0.0227224631505523,0,14.5,0,0.107411714728484,0.0955534400826446,-0.298440235461898,0.298440235461898,approach
0.208,0,0.0225883110721506,0.0217833986017408,14.5,0,0.107115408032333,0.0954730578512397,-0.296292446528464,0.296292446528464,approach
0.209,0,0.0193614094904148,0,14.5,0,0.106821307233462,0.09539875,-0.294088068630651,0.294088068630651,approach
0.21,0,0.016595493848927,0,14.5,0,0.106529469032321,0.0953305785123967,-0.291826988457518,0.291826988457518,approach
0.211,0,0.0231144941146956,0.0622284957093069,14.5,0,0.106239950243988,0.0952686053719008,-0.289509090101431,0.289509090101431,approach
0.212,0,0.0198124235268819,0,14.5,0,0.105952807800886,0.0952128925619835,-0.287134254915962,0.287134254915962,approach
0.213,0,0.0275560776645865,0.074018002490814,14.5,0,0.105668098755653,0.0951635020661157,-0.28470236137601,0.28470236137601,approach
0.214,0,0.0265427480983234,0.0204627707007445,14.5,0,0.105385880284142,0.0951204958677686,-0.282213284940167,0.282213284940167,approach
0.215,0,0.02275092694142,0,14.5,0,0.105106209688558,0.0950839359504132,-0.279666897915339,0.279666897915339,approach
0.216,0,0.0195007945212172,0,14.5,0,0.104829144400734,0.0950538842975207,-0.277063069323645,0.277063069323645,approach
0.217,0,0.0167149667324719,0,14.5,0,0.104554741985529,0.095030402892562,-0.274401664771611,0.274401664771611,approach
0.218,0,0.0262145346637501,0.0832119422514195,14.5,0,0.104283060144364,0.0950135537190083,-0.271682546321656,0.271682546321656,approach
0.219,0,0.0224696011403572,0,14.5,0,0.104014156718881,0.0950033987603306,-0.268905572365898,0.268905572365898,approach
0.22,0,0.0192596581203062,0,14.5,0,0.103748089694724,0.095,-0.266070597502276,0.266070597502276,approach
0.221,0,0.0165082783888339,0,14.5,0,0.103484917205446,0.09468,-0.263177472412995,0.263177472412995,approach
0.222,0,0.0198767681794125,0.0400877069228841,14.5,0,0.10322127817533,0.09436,-0.263644092136231,0.263644092136231,approach
0.223,0,0.0170372298680678,0,14.5,0,0.102957168411231,0.09404,-0.264114900483098,0.264114900483098,approach
0.224,0,0.0236223161985852,0.0631328341816891,14.5,0,0.102692583961331,0.09372,-0.264589656255929,0.264589656255929,approach
0.225,0,0.0202476995987873,0,14.5,0,0.102427521110983,0.0934,-0.265068122406468,0.265068122406468,approach
0.226,0,0.0350233510619996,0.123677259841273,14.5,0,0.102161976378564,0.09308,-0.265550066037757,0.265550066037757,approach
0.227,0,0.0305305160951869,0.00357350629431121,14.5,0,0.101895946511317,0.09276,-0.266035258402382,0.266035258402382,approach
0.228,0,0.0261690137958745,0,14.5,0,0.101629428481212,0.09244,-0.266523474897307,0.266523474897307,approach
0.229,0,0.0344589577169954,0.0841986212437208,14.5,0,0.101362419480799,0.09212,-0.267014495055578,0.267014495055578,approach
0.23,0,0.0295362494717104,0,14.5,0,0.101094916919092,0.0918,-0.267508102535112,0.267508102535112,approach
0.231,0,0.0290381070568223,0.0260492525674938,14.5,0,0.100826918417445,0.09148,-0.268004085104789,0.268004085104789,approach
0.232,0,0.0257116852424875,0.00575315435647903,14.5,0,0.100558421805466,0.09116,-0.268502234628057,0.268502234628057,approach
0.233,0,0.0220385873507036,0,14.5,0,0.10028942511693,0.09084,-0.269002347044218,0.269002347044218,approach
0.234,0,0.0188902177291745,0,14.5,0,0.100019926585732,0.09052,-0.26950422234759,0.26950422234759,approach
0.235,0,0.0161916151964353,0,14.5,0,0.0997499246418427,0.0902,-0.270007664564679,0.270007664564679,approach
0.236,0,0.0138785273112303,0,14.5,0,0.0994794179073092,0.08988,-0.270512481729541,0.270512481729541,approach
0.237,0,0.0118958805524831,0,14.5,0,0.0992084051922651,0.08956,-0.271018485857446,0.271018485857446,approach
0.238,0,0.0101964690449855,0,14.5,0,0.0989368854909786,0.08924,-0.271525492916987,0.271525492916987,approach
0.239,0,0.0129731383752389,0.0296331543567597,14.5,0,0.0986648579779269,0.08892,-0.272033322800755,0.272033322800755,approach
0.24,0,0.011119832893062,0,14.5,0,0.0983923220039008,0.0886,-0.272541799294681,0.272541799294681,approach
0.241,0,0.00988138360651894,0.00245068788726082,14.5,0,0.0981192770921413,0.08828,-0.273050750046174,0.273050750046174,approach
0.242,0,0.00846975737701623,0,14.5,0,0.0978457229345105,0.08796,-0.273560006531115,0.273560006531115,approach
0.243,0,0.00725979203744249,0,14.5,0,0.0975716593876955,0.08764,-0.274069404019835,0.274069404019835,approach
0.244,0,0.0158030930029785,0.0670628987961946,14.5,0,0.0972970864694464,0.08732,-0.274578781542142,0.274578781542142,approach
0.245,0,0.0202649571951192,0.0470361423479634,14.5,0,0.0970220043548525,0.087,-0.27508798185148,0.27508798185148,approach
0.246,0,0.0173699633101022,0,14.5,0,0.0967464133726538,0.08668,-0.275596851388292,0.275596851388292,approach
0.247,0,0.0148885399800876,0,14.5,0,0.0964703140015884,0.08636,-0.276105240242669,0.276105240242669,approach
0.248,0,0.0127616056972179,0,14.5,0,0.0961937068667812,0.08604,-0.276613002116327,0.276613002116327,approach
0.249,0,0.0119255000070624,0.00690886586612936,14.5,0,0.0959165927361683,0.08572,-0.277119994284,0.277119994284,approach
0.25,0,0.0271662185482221,0.11861052979518,14.5,0,0.0956389725169628,0.0854,-0.277626077554281,0.277626077554281,approach
0.251,0,0.0305294582864194,0.0507088967156033,14.5,0,0.0953608472521573,0.08508,-0.278131116229985,0.278131116229985,approach
0.252,0,0.0283993261285972,0.0156185331816641,14.5,0,0.095082218117071,0.08476,-0.278634978068065,0.278634978068065,approach
0.253,0,0.0243422795387976,0,14.5,0,0.0948030864159325,0.08444,-0.279137534239148,0.279137534239148,approach
0.254,0,0.0305889882949453,0.0680692408318316,14.5,0,0.0945234535785059,0.08412,-0.27963865928672,0.27963865928672,approach
0.255,0,0.0303452848428929,0.0288830641305785,14.5,0,0.0942433211567589,0.0838,-0.280138231086003,0.280138231086003,approach
0.256,0,0.0361641224063887,0.0710771477873636,14.5,0,0.093962690821569,0.08348,-0.28063613080258,0.28063613080258,approach
0.257,0,0.0386963969839183,0.053890044449096,14.5,0,0.093681564359476,0.08316,-0.281132242850774,0.281132242850774,approach
0.258,0,0.03316834027193,0,14.5,0,0.0933999436694708,0.08284,-0.281626454851849,0.281626454851849,approach
0.259,0,0.0284300059473686,0,14.5,0,0.0931178307598316,0.08252,-0.282118657592039,0.282118657592039,approach
0.26,0,0.0243685765263159,0,14.5,0,0.0928352277449983,0.0822,-0.282608744980455,0.282608744980455,approach
0.261,0,0.0209938100928958,0.00074521149237498,14.5,0,0.0925521368424904,0.08188,-0.283096614006887,0.283096614006887,approach
0.262,0,0.022447729124797,0.0311712433162041,14.5,0,0.0922685603698677,0.08156,-0.283582164699533,0.283582164699533,approach
0.263,0,0.0192409106783974,0,14.5,0,0.0919845007417332,0.08124,-0.284065300082678,0.284065300082678,approach
0.264,0,0.0191216573756475,0.0184061375591482,14.5,0,0.0916999604667771,0.08092,-0.284545926134358,0.284545926134358,approach
0.265,0,0.0163899920362693,0,14.5,0,0.0914149421448646,0.0806,-0.285023951744012,0.285023951744012,approach
0.266,0,0.0194045331431156,0.0374917797841932,14.5,0,0.0911294484641656,0.08028,-0.285499288670171,0.285499288670171,approach
0.267,0,0.0166324569798133,0,14.5,0,0.0908434821983258,0.07996,-0.285971851498177,0.285971851498177,approach
0.268,0,0.0142563916969829,0,14.5,0,0.0905570462036823,0.07964,-0.286441557597971,0.286441557597971,approach
0.269,0,0.0122197643116996,0,14.5,0,0.0902701434165178,0.07932,-0.28690832708196,0.28690832708196,approach
0.27,0,0.0104740836957425,0,14.5,0,0.0899827768503607,0.079,-0.287372082762989,0.287372082762989,approach
0.271,0,0.0207047604256417,0.0820888208050366,14.5,0,0.089694949593324,0.07868,-0.287832750112422,0.287832750112422,approach
0.272,0,0.0177469375076929,0,14.5,0,0.0894066648054878,0.07836,-0.288290257218354,0.288290257218354,approach
0.273,0,0.0253559387689977,0.0710099463368264,14.5,0,0.0891179257163232,0.07804,-0.28874453474398,0.28874453474398,approach
0.274,0,0.0220705884783263,0.00235848673429807,14.5,0,0.0888287356221567,0.07772,-0.289195515886117,0.289195515886117,approach
0.275,0,0.0189176472671368,0,14.5,0,0.0885390978836771,0.0774,-0.289643136333899,0.289643136333899,approach
0.276,0,0.0246936559816716,0.0593497082688801,14.5,0,0.0882490159234827,0.07708,-0.290087334227671,0.290087334227671,approach
0.277,0,0.0211659908414328,0,14.5,0,0.08795849322367,0.07676,-0.290528050118073,0.290528050118073,approach
0.278,0,0.0258283909967221,0.0538027919284579,14.5,0,0.0876675333234626,0.07644,-0.290965226925339,0.290965226925339,approach
0.279,0,0.0221386208543332,0,14.5,0,0.0873761398168813,0.07612,-0.291398809898823,0.291398809898823,approach
0.28,0,0.0241828335353681,0.0364481096215776,14.5,0,0.0870843163504532,0.0758,-0.291828746576756,0.291828746576756,approach
0.281,0,0.0207281430303155,0,14.5,0,0.0867920666209624,0.07548,-0.292254986746243,0.292254986746243,approach
0.282,0,0.0177669797402705,0,14.5,0,0.086499394373239,0.07516,-0.292677482403524,0.292677482403524,approach
0.283,0,0.0258271432515545,0.0741881243192584,14.5,0,0.0862063033979885,0.07484,-0.293096187714484,0.293096187714484,approach
0.284,0,0.0221375513584752,0,14.5,0,0.0859127975296605,0.07452,-0.293511058975446,0.293511058975446,approach
0.285,0,0.0235098992761289,0.031743986782051,14.5,0,0.0856188806443552,0.0742,-0.293922054574235,0.293922054574235,approach
0.286,0,0.0265274280226792,0.0446326005019805,14.5,0,0.0853245566577698,0.07388,-0.294329134951535,0.294329134951535,approach
0.287,0,0.0227377954480107,0,14.5,0,0.0850298295231829,0.07356,-0.294732262562534,0.294732262562534,approach
0.288,0,0.0318276167966846,0.0863665448887279,14.5,0,0.0847347032294772,0.07324,-0.295131401838877,0.295131401838877,approach
0.289,0,0.0392591484671628,0.083848338490032,14.5,0,0.0844391817991984,0.07292,-0.29552651915092,0.29552651915092,approach
0.29,0,0.0336506986861395,0,14.5,0,0.0841432692866541,0.0726,-0.295917582770306,0.295917582770306,approach
0.291,0,0.0304259615658481,0.0110775388440994,14.5,0,0.0838469697760476,0.07228,-0.296304562832851,0.296304562832851,approach
0.292,0,0.0260793956278698,0,14.5,0,0.08355028737965,0.07196,-0.296687431301765,0.296687431301765,approach
0.293,0,0.0274465195219177,0.0356492628862054,14.5,0,0.0832532262360076,0.07164,-0.297066161931199,0.297066161931199,approach
0.294,0,0.0235255881616438,0,14.5,0,0.0829557905081861,0.07132,-0.297440730230125,0.297440730230125,approach
0.295,0,0.020376846584437,0.00148439712119637,14.5,0,0.0826579843820512,0.071,-0.297811113426564,0.297811113426564,approach
0.296,0,0.0247408713092154,0.0509250196578859,14.5,0,0.0823598120645827,0.07068,-0.298177290432147,0.298177290432147,approach
0.297,0,0.0260393594422733,0.0338302882406206,14.5,0,0.0820612777822253,0.07036,-0.29853924180704,0.29853924180704,approach
0.298,0,0.02231945095052,0,14.5,0,0.0817623857792743,0.07004,-0.298896949725204,0.298896949725204,approach
0.299,0,0.0327203303341577,0.0951256066359839,14.5,0,0.0814631403162944,0.06972,-0.299250397940027,0.299250397940027,approach
0.3,0,0.028045997429278,0,14.5,0,0.0811635456685741,0.0694,-0.299599571750303,0.299599571750303,approach
0.301,0,0.0313372505674011,0.0510847693961398,14.5,0,0.0808636061246116,0.06908,-0.299944457966579,0.299944457966579,approach
0.302,0,0.0268605004863438,0,14.5,0,0.080563325984637,0.06876,-0.300285044877867,0.300285044877867,approach
0.303,0,0.0230232861311518,0,14.5,0,0.0802627095591644,0.06844,-0.30062132221872,0.30062132221872,approach
0.304,0,0.0238483440784839,0.0287986917624765,14.5,0,0.0799617611675785,0.06812,-0.300953281136684,0.300953281136684,approach
0.305,0,0.0305921394491304,0.0710549116730095,14.5,0,0.0796604851367523,0.0678,-0.301280914160115,0.301280914160115,approach
0.306,0,0.0262218338135404,0,14.5,0,0.0793588857996985,0.06748,-0.301604215166377,0.301604215166377,approach
0.307,0,0.0224758575544632,0,14.5,0,0.0790569674942491,0.06716,-0.301923179350406,0.301923179350406,approach
0.308,0,0.0192650207609684,0,14.5,0,0.0787547345617696,0.06684,-0.302237803193664,0.302237803193664,approach
0.309,0,0.0181896670828531,0.0117375450141608,14.5,0,0.0784521913459012,0.06652,-0.302548084433461,0.302548084433461,approach
0.31,0,0.0155911432138741,0,14.5,0,0.0781493421913348,0.0662,-0.302854022032661,0.302854022032661,approach
0.311,0,0.0133638370404635,0,14.5,0,0.0778461914426142,0.06588,-0.303155616149766,0.303155616149766,approach
0.312,0,0.0114547174632544,0,14.5,0,0.0775427434429694,0.06556,-0.303452868109388,0.303452868109388,approach
0.313,0,0.00981832925421806,0,14.5,0,0.0772390025331789,0.06524,-0.303745780373094,0.303745780373094,approach
0.314,0,0.00841571078932977,0,14.5,0,0.0769349730504601,0.06492,-0.30403435651064,0.30403435651064,approach
0.315,0,0.00721346639085409,0,14.5,0,0.0766306593273893,0.0646,-0.304318601171585,0.304318601171585,approach
0.316,0,0.00618297119216065,0,14.5,0,0.0763260656908485,0.06428,-0.304598520057289,0.304598520057289,approach
0.317,0,0.00529968959328055,0,14.5,0,0.0760211964610008,0.06396,-0.304874119893291,0.304874119893291,approach
0.318,0,0.0128808383397205,0.0583677308183601,14.5,0,0.0757160559502929,0.06364,-0.305145408402077,0.305145408402077,approach
0.319,0,0.0110407185769033,0,14.5,0,0.075410648462484,0.06332,-0.30541239427622,0.30541239427622,approach
0.32,0,0.01241262090701,0.0206440348876506,14.5,0,0.075104978291701,0.063,-0.305675087151911,0.305675087151911,approach
0.321,0,0.0129766603706823,0.0163608971527158,14.5,0,0.0747990497215208,0.06268,-0.305933497582864,0.305933497582864,approach
0.322,0,0.0111228517462991,0,14.5,0,0.0744928670240775,0.06236,-0.30618763701461,0.30618763701461,approach
0.323,0,0.00953387292539923,0,14.5,0,0.0741864344591957,0.06204,-0.306437517759162,0.306437517759162,approach
0.324,0,0.0194978719494849,0.0792818660939986,14.5,0,0.0738797562735475,0.06172,-0.306683152970066,0.306683152970066,approach
0.325,0,0.016712461670987,0,14.5,0,0.0735728366998354,0.0614,-0.306924556617823,0.306924556617823,approach
0.326,0,0.0226145753058783,0.0580272571152256,14.5,0,0.0732656799559991,0.06108,-0.307161743465694,0.307161743465694,approach
0.327,0,0.0230245421212328,0.0254843430133601,14.5,0,0.0729582902444448,0.06076,-0.307394729045877,0.307394729045877,approach
0.328,0,0.0197353218181995,0,14.5,0,0.0726506717513008,0.06044,-0.307623529636055,0.307623529636055,approach
0.329,0,0.0401536303704886,0.162663481684223,14.5,0,0.0723428286456929,0.06012,-0.307848162236325,0.307848162236325,approach
0.33,0,0.034447004460167,0.000207248998236965,14.5,0,0.0720347650790446,0.0598,-0.308068644546485,0.308068644546485,approach
0.331,0,0.0356053042869416,0.0425551032475892,14.5,0,0.0717264851844003,0.05948,-0.3082849949437,0.3082849949437,approach
0.332,0,0.0305188322459499,0,14.5,0,0.0714179930757671,0.05916,-0.308497232460533,0.308497232460533,approach
0.333,0,0.0299586167822156,0.0265973239998096,14.5,0,0.0711092928474828,0.05884,-0.308705376763337,0.308705376763337,approach
0.334,0,0.0256788143847562,0,14.5,0,0.0708003885736008,0.05852,-0.308909448131014,0.308909448131014,approach
0.335,0,0.02965536757283,0.0535146867012729,14.5,0,0.0704912843072993,0.0582,-0.309109467434135,0.309109467434135,approach
0.336,0,0.0266619038677542,0.00870112163729914,14.5,0,0.0701819840803093,0.05788,-0.309305456114413,0.309305456114413,approach
0.337,0,0.022853060458075,0,14.5,0,0.0698724919023627,0.05756,-0.309497436164543,0.309497436164543,approach
0.338,0,0.0220577947894524,0.0172862007777165,14.5,0,0.0695628117606609,0.05724,-0.309685430108387,0.309685430108387,approach
0.339,0,0.024096219455131,0.0363267674492026,14.5,0,0.0692529476193631,0.05692,-0.309869460981514,0.309869460981514,approach
0.34,0,0.0206539023901123,0,14.5,0,0.0689429034190927,0.0566,-0.310049552312089,0.310049552312089,approach
0.341,0,0.0177033449058105,0,14.5,0,0.0686326830764631,0.05628,-0.310225728102112,0.310225728102112,approach
0.342,0,0.0151742956335519,0,14.5,0,0.068322290483622,0.05596,-0.310398012808994,0.310398012808994,approach
0.343,0,0.0250637502038734,0.0844004776258026,14.5,0,0.0680117295078137,0.05564,-0.310566431327482,0.310566431327482,approach
0.344,0,0.0214832144604629,0,14.5,0,0.0677010039909586,0.05532,-0.310731008971916,0.310731008971916,approach
0.345,0,0.0260148692139868,0.0532047977351301,14.5,0,0.067390117749252,0.055,-0.310891771458829,0.310891771458829,approach
0.346,0,0.0302114500684999,0.0553909351955783,14.5,0,0.0670790745727767,0.05468,-0.311048744889875,0.311048744889875,approach
0.347,0,0.0258955286301427,0,14.5,0,0.0667678782251359,0.05436,-0.311201955735084,0.311201955735084,approach
0.348,0,0.0221961673972652,0,14.5,0,0.0664565324431,0.05404,-0.311351430816458,0.311351430816458,approach
0.349,0,0.0218644612117986,0.0198742240989992,14.5,0,0.0661450409362708,0.05372,-0.31149719729187,0.31149719729187,approach
0.35,0,0.0266476283463439,0.0553466311536157,14.5,0,0.0658334073867606,0.0534,-0.311639282639308,0.311639282639308,approach
0.351,0,0.0387746866235145,0.111537036286538,14.5,0,0.0655216354488882,0.05308,-0.311777714641414,0.311777714641414,approach
0.352,0,0.0485357652745558,0.107102237180803,14.5,0,0.065209728748888,0.05276,-0.311912521370357,0.311912521370357,approach
0.353,0,0.0416020845210478,0,14.5,0,0.0648976908846357,0.05244,-0.312043731173006,0.312043731173006,approach
0.354,0,0.0356589295894696,0,14.5,0,0.0645855254253877,0.05212,-0.312171372656416,0.312171372656416,approach
0.355,0,0.0305647967909739,0,14.5,0,0.0642732359115345,0.0518,-0.312295474673617,0.312295474673617,approach
0.356,0,0.0294143754372368,0.0225118473148145,14.5,0,0.0639608258543694,0.05148,-0.31241606630971,0.31241606630971,approach
0.357,0,0.0273086484483327,0.014674286514908,14.5,0,0.0636482987358687,0.05116,-0.312533176868256,0.312533176868256,approach
0.358,0,0.0234074129557138,0,14.5,0,0.0633356580084869,0.05084,-0.312646835857963,0.312646835857963,approach
0.359,0,0.0229089701194608,0.0199183131019434,14.5,0,0.0630229070949643,0.05052,-0.312757072979665,0.312757072979665,approach
0.36,0,0.033238600099364,0.0952163799787831,14.5,0,0.0627100493881471,0.0502,-0.312863918113593,0.312863918113593,approach
0.361,0,0.0481840736773361,0.137856915145169,14.5,0,0.0623970882508215,0.04988,-0.312967401306921,0.312967401306921,approach
0.362,0,0.0582941015403458,0.118954268718404,14.5,0,0.0620840270155571,0.04956,-0.313067552761609,0.313067552761609,approach
0.363,0,0.056305060656862,0.0443708153559592,14.5,0,0.0617708689845644,0.04924,-0.31316440282251,0.31316440282251,approach
0.364,0,0.0536216871243575,0.0375214459293307,14.5,0,0.0614576174295644,0.04892,-0.313257981965766,0.313257981965766,approach
0.365,0,0.0459614461065922,0,14.5,0,0.0611442755916669,0.0486,-0.313348320787461,0.313348320787461,approach
0.366,0,0.0471237361163298,0.0540974761747552,14.5,0,0.0608308466812627,0.04828,-0.313435449992552,0.313435449992552,approach
0.367,0,0.0403917738139969,0,14.5,0,0.0605173338779248,0.048,-0.313519400384067,0.313519400384067,approach
0.368,0,0.0346215204119974,0,14.5,0,0.0602037474179332,0.048,-0.31359311861847,0.31359311861847,approach
0.369,0.141415241122614,0.0296755889245692,0,14.5,0.109853088630103,0.0598901469113699,0.0598698884571944,-0.313607254370597,0.313607254370597,force
0.37,1.04719846489331,0.0322188844216506,0.0474786574041394,14.5,0.417472289665606,0.0595825277103344,0.0598496335636326,-0.307628905285809,0.307628905285809,force
0.371,2.3663237810989,0.0306713977915512,0.0213864780109548,14.5,0.71909298939362,0.0592809070106064,0.0598293765035895,-0.301633214677166,0.301633214677166,force
0.372,3.96431333086998,0.0262897695356153,0,14.5,1.01463529769315,0.0589853647023069,0.0598091133092668,-0.29555751525078,0.29555751525078,force
0.373,5.77313072885413,0.0403742321038711,0.124881007513406,14.5,1.30397892225281,0.0586960210777472,0.0597888698331918,-0.289361417902141,0.289361417902141,force
0.374,7.74743639762099,0.196258092334473,1.13156125371808,14.5,1.58697429013877,0.0584130257098612,0.0597688445945211,-0.283015647578041,0.283015647578041,force
0.375,9.85306036094629,0.511211155599343,2.40092953518856,14.5,1.86344806663966,0.0581365519333603,0.0597492602901389,-0.276496443640979,0.276496443640979,force
0.376,12.0623246144701,0.998096412781068,3.91940795587142,14.5,2.13320866528188,0.0578667913347181,0.0597303576251168,-0.269785551538863,0.269785551538863,force
0.377,14.3517259754959,1.67782254311903,5.75617932514677,14.5,2.39605068280933,0.0576039493171907,0.0597124065766772,-0.262869148632513,0.262869148632513,force
0.378,16.7006429026294,2.54082105639364,7.71881213604133,14.5,2.65175842536166,0.0573482415746383,0.0596956637261561,-0.255736936093447,0.255736936093447,force
0.379,19.0905620726006,3.57921384159017,9.80957055276933,14.5,2.90010942888991,0.0570998905711101,0.0596803746255343,-0.248382133496264,0.248382133496264,force
0.38,21.5045895132859,4.79267745810512,12.0734591571948,14.5,3.14087752982719,0.0568591224701728,0.0596667843739757,-0.240801029563485,0.240801029563485,force
0.381,23.9271296818508,6.15389901571131,14.3212283613485,14.5,3.37383547058815,0.0566261645294119,0.0596550998325977,-0.232992517455216,0.232992517455216,force
0.382,26.3436770197664,7.66259575969951,16.7147762236287,14.5,3.59875771038336,0.0564012422896166,0.0596455274666613,-0.224958300354623,0.224958300354623,force
0.383,28.7406708591099,9.29846314279501,19.113667441368,14.5,3.81542252129369,0.0561845774787063,0.0596382453150612,-0.216702177223254,0.216702177223254,force
0.384,31.1054024803503,11.0476180473695,21.5425474748163,14.5,4.02361423664924,0.0559763857633508,0.0596334119803275,-0.208230195370023,0.208230195370023,force
0.385,33.4259526696439,12.8788362512231,23.8661454743448,14.5,4.22312520069999,0.0557768747993,0.0596311423510792,-0.19955035210629,0.19955035210629,force
0.386,35.6911565767861,14.7905653348897,26.2609398368892,14.5,4.41375785528591,0.0555862421447141,0.059631549142548,-0.19067273202276,0.19067273202276,force
0.387,37.890576280822,16.7814557391564,28.726798164757,14.5,4.59532614280716,0.0554046738571928,0.0596347431805829,-0.181608823668589,0.181608823668589,force
0.388,40.0144850174178,18.8303631329034,31.1238074953854,14.5,4.76765676239164,0.0552323432376084,0.0596408056889689,-0.172371372987857,0.172371372987857,force
0.389,42.053864204356,20.9110190888063,33.3949548242237,14.5,4.93059063777159,0.0550694093622284,0.0596497811156933,-0.162974595234904,0.162974595234904,force
0.39,44.0004061111127,23.0175193837572,35.6565211534627,14.5,5.08398433830443,0.0549160156616956,0.0596617056428305,-0.153434128353424,0.153434128353424,force
0.391,45.8465134037322,25.136708146151,37.8518407205132,14.5,5.22771100849762,0.0547722889915024,0.0596765970342351,-0.143766541697074,0.143766541697074,force
0.392,47.585303012632,27.2593703685842,39.9953437031835,14.5,5.36166130131142,0.0546383386986886,0.0596944601527511,-0.133989339954662,0.133989339954662,force
0.393,49.2106086183396,29.3867264740714,42.1508631069944,14.5,5.48574412012618,0.0545142558798738,0.0597153015698148,-0.124120771940799,0.124120771940799,force
0.394,50.7169794083542,31.4796419387107,44.0371347265468,14.5,5.59988706004964,0.0544001129399504,0.059739073068529,-0.114179530003549,0.114179530003549,force
0.395,52.0996903788693,33.5306122058848,45.8364338089292,14.5,5.70403744627018,0.0542959625537298,0.0597657159256173,-0.104185347193389,0.104185347193389,force
0.396,53.3547386485218,35.5458399268594,47.6372062527073,14.5,5.79816269715643,0.0542018373028436,0.0597951801015149,-0.0941583220141773,0.0941583220141773,force
0.397,54.4788349931058,37.4982112127989,49.212438928436,14.5,5.88225033927636,0.0541177496607236,0.0598273775972128,-0.0841185702862929,0.0841185702862929,force
0.398,55.4694041896637,39.3870636766039,50.7201784594333,14.5,5.95630850709058,0.0540436914929094,0.05986221948636,-0.0740867098601208,0.0740867098601208,force
0.399,56.3245719877062,41.2015345854877,52.0883600387908,14.5,6.02036587225892,0.0539796341277411,0.0598996016347797,-0.0640832900890771,0.0640832900890771,force
0.4,57.0431542755046,42.9373153921905,53.352000232407,14.5,6.07447165719901,0.053925528342801,0.0599394138763288,-0.0541288760042147,0.0541288760042147,force
0.401,57.6246405445288,44.6026171655355,54.594427805606,14.5,6.11869543990059,0.0538813045600994,0.0599815575403605,-0.0442438394096664,0.0442438394096664,force
0.402,58.0691709294371,46.1589589999711,55.4970100065842,14.5,6.15312665132754,0.0538468733486725,0.0600258800829605,-0.0344480512365591,0.0344480512365591,force
0.403,58.3775267066519,47.6206292257545,56.3906505804554,14.5,6.17787481329615,0.0538221251867039,0.0600722489638765,-0.0247616220793988,0.0247616220793988,force
0.404,58.5510973840231,48.9600561626253,56.9966177838499,14.5,6.19306876115289,0.0538069312388471,0.0601204930425042,-0.0152038865298544,0.0152038865298544,force
0.405,58.5918630710549,50.1979265969201,57.6251492026889,14.5,6.1988565331523,0.0538011434668477,0.0601694930425042,-0.00579406989639623,0.00579406989639623,force
0.406,58.5176691486219,51.3190408512118,58.0457263769623,14.5,6.19541660483527,0.0538045833951647,0.0602184930425042,0.00343736239197621,0,force
0.407,58.3411329226539,52.3171389187563,58.3057273240231,14.5,6.18295010094807,0.0538170498990519,0.0602674930425042,0.0124677342572159,0,force
0.408,58.0401857719569,53.2056784052256,58.5369153240412,14.5,6.16166900767535,0.0538383309923247,0.0603164930425042,0.0212861614939028,0,force
0.409,57.6186592228777,53.9697643371767,58.5542799288836,14.5,6.131799344945,0.053868200655055,0.0603654930425042,0.029878586117042,0,force
0.41,57.0808008240733,54.6143958272888,58.482184767961,14.5,6.09358033378556,0.0539064196662144,0.0604144930425042,0.0382317830388082,0,force
0.411,56.4312392180919,55.1519858216346,58.3775257877096,14.5,6.0472635210343,0.0539527364789657,0.0604634930425042,0.0463334029384315,0,force
0.412,55.6749483022307,55.5690389216263,58.0713575215764,14.5,5.99311186667976,0.0540068881333202,0.0605124930425042,0.0541720098356149,0,force
0.413,54.8172107190754,55.8672864168761,57.6567713883753,14.5,5.93139879916566,0.0540686012008343,0.0605614930425042,0.0617371133266755,0,force
0.414,53.8635809202533,56.0242244382458,56.9658525664639,14.5,5.86240724399373,0.0541375927560063,0.0606104930425042,0.0690191954667352,0,force
0.415,52.8198480472861,56.0728641426516,56.3647023690864,14.5,5.78642863095375,0.0542135713690463,0.0606594930425042,0.0760097323064666,0,retract
0.416,51.6857491357529,56.0016428034407,55.5743147681753,14.5,5.70330214009774,0.0542966978599023,0.0606624644415875,0.0831612232719492,0,retract
0.417,50.4738212266229,55.8261358343135,54.7730940195499,14.5,5.61379599138633,0.0543862040086137,0.0606713521675759,0.0895440877996343,0,retract
0.418,49.1894130982705,55.5349306507565,53.7876995494144,14.5,5.5181512042124,0.0544818487957876,0.0606861165135776,0.0956858132761112,0,retract
0.419,47.8380254461892,55.1512166314865,52.8489325158665,14.5,5.41661539353721,0.0545833846064628,0.0607067177727004,0.101579791099132,0,retract
0.42,46.4252816952182,54.6650593452353,51.7481156277285,14.5,5.30944183787906,0.0546905581621209,0.0607331162380525,0.107220345832672,0,retract
0.421,44.9568992952892,54.0548786266731,50.3937943152998,14.5,5.19688854295389,0.0548031114570461,0.0607652722027419,0.112602739633493,0,retract
0.422,43.4386617004976,53.3569482404653,49.1693659232188,14.5,5.07921730503107,0.0549207826949689,0.0608031459598765,0.117723172598813,0,retract
0.423,41.8763912236184,52.5826538631457,47.9368875992275,14.5,4.95669277794996,0.05504330722205,0.0608466978025645,0.12257877915224,0,retract
0.424,40.2759229498161,51.7039481350725,46.4317137666337,14.5,4.8295815476016,0.0551704184523984,0.0608958880239138,0.127167620610201,0,retract
0.425,38.6430798844587,50.7388968326352,44.9485890180111,14.5,4.69815121751254,0.0553018487824875,0.0609506769170324,0.131488674095615,0,retract
0.426,36.983649501017,49.6949545168694,43.4313006222744,14.5,4.56266950897679,0.0554373304910232,0.0610110247750283,0.135541817989289,0,retract
0.427,35.303361846452,48.5704969411953,41.8237514871512,14.5,4.42340337897239,0.0555765966210276,0.0610768918910096,0.139327814132591,0,retract
0.428,33.6078693535736,47.3876788291211,40.2907701566757,14.5,4.28061815886058,0.0557193818411394,0.0611482385580844,0.142848287017187,0,retract
0.429,31.9027285033105,46.1415464934101,38.6647524791439,14.5,4.13457671661032,0.0558654232833897,0.0612250250693605,0.146105700219211,0,retract
0.43,30.1933834752691,44.8337442437609,36.9869307458659,14.5,3.98553864501536,0.0560144613549846,0.0613072117179461,0.149103330356184,0,retract
0.431,28.485151923178,43.4831674685554,35.3797068173225,14.5,3.83375947807062,0.0561662405219294,0.0613947587969491,0.151845238865655,0,retract
0.432,26.7832130140045,42.060438382507,33.5240638662165,14.5,3.67948993735798,0.056320510062642,0.0614876265994776,0.154336241925082,0,retract
0.433,25.0925978770511,40.6120241051194,31.9215384407934,14.5,3.52297520995335,0.0564770247900467,0.0615857754186395,0.156581878853609,0,retract
0.434,23.4181826240724,39.1444801722412,30.339216574972,14.5,3.36445425900152,0.0566355457409985,0.061689165547543,0.158588379358665,0,retract
0.435,21.7646841261957,37.6151661517463,28.4392820287771,14.5,3.20415916772467,0.0567958408322753,0.061797757279296,0.160362630014831,0,retract
0.436,20.136658771664,36.0676880145343,26.7828191912621,14.5,3.04231451721002,0.05695768548279,0.0619115109070066,0.161912140390615,0,retract
0.437,18.538504485792,34.5023233583008,25.1101354208999,14.5,2.87913679788194,0.0571208632021181,0.0620303867237827,0.163245009272484,0,retract
0.438,16.9744663785749,32.9129119292353,23.3764433548426,14.5,2.71483385406366,0.0572851661459363,0.0621543450227324,0.164369891477752,0,retract
0.439,15.4486465084019,31.3412017269486,21.9109405132283,14.5,2.54960436049894,0.0574503956395011,0.0622833460969637,0.165295965802474,0,retract
0.44,13.9650184302325,29.7404150029001,20.135694658609,14.5,2.38363732907929,0.0576163626709207,0.0624173502395846,0.16603290472334,0,retract
0.441,12.5274474626914,28.1399368185963,18.5370677127733,14.5,2.21711164330787,0.0577828883566921,0.0625563177437031,0.166590846572232,0,retract
0.442,11.1397180079006,26.5542954306184,17.0404471027512,14.5,2.05019561717338,0.0579498043828266,0.0627002089024273,0.166980371041671,0,retract
0.443,9.80556986982969,24.9601939588558,15.3955851282804,14.5,1.88304657405183,0.0581169534259482,0.0628489840088652,0.167212479079174,0,retract
0.444,8.528746479361,23.4035803412399,14.0638986355443,14.5,1.71581043990236,0.0582841895600976,0.0630026033561248,0.167298578520959,0,retract
0.445,7.31305949686184,21.8407479206087,12.4637533968212,14.5,1.54862134323692,0.0584513786567631,0.0631610272373141,0.167250477254339,0,retract
0.446,6.16247689948708,20.3089888310085,11.1184342934076,14.5,1.38160121187868,0.0586183987881213,0.0633242159455411,0.167080386375565,0,retract
0.447,5.08124632023388,18.8082682486073,9.80394475420023,14.5,1.2148593529767,0.0587851406470233,0.0634921297739139,0.166800936891536,0,retract
0.448,4.07407412238446,17.3392140572727,8.52488890926492,14.5,1.04849199739997,0.0589515080026,0.0636647290155405,0.166425215312252,0,retract
0.449,3.14639818842352,15.9011602461021,7.27283737907823,14.5,0.882581781148549,0.0591174182188515,0.0638419739635288,0.165966826624977,0,retract
0.45,2.30483082353995,14.5074731073259,6.14535027466881,14.5,0.717197122079856,0.0592828028779201,0.064023824910987,0.165439998995217,0,retract
0.451,1.55794326219891,13.1569249719443,5.05363615965488,14.5,0.552391424090116,0.0594476085759099,0.0642102421510229,0.164859756365319,0,retract
0.452,0.917841898425226,11.8736395960572,4.17392734073432,14.5,0.388201988093313,0.0596117980119067,0.0644011859767448,0.164242211776187,0,retract
0.453,0.404051013507656,10.6375635104224,3.22110699661364,14.5,0.224648386116306,0.0597753516138837,0.0645966166812605,0.163605104493049,0,retract
0.454,0.0581999266840025,9.44783484370549,2.30946284340415,14.5,0.0617296945032222,0.0599382703054968,0.064796494557678,0.162968941447511,0,retract
0.455,0,8.33319114994188,1.6453289873602,14.5,0,0.0601005817153865,0.0650007798991055,0.162360441468633,0,retract
0.456,0,7.28117020567254,0.969044540056509,14.5,0,0.0602623586232921,0.0652094329986509,0.161824778285609,0,retract
0.457,0,6.29659918488745,0.389173060176906,14.5,0,0.0604236818358039,0.0654224141494223,0.161369980797439,0,retract
0.458,0,5.40387943598532,0.0475609425725201,14.5,0,0.0605846308106653,0.0656396836445275,0.160994697279432,0,retract
0.459,0,4.63189665941598,0,14.5,0,0.060745283664565,0.0658612017770748,0.160697583951736,0,retract
0.46,0,3.97964436222487,0.0661305790782101,14.5,0,0.0609057171811762,0.0660869288401721,0.160477305218386,0,retract
0.461,0,3.41952150335965,0.0587843501683313,14.5,0,0.0610660068194255,0.0663168251269274,0.16033253389078,0,retract
0.462,0,2.93185445303927,0.00585215111694982,14.5,0,0.0612262267219776,0.0665508509304487,0.16026195139606,0,retract
0.463,0,2.51542880087766,0.0168748879080208,14.5,0,0.0613864497239184,0.0667889665438441,0.160264247970887,0,retract
0.464,0,2.15965551897374,0.0250158275502181,14.5,0,0.0615467473616262,0.0670311322602216,0.160338122841057,0,retract
0.465,0,1.85979291760796,0.0606173094132745,14.5,0,0.0617071898818131,0.0672773083726891,0.160482284387448,0,retract
0.466,0,1.59410821509254,0,14.5,0,0.0618678462507247,0.0675274551743548,0.16069545029874,0,retract
0.467,0,1.36829373368134,0.0134068452141371,14.5,0,0.0620287841634868,0.0677815329583265,0.160976347711358,0,retract
0.468,0,1.17282320029829,0,14.5,0,0.0621900700535824,0.0680395020177125,0.161323713337096,0,retract
0.469,0,1.0052770288271,0,14.5,0,0.0623517691024519,0.0683013226456206,0.161736293578838,0,retract
0.47,0,0.862172641642529,0.00354631853507555,14.5,0,0.0625139452491999,0.0685669551351589,0.16221284463482,0,retract
0.471,0,0.739005121407882,0,14.5,0,0.0626766612004023,0.0688363597794354,0.162752132591844,0,retract
0.472,0,0.633432961206756,0,14.5,0,0.0628399784399988,0.0691094968715581,0.163352933507861,0,retract
0.473,0,0.542942538177219,0,14.5,0,0.0630039572392612,0.0693863267046351,0.164014033484318,0,retract
0.474,0,0.470070734080356,0.0328399094991781,14.5,0,0.0631686566668308,0.0696668095717743,0.164734228728671,0,retract
0.475,0,0.402917772068877,0,14.5,0,0.0633341345988102,0.0699509057660838,0.165512325607452,0,retract
0.476,0,0.353884894791502,0.0596876311272543,14.5,0,0.0635004477289045,0.0702385755806716,0.166347140690258,0,retract
0.477,0,0.313900976230666,0.0739974648656503,14.5,0,0.0636676515785998,0.0705297793086457,0.167237500785038,0,retract
0.478,0,0.272391143642512,0.0233321481135869,14.5,0,0.0638358005073733,0.0708244772431142,0.168182242965033,0,retract
0.479,0,0.241633822382361,0.0570898948214552,14.5,0,0.0640049477229253,0.071122629677185,0.16918021458773,0,retract
0.48,0,0.207114704899167,0,14.5,0,0.064175145291425,0.0714241969039662,0.170230273306158,0,retract
0.481,0,0.177526889913571,0,14.5,0,0.0643464441477633,0.0717291392165658,0.171331287072875,0,retract
0.482,0,0.16012299196507,0.0556996042740589,14.5,0,0.0645188941058071,0.0720374169080918,0.172482134136958,0,retract
0.483,0,0.152694085596298,0.108120647383671,14.5,0,0.0646925438686433,0.0723489902716522,0.173681703034326,0,retract
0.484,0,0.130880644796827,0,14.5,0,0.0648674410388129,0.0726638196003551,0.174928892571695,0,retract
0.485,0,0.122684576667796,0.0735081678936076,14.5,0,0.065043632128523,0.0729818651873085,0.176222611804468,0,retract
0.486,0,0.105158208572396,0,14.5,0,0.0652211625698343,0.0733030873256203,0.177561780008852,0,retract
0.487,0,0.0901356073477684,0,14.5,0,0.0654000767248171,0.0736274463083987,0.178945326648495,0,retract
0.488,0,0.0772590920123729,0,14.5,0,0.0655804178956712,0.0739549024287515,0.180372191335895,0,retract
0.489,0,0.0662220788677482,0,14.5,0,0.0657622283348035,0.074285415979787,0.181841323788881,0,retract
0.49,0,0.0567617818866413,0,14.5,0,0.0659455492548608,0.0746189472546129,0.183351683782398,0,retract
0.491,0,0.0582709625351546,0.0673260464262346,14.5,0,0.0661304208387099,0.0749554565463375,0.184902241095864,0,retract
0.492,0,0.0499465393158468,0,14.5,0,0.066316882249364,0.0752949041480687,0.186491975456347,0,retract
0.493,0,0.042811319413583,0,14.5,0,0.0665049716398496,0.0756372503529145,0.188119876477778,0,retract
0.494,0,0.036695416640214,0,14.5,0,0.0666947261630104,0.0759824554539829,0.18978494359646,0,retract
0.495,0,0.0314532142630406,0,14.5,0,0.0668861819812445,0.076330479744382,0.191486186003072,0,retract
0.496,0,0.0269598979397491,0,14.5,0,0.067079374276172,0.0766812835172198,0.193222622571401,0,retract
0.497,0,0.0231084839483563,0,14.5,0,0.0672743372582294,0.0770348270656042,0.194993281783991,0,retract
0.498,0,0.0201287039531113,0.00225002398164142,14.5,0,0.0674711041761889,0.0773910706826434,0.196797201654941,0,retract
0.499,0,0.0172531748169526,0,14.5,0,0.0676697073265971,0.0777499746614453,0.198633429650017,0,retract
0.5,0,0.0147884355573879,0,14.5,0,0.0678701780631344,0.078111499295118,0.20050102260429,0,retract
0.501,0,0.0126758019063325,0,14.5,0,0.0680725468058901,0.0784756048767694,0.202399046637469,0,retract
0.502,0,0.0130285819788927,0.0151452624142536,14.5,0,0.0682768430505513,0.0788422516995077,0.204326577067113,0,retract
0.503,0,0.011167355981908,0,14.5,0,0.0684830953775046,0.0792114000564407,0.206282698319898,0,retract
0.504,0,0.009572019413064,0,14.5,0,0.0686913314608476,0.0795830102406766,0.208266503841084,0,retract
0.505,0,0.00820458806834057,0,14.5,0,0.0689015780773099,0.0799570425453233,0.210277096002368,0,retract
0.506,0,0.00703250405857763,0,14.5,0,0.0691138611150803,0.0803334572634889,0.212313586008254,0,retract
0.507,0,0.00602786062163797,0,14.5,0,0.0693282055825403,0.0807122146882814,0.214375093801102,0,retract
0.508,0,0.00516673767568969,0,14.5,0,0.0695446356169024,0.0810932751128087,0.216460747964988,0,retract
0.509,0,0.0121608014451261,0.0541251840617447,14.5,0,0.0697631744927511,0.081476598830179,0.21856968562853,0,retract
0.51,0,0.0104235440958224,0,14.5,0,0.0699838446304872,0.0818621461335003,0.220701052366783,0,retract
0.511,0,0.0184905166004121,0.0668923516279501,14.5,0,0.0702066676046731,0.0822498773158805,0.222854002102365,0,retract
0.512,0,0.0158490142289246,0,14.5,0,0.0704316641522795,0.0826397526704277,0.225027697005906,0,retract
0.513,0,0.0135848693390782,0,14.5,0,0.0706588541808322,0.0830317324902499,0.227221307395961,0,retract
0.514,0,0.0159280770286518,0.0299873231660929,14.5,0,0.0708882567764592,0.083425777068455,0.229434011638484,0,retract
0.515,0,0.0149042466695898,0.0087612645152178,14.5,0,0.0711198902118369,0.0838218466981513,0.231664996045978,0,retract
0.516,0,0.0214363623825772,0.0606290566605017,14.5,0,0.0713537719540361,0.0842199016724466,0.233913454776432,0,retract
0.517,0,0.0183740248993519,0,14.5,0,0.0715899186722659,0.0846199022844489,0.236178589732127,0,retract
0.518,0,0.0247676053030086,0.0631290877249487,14.5,0,0.0718283462455193,0.0850218088272664,0.238459610458428,0,retract
0.519,0,0.0277728038875817,0.0458039953950203,14.5,0,0.0720690697701144,0.085425581594007,0.240755734042641,0,retract
0.52,0,0.02380526047507,0,14.5,0,0.0723121035671385,0.0858311808777787,0.243066185013024,0,retract
0.521,0,0.0204045089786314,0,14.5,0,0.0725574611897884,0.0862385669716895,0.245390195238042,0,retract
0.522,0,0.0219156067498383,0.0309821933770798,14.5,0,0.0728051554306131,0.0866477001688475,0.24772700382594,0,retract
0.523,0,0.0187848057855757,0,14.5,0,0.0730551983286546,0.0870585407623607,0.250075857024716,0,retract
0.524,0,0.0277135762785689,0.081286199236528,14.5,0,0.0733076011764909,0.0874710490453371,0.252436008122566,0,retract
0.525,0,0.0272799416628594,0.0246781339686025,14.5,0,0.0735623745271795,0.0878851853108848,0.25480671734887,0,retract
0.526,0,0.0259785595383718,0.0181702667914459,14.5,0,0.0738195282011017,0.0883009098521117,0.257187251775783,0,retract
0.527,0,0.0222673367471758,0,14.5,0,0.0740790712927106,0.0887181829621258,0.25957688522051,0,retract
0.528,0,0.019298694464483,0.00148684076832613,14.5,0,0.074341012177182,0.0891369649340353,0.261974898148297,0,retract
0.529,0,0.016541738112414,0,14.5,0,0.0746053585169681,0.089557216060948,0.264380577576233,0,retract
0.53,0,0.0141786326677834,0,14.5,0,0.0748721172682571,0.089978896635972,0.266793216977877,0,retract
0.531,0,0.0177832466209059,0.0394109303396408,14.5,0,0.0751412946873373,0.0904019669522154,0.269212116188802,0,retract
0.532,0,0.0205823984717723,0.0373773095769704,14.5,0,0.0754128963368689,0.0908263873027862,0.271636581313071,0,retract
0.533,0,0.0176420558329477,0,14.5,0,0.0756869270920615,0.0912521179807923,0.274065924630718,0,retract
0.534,0,0.0151217621425266,0,14.5,0,0.0759633911467623,0.0916791192793418,0.276499464506259,0,retract
0.535,0,0.0129615104078799,0,14.5,0,0.0762422920194522,0.0921073514915428,0.278936525298287,0,retract
0.536,0,0.0111098660638971,0,14.5,0,0.0765236325591528,0.0925367749105031,0.28137643727019,0,retract
0.537,0,0.0198755702810429,0.0724697955839179,14.5,0,0.0768074149512459,0.0929673498293309,0.283818536502014,0,retract
0.538,0,0.0170362030980368,0,14.5,0,0.0770936407232052,0.0933990365411342,0.286262164803529,0,retract
0.539,0,0.0146024597983172,0,14.5,0,0.0773823107502432,0.093831795339021,0.288706669628513,0,retract
0.54,0,0.0126812100168614,0.00115371132812624,14.5,0,0.0776734252608719,0.0942655865160993,0.291151403990291,0,retract
0.541,0,0.0192598451654865,0.0587316560572369,14.5,0,0.0779669838423824,0.0947003703654771,0.293595726378559,0,retract
0.542,0,0.0165084387132741,0,14.5,0,0.0782629854462405,0.0951361071802625,0.296039000677515,0,retract
0.543,0,0.0141500903256635,0,14.5,0,0.078561428393403,0.0955727572535634,0.29848059608533,0,retract
0.544,0,0.0122451181080818,0.000815284802591662,14.5,0,0.078862310379554,0.0960102808784879,0.300919887034968,0,retract
0.545,0,0.010495815521213,0,14.5,0,0.0791656284802638,0.096448638348144,0.303356253116396,0,retract
0.546,0,0.00899641330389685,0,14.5,0,0.0794713791560703,0.0968877899556398,0.305789079000185,0,retract
0.547,0,0.0151439242138586,0.0520289896736287,14.5,0,0.0797795582574873,0.0973276959940832,0.308217754362528,0,retract
0.548,0,0.0169337019234301,0.0276723681808597,14.5,0,0.0800901610299361,0.0977683167565822,0.310641673811697,0,retract
0.549,0,0.0145146016486544,0,14.5,0,0.0804031821186073,0.0982096125362449,0.313060236815941,0,retract
0.55,0,0.0128541607752384,0.00289151553474205,14.5,0,0.0807186155732515,0.0986515436261793,0.31547284763285,0,retract
0.551,0,0.0138877970382847,0.0200896146165627,14.5,0,0.0810364548528997,0.0990940703194935,0.317878915240193,0,retract
0.552,0,0.0299505738117796,0.126327234452749,14.5,0,0.0813566928305164,0.0995371529092953,0.320277853268235,0,retract
0.553,0,0.0256719204100968,0,14.5,0,0.0816793217975862,0.0999807516886929,0.322669079933556,0,retract
0.554,0,0.0261232946302871,0.0288315399514288,14.5,0,0.0820043334686359,0.100424826950794,0.325052017974366,0,retract
0.555,0,0.0253364723986267,0.0206155390086641,14.5,0,0.0823317189856936,0.100869338988708,0.327426094587328,0,retract
0.556,0,0.0350434984674304,0.0932856548802529,14.5,0,0.0826614689226837,0.101314248095541,0.329790741365902,0,retract
0.557,0,0.0316282078136517,0.0111364638909793,14.5,0,0.0829935732897653,0.101759514564401,0.332145394240206,0,retract
0.558,0,0.0271098924117014,0,14.5,0,0.0833280215376083,0.102205098688398,0.334489493418392,0,retract
0.559,0,0.0254302557923501,0.0153524360762417,14.5,0,0.0836648025616149,0.102650960760639,0.336822483329563,0,retract
0.56,0,0.0217973621077286,0,14.5,0,0.0840039047060828,0.103097061074231,0.339143812568202,0,retract
0.561,0,0.0271434425405314,0.0592199251373479,14.5,0,0.0843453157683174,0.103543359922283,0.341452933840141,0,retract
0.562,0,0.023265807891884,0,14.5,0,0.0846890230026877,0.103989817597904,0.343749303910047,0,retract
0.563,0,0.0199421210501863,0,14.5,0,0.085035013124634,0.1044363943942,0.346032383550444,0,retract
0.564,0,0.0232917122740058,0.043389259616923,14.5,0,0.085383272314624,0.10488305060428,0.348301637492251,0,retract
0.565,0,0.0199643248062907,0,14.5,0,0.0857337862220628,0.105329746521252,0.350556534376846,0,retract
0.566,0,0.0213647908630514,0.0297675872036155,14.5,0,0.0860865399691535,0.105776442438224,0.352796546709649,0,retract
0.567,0,0.0215250892194325,0.0224868793577192,14.5,0,0.0864415181547157,0.106223098648304,0.355021150815214,0,retract
0.568,0,0.0204025099727269,0.013667034492493,14.5,0,0.0867987048579579,0.106669675444601,0.357229826793829,0,retract
0.569,0,0.0281053416231421,0.0743223315256336,14.5,0,0.0871580836422097,0.107116133120221,0.359422058479624,0,retract
0.57,0,0.0240902928198361,0,14.5,0,0.0875196375586126,0.107562431968273,0.36159733340017,0,retract
0.571,0,0.0206488224170024,0,14.5,0,0.0878833491497715,0.108008532281866,0.363755142737563,0,retract
0.572,0,0.0176989906431449,0,14.5,0,0.0882492004533689,0.108454394354106,0.365894981291001,0,retract
0.573,0,0.0151705634084099,0,14.5,0,0.0886171730057436,0.108899978478103,0.368016347440818,0,retract
0.574,0,0.0130033400643514,0,14.5,0,0.0889872478454327,0.109345244946964,0.370118743113991,0,retract
0.575,0,0.0134773407867917,0.0163213451214339,14.5,0,0.0893594055166836,0.109790154053797,0.372201673751097,0,retract
0.576,0,0.0115520063886786,0,14.5,0,0.089733626072931,0.11023466609171,0.374264648274716,0,retract
0.577,0,0.00990171976172453,0,14.5,0,0.0901098890802454,0.110678741353811,0.376307179059264,0,retract
0.578,0,0.015259554279383,0.0474065613853339,14.5,0,0.0904881736207524,0.111122340133209,0.378328781902247,0,retract
0.579,0,0.0140212885811862,0.00659169439200519,14.5,0,0.0908684582960244,0.111565422723011,0.380328975996929,0,retract
0.58,0,0.0120182473553024,0,14.5,0,0.0912507212304459,0.112007949416325,0.382307283906397,0,retract
0.581,0,0.0184678564302309,0.0571655108798014,14.5,0,0.0916349400745545,0.112449880506259,0.384263231539004,0,retract
0.582,0,0.0173948091394101,0.0109565253944854,14.5,0,0.0920210920083586,0.112891176285922,0.386196348125198,0,retract
0.583,0,0.0149098364052086,0,14.5,0,0.092409153744633,0.113331797048421,0.3881061661957,0,retract
0.584,0,0.0127798597758931,0,14.5,0,0.092799101532193,0.113771703086864,0.389992221561026,0,retract
0.585,0,0.0269436255538386,0.111926220221512,14.5,0,0.0931909111591515,0.11421085469436,0.391854053292352,0,retract
0.586,0,0.0238899253314426,0.00556772399706681,14.5,0,0.0935845579561548,0.114649212164016,0.393691203703681,0,retract
0.587,0,0.0204770788555223,0,14.5,0,0.093980016799606,0.115086735788941,0.395503218335324,0,retract
0.588,0,0.023041014941145,0.0384246314548816,14.5,0,0.0943772621148682,0.115523385862242,0.397289645938659,0,retract
0.589,0,0.0197494413781243,0,14.5,0,0.094776267879457,0.115959122677027,0.399050038462164,0,retract
0.59,0,0.0169280926098208,0,14.5,0,0.09517700762622,0.116393906526405,0.400783951038709,0,retract
0.591,0,0.0155993017148768,0.00762655634521254,14.5,0,0.0955794544465025,0.116827697703483,0.402490941974083,0,retract
0.592,0,0.013370830041323,0,14.5,0,0.0959835809933046,0.11726045650137,0.404170572736739,0,retract
0.593,0,0.0199849511802128,0.0596696780135517,14.5,0,0.0963893594844291,0.117692143213173,0.405822407948755,0,retract
0.594,0,0.0215250703757057,0.0307657855486633,14.5,0,0.0967967617056205,0.118122718132001,0.407446015377979,0,retract
0.595,0,0.0184500603220335,0,14.5,0,0.0972057590136983,0.118552141550961,0.40904096593134,0,retract
0.596,0,0.0158143374188858,0,14.5,0,0.097616322339683,0.118980373763162,0.410606833649321,0,retract
0.597,0,0.013555146359045,0,14.5,0,0.0980284221919195,0.119407375061712,0.412143195701567,0,retract
0.598,0,0.012450435760389,0.00582217216845302,14.5,0,0.0984420286591962,0.119833105739718,0.413649632383602,0,retract
0.599,0,0.0106718020803334,0,14.5,0,0.0988571114138615,0.120257526090289,0.415125727114659,0,retract
0.6,0,0.00966578042230697,0.00362965047414817,14.5,0,0.0992736397149397,0.120680596406532,0.416571066436582,0,retract
0.601,0,0.0125981009169088,0.0301920238845195,14.5,0,0.0996915824112459,0.121102276981556,0.417985240013793,0,retract
0.602,0,0.0278502643082219,0.119363244656101,14.5,0,0.100110907944504,0.121522528108469,0.4193678406343,0,retract
0.603,0,0.0238716551213331,0,14.5,0,0.100531584352462,0.121941310080378,0.420718464211738,0,retract
0.604,0,0.0204614186754284,0,14.5,0,0.100953579272017,0.122358583190393,0.422036709788404,0,retract
0.605,0,0.0175383588646529,0,14.5,0,0.101376859942337,0.122774307731619,0.423322179539284,0,retract
0.606,0,0.0150328790268453,0,14.5,0,0.101801393207995,0.123188443997167,0.424574478777045,0,retract
0.607,0,0.0128853248801531,0,14.5,0,0.102227145522099,0.123600952280143,0.425793215957971,0,retract
0.608,0,0.0110445641829884,0,14.5,0,0.102654082949441,0.124011792873657,0.426978002688829,0,retract
0.609,0,0.0171390144639167,0.0537057161494865,14.5,0,0.103082171169644,0.124420926070815,0.428128453734636,0,retract
0.61,0,0.0146905838262143,0,14.5,0,0.103511375480321,0.124828312164726,0.429244187027318,0,retract
0.611,0,0.012591928993898,0,14.5,0,0.103941660800244,0.125233911448497,0.430324823675222,0,retract
0.612,0,0.0107930819947697,0,14.5,0,0.104372991672524,0.125637684215238,0.431369987973489,0,retract
0.613,0,0.00925121313837403,0,14.5,0,0.104805332267797,0.126039590758055,0.432379307415239,0,retract
0.614,0,0.0141134927616821,0.0432871705015306,14.5,0,0.105238646387431,0.126439591370058,0.433352412703559,0,retract
0.615,0,0.0120972795100132,0,14.5,0,0.105672897466737,0.126837646344353,0.434288937764281,0,retract
0.616,0,0.0164757313808961,0.0427464426061933,14.5,0,0.106108048578195,0.127233715974049,0.435188519759512,0,retract
0.617,0,0.021359600433613,0.0506628147499141,14.5,0,0.106544062434703,0.127627760552254,0.43605079910191,0,retract
0.618,0,0.0183082289430968,0,14.5,0,0.106980901392827,0.128019740372077,0.436875419469674,0,retract
0.619,0,0.0156927676655116,0,14.5,0,0.107418527456076,0.128409615726624,0.437662027822236,0,retract
0.62,0,0.0194516555316368,0.0420049827283883,14.5,0,0.107856902278194,0.128797346909004,0.438410274416621,0,retract
0.621,0,0.0172830206599444,0.00427121142978988,14.5,0,0.108295987166461,0.129182894212325,0.439119812824466,0,retract
0.622,0,0.0148140177085238,0,14.5,0,0.108735743085021,0.129566217929695,0.439790299949676,0,retract
0.623,0,0.0146755676523669,0.013844867315426,14.5,0,0.10917613065822,0.129947278354223,0.44042139604668,0,retract
0.624,0,0.0125790579877431,0,14.5,0,0.10961711017397,0.130326035779015,0.441012764739282,0,retract
0.625,0,0.0176025022248053,0.0477431676471784,14.5,0,0.110058641587126,0.130702450497181,0.441564073040085,0,retract
0.626,0,0.0180656981641089,0.020844873799931,14.5,0,0.110500684522889,0.131076482801828,0.442074991370445,0,retract
0.627,0,0.0281147820568065,0.0884092854129916,14.5,0,0.110943198280222,0.131448092986064,0.442545193580968,0,retract
0.628,0,0.0274261183535548,0.0232941361340449,14.5,0,0.111386141835296,0.131817241342997,0.44297435697249,0,retract
0.629,0,0.0340782351500132,0.0739909359287638,14.5,0,0.111829473844952,0.132183888165735,0.443362162317554,0,retract
0.63,0,0.0292099158428685,0,14.5,0,0.11227315265018,0.132547993747386,0.443708293882329,0,retract
0.631,0,0.0250370707224587,0,14.5,0,0.112717136279636,0.132909518381059,0.444012439448981,0,retract
0.632,0,0.021460346333536,0,14.5,0,0.113161382453161,0.133268422359861,0.444274290338443,0,retract
0.633,0,0.0321972323745639,0.0966185486207313,14.5,0,0.113605848585344,0.1336246659769,0.444493541433591,0,retract
0.634,0,0.0275976277496262,0,14.5,0,0.114050491789089,0.133978209525284,0.44466989120278,0,retract
0.635,0,0.0245583260889947,0.00632251612520526,14.5,0,0.114495268879224,0.134329013298122,0.444803041723735,0,retract
0.636,0,0.0211647090563698,0.000803006860620558,14.5,0,0.114940136376119,0.134677037588521,0.444892698707767,0,retract
0.637,0,0.0205177113473913,0.01663572509352,14.5,0,0.115385050509338,0.13502224268959,0.444938571524292,0,retract
0.638,0,0.0175866097263354,0,14.5,0,0.115829967221312,0.135364588894436,0.44494037322564,0,retract
0.639,0,0.0150742369082875,0,14.5,0,0.116274842171041,0.135704036496167,0.444897820572116,0,retract
0.64,0,0.0129207744928178,0,14.5,0,0.116719630737812,0.136040545787891,0.444810634057312,0,retract
0.641,0,0.0110749495652724,0,14.5,0,0.117164288024955,0.136374077062717,0.444678537933632,0,retract
0.642,0,0.00949281391309064,0,14.5,0,0.117608768863616,0.136704590613753,0.444501260238013,0,retract
0.643,0,0.0115651623312992,0.0239992528405508,14.5,0,0.118053027816556,0.137032046734106,0.444278532817825,0,retract
0.644,0,0.00991299628397077,0,14.5,0,0.118497019181984,0.137356405716884,0.44401009135693,0,retract
0.645,0,0.0269172418440644,0.128942715204626,14.5,0,0.118940696997406,0.137677627855196,0.443695675401865,0,retract
0.646,0,0.0236835529404536,0.0042814195187887,14.5,0,0.119384015043506,0.137995673442149,0.443335028388149,0,retract
0.647,0,0.0203001882346745,0,14.5,0,0.119826926848056,0.138310502770852,0.442927897666675,0,retract
0.648,0,0.0243361747736372,0.0485520940074136,14.5,0,0.120269385689843,0.138622076134412,0.442474034530175,0,retract
0.649,0,0.0208595783774034,0,14.5,0,0.120711344602633,0.138930353825938,0.441973194239739,0,retract
0.65,0,0.0178796386092029,0,14.5,0,0.121152756379157,0.139235296138538,0.441425136051367,0,retract
0.651,0,0.0301025550233116,0.103440053507964,14.5,0,0.12159357357512,0.139536863365319,0.440829623242518,0,retract
0.652,0,0.0258021900199814,0,14.5,0,0.122033748513245,0.13983501579939,0.440186423138672,0,retract
0.653,0,0.0263066103008163,0.0293331319858261,14.5,0,0.122473233287334,0.140129713733859,0.439495307139843,0,retract
0.654,0,0.0225485231149854,0,14.5,0,0.122911979766367,0.140420917461833,0.438756050747052,0,retract
0.655,0,0.0204056062044354,0.00754810474113551,14.5,0,0.123349939598611,0.14070858727642,0.437968433588739,0,retract
0.656,0,0.0207458019998061,0.0227869767720299,14.5,0,0.123787064215777,0.14099268347073,0.437132239447072,0,retract
0.657,0,0.0177821159998338,0,14.5,0,0.124223304837181,0.141273166337869,0.436247256284164,0,retract
0.658,0,0.0152418137141432,0,14.5,0,0.124658612473947,0.141549996170946,0.435313276268162,0,retract
0.659,0,0.014201759718686,0.00796143574594282,14.5,0,0.125092937933231,0.141823133263069,0.434330095799188,0,retract
0.66,0,0.014597828195713,0.0169742390578749,14.5,0,0.125526231822466,0.142092537907345,0.433297515535128,0,retract
0.661,0,0.012512424167754,0,14.5,0,0.125958444553644,0.142358170396884,0.432215340417232,0,retract
0.662,0,0.0139591159955943,0.0226392669626362,14.5,0,0.126389526347608,0.142619991024792,0.431083379695531,0,retract
0.663,0,0.0119649565676523,0,14.5,0,0.126819427238385,0.142877960084178,0.429901446954025,0,retract
0.664,0,0.0102556770579877,0,14.5,0,0.127248097077535,0.143132037868149,0.42866936013565,0,retract
0.665,0,0.00908464403823637,0.00205844591972861,14.5,0,0.127675485538523,0.143382184669815,0.427386941567002,0,retract
0.666,0,0.0104787696040309,0.018843522998798,14.5,0,0.128101542121124,0.143628360782283,0.426054017982786,0,retract
0.667,0,0.015490806700509,0.0455630292793775,14.5,0,0.128526216155844,0.14387052649866,0.424670420549992,0,retract
0.668,0,0.0199410541657789,0.0466425389573984,14.5,0,0.128949456808372,0.144108642112056,0.423235984891776,0,retract
0.669,0,0.021678369324956,0.0321022602800186,14.5,0,0.129371213084047,0.144342667915577,0.421750551111033,0,retract
0.67,0,0.0296848940851381,0.0777240426462307,14.5,0,0.129791433832357,0.144572564202332,0.420213963813636,0,retract
0.671,0,0.0329481138850879,0.052527432684787,14.5,0,0.130210067751456,0.144798291265429,0.418626072131346,0,retract
0.672,0,0.0282412404729325,0,14.5,0,0.130627063392707,0.145019809397977,0.416986729744357,0,retract
0.673,0,0.0294013541931065,0.0363620365141503,14.5,0,0.131042369165241,0.145237078893082,0.415295794903486,0,retract
0.674,0,0.0257371984613198,0.00375226407059954,14.5,0,0.131455933340546,0.145450060043853,0.413553130451968,0,retract
0.675,0,0.0220604558239884,0,14.5,0,0.13186770405707,0.145658713143399,0.411758603846866,0,retract
0.676,0,0.0189089621348472,0,14.5,0,0.132277629324854,0.145862998484826,0.409912087180073,0,retract
0.677,0,0.0247442357510598,0.0597558774483354,14.5,0,0.132685657030174,0.146062876361244,0.408013457198889,0,retract
0.678,0,0.0255039987126319,0.0300625764820646,14.5,0,0.133091734940214,0.146258307065759,0.406062595326174,0,retract
0.679,0,0.0218605703251131,0,14.5,0,0.133495810707752,0.146449250891481,0.404059387680056,0,retract
0.68,0,0.0202940426118297,0.0108948763321297,14.5,0,0.13389783187587,0.146635668131517,0.402003725093184,0,retract
0.681,0,0.0173948936672826,0,14.5,0,0.134297745882677,0.146817519078975,0.399895503131522,0,retract
0.682,0,0.0149099088576708,0,14.5,0,0.134695500066059,0.146994764026964,0.397734622112663,0,retract
0.683,0,0.0146810175417042,0.0133076696459047,14.5,0,0.135091041668437,0.14716736326859,0.395520987123668,0,retract
0.684,0,0.0151674354028773,0.0180859425699155,14.5,0,0.135484317841549,0.147335277096963,0.393254508038403,0,retract
0.685,0,0.0130006589167519,0,14.5,0,0.135875275651249,0.14749846580519,0.390935099534387,0,retract
0.686,0,0.0111434219286445,0,14.5,0,0.136263862082319,0.147656889686379,0.388562681109117,0,retract
0.687,0,0.0123416151433577,0.0195307744316365,14.5,0,0.136650024043298,0.147810509033639,0.386137177095889,0,retract
0.688,0,0.0181370878664181,0.0529099242047806,14.5,0,0.13703370837133,0.147959284140077,0.383658516679087,0,retract
0.689,0,0.0199318615121396,0.0307005033864685,14.5,0,0.13741486183702,0.148103175298801,0.381126633908949,0,retract
0.69,0,0.0170844527246911,0,14.5,0,0.13779343114931,0.14824214280292,0.378541467715785,0,retract
0.691,0,0.0155041466492791,0.00602231019680728,14.5,0,0.138169362960369,0.148376146945541,0.375902961923661,0,retract
0.692,0,0.0182567717741104,0.0347725225230982,14.5,0,0.138542603870489,0.148505148019772,0.373211065263539,0,retract
0.693,0,0.0294543712554133,0.0966399681432308,14.5,0,0.138913100433006,0.148629106318722,0.370465731385851,0,retract
0.694,0,0.0252466039332114,0,14.5,0,0.139280799159218,0.148747982135498,0.367666918872527,0,retract
0.695,0,0.027638813629674,0.0419920718084497,14.5,0,0.139645646523329,0.148861735763208,0.364814591248464,0,retract
0.696,0,0.0236904116825777,0,14.5,0,0.140007588967394,0.148970327494961,0.361908716992421,0,retract
0.697,0,0.0203060671564952,0,14.5,0,0.14036657290628,0.149073717623865,0.358949269547359,0,retract
0.698,0,0.017405200419853,0,14.5,0,0.140722544732632,0.149171866443027,0.355936227330205,0,retract
0.699,0,0.0196273777548408,0.0329604417647677,14.5,0,0.141075450821856,0.149264734245555,0.352869573741049,0,retract
0.7,0,0.0227301675243382,0.0413469061413225,14.5,0,0.141425237537101,0.149352281324558,0.349749297171768,0,retract
0.701,0,0.0194830007351471,0,14.5,0,0.141771851234255,0.149434467973144,0.346575391014082,0,retract
0.702,0,0.0183359548317958,0.0114536794116883,14.5,0,0.14211523826695,0.14951125448442,0.343347853667032,0,retract
0.703,0,0.0157165327129678,0,14.5,0,0.142455344991569,0.149582601151495,0.340066688543888,0,retract
0.704,0,0.0136945610051189,0.00156273075802532,14.5,0,0.142792117772265,0.149648468267476,0.336731904078491,0,retract
0.705,0,0.0117381951472448,0,14.5,0,0.143125502985978,0.149708816125472,0.333343513731017,0,retract
0.706,0,0.0100613101262098,0,14.5,0,0.143455447027467,0.14976360501859,0.329901535993177,0,retract
0.707,0,0.00862398010817983,0,14.5,0,0.143781896314339,0.14981279523994,0.326405994392854,0,retract
0.708,0,0.0112714369471898,0.0271561779812499,14.5,0,0.144104797292086,0.149856347082628,0.322856917498172,0,retract
0.709,0,0.01317108444302,0.0245689694180008,14.5,0,0.144424096439125,0.149894220839762,0.319254338921009,0,retract
0.71,0,0.0150944343822768,0.0266345340178178,14.5,0,0.144739740271841,0.149926376804452,0.315598297319952,0,retract
0.711,0,0.0189438512616295,0.0420403525377455,14.5,0,0.145051675349628,0.149952775269804,0.311888836402701,0,retract
0.712,0,0.0162375867956824,0,14.5,0,0.145359848279944,0.149973376528927,0.308126004927927,0,retract
0.713,0,0.0217543745459042,0.0548551010472348,14.5,0,0.145664205723352,0.149988140874928,0.304309856706586,0,retract
0.714,0,0.0204538344358666,0.0126505937756411,14.5,0,0.145964694398575,0.149997028600917,0.300440450602701,0,retract
0.715,0,0.0238294402263626,0.0440830749693387,14.5,0,0.146261261087539,0.15,0.296517850533607,0,retract
0.716,0,0.0204252344797394,0,14.5,0,0.146553852640431,0.15,0.292542125469676,0,retract
0.717,0,0.0233802912271125,0.0411106317113515,14.5,0,0.146842502652654,0.15,0.288600045762857,0,retract
0.718,0,0.0200402496232393,0,14.5,0,0.147127244611301,0.15,0.284691501556232,0,retract
0.719,0,0.0171773568199194,0,14.5,0,0.147408111892133,0.15,0.280816379999204,0,retract
0.72,0,0.025535513693152,0.0756844549325476,14.5,0,0.147685137756615,0.15,0.276974565318357,0,retract
0.721,0,0.0218875831655589,0,14.5,0,0.147958355349034,0.15,0.273165938888046,0,retract
0.722,0,0.018760785570479,0,14.5,0,0.148227797693685,0.15,0.269390379300678,0,retract
0.723,0,0.0181537192639268,0.0145113214246136,14.5,0,0.148493497692123,0.15,0.265647762436642,0,retract
0.724,0,0.0229265485447183,0.051563524229467,14.5,0,0.148755488120495,0.15,0.261937961533838,0,retract
0.725,0,0.0264493093515045,0.0475858741922219,14.5,0,0.149013801626929,0.15,0.2582608472568,0,retract
0.726,0,0.0332165892390821,0.0738202685645478,14.5,0,0.149268470729006,0.15,0.254616287765336,0,retract
0.727,0,0.0371805057622523,0.0609640049012735,14.5,0,0.149519527811287,0.15,0.251004148782704,0,retract
0.728,0,0.0318690049390734,0,14.5,0,0.149767005122923,0.15,0.247424293663262,0,retract
0.729,0,0.0273162899477772,0,14.5,0,0.150010934775318,0.15,0.243876583459585,0,retract
0.73,0,0.0234139628123805,0,14.5,0,0.150251348739867,0.15,0.24036087698902,0,retract
0.731,0,0.0200691109820404,0,14.5,0,0.150488278845762,0.15,0.236877030899663,0,retract
0.732,0,0.0194621945880773,0.0158206962242983,14.5,0,0.150721756777863,0.15,0.233424899735735,0,retract
0.733,0,0.0228487474397055,0.043168064549475,14.5,0,0.150951814074625,0.15,0.230004336002349,0,retract
0.734,0,0.0268368596712203,0.0507655330603094,14.5,0,0.151178482126106,0.15,0.226615190229635,0,retract
0.735,0,0.0263074401053472,0.0231309227101086,14.5,0,0.151401792172023,0.15,0.223257311036227,0,retract
0.736,0,0.0225492343760119,0,14.5,0,0.151621775299887,0.15,0.219930545192097,0,retract
0.737,0,0.0193279151794388,0,14.5,0,0.151838462443181,0.15,0.216634737680709,0,retract
0.738,0,0.0206631523822473,0.0286745755990986,14.5,0,0.152051884379624,0.15,0.213369731760504,0,retract
0.739,0,0.0193353164977356,0.011368301190665,14.5,0,0.152262071729471,0.15,0.210135369025692,0,retract
0.74,0,0.0165731284266305,0,14.5,0,0.152469054953897,0.15,0.206931489466343,0,retract
0.741,0,0.0142055386513976,0,14.5,0,0.152672864353421,0.15,0.203757931527786,0,retract
0.742,0,0.0121761759869122,0,14.5,0,0.152873530066405,0.15,0.200614532169288,0,retract
0.743,0,0.0200773605322888,0.0674844678045481,14.5,0,0.153071082067598,0.15,0.197501126922012,0,retract
0.744,0,0.0276291792618863,0.0729400916394713,14.5,0,0.153265550166751,0.15,0.194417549946269,0,retract
0.745,0,0.0391597455145442,0.108343143030492,14.5,0,0.153456964007275,0.15,0.19136363408803,0,retract
0.746,0,0.0383035471651643,0.0331663570688848,14.5,0,0.153645353064967,0.15,0.188339210934714,0,retract
0.747,0,0.0328316118558551,0,14.5,0,0.153830746646785,0.15,0.185344110870237,0,retract
0.748,0,0.0383176659466895,0.071233990491696,14.5,0,0.154013173889678,0.15,0.18237816312934,0,retract
0.749,0,0.032843713668591,0,14.5,0,0.154192663759473,0.15,0.179441195851158,0,retract
0.75,0,0.0332367202745567,0.0355947599103509,14.5,0,0.154369245049815,0.15,0.176533036132067,0,retract
0.751,0,0.0284886173781915,0,14.5,0,0.154542946381152,0.15,0.173653510077777,0,retract
0.752,0,0.0244188148955927,0,14.5,0,0.154713796199785,0.15,0.170802442854695,0,retract
0.753,0,0.0282988317868698,0.0515789331345324,14.5,0,0.154881822776957,0.15,0.167979658740533,0,retract
0.754,0,0.0242561415316027,0,14.5,0,0.155047054207998,0.15,0.165184981174184,0,retract
0.755,0,0.0350214241699,0.0996131199996841,14.5,0,0.155209518411518,0.15,0.162418232804847,0,retract
0.756,0,0.0318194755554756,0.0126077838689288,14.5,0,0.155369243128651,0.15,0.159679235540415,0,retract
0.757,0,0.0272738361904076,0,14.5,0,0.15552625592234,0.15,0.156967810595122,0,retract
0.758,0,0.0233775738774923,0,14.5,0,0.155680584176682,0.15,0.154283778536449,0,retract
0.759,0,0.0200379204664219,0,14.5,0,0.155832255096303,0.15,0.151626959331285,0,retract
0.76,0,0.0185494442542688,0.00961858698135014,14.5,0,0.155981295705795,0.15,0.148997172391365,0,retract
0.761,0,0.0204287591149932,0.0317046482793398,14.5,0,0.156127732849186,0.15,0.146394236617958,0,retract
0.762,0,0.0175103649557085,0,14.5,0,0.156271593189459,0.15,0.14381797044583,0,retract
0.763,0,0.0150088842477501,0,14.5,0,0.156412903208116,0.15,0.141268191886475,0,retract
0.764,0,0.0210918587870541,0.0575897060228777,14.5,0,0.156551689204783,0.15,0.138744718570616,0,retract
0.765,0,0.0180787361031892,0,14.5,0,0.156687977296854,0.15,0.136247367789983,0,retract
0.766,0,0.0274144989256599,0.0834290758604842,14.5,0,0.156821793419183,0.15,0.133775956538362,0,retract
0.767,0,0.0327784782743886,0.0649623543667605,14.5,0,0.156953163323812,0.15,0.131330301551936,0,retract
0.768,0,0.0280958385209045,0,14.5,0,0.157082112579738,0.15,0.128910219348894,0,retract
0.769,0,0.026894980014299,0.0196898289746661,14.5,0,0.157208666572724,0.15,0.126515526268343,0,retract
0.77,0,0.0230528400122563,0,14.5,0,0.157332850505143,0.15,0.124146038508496,0,retract
0.771,0,0.0198927607217081,0.000932284978418925,14.5,0,0.157454689395864,0.15,0.121801572164165,0,retract
0.772,0,0.0223777688264887,0.037287817455172,14.5,0,0.157574208080173,0.15,0.119481943263547,0,retract
0.773,0,0.0191809447084189,0,14.5,0,0.157691431209728,0.15,0.11718696780431,0,retract
0.774,0,0.0164408097500733,0,14.5,0,0.157806383252557,0.15,0.114916461788994,0,retract
0.775,0,0.01409212264292,0,14.5,0,0.157919088493082,0.15,0.112670241259708,0,retract
0.776,0,0.01207896226536,0,14.5,0,0.158029571032185,0.15,0.110448122332157,0,retract
0.777,0,0.0103533962274514,0,14.5,0,0.1581378547873,0.15,0.108249921228976,0,retract
0.778,0,0.0164620630360882,0.0531140638879091,14.5,0,0.158243963492547,0.15,0.106075454312394,0,retract
0.779,0,0.0141103397452185,0,14.5,0,0.158347920698886,0.15,0.103924538116225,0,retract
0.78,0,0.0130008245599678,0.00634373344846343,14.5,0,0.158449749774317,0.15,0.101796989377193,0,retract
0.781,0,0.0111435639085438,0,14.5,0,0.158549473904101,0.15,0.0996926250655874,0,retract
0.782,0,0.00955162620732325,0,14.5,0,0.15864711609101,0.15,0.0976112624152766,0,retract
0.783,0,0.00904157494914096,0.00598126740004722,14.5,0,0.158742699155617,0.15,0.0955527189530536,0,retract
0.784,0,0.016995508096929,0.0647191069836572,14.5,0,0.158836245736601,0.15,0.0935168125273436,0,retract
0.785,0,0.0145675783687963,0,14.5,0,0.158927778291095,0.15,0.0915033613362675,0,retract
0.786,0,0.0124864957446825,0,14.5,0,0.159017319095047,0.15,0.0895121839550686,0,retract
0.787,0,0.0134071912702972,0.0189313644239855,14.5,0,0.159104890243621,0.15,0.0875430993629089,0,retract
0.788,0,0.0194982963848791,0.0560449270723703,14.5,0,0.159190513651615,0.15,0.085595926969039,0,retract
0.789,0,0.0167128254727535,0,14.5,0,0.159274211053907,0.15,0.0836704866383475,0,retract
0.79,0,0.0143252789766459,0,14.5,0,0.159356004005933,0.15,0.0817665987162969,0,retract
0.791,0,0.0142045396113221,0.0134801034193793,14.5,0,0.159435913884178,0.15,0.0798840840532493,0,retract
0.792,0,0.0121753196668475,0,14.5,0,0.159513961886699,0.15,0.0780227640281888,0,retract
0.793,0,0.0148848350969553,0.0311419276776021,14.5,0,0.159590169033668,0.15,0.0761824605718468,0,retract
0.794,0,0.0257691141465869,0.0910747884443766,14.5,0,0.159664556167943,0.15,0.0743629961892356,0,retract
0.795,0,0.0220878121256459,0,14.5,0,0.15973714395565,0.15,0.072564193981594,0,retract
0.796,0,0.0189324103934108,0,14.5,0,0.159807952886798,0.15,0.0707858776677554,0,retract
0.797,0,0.0162277803372093,0,14.5,0,0.159877003275909,0.15,0.0690278716049401,0,retract
0.798,0,0.0146076665746876,0.00488698399955795,14.5,0,0.159944315262672,0.15,0.0672900008089787,0,retract
0.799,0,0.0236071555362676,0.0776040893057471,14.5,0,0.160009908812608,0.15,0.0655720909739754,0,retract
0.8,0,0.020963677448562,0.00510280892232829,14.5,0,0.16007380371777,0.15,0.0638739684914128,0,retract
0.801,0,0.0179688663844817,0,14.5,0,0.160136019597445,0.15,0.0621954604687076,0,retract
0.802,0,0.0154018854724129,0,14.5,0,0.160196575898884,0.15,0.0605363947472224,0,retract
0.803,0,0.0155130636357263,0.016180132615607,14.5,0,0.160255491898049,0.15,0.0588965999197393,0,retract
0.804,0,0.0227124247738822,0.0659085916028179,14.5,0,0.160312786700374,0.15,0.0572759053474014,0,retract
0.805,0,0.0194677926633276,0,14.5,0,0.160368479241543,0.15,0.0556741411761295,0,retract
0.806,0,0.0166866794257094,0,14.5,0,0.160422588288287,0.15,0.054091138352519,0,retract
0.807,0,0.0191798179492321,0.0341386490903679,14.5,0,0.160475132439193,0.15,0.0525267286392238,0,retract
0.808,0,0.0164398439564846,0,14.5,0,0.160526130125529,0.15,0.0509807446298331,0,retract
0.809,0,0.0227347134049996,0.0605039300960893,14.5,0,0.160575599612086,0.15,0.0494530197632489,0,retract
0.81,0,0.0194868972042853,0,14.5,0,0.16062355899803,0.15,0.0479433883375675,0,retract
0.811,0,0.0167030547465303,0,14.5,0,0.160670026217773,0.15,0.046451685523474,0,retract
0.812,0,0.0246213778128363,0.0721313162106722,14.5,0,0.160715019041847,0.15,0.0449777473771553,0,retract
0.813,0,0.0211040381252882,0,14.5,0,0.160758555077803,0.15,0.0435214108527374,0,retract
0.814,0,0.0180891755359614,0,14.5,0,0.160800651771117,0.15,0.0420825138142541,0,retract
0.815,0,0.0155050076022526,0,14.5,0,0.160841326406099,0.15,0.0406608950471522,0,retract
0.816,0,0.0164616135225608,0.02220124904441,14.5,0,0.160880596106832,0.15,0.0392563942693423,0,retract
0.817,0,0.0141099544479092,0,14.5,0,0.160918477838101,0.15,0.0378688521417968,0,retract
0.818,0,0.0120942466696365,0,14.5,0,0.160954988406347,0.15,0.0364981102787075,0,retract
0.819,0,0.0103664971454027,0,14.5,0,0.160990144460626,0.15,0.0351440112572029,0,retract
0.82,0,0.0100398774502204,0.00808015927912652,14.5,0,0.161023962493576,0.15,0.0338063986266371,0,retract
0.821,0,0.00860560924304606,0,14.5,0,0.161056458842392,0.15,0.0324851169174523,0,retract
0.822,0,0.0171356311758088,0.0683157627723855,14.5,0,0.161087649689817,0.15,0.0311800116496239,0,retract
0.823,0,0.0234964785174362,0.0616615625672006,14.5,0,0.161117551065132,0.15,0.0298909293406932,0,retract
0.824,0,0.0201398387292311,0,14.5,0,0.161146178845157,0.15,0.0286177175133953,0,retract
0.825,0,0.0172627189107695,0,14.5,0,0.161173548755265,0.15,0.0273602247028855,0,retract
0.826,0,0.0156822870228714,0.00619969569548299,14.5,0,0.161199676370392,0.15,0.0261183004635758,0,retract
0.827,0,0.0210681578996759,0.0533833831605032,14.5,0,0.161224577116061,0.15,0.0248917953755811,0,retract
0.828,0,0.0180584210568651,0,14.5,0,0.161248266269415,0.15,0.0236805610507874,0,retract
0.829,0,0.0182891311696532,0.0196733918463817,14.5,0,0.161270758960244,0.15,0.0224844501385442,0,retract
0.83,0,0.0219362687172961,0.0438190940031536,14.5,0,0.161292070172031,0.15,0.0213033163309894,0,retract
0.831,0,0.0217304939496436,0.0204958453437289,14.5,0,0.161312214742995,0.15,0.0201370143680111,0,retract
0.832,0,0.0186261376711231,0,14.5,0,0.161331207367137,0.15,0.0189854000418555,0,retract
0.833,0,0.0229823040034948,0.0491193019977248,14.5,0,0.161349062595301,0.15,0.0178483302013828,0,retract
0.834,0,0.0207964103549169,0.00768104846344942,14.5,0,0.161365794836224,0.15,0.0167256627559812,0,retract
0.835,0,0.0178254945899288,0,14.5,0,0.161381418357604,0.15,0.0156172566791423,0,retract
0.836,0,0.0152789953627961,0,14.5,0,0.161395947287161,0.15,0.0145229720117056,0,retract
0.837,0,0.0154799768977216,0.016685866107275,14.5,0,0.161409395613706,0.15,0.0134426698647774,0,retract
0.838,0,0.0151378411029272,0.0130850263341607,14.5,0,0.161421777188213,0.15,0.01237621242233,0,retract
0.839,0,0.0253086733087925,0.0863336665439844,14.5,0,0.161433105724889,0.15,0.0113234629434874,0,retract
0.84,0,0.0322821114782529,0.0741227404950148,14.5,0,0.161443394802251,0.15,0.010284285764504,0,retract
0.841,0,0.0276703812670739,0,14.5,0,0.161452657864203,0.15,0.00925854630044054,0,retract
0.842,0,0.0237174696574919,0,14.5,0,0.161460908221112,0.15,0.00824611104654523,0,retract
0.843,0,0.0285663344263602,0.0576595230395703,14.5,0,0.161468159050889,0.15,0.00724684757934419,0,retract
0.844,0,0.0244854295083088,0,14.5,0,0.161474423400071,0.15,0.00626062455744791,0,retract
0.845,0,0.0209875110071218,0,14.5,0,0.161479714184897,0.15,0.00528731172207936,0,retract
0.846,0,0.0280902858529271,0.0707069349277588,14.5,0,0.161484044192393,0.15,0.00432677989732879,0,retract
0.847,0,0.0240773878739375,0,14.5,0,0.161487426081452,0.15,0.00337890099014204,0,retract
0.848,0,0.0206377610348036,0,14.5,0,0.161489872383915,0.15,0.00244354799004712,0,retract
0.849,0,0.0179386268308627,0.00174382160721778,14.5,0,0.161491395505652,0.15,0.00152059496862466,0,retract
0.85,0,0.0153759658550252,0,14.5,0,0.16149200772764,0.15,0.000609917078728415,0,retract
0.851,0,0.0131793993043073,0,14.5,0,0.161491721207044,0.15,-0.000288609446539622,0.000288609446539622,retract
0.852,0,0.0154310132966953,0.0289406972510228,14.5,0,0.161490547978294,0.15,-0.00117510729509278,0.00117510729509278,retract
0.853,0,0.0238974752908335,0.0746962472556631,14.5,0,0.16148849995416,0.15,-0.0020496980773579,0.0020496980773579,retract
0.854,0,0.0204835502492859,0,14.5,0,0.161485588926828,0.15,-0.00291250232800196,0.00291250232800196,retract
0.855,0,0.0175573287851022,0,14.5,0,0.161481826568973,0.15,-0.00376363950788188,0.00376363950788188,retract
0.856,0,0.015049138958659,0,14.5,0,0.161477224434825,0.15,-0.00460322800621246,0.00460322800621246,retract
0.857,0,0.0128992619645649,0,14.5,0,0.161471793961246,0.15,-0.00543138514294735,0.00543138514294735,retract
0.858,0,0.0110565102553413,0,14.5,0,0.161465546468786,0.15,-0.00624822717136704,0.00624822717136704,retract
0.859,0,0.00947700879029255,0,14.5,0,0.161458493162751,0.15,-0.00705386928086987,0.00705386928086987,retract
0.86,0,0.0131052585754575,0.0348747572864472,14.5,0,0.161450645134264,0.15,-0.00784842559996072,0.00784842559996072,retract
0.861,0,0.0112330787789636,0,14.5,0,0.161442013361319,0.15,-0.00863200919943106,0.00863200919943106,retract
0.862,0,0.00962835323911164,0,14.5,0,0.161432608709835,0.15,-0.00940473209572761,0.00940473209572761,retract
0.863,0,0.015846566067877,0.0531558430404694,14.5,0,0.161422441934707,0.15,-0.0101667052545028,0.0101667052545028,retract
0.864,0,0.0149975542484295,0.00990348333174414,14.5,0,0.161411523680853,0.15,-0.0109180385943426,0.0109180385943426,retract
0.865,0,0.0128550464986538,0,14.5,0,0.161399864484252,0.15,-0.0116588409906681,0.0116588409906681,retract
0.866,0,0.0110186112845604,0,14.5,0,0.161387474772989,0.15,-0.0123892202798042,0.0123892202798042,retract
0.867,0,0.0109249174067261,0.0103627541397201,14.5,0,0.161374364868285,0.15,-0.013109283263212,0.013109283263212,retract
0.868,0,0.0184465031909948,0.0635760178966067,14.5,0,0.161360544985528,0.15,-0.0138191357118793,0.0138191357118793,retract
0.869,0,0.0158112884494241,0,14.5,0,0.161346025235298,0.15,-0.0145188823708661,0.0145188823708661,retract
0.87,0,0.0142566014116596,0.00492847918507257,14.5,0,0.161330815624388,0.15,-0.0152086269639986,0.0152086269639986,retract
0.871,0,0.0122199440671368,0,14.5,0,0.16131492605682,0.15,-0.0158884721987083,0.0158884721987083,retract
0.872,0,0.0137068960084746,0.0226286076565013,14.5,0,0.161298366334857,0.15,-0.0165585197710119,0.0165585197710119,retract
0.873,0,0.0117487680072639,0,14.5,0,0.161281146160007,0.15,-0.0172188703706272,0.0172188703706272,retract
0.874,0,0.0100703725776548,0,14.5,0,0.161263275134024,0.15,-0.0178696236862199,0.0178696236862199,retract
0.875,0,0.0114259063306513,0.0195591088486305,14.5,0,0.161244762759905,0.15,-0.0185108784107795,0.0185108784107795,retract
0.876,0,0.0103833718779579,0.00412816516179735,14.5,0,0.161225618442879,0.15,-0.0191427322471162,0.0191427322471162,retract
0.877,0,0.00890003303824962,0,14.5,0,0.161205851491391,0.15,-0.0197652819134787,0.0197652819134787,retract
0.878,0,0.0076285997470711,0,14.5,0,0.161185471118082,0.15,-0.020378623149286,0.020378623149286,retract
0.879,0,0.0163310009109528,0.0685454078942432,14.5,0,0.161164486440757,0.15,-0.0209828507209696,0.0209828507209696,retract
0.88,0,0.0187453616879886,0.0332315263502033,14.5,0,0.161142906483359,0.15,-0.0215780584279234,0.0215780584279234,retract
0.881,0,0.0163005497603364,0.00163167819442281,14.5,0,0.161120740176927,0.15,-0.0221643391085552,0.0221643391085552,retract
0.882,0,0.0153120356144789,0.00938095073933417,14.5,0,0.161097996360547,0.15,-0.0227417846464386,0.0227417846464386,retract
0.883,0,0.0131246019552676,0,14.5,0,0.161074683782307,0.15,-0.0233104859765583,0.0233104859765583,retract
0.884,0,0.0112496588188008,0,14.5,0,0.161050811100234,0.15,-0.0238705330916478,0.0238705330916478,retract
0.885,0,0.0137342505906699,0.0286418012218841,14.5,0,0.161026386883232,0.15,-0.0244220150486136,0.0244220150486136,retract
0.886,0,0.0117722147920027,0,14.5,0,0.161001419612012,0.15,-0.0249650199750442,0.0249650199750442,retract
0.887,0,0.0218124960795622,0.0820541838049189,14.5,0,0.160975917680013,0.15,-0.0254996350757983,0.0254996350757983,retract
0.888,0,0.0310103572280603,0.0861975241190492,14.5,0,0.16094988939432,0.15,-0.02602594663967,0.02602594663967,retract
0.889,0,0.0305014497093984,0.0274480045974267,14.5,0,0.160923342976572,0.15,-0.0265440400461268,0.0265440400461268,retract
0.89,0,0.0261440997509129,0,14.5,0,0.160896286563865,0.15,-0.0270539997721174,0.0270539997721174,retract
0.891,0,0.0224092283579253,0,14.5,0,0.160868728209649,0.15,-0.0275559093989452,0.0275559093989452,retract
0.892,0,0.0192079100210789,0,14.5,0,0.160840675884615,0.15,-0.0280498516192053,0.0280498516192053,retract
0.893,0,0.0203392167037257,0.027127056799607,14.5,0,0.160812137477578,0.15,-0.0285359082437795,0.0285359082437795,retract
0.894,0,0.0174336143174792,0,14.5,0,0.160783120796351,0.15,-0.0290141602088891,0.0290141602088891,retract
0.895,0,0.0199077831104448,0.0347527958682384,14.5,0,0.160753633568614,0.15,-0.0294846875831996,0.0294846875831996,retract
0.896,0,0.017063814094667,0,14.5,0,0.160723683442776,0.15,-0.0299475695749755,0.0299475695749755,retract
0.897,0,0.016880527794058,0.0157808099904039,14.5,0,0.160693277988822,0.15,-0.0304028845392818,0.0304028845392818,retract
0.898,0,0.0227552511775476,0.0580035914784857,14.5,0,0.160662424699169,0.15,-0.0308507099852293,0.0308507099852293,retract
0.899,0,0.0242281285394353,0.0330653927107615,14.5,0,0.160631130989497,0.15,-0.0312911225832602,0.0312911225832602,retract
0.9,0,0.020766967319516,0,14.5,0,0.160599404199582,0.15,-0.0317241981724721,0.0317241981724721,retract
0.901,0,0.0178002577024423,0,14.5,0,0.160567251594126,0.15,-0.0321500117679756,0.0321500117679756,retract
0.902,0,0.0152573637449505,0,14.5,0,0.160534680363566,0.15,-0.0325686375682856,0.0325686375682856,retract
0.903,0,0.0130777403528147,0,14.5,0,0.16050169762489,0.15,-0.0329801489627402,0.0329801489627402,retract
0.904,0,0.0192908548576023,0.0565695418863275,14.5,0,0.160468310422435,0.15,-0.0333846185389473,0.0333846185389473,retract
0.905,0,0.0165350184493734,0,14.5,0,0.160434525728684,0.15,-0.033782118090254,0.033782118090254,retract
0.906,0,0.0205879706868482,0.0449056841116969,14.5,0,0.160400350445051,0.15,-0.034172718623238,0.034172718623238,retract
0.907,0,0.0176468320172984,0,14.5,0,0.160365791402663,0.15,-0.0345564903652171,0.0345564903652171,retract
0.908,0,0.0151258560148272,0,14.5,0,0.160330855363132,0.15,-0.034933502771775,0.034933502771775,retract
0.909,0,0.0278121693477973,0.103930049345618,14.5,0,0.160295549019318,0.15,-0.0353038245343003,0.0353038245343003,retract
0.91,0,0.0457489266770025,0.153369470652233,14.5,0,0.160259878996086,0.15,-0.0356675235875375,0.0356675235875375,retract
0.911,0,0.0441557204495476,0.0345964830848185,14.5,0,0.160223851851058,0.15,-0.0360246671171455,0.0360246671171455,retract
0.912,0,0.0391509052246773,0.00912201387545494,14.5,0,0.160187474075353,0.15,-0.0363753215672639,0.0363753215672639,retract
0.913,0,0.0335579187640091,0,14.5,0,0.160150752094323,0.15,-0.0367195526480823,0.0367195526480823,retract
0.914,0,0.0287639303691506,0,14.5,0,0.160113692268278,0.15,-0.0370574253434121,0.0370574253434121,retract
0.915,0,0.0287904651242764,0.0289496736550308,14.5,0,0.160076300893206,0.15,-0.0373890039182583,0.0373890039182583,retract
0.916,0,0.0279835164534298,0.0231418244283507,14.5,0,0.160038584201486,0.15,-0.0377143519263881,0.0377143519263881,retract
0.917,0,0.023985871245797,0,14.5,0,0.16000054836259,0.15,-0.0380335322178957,0.0380335322178957,retract
0.918,0,0.0236905970247343,0.0219189516983578,14.5,0,0.159962199483783,0.15,-0.0383466069467604,0.0383466069467604,retract
0.919,0,0.0203062260212008,0,14.5,0,0.159923543610808,0.15,-0.0386536375783955,0.0386536375783955,retract
0.92,0,0.0338384549701898,0.115031828664124,14.5,0,0.15988458672857,0.15,-0.038954684897188,0.038954684897188,retract
0.921,0,0.0316790860934556,0.0187228728330504,14.5,0,0.159845334761812,0.15,-0.0392498090140248,0.0392498090140248,retract
0.922,0,0.027971169945737,0.00572367305942523,14.5,0,0.159805793575776,0.15,-0.0395390693738047,0.0395390693738047,retract
0.923,0,0.0239752885249174,0,14.5,0,0.159765968976867,0.15,-0.0398225247629351,0.0398225247629351,retract
0.924,0,0.0205502473070721,0,14.5,0,0.159725866713304,0.15,-0.0401002333168102,0.0401002333168102,retract
0.925,0,0.0189797364979846,0.00955667164345936,14.5,0,0.159685492475762,0.15,-0.0403722525272694,0.0403722525272694,retract
0.926,0,0.016268345569701,0,14.5,0,0.159644851898009,0.15,-0.0406386392500352,0.0406386392500352,retract
0.927,0,0.0220220192618512,0.0565440614147524,14.5,0,0.159603950557538,0.15,-0.0408994497121277,0.0408994497121277,retract
0.928,0,0.0188760165101582,0,14.5,0,0.159562793976187,0.15,-0.0411547395192542,0.0411547395192542,retract
0.929,0,0.0161794427229927,0,14.5,0,0.159521387620752,0.15,-0.0414045636631735,0.0414045636631735,retract
0.93,0,0.0138680937625652,0,14.5,0,0.159479736903597,0.15,-0.0416489765290323,0.0416489765290323,retract
0.931,0,0.0119649787777295,0.000546288868715255,14.5,0,0.159437847183254,0.15,-0.0418880319026723,0.0418880319026723,retract
0.932,0,0.0209527951037624,0.0748796930599597,14.5,0,0.159395723765013,0.15,-0.0421217829779067,0.0421217829779067,retract
0.933,0,0.0179595386603678,0,14.5,0,0.15935337190151,0.15,-0.0423502823637654,0.0423502823637654,retract
0.934,0,0.0240913332326815,0.060882100666564,14.5,0,0.159310796793303,0.15,-0.0425735820917065,0.0425735820917065,retract
0.935,0,0.0206497141994413,0,14.5,0,0.159268003589445,0.15,-0.042791733622793,0.042791733622793,retract
0.936,0,0.0295845611254703,0.0831936426816443,14.5,0,0.159224997388048,0.15,-0.043004787854834,0.043004787854834,retract
0.937,0,0.0256110564856238,0.00177002864654481,14.5,0,0.159181783236836,0.15,-0.0432127951294887,0.0432127951294887,retract
0.938,0,0.0219523341305347,0,14.5,0,0.1591383661337,0.15,-0.0434158052393323,0.0434158052393323,retract
0.939,0,0.022964584767186,0.029038088587094,14.5,0,0.159094751027239,0.15,-0.0436138674348818,0.0436138674348818,retract
0.94,0,0.0318037814962465,0.0848389618706097,14.5,0,0.159050942817294,0.15,-0.0438070304315819,0.0438070304315819,retract
0.941,0,0.0272603841396399,0,14.5,0,0.159006946355476,0.15,-0.0439953424167485,0.0439953424167485,retract
0.942,0,0.0233660435482628,0,14.5,0,0.158962766445694,0.15,-0.0441788510564706,0.0441788510564706,retract
0.943,0,0.0200280373270824,0,14.5,0,0.15891840784466,0.15,-0.0443576035024667,0.0443576035024667,retract
0.944,0,0.0173407837343154,0.00121726217771321,14.5,0,0.15887387526241,0.15,-0.0445316463988981,0.0445316463988981,retract
0.945,0,0.0209953334072964,0.0429226314451828,14.5,0,0.158829173362791,0.15,-0.0447010258891357,0.0447010258891357,retract
0.946,0,0.026509613430804,0.0595952935718497,14.5,0,0.158784306763969,0.15,-0.0448657876224802,0.0448657876224802,retract
0.947,0,0.022722525797832,0,14.5,0,0.158739280038909,0.15,-0.0450259767608345,0.0450259767608345,retract
0.948,0,0.019476450683856,0,14.5,0,0.158694097715857,0.15,-0.0451816379853289,0.0451816379853289,retract
0.949,0,0.0197341148650411,0.0212800999521518,14.5,0,0.158648764278818,0.15,-0.0453328155028957,0.0453328155028957,retract
0.95,0,0.0189296244744309,0.0141026821307693,14.5,0,0.158603284168024,0.15,-0.0454795530527947,0.0454795530527947,retract
0.951,0,0.016225392406655,0,14.5,0,0.158557661780392,0.15,-0.0456218939130879,0.0456218939130879,retract
0.952,0,0.0163525081061141,0.0171152023028689,14.5,0,0.158511901469984,0.15,-0.0457598809070621,0.0457598809070621,retract
0.953,0,0.0219103751335806,0.0552575772983794,14.5,0,0.158466007548453,0.15,-0.0458935564096006,0.0458935564096006,retract
0.954,0,0.0187803215430691,0,14.5,0,0.158419984285487,0.15,-0.0460229623535009,0.0460229623535009,retract
0.955,0,0.0160974184654878,0,14.5,0,0.158373835909244,0.15,-0.0461481402357398,0.0461481402357398,retract
0.956,0,0.0232971912035047,0.0664958276316063,14.5,0,0.158327566606787,0.15,-0.0462691311236837,0.0462691311236837,retract
0.957,0,0.0199690210315755,0,14.5,0,0.158281180524501,0.15,-0.0463859756612452,0.0463859756612452,retract
0.958,0,0.0171163037413504,0,14.5,0,0.158234681768516,0.15,-0.0464987140749841,0.0464987140749841,retract
0.959,0,0.0146711174925861,0,14.5,0,0.158188074405118,0.15,-0.0466073861801525,0.0466073861801525,retract
0.96,0,0.0183086687195218,0.0401339760811366,14.5,0,0.158141362461153,0.15,-0.0467120313866841,0.0467120313866841,retract
0.961,0,0.015693144616733,0,14.5,0,0.15809454992443,0.15,-0.046812688705127,0.046812688705127,retract
0.962,0,0.0134512668143426,0,14.5,0,0.158047640744112,0.15,-0.0469093967525189,0.0469093967525189,retract
0.963,0,0.013504078962383,0.0138209518506258,14.5,0,0.158000638831107,0.15,-0.0470021937582056,0.0470021937582056,retract
0.964,0,0.0151112272702832,0.0247541171176843,14.5,0,0.157953548058449,0.15,-0.0470911175696009,0.0470911175696009,retract
0.965,0,0.0149635245629178,0.0140773083187256,14.5,0,0.157906372261676,0.15,-0.0471762056578892,0.0471762056578892,retract
0.966,0,0.0128258781967867,0,14.5,0,0.157859115239199,0.15,-0.0472574951236682,0.0472574951236682,retract
0.967,0,0.020703988223748,0.0679726483855158,14.5,0,0.157811780752669,0.15,-0.0473350227025345,0.0473350227025345,retract
0.968,0,0.0177462756203554,0,14.5,0,0.15776437252734,0.15,-0.0474088247706085,0.0474088247706085,retract
0.969,0,0.0152110933888761,0,14.5,0,0.157716894252417,0.15,-0.0474789373500011,0.0474789373500011,retract
0.97,0,0.0130380800476081,0,14.5,0,0.15766934958141,0.15,-0.0475453961142197,0.0475453961142197,retract
0.971,0,0.0120822897133032,0.00634754770747368,14.5,0,0.157621742132479,0.15,-0.0476082363935158,0.0476082363935158,retract
0.972,0,0.0103562483256884,0,14.5,0,0.157574075488768,0.15,-0.0476674931801706,0.0476674931801706,retract
0.973,0,0.00887678427916151,0,14.5,0,0.15752635319874,0.15,-0.0477232011337225,0.0477232011337225,retract
0.974,0,0.0185401782174691,0.0765205418473146,14.5,0,0.157478578776507,0.15,-0.0477753945861324,0.0477753945861324,retract
0.975,0,0.0158915813292592,0,14.5,0,0.157430755702153,0.15,-0.0478241075468901,0.0478241075468901,retract
0.976,0,0.0136213554250793,0,14.5,0,0.157382887422049,0.15,-0.0478693737080588,0.0478693737080588,retract
0.977,0,0.0201265537983828,0.0591577440382034,14.5,0,0.157334977349167,0.15,-0.0479112264492598,0.0479112264492598,retract
0.978,0,0.0172513318271852,0,14.5,0,0.15728702886339,0.15,-0.0479496988425957,0.0479496988425957,retract
0.979,0,0.014786855851873,0,14.5,0,0.157239045311815,0.15,-0.0479848236575137,0.0479848236575137,retract
0.98,0,0.0141339238943096,0.0102163321489288,14.5,0,0.157191030009049,0.15,-0.0480166333656074,0.0480166333656074,retract
0.981,0,0.0121147919094082,0,14.5,0,0.157142986237504,0.15,-0.0480451601453579,0.0480451601453579,retract
0.982,0,0.0103841073509213,0,14.5,0,0.157094917247687,0.15,-0.0480704358868141,0.0480704358868141,retract
0.983,0,0.0122555343358121,0.0234840962451564,14.5,0,0.157046826258483,0.15,-0.048092492196212,0.048092492196212,retract
0.984,0,0.0105047437164103,0,14.5,0,0.156998716457434,0.15,-0.0481113604005338,0.0481113604005338,retract
0.985,0,0.00900406604263743,0,14.5,0,0.156950591001016,0.15,-0.0481270715520055,0.0481270715520055,retract
0.986,0,0.00771777089368922,0,14.5,0,0.156902453014911,0.15,-0.0481396564325344,0.0481396564325344,retract
0.987,0,0.00858631078253558,0.0137975501156137,14.5,0,0.15685430559427,0.15,-0.048149145558086,0.048149145558086,retract
0.988,0,0.0147034434153412,0.051406239212175,14.5,0,0.156806151803975,0.15,-0.0481555691829998,0.0481555691829998,retract
0.989,0,0.0127691385945818,0.00116330967002538,14.5,0,0.156757994678903,0.15,-0.048158957304246,0.048158957304246,retract
0.99,0,0.010944975938213,0,14.5,0,0.156709837224171,0.15,-0.0481593396656208,0.0481593396656208,retract
0.991,0,0.0149111430013494,0.0387081453801683,14.5,0,0.156661682415393,0.15,-0.0481567457618822,0.0481567457618822,retract
0.992,0,0.0127809797154424,0,14.5,0,0.156613533198919,0.15,-0.0481512048428262,0.0481512048428262,retract
0.993,0,0.0159008815014985,0.0346202922178352,14.5,0,0.156565392492084,0.15,-0.0481427459173024,0.0481427459173024,retract
0.994,0,0.0136293270012844,0,14.5,0,0.156517263183436,0.15,-0.0481313977571713,0.0481313977571713,retract
0.995,0,0.0226712203269265,0.0769225802807792,14.5,0,0.156469148132979,0.15,-0.0481171889012013,0.0481171889012013,retract
0.996,0,0.023828356630436,0.0307711744514928,14.5,0,0.156421050172396,0.15,-0.0481001476589072,0.0481001476589072,retract
0.997,0,0.0204694545618095,0.000316042150050383,14.5,0,0.156372972105277,0.15,-0.0480803021143291,0.0480803021143291,retract
0.998,0,0.0175452467672653,0,14.5,0,0.156324916707344,0.15,-0.0480576801297543,0.0480576801297543,retract
0.999,0,0.0159088158616235,0.0060902304277727,14.5,0,0.156276886726664,0.15,-0.0480323093493787,0.0480323093493787,retract
1,0,0.019549105203699,0.0413908412561519,14.5,0,0.156228884883867,0.15,-0.0480042172029118,0.0480042172029118,retract
1.001,0,0.0179204610233254,0.0081485959410839,14.5,0,0.15618091387236,0.15,-0.047973430909123,0.047973430909123,retract
1.002,0,0.0194107045482094,0.0283521656975135,14.5,0,0.156132976358531,0.15,-0.0479399774793312,0.0479399774793312,retract
1.003,0,0.0166377467556081,0,14.5,0,0.156085074981951,0.15,-0.0479038837208359,0.0479038837208359,retract
1.004,0,0.0142609257905212,0,14.5,0,0.156037212355584,0.15,-0.047865176240293,0.047865176240293,retract
1.005,0,0.0173940652986252,0.0361929023472491,14.5,0,0.155989391065975,0.15,-0.0478238814470324,0.0478238814470324,retract
1.006,0,0.014909198827393,0,14.5,0,0.155941613673452,0.15,-0.0477800255563209,0.0477800255563209,retract
1.007,0,0.0184571715120427,0.0397450076199405,14.5,0,0.15589388271231,0.15,-0.0477336345925678,0.0477336345925678,retract
1.008,0,0.0166400702987241,0.00573746301881306,14.5,0,0.155846200691008,0.15,-0.0476847343924758,0.0476847343924758,retract
1.009,0,0.0142629173989064,0,14.5,0,0.155798570092344,0.15,-0.0476333506081363,0.0476333506081363,retract
1.01,0,0.0173223856998647,0.0356791955056141,14.5,0,0.155750993373645,0.15,-0.0475795087100706,0.0475795087100706,retract
1.011,0,0.0148477591713126,0,14.5,0,0.155703472966943,0.15,-0.0475232339902151,0.0475232339902151,retract
1.012,0,0.0137129358481057,0.00690399590886461,14.5,0,0.15565601127915,0.15,-0.0474645515648539,0.0474645515648539,retract
1.013,0,0.0153570347484247,0.0252216281503389,14.5,0,0.155608610692231,0.15,-0.0474034863774974,0.0474034863774974,retract
1.014,0,0.0245929419631141,0.0800083852512499,14.5,0,0.155561273563377,0.15,-0.0473400632017067,0.0473400632017067,retract
1.015,0,0.021079664539812,0,14.5,0,0.155514002225169,0.15,-0.0472743066438661,0.0472743066438661,retract
1.016,0,0.0226296607031645,0.0319296376832791,14.5,0,0.155466798985748,0.15,-0.0472062411459029,0.0472062411459029,retract
1.017,0,0.0212055543986102,0.0126609165712844,14.5,0,0.155419666128969,0.15,-0.0471358909879546,0.0471358909879546,retract
1.018,0,0.018176189484523,0,14.5,0,0.155372605914569,0.15,-0.0470632802909853,0.0470632802909853,retract
1.019,0,0.015579590986734,0,14.5,0,0.155325620578318,0.15,-0.0469884330193502,0.0469884330193502,retract
1.02,0,0.0370938785745436,0.166179604101401,14.5,0,0.155278712332176,0.15,-0.0469113729833095,0.0469113729833095,retract
1.021,0,0.0326595023958303,0.00605324532355032,14.5,0,0.155231883364445,0.15,-0.0468321238414919,0.0468321238414919,retract
1.022,0,0.027993859196426,0,14.5,0,0.155185135839917,0.15,-0.0467507091033091,0.0467507091033091,retract
1.023,0,0.0300323213605846,0.0422630943455361,14.5,0,0.155138471900023,0.15,-0.0466671521313191,0.0466671521313191,retract
1.024,0,0.0257419897376439,0,14.5,0,0.155091893662975,0.15,-0.0465814761435418,0.0465814761435418,retract
1.025,0,0.0220645626322662,0,14.5,0,0.155045403223913,0.15,-0.0464937042157263,0.0464937042157263,retract
1.026,0,0.0189124822562282,0,14.5,0,0.154999002655041,0.15,-0.0464038592835689,0.0464038592835689,retract
1.027,0,0.0167544164117992,0.00380602134522516,14.5,0,0.154952694005768,0.15,-0.0463119641448846,0.0463119641448846,retract
1.028,0,0.0143609283529707,0,14.5,0,0.154906479302841,0.15,-0.0462180414617314,0.0462180414617314,retract
1.029,0,0.0123093671596892,0,14.5,0,0.154860360550483,0.15,-0.0461221137624868,0.0461221137624868,retract
1.03,0,0.0105508861368765,0,14.5,0,0.154814339730521,0.15,-0.0460242034438802,0.0460242034438802,retract
1.031,0,0.00904361668875124,0,14.5,0,0.154768418802518,0.15,-0.0459243327729772,0.0459243327729772,retract
1.032,0,0.00775167144750107,0,14.5,0,0.154722599703902,0.15,-0.0458225238891211,0.0458225238891211,retract
1.033,0,0.00664428981214377,0,14.5,0,0.154676884350089,0.15,-0.0457187988058278,0.0457187988058278,retract
1.034,0,0.00569510555326609,0,14.5,0,0.154631274634609,0.15,-0.0456131794126375,0.0456131794126375,retract
1.035,0,0.0151665419998481,0.0719951606793401,14.5,0,0.154585772429228,0.15,-0.0455056874769227,0.0455056874769227,retract
1.036,0,0.0129998931427269,0,14.5,0,0.15454037958407,0.15,-0.0453963446456524,0.0453963446456524,retract
1.037,0,0.0111427655509088,0,14.5,0,0.154495097927734,0.15,-0.0452851724471139,0.0452851724471139,retract
1.038,0,0.0106966812240728,0.00802017526305657,14.5,0,0.154449929267411,0.15,-0.0451721922925929,0.0451721922925929,retract
1.039,0,0.0129516096220065,0.0264811800096089,14.5,0,0.154404875389002,0.15,-0.0450574254780109,0.0450574254780109,retract
1.04,0,0.0111013796760056,0,14.5,0,0.154359938057229,0.15,-0.0449408931855221,0.0449408931855221,retract
1.041,0,0.00951546829371907,0,14.5,0,0.15431511901575,0.15,-0.0448226164850697,0.0448226164850697,retract
1.042,0,0.0121163846478117,0.0277218827723677,14.5,0,0.154270419987267,0.15,-0.0447026163359012,0.0447026163359012,retract
1.043,0,0.0117972486183983,0.00988243244191783,14.5,0,0.154225842673639,0.15,-0.0445809135880448,0.0445809135880448,retract
1.044,0,0.0143009338775014,0.0293230454321196,14.5,0,0.154181388755987,0.15,-0.0444575289837467,0.0444575289837467,retract
1.045,0,0.0122579433235726,0,14.5,0,0.154137059894801,0.15,-0.0443324831588689,0.0443324831588689,retract
1.046,0,0.0105068085630622,0,14.5,0,0.154092857730048,0.15,-0.0442057966442495,0.0442057966442495,retract
1.047,0,0.00900583591119619,0,14.5,0,0.15404878388127,0.15,-0.0440774898670258,0.0440774898670258,retract
1.048,0,0.0162128447894012,0.0594548980586311,14.5,0,0.154004839947694,0.15,-0.0439475831519188,0.0439475831519188,retract
1.049,0,0.0161651116384423,0.0158787127326889,14.5,0,0.153961027508326,0.15,-0.0438160967224824,0.0438160967224824,retract
1.05,0,0.0138558099758077,0,14.5,0,0.153917348122057,0.15,-0.0436830507023167,0.0436830507023167,retract
1.051,0,0.0118764085506923,0,14.5,0,0.153873803327758,0.15,-0.0435484651162438,0.0435484651162438,retract
1.052,0,0.0101797787577362,0,14.5,0,0.153830394644381,0.15,-0.043412359891451,0.043412359891451,retract
1.053,0,0.0131857452453504,0.0312215441710355,14.5,0,0.153787123571052,0.15,-0.0432747548585976,0.0432747548585976,retract
1.054,0,0.0113020673531575,0,14.5,0,0.153743991587168,0.15,-0.0431356697528886,0.0431356697528886,retract
1.055,0,0.00968748630270643,0,14.5,0,0.153701000152495,0.15,-0.0429951242151143,0.0429951242151143,retract
1.056,0,0.00830355968803408,0,14.5,0,0.153658150707255,0.15,-0.0428531377926571,0.0428531377926571,retract
1.057,0,0.00711733687545779,0,14.5,0,0.153615444672225,0.15,-0.042709729940466,0.042709729940466,retract
1.058,0,0.0104605688430324,0.0305199606484801,14.5,0,0.153572883448824,0.15,-0.0425649200219985,0.0425649200219985,retract
1.059,0,0.00989561101304668,0.00650586403313231,14.5,0,0.153530468419205,0.15,-0.0424187273101316,0.0424187273101316,retract
1.06,0,0.00848195229689715,0,14.5,0,0.153488200946346,0.15,-0.0422711709880412,0.0422711709880412,retract
1.061,0,0.0209841388119252,0.0959972579020932,14.5,0,0.153446082374138,0.15,-0.0421222701500515,0.0421222701500515,retract
1.062,0,0.0303332208006156,0.0864277127327586,14.5,0,0.153404114027472,0.15,-0.0419720438024539,0.0419720438024539,retract
1.063,0,0.0259999035433848,0,14.5,0,0.15336229721233,0.15,-0.0418205108642968,0.0418205108642968,retract
1.064,0,0.0222856316086156,0,14.5,0,0.153320633215866,0.15,-0.0416676901681464,0.0416676901681464,retract
1.065,0,0.0191019699502419,0,14.5,0,0.153279123306496,0.15,-0.0415136004608182,0.0415136004608182,retract
1.066,0,0.0163731171002074,0,14.5,0,0.153237768733984,0.15,-0.0413582604040815,0.0413582604040815,retract
1.067,0,0.0219055390301244,0.0551000706096267,14.5,0,0.153196570729521,0.15,-0.0412016885753361,0.0412016885753361,retract
1.068,0,0.0266825826362055,0.0553448442726921,14.5,0,0.153155530505815,0.15,-0.0410439034682611,0.0410439034682611,retract
1.069,0,0.0228707851167476,0,14.5,0,0.153114649257169,0.15,-0.0408849234934383,0.0408849234934383,retract
1.07,0,0.0267377309703599,0.0499394060920339,14.5,0,0.153073928159568,0.15,-0.0407247669789492,0.0407247669789492,retract
1.071,0,0.0250345705935294,0.0148156083325465,14.5,0,0.153033368370758,0.15,-0.0405634521709455,0.0405634521709455,retract
1.072,0,0.0214582033658824,0,14.5,0,0.152992971030328,0.15,-0.0404009972341962,0.0404009972341962,retract
1.073,0,0.0215558851453322,0.0221419758220316,14.5,0,0.152952737259792,0.15,-0.040237420252608,0.040237420252608,retract
1.074,0,0.025520112131728,0.0493054740501027,14.5,0,0.152912668162667,0.15,-0.0400727392297237,0.0400727392297237,retract
1.075,0,0.0302049873581555,0.0583142387167203,14.5,0,0.152872764824557,0.15,-0.039906972089195,0.039906972089195,retract
1.076,0,0.032017375119437,0.0428917016871264,14.5,0,0.152833028313229,0.15,-0.0397401366752336,0.0397401366752336,retract
1.077,0,0.0352074653831259,0.0543480069652592,14.5,0,0.152793459678691,0.15,-0.0395722507530383,0.0395722507530383,retract
1.078,0,0.0301778274712508,0,14.5,0,0.152754059953275,0.15,-0.0394033320092005,0.0394033320092005,retract
1.079,0,0.0258667092610721,0,14.5,0,0.152714830151713,0.15,-0.0392333980520881,0.0392333980520881,retract
1.08,0,0.0221714650809189,0,14.5,0,0.152675771271214,0.15,-0.0390624664122075,0.0390624664122075,retract
1.081,0,0.019004112926502,0,14.5,0,0.152636884291543,0.15,-0.0388905545425447,0.0388905545425447,retract
1.082,0,0.0162892396512874,0,14.5,0,0.152598170175097,0.15,-0.0387176798188863,0.0387176798188863,retract
1.083,0,0.0139622054153892,0,14.5,0,0.152559629866981,0.15,-0.0385438595401203,0.0385438595401203,retract
1.084,0,0.0254073080095768,0.0940779235747023,14.5,0,0.15252126429509,0.15,-0.0383691109285169,0.0383691109285169,retract
1.085,0,0.0217776925796372,0,14.5,0,0.152483074370178,0.15,-0.0381934511299916,0.0381934511299916,retract
1.086,0,0.0186665936396891,0,14.5,0,0.152445060985938,0.15,-0.0380168972143473,0.0380168972143473,retract
1.087,0,0.0185561155465381,0.0178932469876321,14.5,0,0.15240722501908,0.15,-0.0378394661755005,0.0378394661755005,retract
1.088,0,0.0165653519543569,0.00462077040126973,14.5,0,0.152369567329401,0.15,-0.0376611749316882,0.0376611749316882,retract
1.089,0,0.0141988731037345,0,14.5,0,0.152332088759866,0.15,-0.0374820403256577,0.0374820403256577,retract
1.09,0,0.0174616068301486,0.0370380091886333,14.5,0,0.152294790136679,0.15,-0.0373020791248398,0.0373020791248398,retract
1.091,0,0.0149670915686988,0,14.5,0,0.152257672269361,0.15,-0.0371213080215051,0.0371213080215051,retract
1.092,0,0.0128289356303132,0,14.5,0,0.152220735950825,0.15,-0.0369397436329041,0.0369397436329041,retract
1.093,0,0.0111226394562617,0.000884862411952363,14.5,0,0.152183981957448,0.15,-0.0367574025013923,0.0367574025013923,retract
1.094,0,0.00953369096251002,0,14.5,0,0.152147411049149,0.15,-0.0365743010945386,0.0365743010945386,retract
1.095,0,0.0109248951730857,0.0192721204365394,14.5,0,0.152111023969462,0.15,-0.0363904558052202,0.0363904558052202,retract
1.096,0,0.0148492150989058,0.0383951346538269,14.5,0,0.152074821445611,0.15,-0.0362058829517021,0.0362058829517021,retract
1.097,0,0.0235239527626987,0.075572378745456,14.5,0,0.152038804188585,0.15,-0.0360205987777033,0.0360205987777033,retract
1.098,0,0.024970005165525,0.0336463195824828,14.5,0,0.152002972893212,0.15,-0.0358346194524479,0.0358346194524479,retract
1.099,0,0.02140286157045,0,14.5,0,0.151967328238233,0.15,-0.0356479610707046,0.0356479610707046,retract
1.1,0,0.0183453099175286,0,14.5,0,0.151931870886375,0.15,-0.035460639652812,0.035460639652812,retract
1.101,0,0.0348368346802872,0.133785983256839,14.5,0,0.151896601484431,0.15,-0.0352726711446916,0.0352726711446916,retract
1.102,0,0.039430486244958,0.0669923956329831,14.5,0,0.151861520663327,0.15,-0.0350840714178491,0.0350840714178491,retract
1.103,0,0.0361981540577236,0.0168041609343169,14.5,0,0.151826629038203,0.15,-0.0348948562693636,0.0348948562693636,retract
1.104,0,0.0366505081195269,0.0393646324903469,14.5,0,0.151791927208482,0.15,-0.0347050414218649,0.0347050414218649,retract
1.105,0,0.0314147212453088,0,14.5,0,0.151757415757948,0.15,-0.0345146425235007,0.0345146425235007,retract
1.106,0,0.0269269039245504,0,14.5,0,0.151723095254818,0.15,-0.034323675147892,0.034323675147892,retract
1.107,0,0.0230802033639003,0,14.5,0,0.151688966251819,0.15,-0.034132154794079,0.034132154794079,retract
1.108,0,0.0328291704907013,0.0913229732515072,14.5,0,0.151655029286262,0.15,-0.0339400968864567,0.0339400968864567,retract
1.109,0,0.0281392889920297,0,14.5,0,0.151621284880115,0.15,-0.0337475167747007,0.0337475167747007,retract
1.11,0,0.0334584065476363,0.0653731118812757,14.5,0,0.151587733540078,0.15,-0.0335544297336839,0.0335544297336839,retract
1.111,0,0.0286786341836882,0,14.5,0,0.151554375757661,0.15,-0.0333608509633843,0.0333608509633843,retract
1.112,0,0.0297571776891315,0.0362284387217912,14.5,0,0.151521212009254,0.15,-0.0331667955887837,0.0331667955887837,retract
1.113,0,0.0260398272828033,0.00373572484483392,14.5,0,0.151488242756207,0.15,-0.0329722786597589,0.0329722786597589,retract
1.114,0,0.0223198519566885,0,14.5,0,0.151455468444902,0.15,-0.0327773151509641,0.0327773151509641,retract
1.115,0,0.0218893726109056,0.0193064965362078,14.5,0,0.151422889506828,0.15,-0.0325819199617064,0.0325819199617064,retract
1.116,0,0.0193848536987985,0.004357740226156,14.5,0,0.15139050635866,0.15,-0.0323861079158131,0.0323861079158131,retract
1.117,0,0.020179249598946,0.0249456249998312,14.5,0,0.151358319402329,0.15,-0.0321898937614932,0.0321898937614932,retract
1.118,0,0.0213433563158063,0.0283279966169683,14.5,0,0.151326329025103,0.15,-0.031993292171191,0.031993292171191,retract
1.119,0,0.0228166628642598,0.0316565021549804,14.5,0,0.151294535599662,0.15,-0.031796317741434,0.031796317741434,retract
1.12,0,0.019557139597937,0,14.5,0,0.151262939484168,0.15,-0.0315989849926747,0.0315989849926747,retract
1.121,0,0.0241710623042198,0.051854598541917,14.5,0,0.151231541022349,0.15,-0.0314013083691261,0.0314013083691261,retract
1.122,0,0.020718053403617,0,14.5,0,0.151200340543574,0.15,-0.0312033022385927,0.0312033022385927,retract
1.123,0,0.0177583314888146,0,14.5,0,0.151169338362923,0.15,-0.0310049808922951,0.0310049808922951,retract
1.124,0,0.0248034481491055,0.0670741481108512,14.5,0,0.151138534781273,0.15,-0.0308063585446905,0.0308063585446905,retract
1.125,0,0.021260098413519,0,14.5,0,0.151107930085367,0.15,-0.0306074493332884,0.0306074493332884,retract
1.126,0,0.018222941497302,0,14.5,0,0.151077524547896,0.15,-0.030408267318462,0.030408267318462,retract
1.127,0,0.0195586345379161,0.027572792781601,14.5,0,0.151047318427573,0.15,-0.0302088264832552,0.0302088264832552,retract
1.128,0,0.0196373281940634,0.0201094901309471,14.5,0,0.151017311969215,0.15,-0.0300091407331862,0.0300091407331862,retract
1.129,0,0.0168319955949115,0,14.5,0,0.150987505403816,0.15,-0.029809223896047,0.029809223896047,retract
1.13,0,0.0144274247956384,0,14.5,0,0.150957898948625,0.15,-0.0296090897217006,0.0296090897217006,retract
1.131,0,0.0138539169632596,0.0104128699689864,14.5,0,0.150928492807228,0.15,-0.0294087518818745,0.0294087518818745,retract
1.132,0,0.0129032164074524,0.00719901307260932,14.5,0,0.150899287169624,0.15,-0.0292082239699508,0.0292082239699508,retract
1.133,0,0.0166674776393274,0.0392530450305775,14.5,0,0.150870282212301,0.15,-0.0290075195007555,0.0290075195007555,retract
1.134,0,0.0142864094051378,0,14.5,0,0.150841478098318,0.15,-0.0288066519103437,0.0288066519103437,retract
1.135,0,0.0168050764931896,0.0319170790215005,14.5,0,0.150812874977386,0.15,-0.028605634555784,0.028605634555784,retract
1.136,0,0.0215976555453505,0.0503531298583162,14.5,0,0.15078447298594,0.15,-0.0284044807149409,0.0284044807149409,retract
1.137,0,0.0262700273988443,0.0543042585198069,14.5,0,0.150756272247224,0.15,-0.0282032035862548,0.0282032035862548,retract
1.138,0,0.0319880152369509,0.0662959422655907,14.5,0,0.15072827287137,0.15,-0.0280018162885221,0.0280018162885221,retract
1.139,0,0.0333062986619253,0.0412159992117713,14.5,0,0.150700474955475,0.15,-0.0278003318606726,0.0278003318606726,retract
1.14,0,0.0295378622795809,0.00692724398551444,14.5,0,0.150672878583685,0.15,-0.0275987632615475,0.0275987632615475,retract
1.141,0,0.0323361792961912,0.0491260813958531,14.5,0,0.150645483827271,0.15,-0.0273971233696754,0.0273971233696754,retract
1.142,0,0.027716725111021,0,14.5,0,0.150618290744713,0.15,-0.0271954249830493,0.0271954249830493,retract
1.143,0,0.0306743224742249,0.0484199066534479,14.5,0,0.150591299381778,0.15,-0.0269936808189015,0.0269936808189015,retract
1.144,0,0.0351994440695696,0.062350173641638,14.5,0,0.150564509771602,0.15,-0.0267919035134804,0.0267919035134804,retract
1.145,0,0.0328182089825441,0.0185307984603909,14.5,0,0.150537921934774,0.15,-0.0265901056218263,0.0265901056218263,retract
1.146,0,0.0281298934136092,0,14.5,0,0.150511535879411,0.15,-0.0263882996175473,0.0263882996175473,retract
1.147,0,0.024111337211665,0,14.5,0,0.150485351601246,0.15,-0.0261864978925971,0.0261864978925971,retract
1.148,0,0.0333066835881001,0.0884787618467107,14.5,0,0.150459369083704,0.15,-0.025984712757052,0.025984712757052,retract
1.149,0,0.0361445310328287,0.0531716157012003,14.5,0,0.15043358829799,0.15,-0.0257829564388899,0.0257829564388899,retract
1.15,0,0.0309810265995675,0,14.5,0,0.150408009203165,0.15,-0.0255812410837698,0.0255812410837698,retract
1.151,0,0.0265551656567721,0,14.5,0,0.150382631746236,0.15,-0.0253795787548129,0.0253795787548129,retract
1.152,0,0.0247042655764807,0.0135988650947321,14.5,0,0.15035745586223,0.15,-0.0251779814323853,0.0251779814323853,retract
1.153,0,0.0296271128219061,0.0591641962944586,14.5,0,0.150332481474284,0.15,-0.0249764610138816,0.0249764610138816,retract
1.154,0,0.0261016500027263,0.00494887308764739,14.5,0,0.150307708493725,0.15,-0.0247750293135111,0.0247750293135111,retract
1.155,0,0.0223728428594797,0,14.5,0,0.150283136820151,0.15,-0.0245736980620858,0.0245736980620858,retract
1.156,0,0.0191767224509826,0,14.5,0,0.150258766341521,0.15,-0.0243724789068099,0.0243724789068099,retract
1.157,0,0.0164371906722708,0,14.5,0,0.150234596934233,0.15,-0.0241713834110726,0.0241713834110726,retract
1.158,0,0.0140890205762321,0,14.5,0,0.150210628463209,0.15,-0.0239704230542422,0.0239704230542422,retract
1.159,0,0.0120763033510561,0,14.5,0,0.150186860781982,0.15,-0.0237696092314639,0.0237696092314639,retract
1.16,0,0.0152992363681186,0.0346368344704938,14.5,0,0.150163293732778,0.15,-0.0235689532534594,0.0235689532534594,retract
1.161,0,0.0163661506950997,0.0227676366569862,14.5,0,0.150139927146599,0.15,-0.0233684663463296,0.0233684663463296,retract
1.162,0,0.0140281291672283,0,14.5,0,0.150116760843311,0.15,-0.0231681596513611,0.0231681596513611,retract
1.163,0,0.0173508542295312,0.0372872046033485,14.5,0,0.150093794631728,0.15,-0.0229680442248344,0.0229680442248344,retract
1.164,0,0.0148721607681696,0,14.5,0,0.150071028309696,0.15,-0.0227681310378366,0.0227681310378366,retract
1.165,0,0.0127475663727168,0,14.5,0,0.150048461664179,0.15,-0.0225684309760767,0.0225684309760767,retract
1.166,0,0.0136248004631513,0.0188882050057584,14.5,0,0.150026094471344,0.15,-0.0223689548397052,0.0223689548397052,retract
1.167,0,0.012141467800258,0.00324147182289806,14.5,0,0.150003926496649,0.15,-0.0221697133431365,0.0221697133431365,retract
1.168,0,0.0104069724002211,0,14.5,0,0.149981957494924,0.15,-0.0219707171148755,0.0219707171148755,retract
1.169,0,0.0126789496783906,0.0263108133474073,14.5,0,0.149960187210461,0.15,-0.0217719766973482,0.0217719766973482,retract
1.17,0,0.0130120607001193,0.0150107268304916,14.5,0,0.149938615377101,0.15,-0.0215735025467359,0.0215735025467359,retract
1.171,0,0.0133860903789709,0.0156302684520804,14.5,0,0.149917241718317,0.15,-0.0213753050328138,0.0213753050328138,retract
1.172,0,0.0114737917534036,0,14.5,0,0.1498960659473,0.15,-0.0211773944387938,0.0211773944387938,retract
1.173,0,0.0111306924143453,0.00907209637999514,14.5,0,0.149875087767052,0.15,-0.0209797809611713,0.0209797809611713,retract
1.174,0,0.00954059349801023,0,14.5,0,0.149854306870463,0.15,-0.0207824747095767,0.0207824747095767,retract
1.175,0,0.00817765156972306,0,14.5,0,0.149833722940408,0.15,-0.0205854857066311,0.0205854857066311,retract
1.176,0,0.0108870524941159,0.0271434580404729,14.5,0,0.149813335649827,0.15,-0.0203888238878071,0.0203888238878071,retract
1.177,0,0.0110001064339343,0.0116784300728447,14.5,0,0.149793144661813,0.15,-0.0201924991012938,0.0201924991012938,retract
1.178,0,0.00988409865568189,0.00318805198616751,14.5,0,0.149773149629706,0.15,-0.0199965211078666,0.0199965211078666,retract
1.179,0,0.00847208456201305,0,14.5,0,0.149753350197169,0.15,-0.0198008995807621,0.0198008995807621,retract
1.18,0,0.00726178676743976,0,14.5,0,0.149733745998287,0.15,-0.0196056441055576,0.0196056441055576,retract
1.181,0,0.0183133978113896,0.0846230640750889,14.5,0,0.149714336657648,0.15,-0.019410764180056,0.019410764180056,retract
1.182,0,0.0254608691265889,0.0683456970177844,14.5,0,0.14969512179043,0.15,-0.0192162692141753,0.0192162692141753,retract
1.183,0,0.0306826840637752,0.0620135736868929,14.5,0,0.149676101002496,0.15,-0.0190221685298438,0.0190221685298438,retract
1.184,0,0.0262994434832359,0,14.5,0,0.149657273890473,0.15,-0.0188284713609002,0.0188284713609002,retract
1.185,0,0.0225423801284879,0,14.5,0,0.149638640041848,0.15,-0.0186351868529987,0.0186351868529987,retract
1.186,0,0.0193220401101325,0,14.5,0,0.14962019903505,0.15,-0.01844232406352,0.01844232406352,retract
1.187,0,0.0206943989328226,0.0289285518689633,14.5,0,0.149601950439542,0.15,-0.0182498919614874,0.0182498919614874,retract
1.188,0,0.0177380562281336,0,14.5,0,0.149583893815909,0.15,-0.0180578994274885,0.0180578994274885,retract
1.189,0,0.0152040481955431,0,14.5,0,0.149566028715946,0.15,-0.0178663552536025,0.0178663552536025,retract
1.19,0,0.0130320413104655,0,14.5,0,0.149548354682744,0.15,-0.0176752681433322,0.0176752681433322,retract
1.191,0,0.0154801053570272,0.0301684896363971,14.5,0,0.149530871250784,0.15,-0.0174846467115436,0.0174846467115436,retract
1.192,0,0.0142067123480839,0.0065663542944241,14.5,0,0.149513577946019,0.15,-0.0172944994844087,0.0172944994844087,retract
1.193,0,0.024516201492368,0.0863731363580729,14.5,0,0.149496474285971,0.15,-0.017104834899356,0.017104834899356,retract
1.194,0,0.0210138869934583,0,14.5,0,0.14947955977981,0.15,-0.0169156613050257,0.0169156613050257,retract
1.195,0,0.01801190313725,0,14.5,0,0.14946283392845,0.15,-0.0167269869612312,0.0167269869612312,retract
1.196,0,0.0272157793651083,0.0824390367322582,14.5,0,0.149446296224635,0.15,-0.0165388200389261,0.0165388200389261,retract
1.197,0,0.0233278108843785,0,14.5,0,0.14942994615303,0.15,-0.0163511686201772,0.0163511686201772,retract
1.198,0,0.0242152653593445,0.0295399922091403,14.5,0,0.149413783190305,0.15,-0.0161640406981436,0.0161640406981436,retract
1.199,0,0.0245640663778924,0.0266568724891798,14.5,0,0.149397806805229,0.15,-0.0159774441770611,0.0159774441770611,retract
1.2,0,0.0210549140381935,0,14.5,0,0.149382016458757,0.15,-0.0157913868722339,0.0157913868722339,retract
1.201,0,0.0180470691755944,0,14.5,0,0.149366411604118,0.15,-0.0156058765100304,0.0156058765100304,retract
1.202,0,0.0205656209802256,0.0356769318080127,14.5,0,0.149350991686905,0.15,-0.0154209207278867,0.0154209207278867,retract
1.203,0,0.0176276751259077,0,14.5,0,0.149335756145162,0.15,-0.0152365270743155,0.0152365270743155,retract
1.204,0,0.033948787263486,0.131875460088956,14.5,0,0.149320704409477,0.15,-0.0150527030089205,0.0150527030089205,retract
1.205,0,0.0290989605115594,0,14.5,0,0.149305835903067,0.15,-0.0148694559024179,0.0148694559024179,retract
1.206,0,0.0249419661527652,0,14.5,0,0.149291150041867,0.15,-0.0146867930366632,0.0146867930366632,retract
1.207,0,0.0251176808795732,0.0261719692404213,14.5,0,0.149276646234621,0.15,-0.0145047216046847,0.0145047216046847,retract
1.208,0,0.0215294407539199,0,14.5,0,0.149262323882969,0.15,-0.0143232487107224,0.0143232487107224,retract
1.209,0,0.0184538063605028,0,14.5,0,0.149248182381536,0.15,-0.0141423813702737,0.0141423813702737,retract
1.21,0,0.0158175483090024,0,14.5,0,0.14923422111802,0.15,-0.0139621265101448,0.0139621265101448,retract
1.211,0,0.0140617233957101,0.0035267739159562,14.5,0,0.149220439473283,0.15,-0.0137824909685087,0.0137824909685087,retract
1.212,0,0.0201389224621824,0.0566021168610162,14.5,0,0.149206836821438,0.15,-0.0136034814949685,0.0136034814949685,retract
1.213,0,0.0172619335390135,0,14.5,0,0.149193412529935,0.15,-0.0134251047506278,0.0134251047506278,retract
1.214,0,0.0147959430334401,0,14.5,0,0.149180165959655,0.15,-0.0132473673081669,0.0132473673081669,retract
1.215,0,0.0145167975834504,0.0128419248835119,14.5,0,0.149167096464991,0.15,-0.0130702756519245,0.0130702756519245,retract
1.216,0,0.0131657187968944,0.00505924607755868,14.5,0,0.149154203393944,0.15,-0.0128938361779866,0.0128938361779866,retract
1.217,0,0.0163125074957812,0.0351932396891017,14.5,0,0.149141486088205,0.15,-0.0127180551942805,0.0127180551942805,retract
1.218,0,0.0139821492820981,0,14.5,0,0.149128943883247,0.15,-0.012542938920676,0.012542938920676,retract
1.219,0,0.0119846993846556,0,14.5,0,0.149116576108409,0.15,-0.0123684934890916,0.0123684934890916,retract
1.22,0,0.0168848245284496,0.0462855753912135,14.5,0,0.149104382086988,0.15,-0.0121947249436079,0.0121947249436079,retract
1.221,0,0.021858709198138,0.0517020172162684,14.5,0,0.149092361136323,0.15,-0.0120216392405858,0.0120216392405858,retract
1.222,0,0.0187360364555468,0,14.5,0,0.149080512567887,0.15,-0.0118492422487921,0.0118492422487921,retract
1.223,0,0.0311263637705412,0.105468327660507,14.5,0,0.149068835687369,0.15,-0.0116775397495302,0.0116775397495302,retract
1.224,0,0.0266797403747496,0,14.5,0,0.149057329794764,0.15,-0.0115065374367773,0.0115065374367773,retract
1.225,0,0.0319320237413318,0.0634457239408254,14.5,0,0.149045994184462,0.15,-0.0113362409173274,0.0113362409173274,retract
1.226,0,0.0392587922601736,0.0832194033732239,14.5,0,0.149034828145332,0.15,-0.0111666557109407,0.0111666557109407,retract
1.227,0,0.0348075514905802,0.00810010687302034,14.5,0,0.149023830960809,0.15,-0.0109977872504982,0.0109977872504982,retract
1.228,0,0.0326513135159909,0.019713885668455,14.5,0,0.149013001908983,0.15,-0.0108296408821631,0.0108296408821631,retract
1.229,0,0.0279868401565636,0,14.5,0,0.149002340262684,0.15,-0.0106622218655477,0.0106622218655477,retract
1.23,0,0.0321823393800985,0.0573553347213077,14.5,0,0.148991845289567,0.15,-0.010495535373886,0.010495535373886,retract
1.231,0,0.0287296804502769,0.00801372687134742,14.5,0,0.148981516252201,0.15,-0.010329586494213,0.010329586494213,retract
1.232,0,0.0253810955967868,0.00528958647584581,14.5,0,0.148971352408153,0.15,-0.0101643802275487,0.0101643802275487,retract
1.233,0,0.0239253597191953,0.0151909444536465,14.5,0,0.148961353010076,0.15,-0.00999992148908885,0.00999992148908885,retract
1.234,0,0.0205074511878817,0,14.5,0,0.148951517305789,0.15,-0.00983621510840107,0.00983621510840107,retract
1.235,0,0.0311358819923475,0.0949064668191423,14.5,0,0.148941844538371,0.15,-0.00967326582962674,0.00967326582962674,retract
1.236,0,0.0271562339823522,0.00327834592238031,14.5,0,0.148932333946238,0.15,-0.0095110783116888,0.0095110783116888,retract
1.237,0,0.0268393749948578,0.0249382210698915,14.5,0,0.148922984763234,0.15,-0.00934965712850507,0.00934965712850507,retract
1.238,0,0.023005178567021,0,14.5,0,0.148913796218712,0.15,-0.00918900676920717,0.00918900676920717,retract
1.239,0,0.0230977532109912,0.0236532010748127,14.5,0,0.148904767537618,0.15,-0.00902913163836527,0.00902913163836527,retract
1.24,0,0.0197980741808496,0,14.5,0,0.148895897940582,0.15,-0.00887003605621819,0.00887003605621819,retract
1.241,0,0.0219954170101468,0.0351794739859301,14.5,0,0.148887186643992,0.15,-0.00871172425890926,0.00871172425890926,retract
1.242,0,0.0188532145801258,0,14.5,0,0.148878632860086,0.15,-0.00855420039872742,0.00855420039872742,retract
1.243,0,0.0161598982115364,0,14.5,0,0.148870235797031,0.15,-0.00839746854435406,0.00839746854435406,retract
1.244,0,0.0138513413241741,0,14.5,0,0.14886199465901,0.15,-0.00824153268111499,0.00824153268111499,retract
1.245,0,0.0118725782778635,0,14.5,0,0.1488539086463,0.15,-0.00808639671123802,0.00808639671123802,retract
1.246,0,0.0177375166329259,0.0529271467633001,14.5,0,0.14884597695536,0.15,-0.00793206445411568,0.00793206445411568,retract
1.247,0,0.015203585685365,0,14.5,0,0.14883819877891,0.15,-0.00777853964657334,0.00777853964657334,retract
1.248,0,0.0139369766761529,0.00633732262087993,14.5,0,0.148830573306016,0.15,-0.00762582594314254,0.00762582594314254,retract
1.249,0,0.011945980008131,0,14.5,0,0.148823099722168,0.15,-0.00747392691633947,0.00747392691633947,retract
1.25,0,0.0102394114355409,0,14.5,0,0.148815777209368,0.15,-0.0073228460569486,0.0073228460569486,retract
1.251,0,0.00877663837332077,0,14.5,0,0.148808604946205,0.15,-0.00717258677431148,0.00717258677431148,retract
1.252,0,0.0075228328914178,0,14.5,0,0.148801582107938,0.15,-0.0070231523966205,0.0070231523966205,retract
1.253,0,0.00644814247835811,0,14.5,0,0.148794707866581,0.15,-0.00687454617121763,0.00687454617121763,retract
1.254,0,0.0055269792671641,0,14.5,0,0.148787981390977,0.15,-0.00672677126489816,0.00672677126489816,retract
1.255,0,0.00473741080042637,0,14.5,0,0.148781401846883,0.15,-0.00657983076421928,0.00657983076421928,retract
1.256,0,0.00783598868083863,0.0264274559633122,14.5,0,0.148774968397048,0.15,-0.00643372767581365,0.00643372767581365,retract
1.257,0,0.00671656172643311,0,14.5,0,0.148768680201292,0.15,-0.00628846492670742,0.00628846492670742,retract
1.258,0,0.012356808321619,0.0461982878927346,14.5,0,0.148762536416587,0.15,-0.00614404536464334,0.00614404536464334,retract
1.259,0,0.0105915499899592,0,14.5,0,0.148756536197136,0.15,-0.0060004717584084,0.0060004717584084,retract
1.26,0,0.0205147825926082,0.0800541782085022,14.5,0,0.148750678694449,0.15,-0.00585774679816611,0.00585774679816611,retract
1.261,0,0.0175840993650927,0,14.5,0,0.148744963057422,0.15,-0.00571587309579328,0.00571587309579328,retract
1.262,0,0.0242919825676106,0.0645392817827179,14.5,0,0.14873938843242,0.15,-0.00557485318522128,0.00557485318522128,retract
1.263,0,0.0208216993436662,0,14.5,0,0.148733953963345,0.15,-0.00543468952278215,0.00543468952278215,retract
1.264,0,0.0178471708659996,0,14.5,0,0.148728658791724,0.15,-0.00529538448755845,0.00529538448755845,retract
1.265,0,0.0152975750279997,0,14.5,0,0.148723502056777,0.15,-0.00515694038173811,0.00515694038173811,retract
1.266,0,0.0178384145614524,0.0330834517621685,14.5,0,0.148718482895498,0.15,-0.00501935943097303,0.00501935943097303,retract
1.267,0,0.015290069624102,0,14.5,0,0.148713600442731,0.15,-0.00488264378474226,0.00488264378474226,retract
1.268,0,0.013105773963516,0,14.5,0,0.148708853831244,0.15,-0.00474679551671925,0.00474679551671925,retract
1.269,0,0.0166533201478394,0.0379385972537793,14.5,0,0.148704242191806,0.15,-0.00461181662514313,0.00461181662514313,retract
1.27,0,0.0142742744124337,0,14.5,0,0.148699764653261,0.15,-0.00447770903319406,0.00447770903319406,retract
1.271,0,0.0137013719828232,0.0102639574051603,14.5,0,0.148695420342603,0.15,-0.00434447458937266,0.00434447458937266,retract
1.272,0,0.0117440331281342,0,14.5,0,0.148691208385053,0.15,-0.00421211506788329,0.00421211506788329,retract
1.273,0,0.0100663141098293,0,14.5,0,0.148687127904128,0.15,-0.00408063216902129,0.00408063216902129,retract
1.274,0,0.0194866673185347,0.0760087865707668,14.5,0,0.148683178021715,0.15,-0.00395002751956388,0.00395002751956388,retract
1.275,0,0.0167028577016012,0,14.5,0,0.148679357858151,0.15,-0.00382030267316486,0.00382030267316486,retract
1.276,0,0.014316735172801,0,14.5,0,0.148675666532286,0.15,-0.00369145911075308,0.00369145911075308,retract
1.277,0,0.0122714872909723,0,14.5,0,0.148672103161562,0.15,-0.00356349824093451,0.00356349824093451,retract
1.278,0,0.0105184176779762,0,14.5,0,0.148668666862084,0.15,-0.00343642140039767,0.00343642140039767,retract
1.279,0,0.0186191260905451,0.067223376565958,14.5,0,0.148665356748689,0.15,-0.00331022985432297,0.00331022985432297,retract
1.28,0,0.0159592509347529,0,14.5,0,0.148662171935017,0.15,-0.00318492479679498,0.00318492479679498,retract
1.281,0,0.0149348079470055,0.00878815002052099,14.5,0,0.148659111533588,0.15,-0.00306050735121845,0.00306050735121845,retract
1.282,0,0.0128012639545761,0,14.5,0,0.148656174655861,0.15,-0.00293697857073756,0.00293697857073756,retract
1.283,0,0.0199263818606811,0.0626770892973108,14.5,0,0.148653360412317,0.15,-0.00281433943865837,0.00281433943865837,retract
1.284,0,0.0170797558805838,0,14.5,0,0.148650667912515,0.15,-0.00269259086887437,0.00269259086887437,retract
1.285,0,0.017212842275657,0.0180113606460966,14.5,0,0.148648096265173,0.15,-0.00257173370629532,0.00257173370629532,retract
1.286,0,0.0152310972273568,0.0033406269375556,14.5,0,0.148645644578229,0.15,-0.00245176872727907,0.00245176872727907,retract
1.287,0,0.0130552261948773,0,14.5,0,0.14864331195891,0.15,-0.00233269664006638,0.00233269664006638,retract
1.288,0,0.011471932802958,0.00197217245144204,14.5,0,0.148641097513805,0.15,-0.00221451808521861,0.00221451808521861,retract
1.289,0,0.0161965769396167,0.044544441759569,14.5,0,0.148639000348923,0.15,-0.00209723363605849,0.00209723363605849,retract
1.29,0,0.0149992320654551,0.00781516282048592,14.5,0,0.148637019569769,0.15,-0.00198084379911333,0.00198084379911333,retract
1.291,0,0.012856484627533,0,14.5,0,0.148635154281405,0.15,-0.00186534901456138,0.00186534901456138,retract
1.292,0,0.0110198439664568,0,14.5,0,0.148633403588518,0.15,-0.0017507496566806,0.0017507496566806,retract
1.293,0,0.0162089930252786,0.0473438873782094,14.5,0,0.148631766595482,0.15,-0.00163704603430003,0.00163704603430003,retract
1.294,0,0.013893422593096,0,14.5,0,0.148630242406429,0.15,-0.00152423839125387,0.00152423839125387,retract
1.295,0,0.0119086479369394,0,14.5,0,0.14862883012531,0.15,-0.001412326906838,0.001412326906838,retract
1.296,0,0.0102074125173766,0,14.5,0,0.148627528855956,0.15,-0.00130131169626888,0.00130131169626888,retract
1.297,0,0.00874921072917997,0,14.5,0,0.148626337702149,0.15,-0.00119119281114474,0.00119119281114474,retract
1.298,0,0.00749932348215426,0,14.5,0,0.148625255767679,0.15,-0.00108197023990916,0.00108197023990916,retract
1.299,0,0.00642799155613222,0,14.5,0,0.148624282156409,0.15,-0.000973643908317075,0.000973643908317075,retract
1.3,0,0.00550970704811333,0,14.5,0,0.148623415972336,0.15,-0.000866213679902432,0.000866213679902432,retract
1.301,0,0.00472260604124,0,14.5,0,0.148622656319657,0.15,-0.000759679356448433,0.000759679356448433,retract
1.302,0,0.00404794803534857,0,14.5,0,0.148622002302823,0.15,-0.000654040678459698,0.000654040678459698,retract
1.303,0,0.00346966974458449,0,14.5,0,0.148621453026606,0.15,-0.000549297325636166,0.000549297325636166,retract
1.304,0,0.0119041577260057,0.0625110856145333,14.5,0,0.148621007596159,0.15,-0.000445448917349288,0.000445448917349288,retract
1.305,0,0.0102035637651478,0,14.5,0,0.148620665117069,0.15,-0.000342495013119877,0.000342495013119877,retract
1.306,0,0.00942017468206978,0.00471984018360175,14.5,0,0.148620424695426,0.15,-0.000240435113097708,0.000240435113097708,retract
1.307,0,0.0156512976532762,0.0530380354805147,14.5,0,0.148620285437876,0.15,-0.000139268658542826,0.000139268658542826,retract
1.308,0,0.0196534543320746,0.043666394404865,14.5,0,0.14862024645168,0.15,-3.89950323087761e-05,3.89950323087761e-05,retract
1.309,0,0.0209529787724549,0.0287501254147367,14.5,0,0.148620306844773,0.15,6.038644067281e-05,0,retract
1.31,0,0.019063301756346,0.00772523965969274,14.5,0,0.14862046572582,0.15,0.000158876492906033,0,retract
1.311,0,0.0190042822356592,0.0186501651115386,14.5,0,0.148620722204277,0.15,0.000256475913843037,0,retract
1.312,0,0.0162893847734222,0,14.5,0,0.148621075390442,0.15,0.000353185549394843,0,retract
1.313,0,0.0139623298057905,0,14.5,0,0.148621524395514,0.15,0.000449006301441006,0,retract
1.314,0,0.0119677112621061,0,14.5,0,0.148622068331648,0.15,0.000543939127337684,0,retract
1.315,0,0.0102580382246624,0,14.5,0,0.14862270631201,0.15,0.00063798503942479,0,retract
1.316,0,0.0106772975683417,0.0131928536304174,14.5,0,0.148623437450831,0.15,0.000731145104531691,0,retract
1.317,0,0.0102178116705091,0.00746089628351348,14.5,0,0.148624260863463,0.15,0.000823420443481979,0,retract
1.318,0,0.00875812428900778,0,14.5,0,0.148625175666429,0.15,0.000914812230597055,0,retract
1.319,0,0.0127686679622761,0.0368319300018862,14.5,0,0.148626180977478,0.15,0.00100532169319881,0,retract
1.32,0,0.0109445725390938,0,14.5,0,0.14862727591564,0.15,0.00109495011111134,0,retract
1.321,0,0.0104684276971993,0.00761155864583198,14.5,0,0.148628459601274,0.15,0.00118369881616173,0,retract
1.322,0,0.0089729380261708,0,14.5,0,0.148629731156118,0.15,0.00127156919167998,0,retract
1.323,0,0.0202851698004612,0.0881585604462037,14.5,0,0.148631089703348,0.15,0.00135856267199837,0,retract
1.324,0,0.0173872884003953,0,14.5,0,0.148632534367621,0.15,0.00144468074195,0,retract
1.325,0,0.0149033900574817,0,14.5,0,0.148634064275126,0.15,0.00152992493636644,0,retract
1.326,0,0.0127743343349843,0,14.5,0,0.148635678553639,0.15,0.00161429683957524,0,retract
1.327,0,0.0109494294299866,0,14.5,0,0.148637376332564,0.15,0.00169779808489658,0,retract
1.328,0,0.00971777105234408,0.00232782078648916,14.5,0,0.148639156742988,0.15,0.0017804303541395,0,retract
1.329,0,0.0236483542838424,0.107231853672833,14.5,0,0.148641018917725,0.15,0.00186219537709788,0,retract
1.33,0,0.0202700179575792,0,14.5,0,0.148642961991367,0.15,0.00194309493104569,0,retract
1.331,0,0.0221025452319536,0.0330977088781999,14.5,0,0.148644985100327,0.15,0.0020231308402324,0,retract
1.332,0,0.018945038770246,0,14.5,0,0.148647087382888,0.15,0.00210230497537771,0,retract
1.333,0,0.0279837633889572,0.0822161111012244,14.5,0,0.148649267979249,0.15,0.00218061925316626,0,retract
1.334,0,0.027873842491514,0.0272143171068547,14.5,0,0.148651526031569,0.15,0.00225807563574225,0,retract
1.335,0,0.0348006372244326,0.0763614056219448,14.5,0,0.148653860684014,0.15,0.00233467613020394,0,retract
1.336,0,0.0380149338957645,0.0573007139237559,14.5,0,0.148656271082799,0.15,0.00241042278809783,0,retract
1.337,0,0.0409297858427277,0.0584188975245069,14.5,0,0.148658756376235,0.15,0.0024853177049134,0,retract
1.338,0,0.0350826735794809,0,14.5,0,0.148661315714769,0.15,0.00255936301957731,0,retract
1.339,0,0.0320139830039214,0.013601839550564,14.5,0,0.148663948251029,0.15,0.00263256091394816,0,retract
1.34,0,0.0312294070390801,0.0265219512500325,14.5,0,0.148666653139867,0.15,0.00270491361231126,0,retract
1.341,0,0.0311805572050747,0.0308874582010427,14.5,0,0.1486694295384,0.15,0.00277642338087346,0,retract
1.342,0,0.0356412694009495,0.0624055425761977,14.5,0,0.14867227660605,0.15,0.00284709252725858,0,retract
1.343,0,0.0305496594865281,0,14.5,0,0.148675193504588,0.15,0.00291692340000293,0,retract
1.344,0,0.0261854224170241,0,14.5,0,0.148678179398172,0.15,0.00298591838805109,0,retract
1.345,0,0.0224446477860206,0,14.5,0,0.148681233453389,0.15,0.00305407992025251,0,retract
1.346,0,0.0226512716301095,0.0238910146946425,14.5,0,0.14868435483929,0.15,0.00312141046485815,0,retract
1.347,0,0.019415375682951,0,14.5,0,0.148687542727436,0.15,0.00318791252901782,0,retract
1.348,0,0.0166417505853866,0,14.5,0,0.148690796291929,0.15,0.00325358865827819,0,retract
1.349,0,0.0195163699680841,0.0367640862642692,14.5,0,0.148694114709456,0.15,0.00331844143608119,0,retract
1.35,0,0.0167283171155006,0,14.5,0,0.148697497159323,0.15,0.00338247348326319,0,retract
1.351,0,0.014338557527572,0,14.5,0,0.148700942823491,0.15,0.00344568745755484,0,retract
1.352,0,0.0122901921664903,0,14.5,0,0.148704450886617,0.15,0.00350808605308166,0,retract
1.353,0,0.0255097619840499,0.104827180889408,14.5,0,0.148708020536085,0.15,0.00356967199986554,0,retract
1.354,0,0.0264460648831719,0.032063882277904,14.5,0,0.148711650962043,0.15,0.00363044806332691,0,retract
1.355,0,0.0270910037069256,0.0309606366494476,14.5,0,0.14871534135744,0.15,0.00369041704378785,0,retract
1.356,0,0.0236008215149559,0.00265972836313759,14.5,0,0.148719090918058,0.15,0.00374958177597619,0,retract
1.357,0,0.0326638876518839,0.0870422844734523,14.5,0,0.148722898842546,0.15,0.00380794512853038,0,retract
1.358,0,0.0279976179873291,0,14.5,0,0.148726764332456,0.15,0.00386551000350579,0,retract
1.359,0,0.0261628903882099,0.0151545247934946,14.5,0,0.148730686592271,0.15,0.00392227933588155,0,retract
1.36,0,0.0224253346184656,0,14.5,0,0.148734664829443,0.15,0.00397825609306885,0,retract
1.361,0,0.0224708601101535,0.0227440130602808,14.5,0,0.148738698254421,0.15,0.00403344327442031,0,retract
1.362,0,0.0192607372372744,0,14.5,0,0.148742786080686,0.15,0.00408784391074035,0,retract
1.363,0,0.0165092033462352,0,14.5,0,0.148746927524777,0.15,0.00414146106379699,0,retract
1.364,0,0.026567434969732,0.0869168247107129,14.5,0,0.148751121806325,0.15,0.00419429782583489,0,retract
1.365,0,0.0227720871169132,0,14.5,0,0.148755368148085,0.15,0.00424635731908956,0,retract
1.366,0,0.0298950175826574,0.0726326003771229,14.5,0,0.14875966577596,0.15,0.004297642695303,0,retract
1.367,0,0.0319414761840755,0.044220227792584,14.5,0,0.148764013919033,0.15,0.00434815713524069,0,retract
1.368,0,0.0306020040807786,0.0225651714609971,14.5,0,0.148768411809597,0.15,0.00439790384821008,0,retract
1.369,0,0.0308235871543287,0.0321530855956292,14.5,0,0.14877285868318,0.15,0.00444688607158039,0,retract
1.37,0,0.0316889145367032,0.0368808788309506,14.5,0,0.148777353778577,0.15,0.00449510707030398,0,retract
1.371,0,0.0364087368521962,0.0647276707451537,14.5,0,0.14878189633787,0.15,0.00454257013643919,0,retract
1.372,0,0.0312074887304539,0,14.5,0,0.148786485606462,0.15,0.00458927858867494,0,retract
1.373,0,0.0267492760546747,0,14.5,0,0.148791120833099,0.15,0.00463523577185658,0,retract
1.374,0,0.0345069563993202,0.0810530384671933,14.5,0,0.148795801269896,0.15,0.00468044505651371,0,retract
1.375,0,0.0295773911994174,0,14.5,0,0.148800526172366,0.15,0.00472490983838937,0,retract
1.376,0,0.0253520495995006,0,14.5,0,0.148805294799438,0.15,0.00476863353797131,0,retract
1.377,0,0.0328876239467752,0.0781010700304232,14.5,0,0.148810106413486,0.15,0.00481161960002453,0,retract
1.378,0,0.0281893919543788,0,14.5,0,0.148814960280354,0.15,0.00485387149312592,0,retract
1.379,0,0.0284863329717121,0.0302679790757122,14.5,0,0.148819855669376,0.15,0.00489539270920059,0,retract
1.38,0,0.0262615829748309,0.0129130829935433,14.5,0,0.148824791853398,0.15,0.00493618676306006,0,retract
1.381,0,0.025985696241639,0.0243303758424876,14.5,0,0.148829768108805,0.15,0.00497625719194209,0,retract
1.382,0,0.0272196042725205,0.0346230524578098,14.5,0,0.148834783715541,0.15,0.00501560755505292,0,retract
1.383,0,0.0233310893764462,0,14.5,0,0.148839837957127,0.15,0.00505424143311091,0,retract
1.384,0,0.0388014467088273,0.131623590703114,14.5,0,0.148844930120689,0.15,0.00509216242789225,0,retract
1.385,0,0.0403327603453349,0.049520642164381,14.5,0,0.148850059496972,0.15,0.00512937416177886,0,retract
1.386,0,0.0345709374388585,0,14.5,0,0.148855225380363,0.15,0.00516588027730812,0,retract
1.387,0,0.0421740288273303,0.087792577158161,14.5,0,0.148860427068912,0.15,0.00520168443672473,0,retract
1.388,0,0.0495184949642978,0.0935852917861027,14.5,0,0.148865663864349,0.15,0.00523679032153444,0,retract
1.389,0,0.0424444242551124,0,14.5,0,0.148870935072105,0.15,0.00527120163206014,0,retract
1.39,0,0.0429857171028364,0.0462334741891805,14.5,0,0.148876240001327,0.15,0.00530492208699987,0,retract
1.391,0,0.0482858853502159,0.0800868948344931,14.5,0,0.148881577964899,0.15,0.00533795542298709,0,retract
1.392,0,0.0501846136897039,0.0615769837266321,14.5,0,0.148886948279459,0.15,0.00537030539415305,0,retract
1.393,0,0.0430153831626034,0,14.5,0,0.148892350265415,0.15,0.00540197577169139,0,retract
1.394,0,0.0368703284250886,0,14.5,0,0.148897783246964,0.15,0.00543297034342491,0,retract
1.395,0,0.0328659080837093,0.00883938603543323,14.5,0,0.148903246552104,0.15,0.0054632929133746,0,retract
1.396,0,0.0281707783574651,0,14.5,0,0.148908739512653,0.15,0.00549294730133093,0,retract
1.397,0,0.0241463814492558,0,14.5,0,0.148914261464265,0.15,0.00552193734242758,0,retract
1.398,0,0.0206968983850764,0,14.5,0,0.148919811746443,0.15,0.00555026688671716,0,retract
1.399,0,0.0177401986157798,0,14.5,0,0.148925389702552,0.15,0.00557793979874961,0,retract
1.4,0,0.0152058845278112,0,14.5,0,0.148930994679838,0.15,0.00560495995715272,0,retract
