t_s,force_normal_N,force_filtered_N,force_measured_N,force_desired_N,penetration_mm,ee_z_m,cmd_z_m,ee_z_velocity_mps,closing_velocity_mps,phase
0,0,0,0,14.5,0,0.149999994323105,0.15,0,0,approach
0.001,0,0,0,14.5,0,0.149999994324321,0.149996601239669,1.21532500625011e-09,0,approach
0.002,0,0.0035136302494089,0.0245954117458623,14.5,0,0.149999912457286,0.149986446280992,-8.18670277252592e-05,8.18670277252592e-05,approach
0.003,0,0.00337762504844086,0.00256159384263265,14.5,0,0.149999667735275,0.149969597107438,-0.000244721947339053,0.000244721947339053,approach
0.004,0,0.00289510718437788,0,14.5,0,0.14999918006911,0.149946115702479,-0.000487665913440574,0.000487665913440574,approach
0.005,0,0.00248152044375247,0,14.5,0,0.149998370281582,0.149916064049587,-0.000809786836157594,0.000809786836157594,approach
0.006,0,0.00844979225976309,0.0442594231558268,14.5,0,0.149997160121488,0.149879504132231,-0.00121015855251272,0.00121015855251272,approach
0.007,0,0.00789873782753365,0.00459241123415699,14.5,0,0.149995472277285,0.149836497933884,-0.00168784121142765,0.00168784121142765,approach
0.008,0,0.0123696979478234,0.0391954586695621,14.5,0,0.149993230390361,0.149787107438017,-0.00224188165712307,0.00224188165712307,approach
0.009,0,0.0205044992922732,0.0693133073589719,14.5,0,0.149990359067931,0.149731394628099,-0.0028713138109895,0.0028713138109895,approach
0.01,0,0.0250411458114546,0.052261024926543,14.5,0,0.149986783895548,0.149669421487603,-0.00357515905199724,0.00357515905199724,approach
0.011,0,0.0214638392669611,0,14.5,0,0.149982431449238,0.14960125,-0.00435242659570651,0.00435242659570651,approach
0.012,0,0.0183975765145381,0,14.5,0,0.14997722930727,0.14952694214876,-0.00520211387193141,0.00520211387193141,approach
0.013,0,0.0179368687804802,0.0151726223761331,14.5,0,0.14997110606153,0.149446559917355,-0.00612320690110461,0.00612320690110461,approach
0.014,0,0.0153744589546973,0,14.5,0,0.149963991328548,0.149360165289256,-0.00711468066938228,0.00711468066938228,approach
0.015,0,0.0189787609124695,0.0406045726591022,14.5,0,0.149955815760129,0.149267820247934,-0.00817549950252178,0.00817549950252178,approach
0.016,0,0.0254729480436015,0.0644380708303938,14.5,0,0.149946511053629,0.14916958677686,-0.00930461743855794,0.00930461743855794,approach
0.017,0,0.0309435929036311,0.0637674620638089,14.5,0,0.149936009961856,0.149065526859504,-0.0105009785992966,0.0105009785992966,approach
0.018,0,0.0265230796316838,0,14.5,0,0.1499242463026,0.148955702479339,-0.0117635175606382,0.0117635175606382,approach
0.019,0,0.0338179582918301,0.0775872302527077,14.5,0,0.149911154967802,0.148840175619835,-0.0130911597217368,0.0130911597217368,approach
0.02,0,0.0289868213929972,0,14.5,0,0.149896671932346,0.148719008264463,-0.0144828216729943,0.0144828216729943,approach
0.021,0,0.0248458469082833,0,14.5,0,0.149880734262503,0.148592262396694,-0.0159374115628832,0.0159374115628832,approach
0.022,0,0.0212964402071,0,14.5,0,0.14986328012399,0.14846,-0.0174538294635852,0.0174538294635852,approach
0.023,0,0.0257023558084468,0.0521378494165273,14.5,0,0.149844248789683,0.148322283057851,-0.0190309677354277,0.0190309677354277,approach
0.024,0,0.0220305906929544,0,14.5,0,0.149823580646962,0.148179173553719,-0.0206677113900946,0.0206677113900946,approach
0.025,0,0.0188833634511037,0,14.5,0,0.149801217204694,0.148030733471074,-0.0223629384525812,0.0223629384525812,approach
0.026,0,0.0161857401009461,0,14.5,0,0.149777101099858,0.147877024793388,-0.0241155203218601,0.0241155203218601,approach
0.027,0,0.0138734915150966,0,14.5,0,0.149751176103814,0.147718109504132,-0.0259243221302188,0.0259243221302188,approach
0.028,0,0.0118915641557971,0,14.5,0,0.149723387128216,0.147554049586777,-0.0277882031012243,0.0277882031012243,approach
0.029,0,0.0101927692763975,0,14.5,0,0.149693680230563,0.147384907024793,-0.0297060169062673,0.0297060169062673,approach
0.03,0,0.00873665937976931,0,14.5,0,0.149662002619405,0.147210743801653,-0.031676612019634,0.031676612019634,approach
0.031,0,0.00748856518265941,0,14.5,0,0.149628302659193,0.147031621900826,-0.0336988320720467,0.0336988320720467,approach
0.032,0,0.0157686141577703,0.065448908008436,14.5,0,0.149592529874775,0.146847603305785,-0.0357715162026166,0.0357715162026166,approach
0.033,0,0.019731600223219,0.0435095166159108,14.5,0,0.149554634955549,0.14665875,-0.0378934994091407,0.0378934994091407,approach
0.034,0,0.0171665664177021,0.00177636358460098,14.5,0,0.149514569759265,0.146465123966942,-0.0400636128966799,0.0400636128966799,approach
0.035,0,0.0147141997866018,0,14.5,0,0.149472287315482,0.146266787190083,-0.0422806844243438,0.0422806844243438,approach
0.036,0,0.0187143596831497,0.0427153190624372,14.5,0,0.149427741828679,0.146063801652893,-0.0445435386502133,0.0445435386502133,approach
0.037,0,0.0215467841940324,0.0385413312593285,14.5,0,0.14938088868103,0.145856229338843,-0.0468509974743212,0.0468509974743212,approach
0.038,0,0.0244934203029728,0.0421732369566152,14.5,0,0.149331684434832,0.145644132231405,-0.0492018803796151,0.0492018803796151,approach
0.039,0,0.0258574387275526,0.0340415492750315,14.5,0,0.149280086834598,0.14542757231405,-0.0515950047708215,0.0515950047708215,approach
0.04,0,0.0288979443743463,0.0471409782551085,14.5,0,0.149226054808817,0.145206611570248,-0.0540291863111268,0.0540291863111268,approach
0.041,0,0.0247696666065826,0,14.5,0,0.149169548471374,0.144981311983471,-0.0565032392565936,0.0565032392565936,approach
0.042,0,0.0284269757015479,0.0503708302713398,14.5,0,0.149110529122648,0.14475173553719,-0.0590159767882231,0.0590159767882231,approach
0.043,0,0.0243659791727553,0,14.5,0,0.14904895925027,0.144517944214876,-0.0615662113415785,0.0615662113415785,approach
0.044,0,0.0208851250052189,0,14.5,0,0.148984802529563,0.14428,-0.0641527549338788,0.0641527549338788,approach
0.045,0,0.0236996028751339,0.0405864700946241,14.5,0,0.148918023823653,0.144037964876033,-0.0667744194884741,0.0667744194884741,approach
0.046,0,0.0274047341581495,0.0496355218562432,14.5,0,0.148848589183267,0.143791900826446,-0.06943001715661,0.06943001715661,approach
0.047,0,0.0234897721355567,0,14.5,0,0.148776465846201,0.143541869834711,-0.0721183606363929,0.0721183606363929,approach
0.048,0,0.0242145728733791,0.0285633773003135,14.5,0,0.148701622236479,0.143287933884298,-0.0748382634888584,0.0748382634888584,approach
0.049,0,0.0207553481771821,0,14.5,0,0.148624027963202,0.143030154958678,-0.0775885404510571,0.0775885404510571,approach
0.05,0,0.0177902984375847,0,14.5,0,0.148543653819082,0.142768595041322,-0.0803680077460583,0.0803680077460583,approach
0.051,0,0.0219292285487099,0.0467628092154611,14.5,0,0.14846047177867,0.142503316115702,-0.0831754833897841,0.0831754833897841,approach
0.052,0,0.0187964816131799,0,14.5,0,0.148374454996286,0.142234380165289,-0.0860097874945781,0.0860097874945781,approach
0.053,0,0.0189615898122313,0.01995223900654,14.5,0,0.148285577803646,0.141961849173554,-0.0888697425694168,0.0888697425694168,approach
0.054,0,0.0180427221333599,0.0125295160601316,14.5,0,0.148193815707187,0.141685785123967,-0.0917541738166727,0.0917541738166727,approach
0.055,0,0.0248475511540944,0.0656765252785014,14.5,0,0.148099145385108,0.14140625,-0.0946619094253351,0.0946619094253351,approach
0.056,0,0.0271131771193322,0.0407069329107591,14.5,0,0.14800154468412,0.141123305785124,-0.0975917808606,0.0975917808606,approach
0.057,0,0.0232398661022848,0,14.5,0,0.147900992615902,0.14083701446281,-0.100542623149738,0.100542623149738,approach
0.058,0,0.0199198852305298,0,14.5,0,0.147797469353287,0.140547438016529,-0.103513275164148,0.103513275164148,approach
0.059,0,0.0170741873404541,0,14.5,0,0.14769095622616,0.140254638429752,-0.106502579897517,0.106502579897517,approach
0.06,0,0.0146350177203893,0,14.5,0,0.14758143571709,0.13995867768595,-0.109509384739986,0.109509384739986,approach
0.061,0,0.0138469131629882,0.00911828581858198,14.5,0,0.147468891456683,0.139659617768595,-0.112532541748247,0.112532541748247,approach
0.062,0,0.0139846977683344,0.0148114054004115,14.5,0,0.147353308218681,0.139357520661157,-0.115570907911479,0.115570907911479,approach
0.063,0,0.0199421687395916,0.055686994567135,14.5,0,0.147234671914783,0.139052448347107,-0.118623345413049,0.118623345413049,approach
0.064,0,0.0232183249154066,0.0428752619702963,14.5,0,0.147112969589227,0.138744462809917,-0.121688721887885,0.121688721887885,approach
0.065,0,0.0199014213560628,0,14.5,0,0.146988189413104,0.138433626033058,-0.124765910675444,0.124765910675444,approach
0.066,0,0.0170583611623395,0,14.5,0,0.146860320678432,0.13812,-0.127853791068211,0.127853791068211,approach
0.067,0,0.0179135066325863,0.0230443794540666,14.5,0,0.146729353791981,0.137803646694215,-0.130951248555626,0.130951248555626,approach
0.068,0,0.0153544342565025,0,14.5,0,0.146595280268861,0.137484628099174,-0.134057175063388,0.134057175063388,approach
0.069,0,0.0131609436484307,0,14.5,0,0.146458092725878,0.137163006198347,-0.137170469188051,0.137170469188051,approach
0.07,0,0.0127792314590438,0.0104889583227226,14.5,0,0.146317784874651,0.136838842975207,-0.140290036426847,0.140290036426847,approach
0.071,0,0.0109536269648947,0,14.5,0,0.146174351514514,0.136512200413223,-0.14341478940266,0.14341478940266,approach
0.072,0,0.0169942878810781,0.0532382533781782,14.5,0,0.146027788525191,0.136183140495868,-0.146543648084098,0.146543648084098,approach
0.073,0,0.0222927488901298,0.0540835149444404,14.5,0,0.145878092859259,0.135851725206612,-0.14967554000058,0.14967554000058,approach
0.074,0,0.0191080704772542,0,14.5,0,0.145725262534396,0.135518016528926,-0.152809400452393,0.152809400452393,approach
0.075,0,0.0171359949549556,0.00530354182116453,14.5,0,0.145569296625432,0.135182076446281,-0.155944172715652,0.155944172715652,approach
0.076,0,0.0213746559832626,0.0468066221531043,14.5,0,0.14541019525619,0.134843966942149,-0.159078808242109,0.159078808242109,approach
0.077,0,0.0286048386794926,0.0719859348568726,14.5,0,0.145247959591138,0.13450375,-0.162212266853743,0.162212266853743,approach
0.078,0,0.0245184331538508,0,14.5,0,0.145082591826852,0.134161487603306,-0.165343516932106,0.165343516932106,approach
0.079,0,0.0210157998461578,0,14.5,0,0.144914095183289,0.133817241735537,-0.168471535602342,0.168471535602342,approach
0.08,0,0.0358812465513809,0.125073926782719,14.5,0,0.144742473894888,0.133471074380165,-0.171595308911861,0.171595308911861,approach
0.081,0,0.0410517666917131,0.0720748875337063,14.5,0,0.144567733201488,0.133123047520661,-0.174713832003603,0.174713832003603,approach
0.082,0,0.0351872285928969,0,14.5,0,0.144389879339088,0.132773223140496,-0.177826109283861,0.177826109283861,approach
0.083,0,0.0301604816510545,0,14.5,0,0.144208919530439,0.132421663223141,-0.180931154584616,0.180931154584616,approach
0.084,0,0.035041948991997,0.0643307530376518,14.5,0,0.144024861975473,0.132068429752066,-0.184027991320356,0.184027991320356,approach
0.085,0,0.0383649079117961,0.0583026614305911,14.5,0,0.143837715841594,0.131713584710744,-0.187115652639338,0.187115652639338,approach
0.086,0,0.0328842067815395,0,14.5,0,0.143647491253809,0.131357190082645,-0.19019318156926,0.19019318156926,approach
0.087,0,0.031378012236556,0.022340844966655,14.5,0,0.143454199284726,0.13099930785124,-0.193259631157321,0.193259631157321,approach
0.088,0,0.0390371028613235,0.0849916466099281,14.5,0,0.143257851944415,0.13064,-0.196314064604638,0.196314064604638,approach
0.089,0,0.0343597438073677,0.00629558948363283,14.5,0,0.143058462170138,0.130279328512397,-0.199355555395004,0.199355555395004,approach
0.09,0,0.0294512089777437,0,14.5,0,0.142856043815959,0.129917355371901,-0.202383187417949,0.202383187417949,approach
0.091,0,0.0252438934094946,0,14.5,0,0.142650611642233,0.129554142561983,-0.205396055086106,0.205396055086106,approach
0.092,0,0.021637622922424,0,14.5,0,0.142442181304982,0.129189752066116,-0.208393263446863,0.208393263446863,approach
0.093,0,0.0255395117751795,0.048950844891713,14.5,0,0.142230769345169,0.128824245867769,-0.211373928288272,0.211373928288272,approach
0.094,0,0.021891010093011,0,14.5,0,0.142016393177864,0.128457685950413,-0.214337176239231,0.214337176239231,approach
0.095,0,0.0187637229368666,0,14.5,0,0.141799071081321,0.128090134297521,-0.21728214486391,0.21728214486391,approach
0.096,0,0.0160831910887428,0,14.5,0,0.141578822185965,0.127721652892562,-0.220207982750434,0.220207982750434,approach
0.097,0,0.0137855923617795,0,14.5,0,0.14135566646329,0.127352303719008,-0.22311384959381,0.22311384959381,approach
0.098,0,0.0118162220243825,0,14.5,0,0.141129624714685,0.126982148760331,-0.225998916273103,0.225998916273103,approach
0.099,0,0.0101281903066135,0,14.5,0,0.140900718560188,0.12661125,-0.228862364922871,0.228862364922871,approach
0.1,0,0.00911881104755457,0.00306253549320077,14.5,0,0.140668970427164,0.126239669421488,-0.23170338899886,0.23170338899886,approach
0.101,0,0.00995300956738534,0.0149582006863699,14.5,0,0.140434403538939,0.125867469008264,-0.234521193337963,0.234521193337963,approach
0.102,0,0.00853115105775886,0,14.5,0,0.140197041903363,0.125494710743802,-0.237314994212478,0.237314994212478,approach
0.103,0,0.00731241519236474,0,14.5,0,0.139956910301329,0.12512145661157,-0.240084019378649,0.240084019378649,approach
0.104,0,0.00626778445059835,0,14.5,0,0.139714034275257,0.124747768595041,-0.242827508119532,0.242827508119532,approach
0.105,0,0.0069084282050088,0.0107522907314715,14.5,0,0.139468440117526,0.124373708677686,-0.2455447112822,0.2455447112822,approach
0.106,0,0.00925737785686032,0.0233510757679694,14.5,0,0.139220154858881,0.123999338842975,-0.248234891309302,0.248234891309302,approach
0.107,0,0.0296322465506655,0.151881458713497,14.5,0,0.138969206256816,0.12362472107438,-0.250897322265017,0.250897322265017,approach
0.108,0,0.025399068471999,0,14.5,0,0.138715622783929,0.123249917355372,-0.253531289855411,0.253531289855411,approach
0.109,0,0.0277521889544126,0.0418709118488943,14.5,0,0.138459433616267,0.122874989669422,-0.256136091443254,0.256136091443254,approach
0.11,0,0.0304222224772718,0.0464424236144266,14.5,0,0.138200668621656,0.1225,-0.258711036057305,0.258711036057305,approach
0.111,0,0.0260761906948044,0,14.5,0,0.137939358348033,0.122125010330579,-0.261255444396117,0.261255444396117,approach
0.112,0,0.0304299191395561,0.0565522898080663,14.5,0,0.137675534011772,0.121750082644628,-0.263768648826395,0.263768648826395,approach
0.113,0,0.0327789905349134,0.0468734189070574,14.5,0,0.13740922748602,0.12137527892562,-0.266249993375953,0.266249993375953,approach
0.114,0,0.0296289355032683,0.0107286053133977,14.5,0,0.137140471289046,0.121000661157025,-0.268698833721299,0.268698833721299,approach
0.115,0,0.0390718367069449,0.0957292439290048,14.5,0,0.136869298572602,0.120626291322314,-0.271114537169915,0.271114537169915,approach
0.116,0,0.0334901457488099,0,14.5,0,0.136595743110311,0.120252231404959,-0.273496482637264,0.273496482637264,approach
0.117,0,0.0287058392132657,0,14.5,0,0.13631983928608,0.11987854338843,-0.275844060618579,0.275844060618579,approach
0.118,0,0.024605005039942,0,14.5,0,0.136041622082547,0.119505289256198,-0.278156673155491,0.278156673155491,approach
0.119,0,0.0210900043199503,0,14.5,0,0.135761127069564,0.119132530991736,-0.280433733797543,0.280433733797543,approach
0.12,0,0.0292417005808305,0.0781518781461117,14.5,0,0.135478390392725,0.118760330578512,-0.282674667558656,0.282674667558656,approach
0.121,0,0.025064314783569,0,14.5,0,0.135193448761939,0.11838875,-0.284878910868598,0.284878910868598,approach
0.122,0,0.0245207492575689,0.0212593561015687,14.5,0,0.134906339440061,0.118017851239669,-0.287045911519526,0.287045911519526,approach
0.123,0,0.0210177850779162,0,14.5,0,0.134617100231572,0.117647696280992,-0.289175128607655,0.289175128607655,approach
0.124,0,0.0180152443524996,0,14.5,0,0.134325769471329,0.117278347107438,-0.291266032470129,0.291266032470129,approach
0.125,0,0.0154416380164283,0,14.5,0,0.134032386013382,0.116909865702479,-0.293318104617155,0.293318104617155,approach
0.126,0,0.0132356897283671,0,14.5,0,0.133736989219855,0.116542314049587,-0.295330837659474,0.295330837659474,approach
0.127,0,0.0116436245895973,0.00209123375697888,14.5,0,0.133439618949915,0.116175754132231,-0.297303735231234,0.297303735231234,approach
0.128,0,0.010887387591478,0.00634996560276177,14.5,0,0.133140315548811,0.115810247933884,-0.29923631190835,0.29923631190835,approach
0.129,0,0.00933204650698112,0,14.5,0,0.132839119837007,0.115445857438017,-0.301128093122409,0.301128093122409,approach
0.13,0,0.0144157141956956,0.0449177203279823,14.5,0,0.132536073099397,0.115082644628099,-0.302978615070216,0.302978615070216,approach
0.131,0,0.0123563264534533,0,14.5,0,0.132231217074625,0.114720671487603,-0.304787424619044,0.304787424619044,approach
0.132,0,0.0105911369601029,0,14.5,0,0.131924593944488,0.11436,-0.306554079207676,0.306554079207676,approach
0.133,0,0.00907811739437389,0,14.5,0,0.131616246323459,0.11400069214876,-0.308278146743321,0.308278146743321,approach
0.134,0,0.0077812434808919,0,14.5,0,0.131306217248301,0.113642809917355,-0.309959205494478,0.309959205494478,approach
0.135,0,0.00666963726933592,0,14.5,0,0.1309945501678,0.113286415289256,-0.311596843979852,0.311596843979852,approach
0.136,0,0.0117659383224149,0.0423437446408887,14.5,0,0.130681288932615,0.112931570247934,-0.313190660853387,0.313190660853387,approach
0.137,0,0.0170914509835955,0.049044526950679,14.5,0,0.130366477785234,0.112578336776859,-0.314740264785515,0.314740264785515,approach
0.138,0,0.0146498151287961,0,14.5,0,0.130050161350067,0.112226776859504,-0.316245274340705,0.316245274340705,approach
0.139,0,0.012556984396111,0,14.5,0,0.129732384623654,0.111876952479339,-0.317705317851415,0.317705317851415,approach
0.14,0,0.0107631294823808,0,14.5,0,0.129413192965003,0.111528925619835,-0.319120033288515,0.319120033288515,approach
0.141,0,0.00922553955632642,0,14.5,0,0.129092632086071,0.111182758264463,-0.320489068128292,0.320489068128292,approach
0.142,0,0.00790760533399408,0,14.5,0,0.128770748042361,0.110838512396694,-0.321812079216132,0.321812079216132,approach
0.143,0,0.00683534050168109,0.000401751507803193,14.5,0,0.128447587223681,0.11049625,-0.323088732626951,0.323088732626951,approach
0.144,0,0.00948784486145441,0.0254028710200943,14.5,0,0.128123196345028,0.110156033057851,-0.324318703522498,0.324318703522498,approach
0.145,0,0.00813243845267521,0,14.5,0,0.127797622437624,0.109817923553719,-0.325501676005614,0.325501676005614,approach
0.146,0,0.00916145613244066,0.0153355622110334,14.5,0,0.127470912840103,0.109481983471074,-0.326637342971535,0.326637342971535,approach
0.147,0,0.0136252356159852,0.0404079125172525,14.5,0,0.127143115189841,0.109148274793388,-0.327725405956357,0.327725405956357,approach
0.148,0,0.0116787733851302,0,14.5,0,0.126814277414448,0.108816859504132,-0.328765574982742,0.328765574982742,approach
0.149,0,0.0137915543805369,0.0264682403529771,14.5,0,0.126484447723415,0.108487799586777,-0.329757568402979,0.329757568402979,approach
0.15,0,0.0118213323261745,0,14.5,0,0.126153674599914,0.108161157024793,-0.330701112739493,0.330701112739493,approach
0.151,0,0.0160318900238573,0.0412952362099544,14.5,0,0.125822006792769,0.107836993801653,-0.331595942522895,0.331595942522895,approach
0.152,0,0.0178236678836658,0.0285743350425167,14.5,0,0.12548949330858,0.107515371900826,-0.332441800127696,0.332441800127696,approach
0.153,0,0.0159170310218684,0.00447720985108404,14.5,0,0.125156183404029,0.107196353305785,-0.333238435605758,0.333238435605758,approach
0.154,0,0.0136431694473158,0,14.5,0,0.124822126578335,0.10688,-0.333985606517603,0.333985606517603,approach
0.155,0,0.0152784210597872,0.025089930734616,14.5,0,0.124487372565896,0.106566373966942,-0.334683077761676,0.334683077761676,approach
0.156,0,0.0205131066456687,0.0519212201609575,14.5,0,0.124151971329094,0.106255537190083,-0.335330621401662,0.335330621401662,approach
0.157,0,0.0175826628391446,0,14.5,0,0.123815973051278,0.105947551652893,-0.335928016491957,0.335928016491957,approach
0.158,0,0.0173874310887376,0.0162160405862956,14.5,0,0.123479428129923,0.105642479338843,-0.336475048901407,0.336475048901407,approach
0.159,0,0.0149035123617751,0,14.5,0,0.123142387169964,0.105340382231405,-0.336971511135393,0.336971511135393,approach
0.16,0,0.0198894207811694,0.0498048712975351,14.5,0,0.122804900977314,0.10504132231405,-0.337417202156393,0.337417202156393,approach
0.161,0,0.0259842868028083,0.0625534829326419,14.5,0,0.122467020552558,0.104745361570248,-0.3378119272031,0.3378119272031,approach
0.162,0,0.0244814568198853,0.0154644769223471,14.5,0,0.122128797084831,0.104452561983471,-0.338155497608203,0.338155497608203,approach
0.163,0,0.0246036628322314,0.025336898906308,14.5,0,0.121790281945884,0.10416298553719,-0.338447730614941,0.338447730614941,approach
0.164,0,0.0210888538561983,0,14.5,0,0.121451526684321,0.103876694214876,-0.33868844919252,0.33868844919252,approach
0.165,0,0.01807616044817,0,14.5,0,0.121112583020041,0.10359375,-0.338877481850498,0.338877481850498,approach
0.166,0,0.0154938518127171,0,14.5,0,0.120773502838848,0.103314214876033,-0.33901466245223,0.33901466245223,approach
0.167,0,0.0158464280190752,0.0179618852572234,14.5,0,0.120434338187263,0.103038150826446,-0.339099830027493,0.339099830027493,approach
0.168,0,0.0135826525877787,0,14.5,0,0.120095141267512,0.102765619834711,-0.339132828584361,0.339132828584361,approach
0.169,0,0.0192579685617258,0.053309864405408,14.5,0,0.11975596443271,0.102496683884298,-0.339113506920449,0.339113506920449,approach
0.17,0,0.0165068301957649,0,14.5,0,0.119416860182236,0.102231404958678,-0.339041718433617,0.339041718433617,approach
0.171,0,0.0141487115963699,0,14.5,0,0.119077881157289,0.101969845041322,-0.338917320932226,0.338917320932226,approach
0.172,0,0.0121274670826028,0,14.5,0,0.118739080136645,0.101712066115702,-0.338740176445048,0.338740176445048,approach
0.173,0,0.0157706190324795,0.0376295307317393,14.5,0,0.118400510032595,0.101458130165289,-0.338510151030915,0.338510151030915,approach
0.174,0,0.0257675895415484,0.0857494125959619,14.5,0,0.118062223887081,0.101208099173554,-0.338227114588219,0.338227114588219,approach
0.175,0,0.0255325724783359,0.0241224700990609,14.5,0,0.117724274868016,0.100962035123967,-0.337890940664332,0.337890940664332,approach
0.176,0,0.0218850621242879,0,14.5,0,0.1173867162658,0.10072,-0.337501506265052,0.337501506265052,approach
0.177,0,0.0272942521417405,0.0597493922464562,14.5,0,0.117049601490025,0.100482055785124,-0.337058691664164,0.337058691664164,approach
0.178,0,0.023395073264349,0,14.5,0,0.11671298406637,0.10024826446281,-0.3365623802132,0.3365623802132,approach
0.179,0,0.0256500827468869,0.0391801396421141,14.5,0,0.116376917633685,0.100018688016529,-0.336012458151494,0.336012458151494,approach
0.18,0,0.0237247572498246,0.0121728042674513,14.5,0,0.116041455941265,0.0997933884297521,-0.335408814416603,0.335408814416603,approach
0.181,0,0.0203355062141354,0,14.5,0,0.115706652846319,0.0995724276859504,-0.334751340455197,0.334751340455197,approach
0.182,0,0.017530688310115,0.000701780885992809,14.5,0,0.115372562311617,0.099355867768595,-0.334039930034493,0.334039930034493,approach
0.183,0,0.0180814461489178,0.0213859931817344,14.5,0,0.115039238403337,0.099143770661157,-0.33327447905431,0.33327447905431,approach
0.184,0,0.0154983824133581,0,14.5,0,0.114706735289088,0.0989361983471074,-0.33245488535984,0.33245488535984,approach
0.185,0,0.0198291213806627,0.0458135551844901,14.5,0,0.114375107236132,0.0987332128099174,-0.331581048555193,0.331581048555193,approach
0.186,0,0.0169963897548537,0,14.5,0,0.114044408609778,0.0985348760330579,-0.330652869817819,0.330652869817819,approach
0.187,0,0.0191895772846876,0.0323487024636906,14.5,0,0.113714693871974,0.09834125,-0.32967025171386,0.32967025171386,approach
0.188,0,0.0199820695501185,0.024737023142704,14.5,0,0.113386017580076,0.0981523966942149,-0.328633098014519,0.328633098014519,approach
0.189,0,0.0171274881858158,0,14.5,0,0.113058434385798,0.0979683780991736,-0.327541313513514,0.327541313513514,approach
0.19,0,0.0170930224641175,0.0168862281339276,14.5,0,0.11273199903435,0.0977892561983471,-0.326394803845687,0.326394803845687,approach
0.191,0,0.0146511621121007,0,14.5,0,0.112406766363754,0.0976150929752066,-0.325193475306842,0.325193475306842,approach
0.192,0,0.0214834210461053,0.0624769746501328,14.5,0,0.112082791304334,0.0974459504132232,-0.32393723467487,0.32393723467487,approach
0.193,0,0.0190302619048258,0.00431130705714876,14.5,0,0.111760128878393,0.0972818904958678,-0.322625989032231,0.322625989032231,approach
0.194,0,0.0163116530612793,0,14.5,0,0.11143883420006,0.0971229752066116,-0.321259645589863,0.321259645589863,approach
0.195,0,0.0231574314186785,0.0642321015630739,14.5,0,0.111118962475314,0.0969692665289256,-0.31983811151256,0.31983811151256,approach
0.196,0,0.0198492269302959,0,14.5,0,0.11080056900218,0.096820826446281,-0.318361293745901,0.318361293745901,approach
0.197,0,0.0182986761849976,0.00899537171320778,14.5,0,0.110483709171102,0.0966777169421488,-0.316829098844771,0.316829098844771,approach
0.198,0,0.0156845795871408,0,14.5,0,0.110168438465477,0.09654,-0.315241432803532,0.315241432803532,approach
0.199,0,0.0134439253604064,0,14.5,0,0.109854812462369,0.0964077376033058,-0.313598200887902,0.313598200887902,approach
0.2,0,0.0176636977841568,0.0429823323266592,14.5,0,0.109542886833379,0.0962809917355372,-0.311899307468597,0.311899307468597,approach
0.201,0,0.0166293587139502,0.0104233242927108,14.5,0,0.109232717345685,0.0961598243801653,-0.310144655856761,0.310144655856761,approach
0.202,0,0.0242139712821612,0.069721646691427,14.5,0,0.10892435986325,0.0960442975206612,-0.308334148141262,0.308334148141262,approach
0.203,0,0.0234974011964683,0.019197980682311,14.5,0,0.10861787034818,0.0959344731404959,-0.306467685027884,0.306467685027884,approach
0.204,0,0.0201406295969728,0,14.5,0,0.10831330486225,0.0958304132231405,-0.304545165680445,0.304545165680445,approach
0.205,0,0.0309277970660295,0.0956508018803695,14.5,0,0.108010719568588,0.0957321797520661,-0.302566487563908,0.302566487563908,approach
0.206,0,0.026509540342311,0,14.5,0,0.107710170733503,0.0956398347107438,-0.300531546289503,0.300531546289503,approach
0.207,0,0.0227224631505523,0,14.5,0,0.107411714728484,0.0955534400826446,-0.298440235461898,0.298440235461898,approach
0.208,0,0.0225883110721506,0.0217833986017408,14.5,0,0.107115408032333,0.0954730578512397,-0.296292446528464,0.296292446528464,approach
0.209,0,0.0193614094904148,0,14.5,0,0.106821307233462,0.09539875,-0.294088068630651,0.294088068630651,approach
0.21,0,0.016595493848927,0,14.5,0,0.106529469032321,0.0953305785123967,-0.291826988457518,0.291826988457518,approach
0.211,0,0.0231144941146956,0.0622284957093069,14.5,0,0.106239950243988,0.0952686053719008,-0.289509090101431,0.289509090101431,approach
0.212,0,0.0198124235268819,0,14.5,0,0.105952807800886,0.0952128925619835,-0.287134254915962,0.287134254915962,approach
0.213,0,0.0275560776645865,0.074018002490814,14.5,0,0.105668098755653,0.0951635020661157,-0.28470236137601,0.28470236137601,approach
0.214,0,0.0265427480983234,0.0204627707007445,14.5,0,0.105385880284142,0.0951204958677686,-0.282213284940167,0.282213284940167,approach
0.215,0,0.02275092694142,0,14.5,0,0.105106209688558,0.0950839359504132,-0.279666897915339,0.279666897915339,approach
0.216,0,0.0195007945212172,0,14.5,0,0.104829144400734,0.0950538842975207,-0.277063069323645,0.277063069323645,approach
0.217,0,0.0167149667324719,0,14.5,0,0.104554741985529,0.095030402892562,-0.274401664771611,0.274401664771611,approach
0.218,0,0.0262145346637501,0.0832119422514195,14.5,0,0.104283060144364,0.0950135537190083,-0.271682546321656,0.271682546321656,approach
0.219,0,0.0224696011403572,0,14.5,0,0.104014156718881,0.0950033987603306,-0.268905572365898,0.268905572365898,approach
0.22,0,0.0192596581203062,0,14.5,0,0.103748089694724,0.095,-0.266070597502276,0.266070597502276,approach
0.221,0,0.0165082783888339,0,14.5,0,0.103484917205446,0.0948,-0.263177472412995,0.263177472412995,approach
0.222,0,0.0198767681794125,0.0400877069228841,14.5,0,0.103222533818369,0.0946,-0.262388934805295,0.262388934805295,approach
0.223,0,0.0170372298680678,0,14.5,0,0.102960932035355,0.0944,-0.261607882718475,0.261607882718475,approach
0.224,0,0.0236223161985852,0.0631328341816891,14.5,0,0.102700104394738,0.0942,-0.260834279809873,0.260834279809873,approach
0.225,0,0.0202476995987873,0,14.5,0,0.102440043473278,0.094,-0.260068087784498,0.260068087784498,approach
0.226,0,0.0350233510619996,0.123677259841273,14.5,0,0.102180741888021,0.0938,-0.259309266488701,0.259309266488701,approach
0.227,0,0.0305305160951869,0.00357350629431121,14.5,0,0.101922192298066,0.0936,-0.25855777400063,0.25855777400063,approach
0.228,0,0.0261690137958745,0,14.5,0,0.101664387406251,0.0934,-0.257813566717586,0.257813566717586,approach
0.229,0,0.0344589577169954,0.0841986212437208,14.5,0,0.101407319960741,0.0932,-0.257076599440447,0.257076599440447,approach
0.23,0,0.0295362494717104,0,14.5,0,0.101150982756553,0.093,-0.256346825455271,0.256346825455271,approach
0.231,0,0.0290381070568223,0.0260492525674938,14.5,0,0.100895368636987,0.0928,-0.255624196612204,0.255624196612204,approach
0.232,0,0.0257116852424875,0.00575315435647903,14.5,0,0.100640470494985,0.0926,-0.254908663401812,0.254908663401812,approach
0.233,0,0.0220385873507036,0,14.5,0,0.100386281274421,0.0924,-0.254200175028927,0.254200175028927,approach
0.234,0,0.0188902177291745,0,14.5,0,0.100132793971313,0.0922,-0.253498679484129,0.253498679484129,approach
0.235,0,0.0161916151964353,0,14.5,0,0.0998800016349661,0.092,-0.252804123612927,0.252804123612927,approach
0.236,0,0.0138785273112303,0,14.5,0,0.0996278973690549,0.0918,-0.252116453182756,0.252116453182756,approach
0.237,0,0.0118958805524831,0,14.5,0,0.099376474332634,0.0916,-0.251435612947856,0.251435612947856,approach
0.238,0,0.0101964690449855,0,14.5,0,0.0991257257410886,0.0914,-0.250761546712107,0.250761546712107,approach
0.239,0,0.0129731383752389,0.0296331543567597,14.5,0,0.098875644867025,0.0912,-0.250094197389904,0.250094197389904,approach
0.24,0,0.011119832893062,0,14.5,0,0.0986262250410993,0.091,-0.24943350706513,0.24943350706513,approach
0.241,0,0.00988138360651894,0.00245068788726082,14.5,0,0.0983774596527918,0.0908,-0.248779417048303,0.248779417048303,approach
0.242,0,0.00846975737701623,0,14.5,0,0.0981293421511245,0.0906,-0.248131867931941,0.248131867931941,approach
0.243,0,0.00725979203744249,0,14.5,0,0.0978818660453251,0.0904,-0.247490799644222,0.247490799644222,approach
0.244,0,0.0158030930029785,0.0670628987961946,14.5,0,0.0976350249054388,0.0902,-0.246856151500977,0.246856151500977,approach
0.245,0,0.0202649571951192,0.0470361423479634,14.5,0,0.0973888123628901,0.09,-0.246227862256083,0.246227862256083,approach
0.246,0,0.0173699633101022,0,14.5,0,0.0971432221109954,0.0898,-0.245605870150284,0.245605870150284,approach
0.247,0,0.0148885399800876,0,14.5,0,0.0968982479054287,0.0896,-0.244990112958518,0.244990112958518,approach
0.248,0,0.0127616056972179,0,14.5,0,0.0966538835646408,0.0894,-0.244380528035755,0.244380528035755,approach
0.249,0,0.0119255000070624,0.00690886586612936,14.5,0,0.0964101229702343,0.0892,-0.243777052361427,0.243777052361427,approach
0.25,0,0.0271662185482221,0.11861052979518,14.5,0,0.096166960067296,0.089,-0.243179622582464,0.243179622582464,approach
0.251,0,0.0305294582864194,0.0507088967156033,14.5,0,0.0959243888646864,0.0888,-0.242588175054982,0.242588175054982,approach
0.252,0,0.0283993261285972,0.0156185331816641,14.5,0,0.0956824034352903,0.0886,-0.242002645884668,0.242002645884668,approach
0.253,0,0.0243422795387976,0,14.5,0,0.095440997916227,0.0884,-0.241422970965879,0.241422970965879,approach
0.254,0,0.0305889882949453,0.0680692408318316,14.5,0,0.0952001665090234,0.0882,-0.240849086019512,0.240849086019512,approach
0.255,0,0.0303452848428929,0.0288830641305785,14.5,0,0.0949599034797497,0.088,-0.240280926629655,0.240280926629655,approach
0.256,0,0.0361641224063887,0.0710771477873636,14.5,0,0.0947202031591206,0.0878,-0.239718428279069,0.239718428279069,approach
0.257,0,0.0386963969839183,0.053890044449096,14.5,0,0.0944810599425613,0.0876,-0.239161526383513,0.239161526383513,approach
0.258,0,0.03316834027193,0,14.5,0,0.0942424682902404,0.0874,-0.238610156324957,0.238610156324957,approach
0.259,0,0.0284300059473686,0,14.5,0,0.0940044227270712,0.0872,-0.238064253483702,0.238064253483702,approach
0.26,0,0.0243685765263159,0,14.5,0,0.093766917842681,0.087,-0.237523753269436,0.237523753269436,approach
0.261,0,0.0209938100928958,0.00074521149237498,14.5,0,0.0935299482913514,0.0868,-0.236988591151244,0.236988591151244,approach
0.262,0,0.022447729124797,0.0311712433162041,14.5,0,0.0932935087919289,0.0866,-0.236458702686621,0.236458702686621,approach
0.263,0,0.0192409106783974,0,14.5,0,0.093057594127707,0.0864,-0.235934023549474,0.235934023549474,approach
0.264,0,0.0191216573756475,0.0184061375591482,14.5,0,0.092822199146283,0.0862,-0.235414489557179,0.235414489557179,approach
0.265,0,0.0163899920362693,0,14.5,0,0.0925873187593868,0.086,-0.23490003669668,0.23490003669668,approach
0.266,0,0.0194045331431156,0.0374917797841932,14.5,0,0.0923529479426858,0.0858,-0.234390601149671,0.234390601149671,approach
0.267,0,0.0166324569798133,0,14.5,0,0.0921190817355639,0.0856,-0.233886119316885,0.233886119316885,approach
0.268,0,0.0142563916969829,0,14.5,0,0.0918857152408796,0.0854,-0.233386527841491,0.233386527841491,approach
0.269,0,0.0122197643116996,0,14.5,0,0.0916528436246989,0.0852,-0.232891763631647,0.232891763631647,approach
0.27,0,0.0104740836957425,0,14.5,0,0.091420462116008,0.085,-0.232401763882201,0.232401763882201,approach
0.271,0,0.0207047604256417,0.0820888208050366,14.5,0,0.0911885660064054,0.0848,-0.231916466095585,0.231916466095585,approach
0.272,0,0.0177469375076929,0,14.5,0,0.0909571506497723,0.0846,-0.231435808101894,0.231435808101894,approach
0.273,0,0.0253559387689977,0.0710099463368264,14.5,0,0.0907262114619251,0.0844,-0.230959728078197,0.230959728078197,approach
0.274,0,0.0220705884783263,0.00235848673429807,14.5,0,0.0904957439202491,0.0842,-0.230488164567074,0.230488164567074,approach
0.275,0,0.0189176472671368,0,14.5,0,0.090265743563314,0.084,-0.230021056494408,0.230021056494408,approach
0.276,0,0.0246936559816716,0.0593497082688801,14.5,0,0.0900362059904726,0.0838,-0.229558343186448,0.229558343186448,approach
0.277,0,0.0211659908414328,0,14.5,0,0.0898071268614426,0.0836,-0.229099964386159,0.229099964386159,approach
0.278,0,0.0258283909967221,0.0538027919284579,14.5,0,0.0895785018958739,0.0834,-0.228645860268872,0.228645860268872,approach
0.279,0,0.0221386208543332,0,14.5,0,0.0893503268729006,0.0832,-0.228195971457256,0.228195971457256,approach
0.28,0,0.0241828335353681,0.0364481096215776,14.5,0,0.0891225976306766,0.083,-0.227750239035625,0.227750239035625,approach
0.281,0,0.0207281430303155,0,14.5,0,0.0888953100659014,0.0828,-0.22730860456359,0.22730860456359,approach
0.282,0,0.0177669797402705,0,14.5,0,0.0886684601333291,0.0826,-0.226871010089081,0.226871010089081,approach
0.283,0,0.0258271432515545,0.0741881243192584,14.5,0,0.0884420438452675,0.0824,-0.226437398160749,0.226437398160749,approach
0.284,0,0.0221375513584752,0,14.5,0,0.0882160572710645,0.0822,-0.226007711839755,0.226007711839755,approach
0.285,0,0.0235098992761289,0.031743986782051,14.5,0,0.0879904965365835,0.082,-0.225581894710976,0.225581894710976,approach
0.286,0,0.0265274280226792,0.0446326005019805,14.5,0,0.0877653578236665,0.0818,-0.225159890893629,0.225159890893629,approach
0.287,0,0.0227377954480107,0,14.5,0,0.0875406373695914,0.0816,-0.224741645051329,0.224741645051329,approach
0.288,0,0.0318276167966846,0.0863665448887279,14.5,0,0.0873163314665143,0.0814,-0.224327102401599,0.224327102401599,approach
0.289,0,0.0392591484671628,0.083848338490032,14.5,0,0.0870924364609078,0.0812,-0.223916208724843,0.223916208724843,approach
0.29,0,0.0336506986861395,0,14.5,0,0.0868689487529868,0.081,-0.22350891037279,0.22350891037279,approach
0.291,0,0.0304259615658481,0.0110775388440994,14.5,0,0.0866458647961295,0.0808,-0.223105154276429,0.223105154276429,approach
0.292,0,0.0260793956278698,0,14.5,0,0.0864231810962891,0.0806,-0.222704887953443,0.222704887953443,approach
0.293,0,0.0274465195219177,0.0356492628862054,14.5,0,0.086200894211399,0.0804,-0.222308059515158,0.222308059515158,approach
0.294,0,0.0235255881616438,0,14.5,0,0.0859790007507719,0.0802,-0.221914617673012,0.221914617673012,approach
0.295,0,0.020376846584437,0.00148439712119637,14.5,0,0.0857574973744928,0.08,-0.221524511744564,0.221524511744564,approach
0.296,0,0.0247408713092154,0.0509250196578859,14.5,0,0.0855363807928058,0.0798,-0.22113769165905,0.22113769165905,approach
0.297,0,0.0260393594422733,0.0338302882406206,14.5,0,0.0853156477654964,0.0796,-0.220754107962494,0.220754107962494,approach
0.298,0,0.02231945095052,0,14.5,0,0.0850952951012692,0.0794,-0.220373711822397,0.220373711822397,approach
0.299,0,0.0327203303341577,0.0951256066359839,14.5,0,0.0848753196571213,0.0792,-0.219996455032003,0.219996455032003,approach
0.3,0,0.028045997429278,0,14.5,0,0.084655718337711,0.079,-0.219622290014156,0.219622290014156,approach
0.301,0,0.0313372505674011,0.0510847693961398,14.5,0,0.0844364880947242,0.0788,-0.219251169824759,0.219251169824759,approach
0.302,0,0.0268605004863438,0,14.5,0,0.0842176259262372,0.0786,-0.218883048155856,0.218883048155856,approach
0.303,0,0.0230232861311518,0,14.5,0,0.0839991288760768,0.0784,-0.218517879338323,0.218517879338323,approach
0.304,0,0.0238483440784839,0.0287986917624765,14.5,0,0.0837809940331775,0.0782,-0.218155618344203,0.218155618344203,approach
0.305,0,0.0305921394491304,0.0710549116730095,14.5,0,0.0835632185309386,0.078,-0.217796220788681,0.217796220788681,approach
0.306,0,0.0262218338135404,0,14.5,0,0.0833457995465775,0.0778,-0.217439642931711,0.217439642931711,approach
0.307,0,0.0224758575544632,0,14.5,0,0.0831287343004828,0.0776,-0.217085841679308,0.217085841679308,approach
0.308,0,0.0192650207609684,0,14.5,0,0.082912020055566,0.0774,-0.216734774584514,0.216734774584514,approach
0.309,0,0.0181896670828531,0.0117375450141608,14.5,0,0.0826956541166138,0.0772,-0.216386399848036,0.216386399848036,approach
0.31,0,0.0155911432138741,0,14.5,0,0.082479633829638,0.077,-0.21604067631859,0.21604067631859,approach
0.311,0,0.0133638370404635,0,14.5,0,0.0822639565812268,0.0768,-0.215697563492927,0.215697563492927,approach
0.312,0,0.0114547174632544,0,14.5,0,0.0820486197978962,0.0766,-0.215357021515584,0.215357021515584,approach
0.313,0,0.00981832925421806,0,14.5,0,0.081833620945442,0.0764,-0.215019011178338,0.215019011178338,approach
0.314,0,0.00841571078932977,0,14.5,0,0.0816189575282916,0.0762,-0.214683493919394,0.214683493919394,approach
0.315,0,0.00721346639085409,0,14.5,0,0.0814046270888586,0.076,-0.214350431822301,0.214350431822301,approach
0.316,0,0.00618297119216065,0,14.5,0,0.0811906272068971,0.0758,-0.214019787614615,0.214019787614615,approach
0.317,0,0.00529968959328055,0,14.5,0,0.0809769554988588,0.0756,-0.213691524666309,0.213691524666309,approach
0.318,0,0.0128808383397205,0.0583677308183601,14.5,0,0.0807636096172513,0.0754,-0.213365606987939,0.213365606987939,approach
0.319,0,0.0110407185769033,0,14.5,0,0.0805505872499981,0.0752,-0.213041999228577,0.213041999228577,approach
0.32,0,0.01241262090701,0.0206440348876506,14.5,0,0.0803378861198028,0.075,-0.212720666673521,0.212720666673521,approach
0.321,0,0.0129766603706823,0.0163608971527158,14.5,0,0.0801255039835128,0.0748,-0.212401575241774,0.212401575241774,approach
0.322,0,0.0111228517462991,0,14.5,0,0.0799134386314885,0.0746,-0.212084691483327,0.212084691483327,approach
0.323,0,0.00953387292539923,0,14.5,0,0.0797016878869741,0.0744,-0.211769982576223,0.211769982576223,approach
0.324,0,0.0194978719494849,0.0792818660939986,14.5,0,0.0794902496054714,0.0742,-0.211457416323427,0.211457416323427,approach
0.325,0,0.016712461670987,0,14.5,0,0.0792791216741175,0.074,-0.21114696114951,0.21114696114951,approach
0.326,0,0.0226145753058783,0.0580272571152256,14.5,0,0.079068302011066,0.0738,-0.210838586097143,0.210838586097143,approach
0.327,0,0.0230245421212328,0.0254843430133601,14.5,0,0.0788577885648715,0.0736,-0.210532260823413,0.210532260823413,approach
0.328,0,0.0197353218181995,0,14.5,0,0.0786475793138781,0.0734,-0.210227955595974,0.210227955595974,approach
0.329,0,0.0401536303704886,0.162663481684223,14.5,0,0.0784376722656117,0.0732,-0.209925641289025,0.209925641289025,approach
0.33,0,0.034447004460167,0.000207248998236965,14.5,0,0.0782280654561777,0.073,-0.209625289379137,0.209625289379137,approach
0.331,0,0.0356053042869416,0.0425551032475892,14.5,0,0.0780187569496605,0.0728,-0.209326871940922,0.209326871940922,approach
0.332,0,0.0305188322459499,0,14.5,0,0.0778097448375307,0.0726,-0.209030361642559,0.209030361642559,approach
0.333,0,0.0299586167822156,0.0265973239998096,14.5,0,0.0776010272380543,0.0724,-0.208735731741181,0.208735731741181,approach
0.334,0,0.0256788143847562,0,14.5,0,0.0773926022957081,0.0722,-0.208442956078122,0.208442956078122,approach
0.335,0,0.02965536757283,0.0535146867012729,14.5,0,0.0771844681805991,0.072,-0.208152009074039,0.208152009074039,approach
0.336,0,0.0266619038677542,0.00870112163729914,14.5,0,0.0769766230878899,0.0718,-0.207862865723915,0.207862865723915,approach
0.337,0,0.022853060458075,0,14.5,0,0.076769065237228,0.0716,-0.207575501591932,0.207575501591932,approach
0.338,0,0.0220577947894524,0.0172862007777165,14.5,0,0.0765617928721815,0.0714,-0.207289892806247,0.207289892806247,approach
0.339,0,0.024096219455131,0.0363267674492026,14.5,0,0.0763548042596794,0.0712,-0.207006016053645,0.207006016053645,approach
0.34,0,0.0206539023901123,0,14.5,0,0.0761480976894581,0.071,-0.206723848574106,0.206723848574106,approach
0.341,0,0.0177033449058105,0,14.5,0,0.0759416714735121,0.0708,-0.20644336815526,0.20644336815526,approach
0.342,0,0.0151742956335519,0,14.5,0,0.0757355239455517,0.0706,-0.206164553126761,0.206164553126761,approach
0.343,0,0.0250637502038734,0.0844004776258026,14.5,0,0.075529653460466,0.0704,-0.205887382354566,0.205887382354566,approach
0.344,0,0.0214832144604629,0,14.5,0,0.0753240583937914,0.0702,-0.20561183523514,0.20561183523514,approach
0.345,0,0.0260148692139868,0.0532047977351301,14.5,0,0.0751187371411858,0.07,-0.205337891689572,0.205337891689572,approach
0.346,0,0.0302114500684999,0.0553909351955783,14.5,0,0.0749136881179103,0.0698,-0.205065532157625,0.205065532157625,approach
0.347,0,0.0258955286301427,0,14.5,0,0.0747089097583147,0.0696,-0.204794737591721,0.204794737591721,approach
0.348,0,0.0221961673972652,0,14.5,0,0.0745044005153308,0.0694,-0.204525489450844,0.204525489450844,approach
0.349,0,0.0218644612117986,0.0198742240989992,14.5,0,0.0743001588599705,0.0692,-0.204257769694407,0.204257769694407,approach
0.35,0,0.0266476283463439,0.0553466311536157,14.5,0,0.0740961832808318,0.069,-0.203991560776037,0.203991560776037,approach
0.351,0,0.0387746866235145,0.111537036286538,14.5,0,0.0738924722836094,0.0688,-0.203726845637332,0.203726845637332,approach
0.352,0,0.0485357652745558,0.107102237180803,14.5,0,0.073689024390613,0.0686,-0.203463607701547,0.203463607701547,approach
0.353,0,0.0416020845210478,0,14.5,0,0.0734858381402902,0.0684,-0.203201830867253,0.203201830867253,approach
0.354,0,0.0356589295894696,0,14.5,0,0.073282912086758,0.0682,-0.202941499501944,0.202941499501944,approach
0.355,0,0.0305647967909739,0,14.5,0,0.0730802447993388,0.068,-0.202682598435614,0.202682598435614,approach
0.356,0,0.0294143754372368,0.0225118473148145,14.5,0,0.0728778348621042,0.0678,-0.202425112954294,0.202425112954294,approach
0.357,0,0.0273086484483327,0.014674286514908,14.5,0,0.0726756808734243,0.0676,-0.202169028793563,0.202169028793563,approach
0.358,0,0.0234074129557138,0,14.5,0,0.0724737814455245,0.0674,-0.201914332132034,0.201914332132034,approach
0.359,0,0.0229089701194608,0.0199183131019434,14.5,0,0.0722721352040481,0.0672,-0.201661009584806,0.201661009584806,approach
0.36,0,0.033238600099364,0.0952163799787831,14.5,0,0.0720707407876253,0.067,-0.201409048196913,0.201409048196913,approach
0.361,0,0.0481840736773361,0.137856915145169,14.5,0,0.0718695968474499,0.0668,-0.201158435436737,0.201158435436737,approach
0.362,0,0.0582941015403458,0.118954268718404,14.5,0,0.0716687020468616,0.0666,-0.200909159189424,0.200909159189424,approach
0.363,0,0.056305060656862,0.0443708153559592,14.5,0,0.0714680550609349,0.0664,-0.200661207750276,0.200661207750276,approach
0.364,0,0.0536216871243575,0.0375214459293307,14.5,0,0.0712676545760756,0.0662,-0.20041456981814,0.20041456981814,approach
0.365,0,0.0459614461065922,0,14.5,0,0.0710674992896224,0.066,-0.200169234488797,0.200169234488797,approach
0.366,0,0.0471237361163298,0.0540974761747552,14.5,0,0.0708675879094568,0.0658,-0.199925191248337,0.199925191248337,approach
0.367,0,0.0403917738139969,0,14.5,0,0.0706679191536183,0.0656,-0.199682429966541,0.199682429966541,approach
0.368,0,0.0346215204119974,0,14.5,0,0.0704684917499267,0.0654,-0.19944094089027,0.19944094089027,approach
0.369,0,0.0296755889245692,0,14.5,0,0.0702693044356111,0.0652,-0.199200714636848,0.199200714636848,approach
0.37,0,0.0322188844216506,0.0474786574041394,14.5,0,0.0700703559569461,0.065,-0.198961742187464,0.198961742187464,approach
0.371,0,0.0306713977915512,0.0213864780109548,14.5,0,0.0698716450688928,0.0648,-0.198724014880577,0.198724014880577,approach
0.372,0,0.0262897695356153,0,14.5,0,0.0696731705347484,0.0646,-0.198487524405333,0.198487524405333,approach
0.373,0,0.0225340881733846,0,14.5,0,0.0694749311258009,0.0644,-0.198252262795006,0.198252262795006,approach
0.374,0,0.031366759695011,0.0843627888247696,14.5,0,0.0692769256209918,0.0642,-0.198018222420443,0.198018222420443,approach
0.375,0,0.031829473179961,0.0346057540896612,14.5,0,0.0690791528065838,0.064,-0.197785395983538,0.197785395983538,approach
0.376,0,0.0272824055828238,0,14.5,0,0.0688816114758356,0.0638,-0.197553776510722,0.197553776510722,approach
0.377,0,0.0233849190709918,0,14.5,0,0.0686843004286842,0.0636,-0.197323357346479,0.197323357346479,approach
0.378,0,0.0200442163465644,0,14.5,0,0.0684872184714319,0.0634,-0.197094132146882,0.197094132146882,approach
0.379,0,0.0171807568684838,0,14.5,0,0.0682903644164407,0.0632,-0.196866094873166,0.196866094873166,approach
0.38,0,0.0163170119908033,0.0111345427247207,14.5,0,0.0680937370818339,0.063,-0.196639239785317,0.196639239785317,approach
0.381,0,0.0139860102778314,0,14.5,0,0.0678973352912019,0.0628,-0.196413561435702,0.196413561435702,approach
0.382,0,0.0140070546666251,0.0141333209993873,14.5,0,0.0677011578733169,0.0626,-0.196189054662725,0.196189054662725,approach
0.383,0,0.0153068138238818,0.0231053687674219,14.5,0,0.0675052036618518,0.0624,-0.19596571458452,0.19596571458452,approach
0.384,0,0.0185426920676714,0.0379579615304092,14.5,0,0.0673094714951067,0.0622,-0.195743536592677,0.195743536592677,approach
0.385,0,0.0158937360580041,0,14.5,0,0.0671139602157412,0.062,-0.195522516346008,0.195522516346008,approach
0.386,0,0.0136232023354321,0,14.5,0,0.0669186686705125,0.0618,-0.195302649764348,0.195302649764348,approach
0.387,0,0.0116770305732275,0,14.5,0,0.0667235957100203,0.0616,-0.195083933022398,0.195083933022398,approach
0.388,0,0.0126381712106312,0.0184050150350535,14.5,0,0.0665287401884581,0.0614,-0.194866362543611,0.194866362543611,approach
0.389,0,0.010832718180541,0,14.5,0,0.0663341009633696,0.0612,-0.194649934994114,0.194649934994114,approach
0.39,0,0.00928518701189232,0,14.5,0,0.0661396768954111,0.061,-0.194434647276682,0.194434647276682,approach
0.391,0,0.00795873172447913,0,14.5,0,0.0659454668481213,0.0608,-0.19422049652475,0.19422049652475,approach
0.392,0,0.00682177004955354,0,14.5,0,0.0657514696876959,0.0606,-0.194007480096478,0.194007480096478,approach
0.393,0,0.0197042175622581,0.0969989026384855,14.5,0,0.065557684282768,0.0604,-0.193795595568855,0.193795595568855,approach
0.394,0,0.0221362744010954,0.0367286154341194,14.5,0,0.0653641095041946,0.0602,-0.19358484073186,0.19358484073186,approach
0.395,0,0.0189739494866532,0,14.5,0,0.06517074422485,0.06,-0.193375213582664,0.193375213582664,approach
0.396,0,0.0236781338564588,0.051903240075292,14.5,0,0.0649775873194229,0.0598,-0.193166712319892,0.193166712319892,approach
0.397,0,0.0205570161764588,0.00183031009645913,14.5,0,0.0647846376642209,0.0596,-0.192959335337928,0.192959335337928,approach
0.398,0,0.0180773068768443,0.00319905107915708,14.5,0,0.0645918941369788,0.0594,-0.192753081221273,0.192753081221273,approach
0.399,0,0.0154948344658665,0,14.5,0,0.0643993556166758,0.0592,-0.192547948738964,0.192547948738964,approach
0.4,0,0.0132812866850285,0,14.5,0,0.0642070209833537,0.059,-0.192343936839036,0.192343936839036,approach
0.401,0,0.0278972189443312,0.115592812500147,14.5,0,0.0640148891179452,0.0588,-0.192141044643047,0.192141044643047,approach
0.402,0,0.0278555900837842,0.0276058169205024,14.5,0,0.0638229589021039,0.0586,-0.191939271440654,0.191939271440654,approach
0.403,0,0.0333160190359825,0.0660785927491725,14.5,0,0.0636312292180417,0.0584,-0.191738616684247,0.191738616684247,approach
0.404,0,0.0285565877451279,0,14.5,0,0.0634396989483713,0.0582,-0.191539079983639,0.191539079983639,approach
0.405,0,0.0245497406615478,0.000508658160067617,14.5,0,0.0632483669759535,0.058,-0.191340661100811,0.191340661100811,approach
0.406,0,0.0210426348527553,0,14.5,0,0.0630572321837495,0.0578,-0.19114335994472,0.19114335994472,approach
0.407,0,0.0180365441595045,0,14.5,0,0.0628662934546791,0.0576,-0.190947176566165,0.190947176566165,approach
0.408,0,0.015459894993861,0,14.5,0,0.0626755496714837,0.0574,-0.190752111152703,0.190752111152703,approach
0.409,0,0.0132513385661666,0,14.5,0,0.0624849997165942,0.0572,-0.190558164023638,0.190558164023638,approach
0.41,0,0.0113582901995714,0,14.5,0,0.0622946424720034,0.057,-0.190365335625059,0.190365335625059,approach
0.411,0,0.0149346580361631,0.0363928650557134,14.5,0,0.0621044768191446,0.0568,-0.190173626524945,0.190173626524945,approach
0.412,0,0.0172542425480671,0.031171749619491,14.5,0,0.0619145016387735,0.0566,-0.189983037408326,0.189983037408326,approach
0.413,0,0.0202339458265642,0.0381121654975473,14.5,0,0.0617247158108559,0.0564,-0.189793569072507,0.189793569072507,approach
0.414,0,0.0173433821370551,0,14.5,0,0.0615351182144604,0.0562,-0.189605222422358,0.189605222422358,approach
0.415,0,0.0148657561174758,0,14.5,0,0.061345707727654,0.056,-0.189417998465655,0.189417998465655,approach
0.416,0,0.0127420766721221,0,14.5,0,0.0611564832274048,0.0558,-0.189231898308492,0.189231898308492,approach
0.417,0,0.0109217800046761,0,14.5,0,0.0609674435894866,0.0556,-0.189046923150752,0.189046923150752,approach
0.418,0,0.00936152571829378,0,14.5,0,0.060778587688391,0.0554,-0.188863074281642,0.188863074281642,approach
0.419,0,0.012179088984309,0.0290844685804,14.5,0,0.0605899143972399,0.0552,-0.188680353075284,0.188680353075284,approach
0.42,0,0.0193487179830597,0.0623664919755641,14.5,0,0.0604014225877074,0.055,-0.18849876098638,0.18849876098638,approach
0.421,0,0.0165846154140512,0,14.5,0,0.0602131111299407,0.0548,-0.188318299545928,0.188318299545928,approach
0.422,0,0.0142153846406153,0,14.5,0,0.0600249788924897,0.0546,-0.188138970357009,0.188138970357009,approach
0.423,0.25318809654344,0.026307780125996,0.09886215303828,14.5,0.162975257762592,0.0598370247422374,0.0598167615731296,-0.187960775090632,0.187960775090632,force
0.424,0.788032531235291,0.0234683931673611,0.00643207141555216,14.5,0.347479706984323,0.0596525202930157,0.05979649442888,-0.184511806273635,0.184511806273635,force
0.425,1.47783060786453,0.0201157655720238,0,14.5,0.528515119847993,0.059471484880152,0.0597762225909518,-0.181043463941255,0.181043463941255,force
0.426,2.28122718133817,0.0172420847760204,0,14.5,0.706038798047821,0.0592939612019522,0.0597559467298705,-0.177532390421257,0.177532390421257,force
0.427,3.17342877702831,0.0434286955331988,0.200548360076269,14.5,0.879991672444534,0.0591200083275555,0.0597357075300443,-0.173962217681883,0.173962217681883,force
0.428,4.13680566027051,0.151921701613436,0.802879738094861,14.5,1.0503020488521,0.0589496979511479,0.0597156202204265,-0.170320322005826,0.170320322005826,force
0.429,5.15762499046567,0.344433344604332,1.49950320254971,14.5,1.21688769887531,0.0587831123011247,0.059695802427109,-0.166596169554968,0.166596169554968,force
0.43,6.22455831473862,0.62158692768758,2.28450842618707,14.5,1.37965820754975,0.0586203417924503,0.0596763726488077,-0.162781573223151,0.162781573223151,force
0.431,7.32788770267889,0.997042187717761,3.24977374789885,14.5,1.5385169061315,0.0584614830938685,0.0596574685078705,-0.158870277975248,0.158870277975248,force
0.432,8.45903901212941,1.43360761417429,4.05300017291349,14.5,1.69336227132579,0.0583066377286742,0.0596391755585304,-0.15485742747405,0.15485742747405,force
0.433,9.61029677458221,1.96829723042777,5.17643492794862,14.5,1.84409001861056,0.0581559099813894,0.059621631174653,-0.150740258137851,0.150740258137851,force
0.434,10.7746085262332,2.59716782814401,6.37039141444148,14.5,1.99059368636884,0.0580094063136312,0.0596049672096124,-0.14651659028394,0.14651659028394,force
0.435,11.9454568427588,3.2664321110203,7.28201780827803,14.5,2.13276582894888,0.0578672341710511,0.0595892402145678,-0.142185437008472,0.142185437008472,force
0.436,13.116779455479,4.00817683650125,8.45864518938695,14.5,2.27049998744325,0.0577295000125568,0.0595745516621389,-0.137747781883514,0.137747781883514,force
0.437,14.2829014139591,4.81098504820551,9.62783431843106,14.5,2.40369101317512,0.0575963089868249,0.0595609870412064,-0.13320493196789,0.13320493196789,force
0.438,15.4384935974568,5.65696850660521,10.7328692570034,14.5,2.53223609538455,0.0574677639046155,0.0595486067971156,-0.128559221963586,0.128559221963586,force
0.439,16.5785449681791,6.57621775277468,12.0917132297915,14.5,2.6560358266992,0.0573439641733008,0.0595375135019695,-0.123814052070521,0.123814052070521,force
0.44,17.6983348966941,7.51044597986742,13.1158153424239,14.5,2.77499433903281,0.0572250056609672,0.0595277281263413,-0.118972958554593,0.118972958554593,force
0.441,18.7934298998746,8.47773436002071,14.2814646409405,14.5,2.88902096427494,0.0571109790357251,0.0595192969544454,-0.114041138469482,0.114041138469482,force
0.442,19.8596690158824,9.48155435453677,15.5044743216331,14.5,2.99803045568004,0.05700196954432,0.0595122711305417,-0.109024010538534,0.109024010538534,force
0.443,20.8931567463155,10.4878299593255,16.5254835880577,14.5,3.10194342039915,0.0568980565796009,0.0595066540924848,-0.103927426313738,0.103927426313738,force
0.444,21.8902660118876,11.5320278368512,17.7972151020059,14.5,3.20068737025918,0.0567993126297408,0.0595024989314564,-0.0987582884493721,0.0987582884493721,force
0.445,22.8476273119097,12.5602718364446,18.7297358340044,14.5,3.2941964712906,0.0567058035287094,0.0594997833120274,-0.0935232495353059,0.0935232495353059,force
0.446,23.7621397737791,13.6000023314367,19.8383853013895,14.5,3.38241284841861,0.0566175871515814,0.0594985233152914,-0.0882302672609784,0.0882302672609784,force
0.447,24.6309629640014,14.6416493741866,20.891531630686,14.5,3.46528637657668,0.0565347136234233,0.0594987216244152,-0.0828870908979085,0.0828870908979085,force
0.448,25.4515191718388,15.676614955273,21.8864084417915,14.5,3.5427750938967,0.0564572249061033,0.0595003688853526,-0.0775018833854312,0.0775018833854312,force
0.449,26.2214944614652,16.6952992751092,22.8074051941261,14.5,3.61484555004343,0.0563851544499566,0.0595034423043378,-0.0720831564985788,0.0720831564985788,force
0.45,26.9388397668231,17.702401257088,23.7450131489608,14.5,3.68147312629703,0.056318526873703,0.0595079256660977,-0.0666397426155521,0.0666397426155521,force
0.451,27.6017682065174,18.6882514779929,24.6033528034224,14.5,3.7426420555522,0.0562573579444478,0.0595137892181669,-0.0611804946259329,0.0611804946259329,force
0.452,28.2087556370178,19.6686973225923,25.5513723901886,14.5,3.79834565864989,0.0562016543413501,0.0595210253944185,-0.0557145022757324,0.0557145022757324,force
0.453,28.7585340119761,20.6154838864584,26.2962032696554,14.5,3.84858608325894,0.0561514139167411,0.0595295870718596,-0.0502505946697118,0.0502505946697118,force
0.454,29.2500954119258,21.5194821579197,26.9434717866873,14.5,3.89337479495538,0.0561066252050446,0.0595394143468807,-0.0447980925250297,0.0447980925250297,force
0.455,29.6826891692216,22.4008638398853,27.6891539316787,14.5,3.93273268188472,0.0560672673181153,0.0595504755562565,-0.0393664217195639,0.0393664217195639,force
0.456,30.0558117390611,23.2378773311372,28.2599582786491,14.5,3.9666895984827,0.0560333104015173,0.0595627085845201,-0.033964552257373,0.033964552257373,force
0.457,30.3692070374247,24.0244171493527,28.7436560586454,14.5,3.99528462794658,0.0560047153720534,0.0595760427685292,-0.0286017170789507,0.0286017170789507,force
0.458,30.6228605159982,24.7694227605615,29.2394564278144,14.5,4.01856602662701,0.055981433973373,0.059590419960394,-0.0232870939216384,0.0232870939216384,force
0.459,30.8169893158204,25.4591890451354,29.5977867525786,14.5,4.03659086701198,0.055963409132988,0.0596057628250572,-0.0180295038270708,0.0180295038270708,force
0.46,30.9520378115655,26.1252966555645,30.1219423181393,14.5,4.04942505741474,0.0559505749425853,0.059622038240375,-0.0128377878679776,0.0128377878679776,force
0.461,31.0286603147127,26.7399673315686,30.427991387593,14.5,4.05714252225308,0.0559428574777469,0.0596391741946391,-0.00771996754089329,0.00771996754089329,force
0.462,31.0477196722094,27.2955023795038,30.6287126671152,14.5,4.05982542431529,0.0559401745756847,0.0596570878979705,-0.00268428689959466,0.00268428689959466,force
0.463,31.0155376208798,27.8009826401073,30.8338642037284,14.5,4.05756399700539,0.0559424360029946,0.0596757092736666,0.00226117757064599,0,force
0.464,30.934065606326,28.2547070685371,30.9770536391157,14.5,4.05045524151632,0.0559495447584837,0.0596949658635626,0.00710965233219233,0,force
0.465,30.7983828873475,28.6596457193355,31.089277624126,14.5,4.03860251943767,0.0559613974805623,0.0597147893675696,0.0118547712377033,0,force
0.466,30.6099877012209,29.0000155232431,31.0422343466883,14.5,4.02211613250505,0.055977883867495,0.0597350893893022,0.0164895881832007,0,force
0.467,30.3705396995538,29.2898625150789,31.0289444660939,14.5,4.00111323419116,0.0559988867658088,0.0597557951968233,0.0210072454403018,0,force
0.468,30.0818451371284,29.5094709962073,30.8271218829778,14.5,3.97571718846548,0.0560242828115345,0.059776808456218,0.0254015266728529,0,force
0.469,29.7458486312629,29.6886917517355,30.7640162849045,14.5,3.946057521937,0.056053942478063,0.0597980726246704,0.0296662634402126,0,force
0.47,29.3646145225865,29.8208120757384,30.613534019756,14.5,3.91226897289745,0.0560877310271026,0.0598195217615764,0.0337962385884776,0,force
0.471,28.9403156104013,29.8906972820336,30.310008519805,14.5,3.87449119249882,0.0561255088075012,0.0598410687377713,0.0377865339793868,0,force
0.472,28.4752234122899,29.9124036891868,30.0426421321058,14.5,3.8328685873979,0.0561671314126021,0.0598626461029361,0.0416323890146392,0,force
0.473,27.9716924536787,29.8863728088485,29.7301875268186,14.5,3.78754963032376,0.0562124503696762,0.0598841870248685,0.0453297329007326,0,retract
0.474,27.4289847689566,29.8165273264538,29.3974544320857,14.5,3.73839905459208,0.0562616009454079,0.0598871842100556,0.0491623928964361,0,retract
0.475,26.8514996321609,29.6868282890676,28.9086340647502,14.5,3.68574144711534,0.0563142585528847,0.0598961490646353,0.0526703691739818,0,retract
0.476,26.2410615068129,29.5222686825461,28.5349110434171,14.5,3.62966688127361,0.0563703331187264,0.0599110415371351,0.0560882465727885,0,retract
0.477,25.5995657187383,29.3113288591172,28.0456899185443,14.5,3.57026868890933,0.0564297313110907,0.0599318215760826,0.0594127637866268,0,retract
0.478,24.9289705543893,29.0457557245391,27.4523169170702,14.5,3.50764310998127,0.0564923568900187,0.0599584491300054,0.0626410100301858,0,retract
0.479,24.2312894257095,28.7404462677453,26.9085895269824,14.5,3.44188893882662,0.0565581110611734,0.0599908841474311,0.0657704284514554,0,retract
0.48,23.5085831577808,28.3693216577428,26.1425739977282,14.5,3.37310716823645,0.0566268928317636,0.0600290865768871,0.0687988183316833,0,retract
0.481,22.7629524552151,27.9641266711851,25.5329567518385,14.5,3.30140063252193,0.0566985993674781,0.0600730163669011,0.0717243361076445,0,retract
0.482,21.9965306029157,27.5384900265391,24.9846701586633,14.5,3.22687365070675,0.0567731263492933,0.0601226334660007,0.0745454952584014,0,retract
0.483,21.2114764565386,27.0814786046183,24.3394100730932,14.5,3.14963167092546,0.0568503683290745,0.0601778978227134,0.0772611651061128,0,retract
0.484,20.409967778041,26.5642833836408,23.4611120577757,14.5,3.06978091705665,0.0569302190829434,0.0602387693855667,0.0798705685878021,0,retract
0.485,19.5941949720458,26.0317372749933,22.8364606231087,14.5,2.98742803855421,0.0570125719614458,0.0603052081030883,0.0823732790623332,0,retract
0.486,18.7663552796189,25.441447318613,21.8997075803307,14.5,2.90267976436485,0.0570973202356352,0.0603771739238057,0.0847692162242596,0,retract
0.487,17.9286474877667,24.8269848278085,21.1402098829819,14.5,2.81564256174658,0.0571843574382534,0.0604546267962465,0.0870586412037312,0,retract
0.488,17.0832672156181,24.1835208575935,20.3227370363034,14.5,2.72642230071158,0.0572735776992884,0.0605375266689382,0.089242150939441,0,retract
0.489,16.2324028423612,23.5233844830235,19.5625662356034,14.5,2.63512392472289,0.0573648760752771,0.0606258334904084,0.0913206719197554,0,retract
0.49,15.3782321479974,22.8419889908638,18.7536160379056,14.5,2.54185112817302,0.057458148871827,0.0607195072091847,0.0932954533959588,0,retract
0.491,14.5229197464054,22.1497010684822,17.995973534193,14.5,2.44670604105415,0.0575532939589459,0.0608185077737947,0.0951680601811841,0,retract
0.492,13.6686154020971,21.4234661849785,17.066056883956,14.5,2.34978892111157,0.0576502110788884,0.0609227951327658,0.0969403651594935,0,retract
0.493,12.817453338379,20.6705276305656,16.152896304088,14.5,2.25119785363068,0.0577488021463693,0.0610323292346257,0.0986145416421979,0,retract
0.494,11.9715526671816,19.9123822603575,15.3635100391094,14.5,2.15102845885513,0.0578489715411449,0.061147070027902,0.100193055723537,0,retract
0.495,11.1330191019527,19.1330513045737,14.4570655698707,14.5,2.04937360686893,0.0579506263931311,0.0612669774611222,0.101678658806194,0,retract
0.496,10.3039481579745,18.3467909057567,13.6292285128545,14.5,1.94632313957668,0.0580536768604233,0.0613920114828138,0.103074380490068,0,retract
0.497,9.48643010444916,17.5549615871156,12.8039856752689,14.5,1.84196359919491,0.0581580364008051,0.0615221320415045,0.104383522047075,0,retract
0.498,8.68255701719802,16.7576531734081,11.9738026911633,14.5,1.73637796240952,0.0582636220375905,0.0616572990857218,0.105609650742988,0,retract
0.499,7.8944324014793,15.9464718299685,11.0793837693311,14.5,1.62964537903868,0.0583703546209613,0.0617974725639933,0.106756595318216,0,retract
0.5,7.12418402975981,15.1393656308216,10.2967284359399,14.5,1.52184091366226,0.0584781590863377,0.0619426124248465,0.107828443008368,0,retract
0.501,6.3739808991867,14.3213881619954,9.41352334903874,14.5,1.41303528820339,0.0585869647117966,0.062092678616809,0.108829538580805,0,retract
0.502,5.64605560810819,13.5180044645121,8.69770227961227,14.5,1.303294622835,0.058696705377165,0.0622476310884084,0.109764485997877,0,retract
0.503,4.94273406728173,12.7117925887437,7.87452133413272,14.5,1.19268017178237,0.0588073198282176,0.0624074297881722,0.110638153511892,0,retract
0.504,4.26647545613291,11.8986528708848,7.01981456373143,14.5,1.08124804949703,0.058918751950503,0.062572034664628,0.11145568328475,0,retract
0.505,3.61992700415393,11.1093844776612,6.37377411831975,14.5,0.96904894115072,0.0590309510588493,0.0627414056663034,0.112222507064788,0,retract
0.506,3.00600111400825,10.3220237625013,5.59785947154211,14.5,0.856127789163184,0.0591438722108368,0.062915502741726,0.112944370148387,0,retract
0.507,2.42798780840262,9.54456239418661,4.87979418429838,14.5,0.742523444114913,0.0592574765558851,0.0630942858394233,0.113627366999719,0,retract
0.508,1.88972639367908,8.78335111823377,4.21608346251668,14.5,0.628268263027858,0.0593717317369721,0.0632777149079228,0.11427799388971,0,retract
0.509,1.39588405065954,8.05345127108833,3.67405218821568,14.5,0.513387628971899,0.0594866123710281,0.0634657498957521,0.114903227589616,0,retract
0.51,0.952447595742696,7.32843777669842,2.97835681035898,14.5,0.39789934955211,0.0596021006504479,0.0636583507514389,0.115510646523395,0,retract
0.511,0.567704654316647,6.63792954574587,2.49488016003057,14.5,0.281812858958126,0.0597181871410419,0.0638554774235107,0.116108627263255,0,retract
0.512,0.254631783993309,5.9559230262471,1.86388390925445,14.5,0.16512807236687,0.0598348719276331,0.064057089860495,0.116706692289784,0,retract
0.513,0.0396990199730428,5.30116644038899,1.37262692524038,14.5,0.047833522051309,0.0599521664779487,0.0642631480109194,0.117316228521099,0,retract
0.514,0,4.68420479446325,0.982434918908789,14.5,0,0.0600700976022103,0.0644736118233114,0.11795258372256,0,retract
0.515,0,4.09738495508734,0.576465918831865,14.5,0,0.0601887193371204,0.0646884412461987,0.118642993601721,0,retract
0.516,0,3.55708151016826,0.315260840653811,14.5,0,0.0603080910010269,0.0649075962281088,0.119392741258534,0,retract
0.517,0,3.04892700871565,0,14.5,0,0.060428270804913,0.0651310367175693,0.120200718588222,0,retract
0.518,0,2.62238444857412,0.0631290877249487,14.5,0,0.0605493158618028,0.0653587226631078,0.121065826940882,0,retract
0.519,0,2.2543015266914,0.0458039953950203,14.5,0,0.0606712821961909,0.0655906140132517,0.121986977143444,0,retract
0.52,0,1.93225845144977,0,14.5,0,0.060794224753491,0.0658266707165287,0.122963089514805,0,retract
0.521,0,1.65622152981409,0,14.5,0,0.0609181974094946,0.0660668527214663,0.123993093874366,0,retract
0.522,0,1.42404448175166,0.0309821933770798,14.5,0,0.0610432529798363,0.0663111199765922,0.125075929544234,0,retract
0.523,0,1.22060955578713,0,14.5,0,0.061169443229456,0.0665594324304338,0.126210545345299,0,retract
0.524,0,1.05784907627991,0.081286199236528,14.5,0,0.0612968188820545,0.0668117500315188,0.127395899587445,0,retract
0.525,0,0.91025322737829,0.0246781339686025,14.5,0,0.0614254296295357,0.0670680327283747,0.128630960054099,0,retract
0.526,0,0.782812804437313,0.0181702667914459,14.5,0,0.061555324141431,0.067328240469529,0.129914703981379,0,retract
0.527,0,0.670982403803411,0,14.5,0,0.061686550074298,0.0675923332035094,0.131246118032033,0,retract
0.528,0,0.575340180512684,0.00148684076832613,14.5,0,0.0618191540810919,0.0678602708788434,0.132624198264419,0,retract
0.529,0,0.49314872615373,0,14.5,0,0.0619531818205024,0.0681320134440585,0.134047950096728,0,retract
0.53,0,0.422698908131768,0,14.5,0,0.0620886779662516,0.0684075208476824,0.135516388266665,0,retract
0.531,0,0.367943482732893,0.0394109303396408,14.5,0,0.0622256862163496,0.0686867530382426,0.137028536786813,0,retract
0.532,0,0.320719743710618,0.0373773095769704,14.5,0,0.062364249302303,0.0689696699642667,0.138583428895865,0,retract
0.533,0,0.274902637466244,0,14.5,0,0.0625044089982716,0.0692562315742822,0.140180107005948,0,retract
0.534,0,0.235630832113924,0,14.5,0,0.0626462061301714,0.0695463978168167,0.141817622646222,0,retract
0.535,0,0.201969284669077,0,14.5,0,0.0627896805847178,0.0698401286403978,0.143495036402952,0,retract
0.536,0,0.173116529716352,0,14.5,0,0.0629348713184075,0.070137383993553,0.145211417856248,0,retract
0.537,0,0.15873842484029,0.0724697955839179,14.5,0,0.063081816366435,0.07043812382481,0.14696584551365,0,retract
0.538,0,0.136061507005963,0,14.5,0,0.0632305528515419,0.0707423080826962,0.148757406740743,0,retract
0.539,0,0.116624148862254,0,14.5,0,0.0633811169927932,0.0710498967157392,0.150585197688977,0,retract
0.54,0,0.100128372071664,0.00115371132812624,14.5,0,0.0635335441142819,0.0713608496724667,0.152448323220864,0,retract
0.541,0,0.0942145554981746,0.0587316560572369,14.5,0,0.0636878686537559,0.0716751269014061,0.154345896832718,0,retract
0.542,0,0.0807553332841497,0,14.5,0,0.0638441241711676,0.071992688351085,0.156277040575103,0,retract
0.543,0,0.0692188571006997,0,14.5,0,0.0640023433571405,0.0723134939700311,0.158240884971138,0,retract
0.544,0,0.05944691820097,0.000815284802591662,14.5,0,0.0641625580413561,0.0726375037067718,0.16023656893283,0,retract
0.545,0,0.0509545013151171,0,14.5,0,0.0643247992008535,0.0729646775098348,0.162263239675567,0,retract
0.546,0,0.043675286841529,0,14.5,0,0.0644890969682437,0.0732949753277476,0.164320052630923,0,retract
0.547,0,0.0448686729604004,0.0520289896736287,14.5,0,0.0646554806398349,0.0736283571090377,0.166406171357913,0,retract
0.548,0,0.0424120579918946,0.0276723681808597,14.5,0,0.0648239786836705,0.0739647828022328,0.168520767452843,0,retract
0.549,0,0.0363531925644811,0,14.5,0,0.0649946187474735,0.0743042123558604,0.170663020457871,0,retract
0.55,0,0.0315729529888041,0.00289151553474205,14.5,0,0.0651674276665006,0.0746466057184481,0.172832117768422,0,retract
0.551,0,0.0299324760784839,0.0200896146165627,14.5,0,0.0653424314713024,0.0749919228385234,0.175027254539568,0,retract
0.552,0,0.043703155846236,0.126327234452749,14.5,0,0.0655196553953908,0.0753401236646139,0.177247633591503,0,retract
0.553,0,0.0374598478682023,0,14.5,0,0.0656991238828092,0.0756911681452472,0.179492465314221,0,retract
0.554,0,0.0362272324515204,0.0288315399514288,14.5,0,0.0658808605956103,0.0760450162289508,0.18176096757151,0,retract
0.555,0,0.0339969905311123,0.0206155390086641,14.5,0,0.066064888421234,0.0764016278642523,0.184052365604378,0,retract
0.556,0,0.0424667997238467,0.0932856548802529,14.5,0,0.0662512294797919,0.0767609629996793,0.186365891933993,0,retract
0.557,0,0.0379910374620085,0.0111364638909793,14.5,0,0.0664399051312531,0.0771229815837593,0.188700786264271,0,retract
0.558,0,0.0325637463960073,0,14.5,0,0.0666309359825321,0.0774876435650199,0.19105629538417,0,retract
0.559,0,0.0301049877788979,0.0153524360762417,14.5,0,0.0668243418944808,0.0778549088919887,0.193431673069815,0,retract
0.56,0,0.0258042752390554,0,14.5,0,0.0670201419887805,0.0782247375131932,0.195826179986527,0,retract
0.561,0,0.03057793951024,0.0592199251373479,14.5,0,0.0672183546547386,0.0785970893771611,0.198239083590841,0,retract
0.562,0,0.0262096624373486,0,14.5,0,0.0674189975559851,0.0789719244324198,0.200669658032606,0,retract
0.563,0,0.0224654249462988,0,14.5,0,0.0676220876370738,0.0793492026274969,0.203117184057237,0,retract
0.564,0,0.0254545441849594,0.043389259616923,14.5,0,0.0678276411299845,0.0797288839109201,0.205580948908198,0,retract
0.565,0,0.0218181807299652,0,14.5,0,0.0680356735605286,0.0801109282312168,0.208060246229791,0,retract
0.566,0,0.022953810226201,0.0297675872036155,14.5,0,0.0682461997546582,0.0804952955369147,0.210554375970318,0,retract
0.567,0,0.0228871058164179,0.0224868793577192,14.5,0,0.068459233844678,0.0808819457765412,0.213062644285687,0,retract
0.568,0,0.0215699527701429,0.013667034492493,14.5,0,0.0686747892753634,0.081270838898624,0.215584363443518,0,retract
0.569,0,0.0291060068780701,0.0743223315256336,14.5,0,0.0688928788099802,0.0816619348516907,0.218118851727824,0,retract
0.57,0,0.0249480058954887,0,14.5,0,0.0691135145362127,0.0820551935842688,0.220665433344307,0,retract
0.571,0,0.021384005053276,0,14.5,0,0.0693367078719958,0.0824505750448858,0.223223438326346,0,retract
0.572,0,0.0183291471885223,0,14.5,0,0.0695624695712547,0.0828480391820694,0.225792202441713,0,retract
0.573,0,0.015710697590162,0,14.5,0,0.0697908097295512,0.0832475459443471,0.228371067100072,0,retract
0.574,0,0.0134663122201388,0,14.5,0,0.0700217377896398,0.0836490552802464,0.230959379261321,0,retract
0.575,0,0.013874174063181,0.0163213451214339,14.5,0,0.0702552625469316,0.084052527138295,0.233556491344804,0,retract
0.576,0,0.0118921491970123,0,14.5,0,0.0704913921548683,0.0844579214670204,0.236161761139451,0,retract
0.577,0,0.0101932707402962,0,14.5,0,0.0707301341302087,0.0848651982149501,0.238774551714884,0,retract
0.578,0,0.0155094551181588,0.0474065613853339,14.5,0,0.0709714953582253,0.0852743173306118,0.241394231333521,0,retract
0.579,0,0.0142354893001368,0.00659169439200519,14.5,0,0.0712154820978151,0.085685238762533,0.244020173363726,0,retract
0.58,0,0.0122018479715459,0,14.5,0,0.0714620999865242,0.0860979224592412,0.246651756194034,0,retract
0.581,0,0.0186252283870109,0.0571655108798014,14.5,0,0.0717113540454884,0.0865123283692641,0.249288363148483,0,retract
0.582,0,0.0175296993880787,0.0109565253944854,14.5,0,0.0719632486842875,0.0869284164411293,0.251929382403087,0,retract
0.583,0,0.0150254566183532,0,14.5,0,0.0722177877057216,0.0873461466233641,0.254574206903484,0,retract
0.584,0,0.0128789628157313,0,14.5,0,0.0724749743105021,0.0877654788644963,0.257222234283768,0,retract
0.585,0,0.027028571016557,0.111926220221512,14.5,0,0.0727348111018634,0.0881863731130534,0.259872866786557,0,retract
0.586,0,0.0239627357280584,0.00556772399706681,14.5,0,0.0729973000900983,0.088608789317563,0.2625255111843,0,retract
0.587,0,0.0205394877669072,0,14.5,0,0.0732624426970124,0.0890326874265526,0.26517957870186,0,retract
0.588,0,0.0230945082937607,0.0384246314548816,14.5,0,0.0735302397603042,0.0894580273885498,0.267834484940375,0,retract
0.589,0,0.0197952928232235,0,14.5,0,0.0738006915378702,0.0898847691520822,0.270489649802443,0,retract
0.59,0,0.0169673938484773,0,14.5,0,0.0740737977120353,0.0903128726656773,0.273144497418625,0,retract
0.591,0,0.015632988490868,0.00762655634521254,14.5,0,0.0743495573937121,0.0907422978778628,0.275798456075292,0,retract
0.592,0,0.013399704420744,0,14.5,0,0.0746279691264882,0.0911730047371661,0.278450958143837,0,retract
0.593,0,0.020009700648288,0.0596696780135517,14.5,0,0.0749090308906443,0.0916049531921148,0.281101440011256,0,retract
0.594,0,0.0215462842054844,0.0307657855486633,14.5,0,0.0751927401071044,0.0920381031912365,0.28374934201211,0,retract
0.595,0,0.018468243604701,0,14.5,0,0.0754790936413186,0.0924724146830588,0.286394108361893,0,retract
0.596,0,0.0158299230897437,0,14.5,0,0.0757680878070813,0.0929078476161092,0.289035187091797,0,retract
0.597,0,0.0135685055054946,0,14.5,0,0.0760597183702842,0.0933443619389154,0.2916720299849,0,retract
0.598,0,0.0124618864573458,0.00582217216845302,14.5,0,0.0763539805526079,0.0937819176000048,0.294304092513774,0,retract
0.599,0,0.0106816169634392,0,14.5,0,0.0766508690351517,0.094220474547905,0.296930833779523,0,retract
0.6,0,0.00967419317925481,0.00362965047414817,14.5,0,0.0769503779620038,0.0946599927311436,0.299551716452263,0,retract
0.601,0,0.0126053118514355,0.0301920238845195,14.5,0,0.0772525009437531,0.0951004320982482,0.30216620671303,0,retract
0.602,0,0.0278564451092448,0.119363244656101,14.5,0,0.0775572310609451,0.0955417525977464,0.304773774197151,0,retract
0.603,0,0.0238769529507813,0,14.5,0,0.0778645608674806,0.0959839141781656,0.307373891939048,0,retract
0.604,0,0.0204659596720982,0,14.5,0,0.078174482393962,0.0964268767880335,0.309966036318499,0,retract
0.605,0,0.0175422511475128,0,14.5,0,0.0784869871509867,0.0968706003758777,0.312549687008349,0,retract
0.606,0,0.0150362152692967,0,14.5,0,0.0788020661323895,0.0973150448902256,0.315124326923676,0,retract
0.607,0,0.01288818451654,0,14.5,0,0.0791197098184353,0.0977601702796049,0.317689442172404,0,retract
0.608,0,0.0110470152998914,0,14.5,0,0.0794399081789629,0.0982059364925432,0.320244522007369,0,retract
0.609,0,0.0171411154212622,0.0537057161494865,14.5,0,0.0797626506764847,0.0986523034775679,0.322789058779834,0,retract
0.61,0,0.0146923846467961,0,14.5,0,0.0800879262692372,0.0990992311832067,0.325322547894456,0,retract
0.611,0,0.0125934725543967,0,14.5,0,0.0804157234141918,0.0995466795579872,0.327844487765683,0,retract
0.612,0,0.0107944050466257,0,14.5,0,0.0807460300700203,0.0999946085504368,0.330354379775608,0,retract
0.613,0,0.00925234718282205,0,14.5,0,0.0810788337000212,0.100442978109083,0.332851728233247,0,retract
0.614,0,0.0141144647997804,0.0432871705015306,14.5,0,0.0814141212750052,0.100891748182454,0.33533604033525,0,retract
0.615,0,0.0120981126855261,0,14.5,0,0.0817518792761441,0.101340878719077,0.337806826128045,0,retract
0.616,0,0.0164764455313357,0.0427464426061933,14.5,0,0.0820920936977817,0.101790329667479,0.340263598471388,0,retract
0.617,0,0.0213602125625612,0.0506628147499141,14.5,0,0.0824347500502105,0.102240060976188,0.342705873003342,0,retract
0.618,0,0.0183087536250524,0,14.5,0,0.0827798333624142,0.102690032593732,0.345133168106649,0,retract
0.619,0,0.0156932173929021,0,14.5,0,0.0831273281847777,0.103140204468638,0.347545004876509,0,retract
0.62,0,0.0194520410122572,0.0420049827283883,14.5,0,0.0834772185917664,0.103590536549433,0.349940907089747,0,retract
0.621,0,0.0172833510719048,0.00427121142978988,14.5,0,0.0838294881845753,0.104040988784646,0.352320401175363,0,retract
0.622,0,0.0148143009187755,0,14.5,0,0.0841841200937504,0.104491521122804,0.354683016186453,0,retract
0.623,0,0.0146758104040113,0.013844867315426,14.5,0,0.0845410969817833,0.104942093512434,0.357028283773505,0,retract
0.624,0,0.0125792660605811,0,14.5,0,0.0849004010456801,0.105392665902065,0.359355738159036,0,retract
0.625,0,0.0176026805729522,0.0477431676471784,14.5,0,0.0852620140195051,0.105843198240222,0.361664916113589,0,retract
0.626,0,0.0180658510339491,0.020844873799931,14.5,0,0.085625917176904,0.106293650475435,0.363955356933051,0,retract
0.627,0,0.0281149130880981,0.0884092854129916,14.5,0,0.0859920913336032,0.106743982556231,0.36622660241731,0,retract
0.628,0,0.0274262306660905,0.0232941361340449,14.5,0,0.0863605168498904,0.107194154431137,0.368478196850214,0,retract
0.629,0,0.0340783314179009,0.0739909359287638,14.5,0,0.0867311736330754,0.107644126048681,0.370709686980841,0,retract
0.63,0,0.0292099983582008,0,14.5,0,0.0871040411399345,0.10809385735739,0.372920622006053,0,retract
0.631,0,0.0250371414498864,0,14.5,0,0.0874790983791365,0.108543308305792,0.375110553554337,0,retract
0.632,0,0.0214604069570455,0,14.5,0,0.0878563239136562,0.108992438842415,0.377279035670904,0,retract
0.633,0,0.032197284337572,0.0966185486207313,14.5,0,0.0882356958631727,0.109441208915785,0.379425624804055,0,retract
0.634,0,0.0275976722893475,0,14.5,0,0.0886171919064543,0.109889578474432,0.381549879792774,0,retract
0.635,0,0.0245583642658986,0.00632251612520526,14.5,0,0.0890007892837345,0.110337507466881,0.383651361855563,0,retract
0.636,0,0.0211647417794303,0.000803006860620558,14.5,0,0.0893864647990754,0.110784955841662,0.385729634580484,0,retract
0.637,0,0.0205177393957288,0.01663572509352,14.5,0,0.0897741948227239,0.111231883547301,0.387784263916415,0,retract
0.638,0,0.0175866337677676,0,14.5,0,0.0901639552934596,0.111678250532325,0.389814818165478,0,retract
0.639,0,0.0150742575152293,0,14.5,0,0.0905557217209363,0.112124016745264,0.391820867976659,0,retract
0.64,0,0.0129207921559109,0,14.5,0,0.0909494691880173,0.112569142134643,0.393801986340576,0,retract
0.641,0,0.0110749647050665,0,14.5,0,0.0913451723531081,0.113013586648991,0.395757748585403,0,retract
0.642,0,0.00949282689005696,0,14.5,0,0.091742805452485,0.113457310236835,0.397687732373922,0,retract
0.643,0,0.0115651734544132,0.0239992528405508,14.5,0,0.0921423423026215,0.113900272846703,0.39959151770169,0,retract
0.644,0,0.00991300581806847,0,14.5,0,0.0925437563025144,0.114342434427122,0.401468686896312,0,retract
0.645,0,0.0269172500161482,0.128942715204626,14.5,0,0.092947020436011,0.11478375492662,0.403318824617804,0,retract
0.646,0,0.0236835599450968,0.0042814195187887,14.5,0,0.0933521072741345,0.115224194293725,0.405141517860019,0,retract
0.647,0,0.0203001942386544,0,14.5,0,0.0937589889774159,0.115663712476964,0.406936355953139,0,retract
0.648,0,0.0243361799199057,0.0485520940074136,14.5,0,0.0941676372982265,0.116102269424864,0.408702930567202,0,retract
0.649,0,0.0208595827884906,0,14.5,0,0.0945780235831154,0.116539825085953,0.410440835716655,0,retract
0.65,0,0.0178796423901348,0,14.5,0,0.0949901187751531,0.116976339408759,0.412149667765923,0,retract
0.651,0,0.0301025582641104,0.103440053507964,14.5,0,0.0954038934162813,0.11741177234181,0.413829025435954,0,retract
0.652,0,0.0258021927978089,0,14.5,0,0.0958193176496696,0.117846083833632,0.415478509811763,0,retract
0.653,0,0.0263066126818114,0.0293331319858261,14.5,0,0.0962363612220807,0.118279233832754,0.417097724350915,0,retract
0.654,0,0.0225485251558383,0,14.5,0,0.0966549934862466,0.118711182287702,0.418686274892967,0,retract
0.655,0,0.0204056079537379,0.00754810474113551,14.5,0,0.0970751834032521,0.119141889147006,0.420243769669824,0,retract
0.656,0,0.0207458034992082,0.0227869767720299,14.5,0,0.0974968995449316,0.119571314359191,0.421769819317016,0,retract
0.657,0,0.0177821172850356,0,14.5,0,0.097920110096278,0.119999417872786,0.42326403688586,0,retract
0.658,0,0.0152418148157448,0,14.5,0,0.0983447828578636,0.120426159636319,0.424726037856496,0,retract
0.659,0,0.014201760662916,0.00796143574594282,14.5,0,0.0987708852482748,0.120851499598316,0.426155440151788,0,retract
0.66,0,0.0145978290050529,0.0169742390578749,14.5,0,0.0991983843065628,0.121275397707305,0.427551864152059,0,retract
0.661,0,0.012512424861474,0,14.5,0,0.099627246694708,0.121697813911815,0.428914932710649,0,retract
0.662,0,0.0139591165902114,0.0226392669626362,14.5,0,0.100057438700102,0.122118708160372,0.430244271170279,0,retract
0.663,0,0.0119649570773241,0,14.5,0,0.100488926238046,0.122538040401504,0.431539507380207,0,retract
0.664,0,0.0102556774948492,0,14.5,0,0.100921674854267,0.122955770583739,0.432800271714138,0,retract
0.665,0,0.00908464441268912,0.00205844591972861,14.5,0,0.101355649727453,0.123371858655604,0.434026197088901,0,retract
0.666,0,0.0104787699249904,0.018843522998798,14.5,0,0.10179081567181,0.123786264565627,0.435216918983847,0,retract
0.667,0,0.0154908069756171,0.0455630292793775,14.5,0,0.102227137139632,0.124198948262336,0.436372075460968,0,retract
0.668,0,0.0199410544015859,0.0466425389573984,14.5,0,0.102664578223898,0.124609869694257,0.4374913071857,0,retract
0.669,0,0.0216783695270763,0.0321022602800186,14.5,0,0.103103102660889,0.125018988809918,0.438574257448421,0,retract
0.67,0,0.029684894258384,0.0777240426462307,14.5,0,0.103542673832827,0.125426265557848,0.439620572186585,0,retract
0.671,0,0.0329481140335845,0.052527432684787,14.5,0,0.103983254770538,0.125831659886574,0.440629900007512,0,retract
0.672,0,0.0282412406002153,0,14.5,0,0.104424808156132,0.126235131744622,0.441601892211791,0,retract
0.673,0,0.029401354302206,0.0363620365141503,14.5,0,0.104867296325716,0.126636641080521,0.442536202817279,0,retract
0.674,0,0.0257371985548336,0.00375226407059954,14.5,0,0.105310681272126,0.127036147842799,0.443432488583692,0,retract
0.675,0,0.0220604559041431,0,14.5,0,0.105754924647685,0.127433611979983,0.444290409037752,0,retract
0.676,0,0.0189089622035512,0,14.5,0,0.106199987766989,0.1278289934406,0.445109626498877,0,retract
0.677,0,0.024744235809949,0.0597558774483354,14.5,0,0.106645831609713,0.128222252173178,0.445889806105396,0,retract
0.678,0,0.0255039987631084,0.0300625764820646,14.5,0,0.107092416823453,0.128613348126245,0.446630615841267,0,retract
0.679,0,0.0218605703683786,0,14.5,0,0.107539703726585,0.129002241248327,0.447331726563284,0,retract
0.68,0,0.0202940426489145,0.0108948763321297,14.5,0,0.107987652311164,0.129388891487954,0.44799281202874,0,retract
0.681,0,0.0173948936990695,0,14.5,0,0.108436222245835,0.129773258793652,0.448613548923548,0,retract
0.682,0,0.0149099088849168,0,14.5,0,0.108885372878788,0.130155303113948,0.449193616890774,0,retract
0.683,0,0.0146810175650579,0.0133076696459047,14.5,0,0.109335063240731,0.130534984397372,0.449732698559585,0,retract
0.684,0,0.0151674354228947,0.0180859425699155,14.5,0,0.1097852520479,0.130912262592449,0.45023047957458,0,retract
0.685,0,0.0130006589339097,0,14.5,0,0.110235897705094,0.131287097647707,0.450686648625489,0,retract
0.686,0,0.0111434219433512,0,14.5,0,0.110686958308739,0.131659449511675,0.451100897477213,0,retract
0.687,0,0.0123416151559634,0.0195307744316365,14.5,0,0.111138391649989,0.13202927813288,0.451472921000198,0,retract
0.688,0,0.018137087877223,0.0529099242047806,14.5,0,0.11159015521785,0.132396543459849,0.451802417201109,0,retract
0.689,0,0.0199318615214009,0.0307005033864685,14.5,0,0.112042206202337,0.132761205441109,0.452089087253794,0,retract
0.69,0,0.0170844527326294,0,14.5,0,0.11249450149767,0.133123224025189,0.452332635530512,0,retract
0.691,0,0.0155041466560833,0.00602231019680728,14.5,0,0.112946997705488,0.133482559160616,0.452532769633411,0,retract
0.692,0,0.0182567717799426,0.0347725225230982,14.5,0,0.113399651138104,0.133839170795918,0.452689200426231,0,retract
0.693,0,0.0294543712604124,0.0966399681432308,14.5,0,0.113852417821791,0.134193018879621,0.452801642066211,0,retract
0.694,0,0.0252466039374963,0,14.5,0,0.114305253500097,0.134544063360255,0.452869812036188,0,retract
0.695,0,0.0276388136333468,0.0419920718084497,14.5,0,0.114758113637196,0.134892264186345,0.452893431176859,0,retract
0.696,0,0.0236904116857258,0,14.5,0,0.115210953421265,0.13523758130642,0.452872223719193,0,retract
0.697,0,0.0203060671591936,0,14.5,0,0.115663727767905,0.135579974669008,0.452805917316966,0,retract
0.698,0,0.0174052004221659,0,14.5,0,0.116116391323579,0.135919404222636,0.452694243079412,0,retract
0.699,0,0.0196273777568233,0.0329604417647677,14.5,0,0.116568898469099,0.136255829915831,0.452536935603952,0,retract
0.7,0,0.0227301675260375,0.0413469061413225,14.5,0,0.117021203323134,0.136589211697121,0.452333733008999,0,retract
0.701,0,0.0194830007366036,0,14.5,0,0.117473259745755,0.136919509515034,0.45208437696681,0,retract
0.702,0,0.0183359548330442,0.0114536794116883,14.5,0,0.117925021342017,0.137246683318097,0.451788612736365,0,retract
0.703,0,0.0157165327140379,0,14.5,0,0.118376441465563,0.137570693054837,0.451446189196259,0,retract
0.704,0,0.0136945610060361,0.00156273075802532,14.5,0,0.118827473222273,0.137891498673783,0.451056858877588,0,retract
0.705,0,0.011738195148031,0,14.5,0,0.119278069473942,0.138209060123462,0.450620377996798,0,retract
0.706,0,0.0100613101268837,0,14.5,0,0.119728182841984,0.138523337352402,0.450136506488499,0,retract
0.707,0,0.00862398010875744,0,14.5,0,0.120177765711176,0.138834290309129,0.449605008038203,0,retract
0.708,0,0.0112714369476849,0.0271561779812499,14.5,0,0.120626770233438,0.139141878942172,0.449025650114984,0,retract
0.709,0,0.0131710844434443,0.0245689694180008,14.5,0,0.121075148331633,0.139446063200059,0.448398204004033,0,retract
0.71,0,0.0150944343826405,0.0266345340178178,14.5,0,0.121522851703413,0.139746803031315,0.447722444839092,0,retract
0.711,0,0.0189438512619413,0.0420403525377455,14.5,0,0.121969831825089,0.140044058384471,0.446998151634749,0,retract
0.712,0,0.0162375867959496,0,14.5,0,0.122416039955535,0.140337789208052,0.446225107318576,0,retract
0.713,0,0.0217543745461332,0.0548551010472348,14.5,0,0.122861427140125,0.140627955450586,0.445403098763093,0,retract
0.714,0,0.0204538344360629,0.0126505937756411,14.5,0,0.123305944214704,0.140914517060602,0.444531916817536,0,retract
0.715,0,0.0238294402265309,0.0440830749693387,14.5,0,0.123749541809583,0.141197433986626,0.44361135633942,0,retract
0.716,0,0.0204252344798836,0,14.5,0,0.124192170353576,0.141476666177186,0.442641216225868,0,retract
0.717,0,0.0233802912272362,0.0411106317113515,14.5,0,0.124633780078057,0.14175217358081,0.441621299444707,0,retract
0.718,0,0.0200402496233453,0,14.5,0,0.125074321021061,0.142023916146025,0.440551413065293,0,retract
0.719,0,0.0171773568200103,0,14.5,0,0.125513743031398,0.142291853821359,0.439431368289063,0,retract
0.72,0,0.0255355136932299,0.0756844549325476,14.5,0,0.125951995772816,0.14255594655534,0.438260980479798,0,retract
0.721,0,0.0218875831656256,0,14.5,0,0.126389028728182,0.142816154296494,0.437040069193567,0,retract
0.722,0,0.0187607855705362,0,14.5,0,0.126824791203698,0.14307243699335,0.435768458208362,0,retract
0.723,0,0.0181537192639759,0.0145113214246136,14.5,0,0.127259232333139,0.143324754594435,0.434445975553376,0,retract
0.724,0,0.0229265485447603,0.051563524229467,14.5,0,0.127692301082133,0.143573067048276,0.43307245353794,0,retract
0.725,0,0.0264493093515405,0.0475858741922219,14.5,0,0.128123946252456,0.143817334303402,0.431647728780085,0,retract
0.726,0,0.033216589239113,0.0738202685645478,14.5,0,0.128554116486367,0.14405751630834,0.43017164223472,0,retract
0.727,0,0.0371805057622788,0.0609640049012735,14.5,0,0.12898276027096,0.144293573011617,0.428644039221416,0,retract
0.728,0,0.0318690049390961,0,14.5,0,0.129409825942551,0.144525464361761,0.427064769451775,0,retract
0.729,0,0.0273162899477967,0,14.5,0,0.129835261691089,0.144753150307299,0.425433687056377,0,retract
0.73,0,0.0234139628123971,0,14.5,0,0.130259015564598,0.14497659079676,0.42375065061129,0,retract
0.731,0,0.0200691109820547,0,14.5,0,0.130681035473635,0.14519574577867,0.422015523164128,0,retract
0.732,0,0.0194621945880895,0.0158206962242983,14.5,0,0.131101269195784,0.145410575201557,0.420228172259651,0,retract
0.733,0,0.022848747439716,0.043168064549475,14.5,0,0.131519664380173,0.145621039013949,0.418388469964885,0,retract
0.734,0,0.0268368596712293,0.0507655330603094,14.5,0,0.131936168552009,0.145827097164374,0.416496292893764,0,retract
0.735,0,0.0263074401053549,0.0231309227101086,14.5,0,0.132350729117148,0.146028709601358,0.414551522231272,0,retract
0.736,0,0.0225492343760185,0,14.5,0,0.132763293366676,0.14622583627343,0.412554043757074,0,retract
0.737,0,0.0193279151794445,0,14.5,0,0.13317380848153,0.146418437129116,0.410503747868644,0,retract
0.738,0,0.0206631523822522,0.0286745755990986,14.5,0,0.133582221537121,0.146606472116946,0.408400529603848,0,retract
0.739,0,0.0193353164977397,0.011368301190665,14.5,0,0.133988479507999,0.146789901185445,0.406244288663009,0,retract
0.74,0,0.0165731284266341,0,14.5,0,0.134392529272524,0.146968684283143,0.404034929430412,0,retract
0.741,0,0.0142055386514006,0,14.5,0,0.134794317617571,0.147142781358565,0.401772360995267,0,retract
0.742,0,0.0121761759869148,0,14.5,0,0.135193791243242,0.14731215236024,0.399456497172106,0,retract
0.743,0,0.020077360532291,0.0674844678045481,14.5,0,0.135590896767612,0.147476757236696,0.397087256520609,0,retract
0.744,0,0.0276291792618882,0.0729400916394713,14.5,0,0.135985580731484,0.14763655593646,0.394664562364866,0,retract
0.745,0,0.0391597455145458,0.108343143030492,14.5,0,0.136377789603164,0.14779150840806,0.392188342812038,0,retract
0.746,0,0.0383035471651657,0.0331663570688848,14.5,0,0.136767469783262,0.147941574600022,0.389658530770449,0,retract
0.747,0,0.0328316118558563,0,14.5,0,0.137154567609502,0.148086714460875,0.38707506396707,0,retract
0.748,0,0.0383176659466905,0.071233990491696,14.5,0,0.137539029361549,0.148226887939147,0.384437884964412,0,retract
0.749,0,0.0328437136685919,0,14.5,0,0.137920801265862,0.148362054983364,0.381746941176813,0,retract
0.75,0,0.0332367202745575,0.0355947599103509,14.5,0,0.138299829500549,0.148492175542055,0.379002184886116,0,retract
0.751,0,0.0284886173781921,0,14.5,0,0.13867606020025,0.148617209563746,0.376203573256739,0,retract
0.752,0,0.0244188148955932,0,14.5,0,0.139049439461026,0.148737116996967,0.373351068350125,0,retract
0.753,0,0.0282988317868703,0.0515789331345324,14.5,0,0.139419913345266,0.148851857790243,0.370444637138578,0,retract
0.754,0,0.0242561415316031,0,14.5,0,0.139787427886603,0.148961391892103,0.367484251518484,0,retract
0.755,0,0.0350214241699004,0.0996131199996841,14.5,0,0.14015192909485,0.149065679251074,0.364469888322899,0,retract
0.756,0,0.0318194755554759,0.0126077838689288,14.5,0,0.140513362960942,0.149164679815684,0.361401529333528,0,retract
0.757,0,0.0272738361904079,0,14.5,0,0.140871675461891,0.14925835353446,0.358279161292071,0,retract
0.758,0,0.0233775738774925,0,14.5,0,0.141226812565753,0.14934666035593,0.355102775910951,0,retract
0.759,0,0.0200379204664221,0,14.5,0,0.1415787202366,0.149429560228622,0.351872369883416,0,retract
0.76,0,0.018549444254269,0.00961858698135014,14.5,0,0.141927344439514,0.149507013101063,0.348587944893023,0,retract
0.761,0,0.0204287591149934,0.0317046482793398,14.5,0,0.142272631145576,0.14957897892178,0.345249507622498,0,retract
0.762,0,0.0175103649557086,0,14.5,0,0.142614526336869,0.149645417639302,0.341857069761975,0,retract
0.763,0,0.0150088842477502,0,14.5,0,0.14295297601149,0.149706289202155,0.338410648016623,0,retract
0.764,0,0.0210918587870542,0.0575897060228777,14.5,0,0.143287926188571,0.149761553558868,0.334910264113659,0,retract
0.765,0,0.0180787361031893,0,14.5,0,0.143619322913297,0.149811170657967,0.331355944808744,0,retract
0.766,0,0.02741449892566,0.0834290758604842,14.5,0,0.143947112261944,0.149855100447981,0.327747721891779,0,retract
0.767,0,0.0327784782743886,0.0649623543667605,14.5,0,0.144271240346906,0.149893302877437,0.324085632192096,0,retract
0.768,0,0.0280958385209046,0,14.5,0,0.144591653321742,0.149925737894863,0.320369717583049,0,retract
0.769,0,0.0268949800142991,0.0196898289746661,14.5,0,0.144908297386221,0.149952365448786,0.316600024986012,0,retract
0.77,0,0.0230528400122563,0,14.5,0,0.145221118791361,0.149973145487733,0.312776606373798,0,retract
0.771,0,0.0198927607217081,0.000932284978418925,14.5,0,0.14553006384449,0.149988037960233,0.308899518773482,0,retract
0.772,0,0.0223777688264887,0.037287817455172,14.5,0,0.145835078914294,0.149997002814813,0.304968824268663,0,retract
0.773,0,0.0191809447084189,0,14.5,0,0.146136110435873,0.15,0.300984590001151,0,retract
0.774,0,0.0164408097500733,0,14.5,0,0.146433104915796,0.15,0.296946888172094,0,retract
0.775,0,0.01409212264292,0,14.5,0,0.146726096324793,0.15,0.292943209109285,0,retract
0.776,0,0.01207896226536,0,14.5,0,0.14701511853105,0.15,0.288973448666963,0,retract
0.777,0,0.0103533962274514,0,14.5,0,0.147300205296951,0.15,0.285037499483848,0,retract
0.778,0,0.0164620630360882,0.0531140638879091,14.5,0,0.147581390275906,0.15,0.281135251057508,0,retract
0.779,0,0.0141103397452185,0,14.5,0,0.147858707009251,0.15,0.277266589818451,0,retract
0.78,0,0.0130008245599678,0.00634373344846343,14.5,0,0.148132188923217,0.15,0.27343139920389,0,retract
0.781,0,0.0111435639085438,0,14.5,0,0.148401869325978,0.15,0.269629559731129,0,retract
0.782,0,0.00955162620732326,0,14.5,0,0.148667781404776,0.15,0.265860949070558,0,retract
0.783,0,0.00904157494914097,0.00598126740004722,14.5,0,0.14892995822311,0.15,0.262125442118181,0,retract
0.784,0,0.016995508096929,0.0647191069836572,14.5,0,0.149188432718004,0.15,0.25842291106769,0,retract
0.785,0,0.0145675783687963,0,14.5,0,0.149443237697346,0.15,0.254753225482018,0,retract
0.786,0,0.0124864957446825,0,14.5,0,0.149694405837301,0.15,0.251116252364361,0,retract
0.787,0,0.0134071912702972,0.0189313644239855,14.5,0,0.149941969679788,0.15,0.247511856228647,0,retract
0.788,0,0.0194982963848791,0.0560449270723703,14.5,0,0.150185961630036,0.15,0.243939899169414,0,retract
0.789,0,0.0167128254727535,0,14.5,0,0.150426413954201,0.15,0.240400240931095,0,retract
0.79,0,0.0143252789766459,0,14.5,0,0.150663358777064,0.15,0.236892738976674,0,retract
0.791,0,0.0142045396113221,0.0134801034193793,14.5,0,0.150896828079784,0.15,0.233417248555707,0,retract
0.792,0,0.0121753196668475,0,14.5,0,0.151126853697728,0.15,0.229973622771682,0,retract
0.793,0,0.0148848350969553,0.0311419276776021,14.5,0,0.151353467318367,0.15,0.226561712648723,0,retract
0.794,0,0.0257691141465869,0.0910747884443766,14.5,0,0.151576700479237,0.15,0.223181367197594,0,retract
0.795,0,0.0220878121256459,0,14.5,0,0.151796584565961,0.15,0.21983243348102,0,retract
0.796,0,0.0189324103934108,0,14.5,0,0.152013150810349,0.15,0.216514756678303,0,retract
0.797,0,0.0162277803372093,0,14.5,0,0.152226430288549,0.15,0.213228180149216,0,retract
0.798,0,0.0146076665746876,0.00488698399955795,14.5,0,0.152436453919269,0.15,0.20997254549718,0,retract
0.799,0,0.0236071555362676,0.0776040893057471,14.5,0,0.152643252462059,0.15,0.20674769263171,0,retract
0.8,0,0.020963677448562,0.00510280892232829,14.5,0,0.15284685651566,0.15,0.203553459830117,0,retract
0.801,0,0.0179688663844817,0,14.5,0,0.153047296516403,0.15,0.20038968379847,0,retract
0.802,0,0.0154018854724129,0,14.5,0,0.153244602736684,0.15,0.197256199731812,0,retract
0.803,0,0.0155130636357263,0.016180132615607,14.5,0,0.153438805283487,0.15,0.194152841373611,0,retract
0.804,0,0.0227124247738822,0.0659085916028179,14.5,0,0.153629934096972,0.15,0.191079441074467,0,retract
0.805,0,0.0194677926633276,0,14.5,0,0.153818018949117,0.15,0.18803582985004,0,retract
0.806,0,0.0166866794257094,0,14.5,0,0.154003089442422,0.15,0.185021837438233,0,retract
0.807,0,0.0191798179492321,0.0341386490903679,14.5,0,0.15418517500867,0.15,0.182037292355587,0,retract
0.808,0,0.0164398439564846,0,14.5,0,0.154364304907739,0.15,0.179082021952925,0,retract
0.809,0,0.0227347134049996,0.0605039300960893,14.5,0,0.15454050822647,0.15,0.176155852470211,0,retract
0.81,0,0.0194868972042853,0,14.5,0,0.154713813877598,0.15,0.173258609090649,0,retract
0.811,0,0.0167030547465303,0,14.5,0,0.154884250598726,0.15,0.170390115994,0,retract
0.812,0,0.0246213778128363,0.0721313162106722,14.5,0,0.155051846951356,0.15,0.167550196409133,0,retract
0.813,0,0.0211040381252882,0,14.5,0,0.155216631319976,0.15,0.1647386726658,0,retract
0.814,0,0.0180891755359614,0,14.5,0,0.15537863191119,0.15,0.161955366245639,0,retract
0.815,0,0.0155050076022526,0,14.5,0,0.155537876752905,0.15,0.15920009783241,0,retract
0.816,0,0.0164616135225608,0.02220124904441,14.5,0,0.15569439369357,0.15,0.15647268736145,0,retract
0.817,0,0.0141099544479092,0,14.5,0,0.155848210401454,0.15,0.153772954068372,0,retract
0.818,0,0.0120942466696365,0,14.5,0,0.15599935436398,0.15,0.151100716536987,0,retract
0.819,0,0.0103664971454027,0,14.5,0,0.15614785288711,0.15,0.148455792746465,0,retract
0.82,0,0.0100398774502204,0.00808015927912652,14.5,0,0.156293733094763,0.15,0.145838000117727,0,retract
0.821,0,0.00860560924304606,0,14.5,0,0.156437021928294,0.15,0.143247155559085,0,retract
0.822,0,0.0171356311758088,0.0683157627723855,14.5,0,0.156577746146009,0.15,0.140683075511111,0,retract
0.823,0,0.0234964785174362,0.0616615625672006,14.5,0,0.156715932322727,0.15,0.13814557599076,0,retract
0.824,0,0.0201398387292311,0,14.5,0,0.156851606849387,0.15,0.135634472634733,0,retract
0.825,0,0.0172627189107695,0,14.5,0,0.156984795932695,0.15,0.133149580742094,0,retract
0.826,0,0.0156822870228714,0.00619969569548299,14.5,0,0.157115525594814,0.15,0.130690715316138,0,retract
0.827,0,0.0210681578996759,0.0533833831605032,14.5,0,0.157243821673101,0.15,0.128257691105514,0,retract
0.828,0,0.0180584210568651,0,14.5,0,0.157369709819872,0.15,0.125850322644612,0,retract
0.829,0,0.0182891311696532,0.0196733918463817,14.5,0,0.157493215502221,0.15,0.123468424293211,0,retract
0.83,0,0.0219362687172961,0.0438190940031536,14.5,0,0.157614364001871,0.15,0.12111181027539,0,retract
0.831,0,0.0217304939496436,0.0204958453437289,14.5,0,0.15773318041506,0.15,0.118780294717724,0,retract
0.832,0,0.0186261376711231,0,14.5,0,0.157849689652475,0.15,0.116473691686741,0,retract
0.833,0,0.0229823040034948,0.0491193019977248,14.5,0,0.157963916439211,0.15,0.114191815225668,0,retract
0.834,0,0.0207964103549169,0.00768104846344942,14.5,0,0.158075885314777,0.15,0.11193447939046,0,retract
0.835,0,0.0178254945899288,0,14.5,0,0.15818562063313,0.15,0.109701498285115,0,retract
0.836,0,0.0152789953627961,0,14.5,0,0.15829314656275,0.15,0.107492686096288,0,retract
0.837,0,0.0154799768977216,0.016685866107275,14.5,0,0.158398487086739,0.15,0.105307857127196,0,retract
0.838,0,0.0151378411029272,0.0130850263341607,14.5,0,0.158501666002969,0.15,0.103146825830837,0,retract
0.839,0,0.0253086733087925,0.0863336665439844,14.5,0,0.158602706924247,0.15,0.101009406842508,0,retract
0.84,0,0.0322821114782529,0.0741227404950148,14.5,0,0.158701633278523,0.15,0.0988954150116401,0,retract
0.841,0,0.0276703812670739,0,14.5,0,0.158798468309122,0.15,0.0968046654329531,0,retract
0.842,0,0.0237174696574919,0,14.5,0,0.158893235075013,0.15,0.0947369734769327,0,retract
0.843,0,0.0285663344263602,0.0576595230395703,14.5,0,0.158985956451106,0.15,0.0926921548196373,0,retract
0.844,0,0.0244854295083088,0,14.5,0,0.159076655128572,0.15,0.0906700254718406,0,retract
0.845,0,0.0209875110071218,0,14.5,0,0.159165353615202,0.15,0.0886704018075121,0,retract
0.846,0,0.0280902858529271,0.0707069349277588,14.5,0,0.15925207423579,0.15,0.0866931005916461,0,retract
0.847,0,0.0240773878739375,0,14.5,0,0.159336839132536,0.15,0.0847379390074402,0,retract
0.848,0,0.0206377610348036,0,14.5,0,0.159419670265489,0.15,0.0828047346828317,0,retract
0.849,0,0.0179386268308627,0.00174382160721778,14.5,0,0.159500589413007,0.15,0.0808933057163976,0,retract
0.85,0,0.0153759658550252,0,14.5,0,0.159579618172243,0.15,0.0790034707026227,0,retract
0.851,0,0.0131793993043073,0,14.5,0,0.15965677795966,0.15,0.0771350487565424,0,retract
0.852,0,0.0154310132966953,0.0289406972510228,14.5,0,0.159732090011566,0.15,0.0752878595377668,0,retract
0.853,0,0.0238974752908335,0.0746962472556631,14.5,0,0.159805575384676,0.15,0.073461723273892,0,retract
0.854,0,0.0204835502492859,0,14.5,0,0.159877254956694,0.15,0.0716564607833027,0,retract
0.855,0,0.0175573287851022,0,14.5,0,0.159947149426919,0.15,0.0698718934973758,0,retract
0.856,0,0.015049138958659,0,14.5,0,0.160015279316873,0.15,0.0681078434820872,0,retract
0.857,0,0.0128992619645649,0,14.5,0,0.16008166497095,0.15,0.0663641334590317,0,retract
0.858,0,0.0110565102553413,0,14.5,0,0.160146326557083,0.15,0.0646405868258601,0,retract
0.859,0,0.00947700879029255,0,14.5,0,0.160209284067435,0.15,0.0629370276761392,0,retract
0.86,0,0.0131052585754575,0.0348747572864472,14.5,0,0.16027055731911,0.15,0.0612532808186442,0,retract
0.861,0,0.0112330787789636,0,14.5,0,0.160330165954875,0.15,0.0595891717960851,0,retract
0.862,0,0.00962835323911164,0,14.5,0,0.160388129443912,0.15,0.0579445269032789,0,retract
0.863,0,0.015846566067877,0.0531558430404694,14.5,0,0.160444467082576,0.15,0.0563191732047698,0,retract
0.864,0,0.0149975542484295,0.00990348333174414,14.5,0,0.16049919799518,0.15,0.054712938551905,0,retract
0.865,0,0.0128550464986538,0,14.5,0,0.160552341134792,0.15,0.0531256515993743,0,retract
0.866,0,0.0110186112845604,0,14.5,0,0.160603915284047,0.15,0.0515571418212174,0,retract
0.867,0,0.0109249174067261,0.0103627541397201,14.5,0,0.160653939055977,0.15,0.0500072395263075,0,retract
0.868,0,0.0184465031909948,0.0635760178966067,14.5,0,0.160702430894857,0.15,0.0484757758733162,0,retract
0.869,0,0.0158112884494241,0,14.5,0,0.160749409077062,0.15,0.0469625828851675,0,retract
0.87,0,0.0142566014116596,0.00492847918507257,14.5,0,0.160794891711942,0.15,0.0454674934629868,0,retract
0.871,0,0.0122199440671368,0,14.5,0,0.160838896742705,0.15,0.043990341399551,0,retract
0.872,0,0.0137068960084746,0.0226286076565013,14.5,0,0.160881441947322,0.15,0.0425309613922476,0,retract
0.873,0,0.0117487680072639,0,14.5,0,0.160922544939436,0.15,0.0410891890555484,0,retract
0.874,0,0.0100703725776548,0,14.5,0,0.160962223169288,0.15,0.0396648609330045,0,retract
0.875,0,0.0114259063306513,0.0195591088486305,14.5,0,0.161000493924652,0.15,0.038257814508769,0,retract
0.876,0,0.0103833718779579,0.00412816516179735,14.5,0,0.161037374331781,0.15,0.0368678882186555,0,retract
0.877,0,0.00890003303824962,0,14.5,0,0.161072881356369,0.15,0.0354949214607363,0,retract
0.878,0,0.0076285997470711,0,14.5,0,0.161107031804517,0.15,0.0341387546054892,0,retract
0.879,0,0.0163310009109528,0.0685454078942432,14.5,0,0.16113984232371,0.15,0.0327992290054991,0,retract
0.88,0,0.0187453616879886,0.0332315263502033,14.5,0,0.161171329403805,0.15,0.0314761870047192,0,retract
0.881,0,0.0163005497603364,0.00163167819442281,14.5,0,0.161201509378031,0.15,0.0301694719473014,0,retract
0.882,0,0.0153120356144789,0.00938095073933417,14.5,0,0.161230398423988,0.15,0.0288789281859994,0,retract
0.883,0,0.0131246019552676,0,14.5,0,0.161258012564665,0.15,0.0276044010901532,0,retract
0.884,0,0.0112496588188008,0,14.5,0,0.161284367669455,0.15,0.0263457370532602,0,retract
0.885,0,0.0137342505906699,0.0286418012218841,14.5,0,0.161309479455192,0.15,0.0251027835001408,0,retract
0.886,0,0.0117722147920027,0,14.5,0,0.161333363487176,0.15,0.0238753888937033,0,retract
0.887,0,0.0218124960795622,0.0820541838049189,14.5,0,0.16135603518022,0.15,0.0226634027413158,0,retract
0.888,0,0.0310103572280603,0.0861975241190492,14.5,0,0.161377509799696,0.15,0.0214666756007914,0,retract
0.889,0,0.0305014497093984,0.0274480045974267,14.5,0,0.161397802462587,0.15,0.0202850590859926,0,retract
0.89,0,0.0261440997509129,0,14.5,0,0.161416928138549,0.15,0.0191184058720618,0,retract
0.891,0,0.0224092283579253,0,14.5,0,0.16143490165097,0.15,0.0179665697002841,0,retract
0.892,0,0.0192079100210789,0,14.5,0,0.161451737678038,0.15,0.0168294053825891,0,retract
0.893,0,0.0203392167037257,0.027127056799607,14.5,0,0.161467450753817,0.15,0.015706768805697,0,retract
0.894,0,0.0174336143174792,0,14.5,0,0.16148205526932,0.15,0.0145985169349172,0,retract
0.895,0,0.0199077831104448,0.0347527958682384,14.5,0,0.161495565473588,0.15,0.0135045078176032,0,retract
0.896,0,0.017063814094667,0,14.5,0,0.161507995474778,0.15,0.0124246005862723,0,retract
0.897,0,0.016880527794058,0.0157808099904039,14.5,0,0.161519359241239,0.15,0.0113586554613954,0,retract
0.898,0,0.0227552511775476,0.0580035914784857,14.5,0,0.16152967060261,0.15,0.0103065337538623,0,retract
0.899,0,0.0242281285394353,0.0330653927107615,14.5,0,0.161538943250905,0.15,0.00926809786713004,0,retract
0.9,0,0.020766967319516,0,14.5,0,0.161547190741607,0.15,0.00824321129905959,0,retract
0.901,0,0.0178002577024423,0,14.5,0,0.161554426494761,0.15,0.00723173864344707,0,retract
0.902,0,0.0152573637449505,0,14.5,0,0.161560663796068,0.15,0.00623354559125576,0,retract
0.903,0,0.0130777403528147,0,14.5,0,0.161565915797986,0.15,0.00524849893155422,0,retract
0.904,0,0.0192908548576023,0.0565695418863275,14.5,0,0.161570195520823,0.15,0.00427646655216777,0,retract
0.905,0,0.0165350184493734,0,14.5,0,0.161573515853833,0.15,0.0033173174400475,0,retract
0.906,0,0.0205879706868482,0.0449056841116969,14.5,0,0.161575889556318,0.15,0.00237092168136466,0,retract
0.907,0,0.0176468320172984,0,14.5,0,0.161577329258723,0.15,0.00143715046133404,0,retract
0.908,0,0.0151258560148272,0,14.5,0,0.161577847463732,0.15,0.000515876063774454,0,retract
0.909,0,0.0278121693477973,0.103930049345618,14.5,0,0.161577456547367,0.15,-0.000393028129590154,0.000393028129590154,retract
0.91,0,0.0457489266770025,0.153369470652233,14.5,0,0.161576168760082,0.15,-0.00128968764008128,0.00128968764008128,retract
0.911,0,0.0441557204495476,0.0345964830848185,14.5,0,0.161573996227857,0.15,-0.00217422689326402,0.00217422689326402,retract
0.912,0,0.0391509052246773,0.00912201387545494,14.5,0,0.161570950953292,0.15,-0.00304676922038653,0.00304676922038653,retract
0.913,0,0.0335579187640091,0,14.5,0,0.161567044816697,0.15,-0.00390743686005512,0.00390743686005512,retract
0.914,0,0.0287639303691506,0,14.5,0,0.161562289577185,0.15,-0.0047563509601398,0.0047563509601398,retract
0.915,0,0.0287904651242764,0.0289496736550308,14.5,0,0.161556696873754,0.15,-0.00559363157990484,0.00559363157990484,retract
0.916,0,0.0279835164534298,0.0231418244283507,14.5,0,0.161550278226377,0.15,-0.00641939769235836,0.00641939769235836,retract
0.917,0,0.023985871245797,0,14.5,0,0.161543045037083,0.15,-0.00723376718681676,0.00723376718681676,retract
0.918,0,0.0236905970247343,0.0219189516983578,14.5,0,0.161535008591035,0.15,-0.00803685687167705,0.00803685687167705,retract
0.919,0,0.0203062260212008,0,14.5,0,0.161526180057612,0.15,-0.00882878247739362,0.00882878247739362,retract
0.92,0,0.0338384549701898,0.115031828664124,14.5,0,0.161516570491476,0.15,-0.00960965865965305,0.00960965865965305,retract
0.921,0,0.0316790860934556,0.0187228728330504,14.5,0,0.161506190833649,0.15,-0.0103795990027418,0.0103795990027418,retract
0.922,0,0.027971169945737,0.00572367305942523,14.5,0,0.161495051912576,0.15,-0.0111387160231027,0.0111387160231027,retract
0.923,0,0.0239752885249174,0,14.5,0,0.16148316444519,0.15,-0.0118871211730738,0.0118871211730738,retract
0.924,0,0.0205502473070721,0,14.5,0,0.161470539037972,0.15,-0.012624924844806,0.012624924844806,retract
0.925,0,0.0189797364979846,0.00955667164345936,14.5,0,0.161457186188003,0.15,-0.0133522363743535,0.0133522363743535,retract
0.926,0,0.016268345569701,0,14.5,0,0.161443116284021,0.15,-0.0140691640459327,0.0140691640459327,retract
0.927,0,0.0220220192618512,0.0565440614147524,14.5,0,0.161428339607464,0.15,-0.0147758150963442,0.0147758150963442,retract
0.928,0,0.0188760165101582,0,14.5,0,0.161412866333511,0.15,-0.0154722957195542,0.0154722957195542,retract
0.929,0,0.0161794427229927,0,14.5,0,0.161396706532124,0.15,-0.0161587110714292,0.0161587110714292,retract
0.93,0,0.0138680937625652,0,14.5,0,0.161379870169078,0.15,-0.0168351652746207,0.0168351652746207,retract
0.931,0,0.0119649787777295,0.000546288868715255,14.5,0,0.161362367106988,0.15,-0.0175017614235936,0.0175017614235936,retract
0.932,0,0.0209527951037624,0.0748796930599597,14.5,0,0.161344207106333,0.15,-0.0181586015897965,0.0181586015897965,retract
0.933,0,0.0179595386603678,0,14.5,0,0.161325399826476,0.15,-0.0188057868269659,0.0188057868269659,retract
0.934,0,0.0240913332326815,0.060882100666564,14.5,0,0.16130595482667,0.15,-0.0194434171765629,0.0194434171765629,retract
0.935,0,0.0206497141994413,0,14.5,0,0.161285881567068,0.15,-0.0200715916733363,0.0200715916733363,retract
0.936,0,0.0295845611254703,0.0831936426816443,14.5,0,0.161265189409726,0.15,-0.0206904083510084,0.0206904083510084,retract
0.937,0,0.0256110564856238,0.00177002864654481,14.5,0,0.161243887619593,0.15,-0.0212999642480789,0.0212999642480789,retract
0.938,0,0.0219523341305347,0,14.5,0,0.161221985365503,0.15,-0.0219003554137438,0.0219003554137438,retract
0.939,0,0.022964584767186,0.029038088587094,14.5,0,0.161199491721159,0.15,-0.0224916769139229,0.0224916769139229,retract
0.94,0,0.0318037814962465,0.0848389618706097,14.5,0,0.161176415666108,0.15,-0.0230740228373942,0.0230740228373942,retract
0.941,0,0.0272603841396399,0,14.5,0,0.161152766086713,0.15,-0.0236474863020301,0.0236474863020301,retract
0.942,0,0.0233660435482628,0,14.5,0,0.161128551777116,0.15,-0.0242121594611309,0.0242121594611309,retract
0.943,0,0.0200280373270824,0,14.5,0,0.1611037814402,0.15,-0.0247681335098527,0.0247681335098527,retract
0.944,0,0.0173407837343154,0.00121726217771321,14.5,0,0.161078463688535,0.15,-0.0253154986917256,0.0253154986917256,retract
0.945,0,0.0209953334072964,0.0429226314451828,14.5,0,0.161052607045329,0.15,-0.0258543443052577,0.0258543443052577,retract
0.946,0,0.026509613430804,0.0595952935718497,14.5,0,0.16102621994536,0.15,-0.0263847587106216,0.0263847587106216,retract
0.947,0,0.022722525797832,0,14.5,0,0.160999310735915,0.15,-0.0269068293364206,0.0269068293364206,retract
0.948,0,0.019476450683856,0,14.5,0,0.160971887677707,0.15,-0.0274206426865289,0.0274206426865289,retract
0.949,0,0.0197341148650411,0.0212800999521518,14.5,0,0.160943958945801,0.15,-0.0279262843470048,0.0279262843470048,retract
0.95,0,0.0189296244744309,0.0141026821307693,14.5,0,0.160915532630518,0.15,-0.0284238389930705,0.0284238389930705,retract
0.951,0,0.016225392406655,0,14.5,0,0.160886616738343,0.15,-0.0289133903961579,0.0289133903961579,retract
0.952,0,0.0163525081061141,0.0171152023028689,14.5,0,0.16085721919282,0.15,-0.0293950214310152,0.0293950214310152,retract
0.953,0,0.0219103751335806,0.0552575772983794,14.5,0,0.160827347835443,0.15,-0.0298688140828707,0.0298688140828707,retract
0.954,0,0.0187803215430691,0,14.5,0,0.16079701042654,0.15,-0.0303348494546523,0.0303348494546523,retract
0.955,0,0.0160974184654878,0,14.5,0,0.160766214646143,0.15,-0.0307932077742577,0.0307932077742577,retract
0.956,0,0.0232971912035047,0.0664958276316063,14.5,0,0.160734968094861,0.15,-0.0312439684018728,0.0312439684018728,retract
0.957,0,0.0199690210315755,0,14.5,0,0.16070327829474,0.15,-0.0316872098373354,0.0316872098373354,retract
0.958,0,0.0171163037413504,0,14.5,0,0.160671152690114,0.15,-0.0321230097275406,0.0321230097275406,retract
0.959,0,0.0146711174925861,0,14.5,0,0.160638598648453,0.15,-0.0325514448738854,0.0325514448738854,retract
0.96,0,0.0183086687195218,0.0401339760811366,14.5,0,0.160605623461199,0.15,-0.0329725912397487,0.0329725912397487,retract
0.961,0,0.015693144616733,0,14.5,0,0.1605722343446,0.15,-0.0333865239580053,0.0333865239580053,retract
0.962,0,0.0134512668143426,0,14.5,0,0.160538438440533,0.15,-0.0337933173385692,0.0337933173385692,retract
0.963,0,0.013504078962383,0.0138209518506258,14.5,0,0.160504242817314,0.15,-0.0341930448759645,0.0341930448759645,retract
0.964,0,0.0151112272702832,0.0247541171176843,14.5,0,0.160469654470516,0.15,-0.0345857792569213,0.0345857792569213,retract
0.965,0,0.0149635245629178,0.0140773083187256,14.5,0,0.160434680323761,0.15,-0.0349715923679934,0.0349715923679934,retract
0.966,0,0.0128258781967867,0,14.5,0,0.160399327229518,0.15,-0.0353505553031948,0.0353505553031948,retract
0.967,0,0.020703988223748,0.0679726483855158,14.5,0,0.160363601969885,0.15,-0.0357227383716535,0.0357227383716535,retract
0.968,0,0.0177462756203554,0,14.5,0,0.160327511257371,0.15,-0.0360882111052788,0.0360882111052788,retract
0.969,0,0.0152110933888761,0,14.5,0,0.160291061735661,0.15,-0.0364470422664415,0.0364470422664415,retract
0.97,0,0.0130380800476081,0,14.5,0,0.160254259980383,0.15,-0.0367992998556613,0.0367992998556613,retract
0.971,0,0.0120822897133032,0.00634754770747368,14.5,0,0.160217112499857,0.15,-0.0371450511193029,0.0371450511193029,retract
0.972,0,0.0103562483256884,0,14.5,0,0.160179625735851,0.15,-0.0374843625572754,0.0374843625572754,retract
0.973,0,0.00887678427916151,0,14.5,0,0.160141806064308,0.15,-0.0378172999307347,0.0378172999307347,retract
0.974,0,0.0185401782174691,0.0765205418473146,14.5,0,0.16010365979609,0.15,-0.0381439282697848,0.0381439282697848,retract
0.975,0,0.0158915813292592,0,14.5,0,0.160065193177694,0.15,-0.038464311881178,0.038464311881178,retract
0.976,0,0.0136213554250793,0,14.5,0,0.160026412391969,0.15,-0.0387785143560096,0.0387785143560096,retract
0.977,0,0.0201265537983828,0.0591577440382034,14.5,0,0.159987323558827,0.15,-0.0390865985774072,0.0390865985774072,retract
0.978,0,0.0172513318271852,0,14.5,0,0.159947932735944,0.15,-0.0393886267282101,0.0393886267282101,retract
0.979,0,0.014786855851873,0,14.5,0,0.15990824591945,0.15,-0.0396846602986395,0.0396846602986395,retract
0.98,0,0.0141339238943096,0.0102163321489288,14.5,0,0.159868269044619,0.15,-0.0399747600939555,0.0399747600939555,retract
0.981,0,0.0121147919094082,0,14.5,0,0.159828007986543,0.15,-0.0402589862420997,0.0402589862420997,retract
0.982,0,0.0103841073509213,0,14.5,0,0.159787468560802,0.15,-0.0405373982013213,0.0405373982013213,retract
0.983,0,0.0122555343358121,0.0234840962451564,14.5,0,0.159746656524132,0.15,-0.040810054767786,0.040810054767786,retract
0.984,0,0.0105047437164103,0,14.5,0,0.159705577575074,0.15,-0.0410770140831636,0.0410770140831636,retract
0.985,0,0.00900406604263743,0,14.5,0,0.159664237354624,0.15,-0.0413383336421955,0.0413383336421955,retract
0.986,0,0.00771777089368922,0,14.5,0,0.159622641446875,0.15,-0.0415940703002379,0.0415940703002379,retract
0.987,0,0.00858631078253558,0.0137975501156137,14.5,0,0.159580795379647,0.15,-0.0418442802807804,0.0418442802807804,retract
0.988,0,0.0147034434153412,0.051406239212175,14.5,0,0.15953870462511,0.15,-0.0420890191829382,0.0420890191829382,retract
0.989,0,0.0127691385945818,0.00116330967002538,14.5,0,0.159496374600408,0.15,-0.042328341988916,0.042328341988916,retract
0.99,0,0.010944975938213,0,14.5,0,0.159453810668263,0.15,-0.0425623030714422,0.0425623030714422,retract
0.991,0,0.0149111430013494,0.0387081453801683,14.5,0,0.159411018137581,0.15,-0.0427909562011728,0.0427909562011728,retract
0.992,0,0.0127809797154424,0,14.5,0,0.159368002264044,0.15,-0.0430143545540618,0.0430143545540618,retract
0.993,0,0.0159008815014985,0.0346202922178352,14.5,0,0.159324768250703,0.15,-0.0432325507186985,0.0432325507186985,retract
0.994,0,0.0136293270012844,0,14.5,0,0.159281321248556,0.15,-0.043445596703609,0.043445596703609,retract
0.995,0,0.0226712203269265,0.0769225802807792,14.5,0,0.159237666357119,0.15,-0.0436535439445218,0.0436535439445218,retract
0.996,0,0.023828356630436,0.0307711744514928,14.5,0,0.159193808624996,0.15,-0.043856443311595,0.043856443311595,retract
0.997,0,0.0204694545618095,0.000316042150050383,14.5,0,0.159149753050438,0.15,-0.044054345116605,0.044054345116605,retract
0.998,0,0.0175452467672653,0,14.5,0,0.159105504581892,0.15,-0.0442472991200944,0.0442472991200944,retract
0.999,0,0.0159088158616235,0.0060902304277727,14.5,0,0.159061068118548,0.15,-0.0444353545384794,0.0444353545384794,retract
1,0,0.019549105203699,0.0413908412561519,14.5,0,0.159016448510876,0.15,-0.0446185600511138,0.0446185600511138,retract
1.001,0,0.0179204610233254,0.0081485959410839,14.5,0,0.158971650561157,0.15,-0.04479696380731,0.04479696380731,retract
1.002,0,0.0194107045482094,0.0283521656975135,14.5,0,0.158926679024006,0.15,-0.0449706134333153,0.0449706134333153,retract
1.003,0,0.0166377467556081,0,14.5,0,0.158881538606889,0.15,-0.0451395560392423,0.0451395560392423,retract
1.004,0,0.0142609257905212,0,14.5,0,0.158836233970635,0.15,-0.0453038382259534,0.0453038382259534,retract
1.005,0,0.0173940652986252,0.0361929023472491,14.5,0,0.158790769729936,0.15,-0.0454635060918971,0.0454635060918971,retract
1.006,0,0.014909198827393,0,14.5,0,0.158745150453844,0.15,-0.0456186052398963,0.0456186052398963,retract
1.007,0,0.0184571715120427,0.0397450076199405,14.5,0,0.158699380666263,0.15,-0.0457691807838872,0.0457691807838872,retract
1.008,0,0.0166400702987241,0.00573746301881306,14.5,0,0.158653464846428,0.15,-0.0459152773556078,0.0459152773556078,retract
1.009,0,0.0142629173989064,0,14.5,0,0.158607407429384,0.15,-0.0460569391112364,0.0460569391112364,retract
1.01,0,0.0173223856998647,0.0356791955056141,14.5,0,0.158561212806454,0.15,-0.0461942097379771,0.0461942097379771,retract
1.011,0,0.0148477591713126,0,14.5,0,0.158514885325706,0.15,-0.0463271324605942,0.0463271324605942,retract
1.012,0,0.0137129358481057,0.00690399590886461,14.5,0,0.158468429292401,0.15,-0.0464557500478925,0.0464557500478925,retract
1.013,0,0.0153570347484247,0.0252216281503389,14.5,0,0.158421848969455,0.15,-0.0465801048191445,0.0465801048191445,retract
1.014,0,0.0245929419631141,0.0800083852512499,14.5,0,0.15837514857787,0.15,-0.0467002386504625,0.0467002386504625,retract
1.015,0,0.021079664539812,0,14.5,0,0.158328332297184,0.15,-0.0468161929811165,0.0468161929811165,retract
1.016,0,0.0226296607031645,0.0319296376832791,14.5,0,0.158281404265892,0.15,-0.0469280088197959,0.0469280088197959,retract
1.017,0,0.0212055543986102,0.0126609165712844,14.5,0,0.158234368581877,0.15,-0.0470357267508145,0.0470357267508145,retract
1.018,0,0.018176189484523,0,14.5,0,0.158187229302825,0.15,-0.0471393869402603,0.0471393869402603,retract
1.019,0,0.015579590986734,0,14.5,0,0.158139990446644,0.15,-0.047239029142087,0.047239029142087,retract
1.02,0,0.0370938785745436,0.166179604101401,14.5,0,0.158092655991862,0.15,-0.0473346927041477,0.0473346927041477,retract
1.021,0,0.0326595023958303,0.00605324532355032,14.5,0,0.158045229878034,0.15,-0.0474264165741714,0.0474264165741714,retract
1.022,0,0.027993859196426,0,14.5,0,0.157997716006135,0.15,-0.0475142393056798,0.0475142393056798,retract
1.023,0,0.0300323213605846,0.0422630943455361,14.5,0,0.157950118238951,0.15,-0.0475981990638465,0.0475981990638465,retract
1.024,0,0.0257419897376439,0,14.5,0,0.157902440401456,0.15,-0.0476783336312959,0.0476783336312959,retract
1.025,0,0.0220645626322662,0,14.5,0,0.157854686281198,0.15,-0.0477546804138428,0.0477546804138428,retract
1.026,0,0.0189124822562282,0,14.5,0,0.157806859628663,0.15,-0.0478272764461725,0.0478272764461725,retract
1.027,0,0.0167544164117992,0.00380602134522516,14.5,0,0.157758964157645,0.15,-0.0478961583974596,0.0478961583974596,retract
1.028,0,0.0143609283529707,0,14.5,0,0.157711003545609,0.15,-0.0479613625769278,0.0479613625769278,retract
1.029,0,0.0123093671596892,0,14.5,0,0.15766298143404,0.15,-0.0480229249393478,0.0480229249393478,retract
1.03,0,0.0105508861368765,0,14.5,0,0.157614901428795,0.15,-0.0480808810904748,0.0480808810904748,retract
1.031,0,0.00904361668875124,0,14.5,0,0.15756676710045,0.15,-0.0481352662924248,0.0481352662924248,retract
1.032,0,0.00775167144750107,0,14.5,0,0.157518581984636,0.15,-0.0481861154689893,0.0481861154689893,retract
1.033,0,0.00664428981214377,0,14.5,0,0.157470349582374,0.15,-0.0482334632108894,0.0482334632108894,retract
1.034,0,0.00569510555326609,0,14.5,0,0.157422073360401,0.15,-0.0482773437809671,0.0482773437809671,retract
1.035,0,0.0151665419998481,0.0719951606793401,14.5,0,0.157373756751497,0.15,-0.0483177911193157,0.0483177911193157,retract
1.036,0,0.0129998931427269,0,14.5,0,0.1573254031548,0.15,-0.0483548388483487,0.0483548388483487,retract
1.037,0,0.0111427655509088,0,14.5,0,0.157277015936122,0.15,-0.0483885202778061,0.0483885202778061,retract
1.038,0,0.0106966812240728,0.00802017526305657,14.5,0,0.157228598428255,0.15,-0.048418868409699,0.048418868409699,retract
1.039,0,0.0129516096220065,0.0264811800096089,14.5,0,0.157180153931274,0.15,-0.0484459159431929,0.0484459159431929,retract
1.04,0,0.0111013796760056,0,14.5,0,0.15713168571284,0.15,-0.0484696952794279,0.0484696952794279,retract
1.041,0,0.00951546829371907,0,14.5,0,0.157083197008487,0.15,-0.0484902385262786,0.0484902385262786,retract
1.042,0,0.0121163846478117,0.0277218827723677,14.5,0,0.157034691021916,0.15,-0.0485075775030504,0.0485075775030504,retract
1.043,0,0.0117972486183983,0.00988243244191783,14.5,0,0.15698617092528,0.15,-0.0485217437451151,0.0485217437451151,retract
1.044,0,0.0143009338775014,0.0293230454321196,14.5,0,0.15693763985946,0.15,-0.0485327685084844,0.0485327685084844,retract
1.045,0,0.0122579433235726,0,14.5,0,0.156889100934343,0.15,-0.0485406827743217,0.0485406827743217,retract
1.046,0,0.0105068085630622,0,14.5,0,0.156840557229091,0.15,-0.0485455172533918,0.0485455172533918,retract
1.047,0,0.00900583591119619,0,14.5,0,0.15679201179241,0.15,-0.0485473023904504,0.0485473023904504,retract
1.048,0,0.0162128447894012,0.0594548980586311,14.5,0,0.156743467642812,0.15,-0.0485460683685704,0.0485460683685704,retract
1.049,0,0.0161651116384423,0.0158787127326889,14.5,0,0.156694927768869,0.15,-0.0485418451134089,0.0485418451134089,retract
1.05,0,0.0138558099758077,0,14.5,0,0.156646395129472,0.15,-0.0485346622974111,0.0485346622974111,retract
1.051,0,0.0118764085506923,0,14.5,0,0.156597872654076,0.15,-0.0485245493439556,0.0485245493439556,retract
1.052,0,0.0101797787577362,0,14.5,0,0.15654936324295,0.15,-0.0485115354314366,0.0485115354314366,retract
1.053,0,0.0131857452453504,0.0312215441710355,14.5,0,0.156500869767413,0.15,-0.0484956494972875,0.0484956494972875,retract
1.054,0,0.0113020673531575,0,14.5,0,0.156452395070076,0.15,-0.0484769202419434,0.0484769202419434,retract
1.055,0,0.00968748630270643,0,14.5,0,0.156403941965074,0.15,-0.0484553761327429,0.0484553761327429,retract
1.056,0,0.00830355968803408,0,14.5,0,0.156355513238295,0.15,-0.0484310454077713,0.0484310454077713,retract
1.057,0,0.00711733687545779,0,14.5,0,0.156307111647608,0.15,-0.0484039560796437,0.0484039560796437,retract
1.058,0,0.0104605688430324,0.0305199606484801,14.5,0,0.15625873992308,0.15,-0.0483741359392284,0.0483741359392284,retract
1.059,0,0.00989561101304668,0.00650586403313231,14.5,0,0.156210400767202,0.15,-0.0483416125593116,0.0483416125593116,retract
1.06,0,0.00848195229689715,0,14.5,0,0.156162096855098,0.15,-0.0483064132982033,0.0483064132982033,retract
1.061,0,0.0209841388119252,0.0959972579020932,14.5,0,0.156113830834739,0.15,-0.0482685653032848,0.0482685653032848,retract
1.062,0,0.0303332208006156,0.0864277127327586,14.5,0,0.156065605327151,0.15,-0.0482280955144982,0.0482280955144982,retract
1.063,0,0.0259999035433848,0,14.5,0,0.156017422926618,0.15,-0.0481850306677772,0.0481850306677772,retract
1.064,0,0.0222856316086156,0,14.5,0,0.155969286200882,0.15,-0.0481393972984217,0.0481393972984217,retract
1.065,0,0.0191019699502419,0,14.5,0,0.155921197691344,0.15,-0.0480912217444142,0.0480912217444142,retract
1.066,0,0.0163731171002074,0,14.5,0,0.155873159913258,0.15,-0.0480405301496798,0.0480405301496798,retract
1.067,0,0.0219055390301244,0.0551000706096267,14.5,0,0.155825175355918,0.15,-0.0479873484672897,0.0479873484672897,retract
1.068,0,0.0266825826362055,0.0553448442726921,14.5,0,0.155777246482852,0.15,-0.0479317024626085,0.0479317024626085,retract
1.069,0,0.0228707851167476,0,14.5,0,0.155729375732003,0.15,-0.047873617716386,0.047873617716386,retract
1.07,0,0.0267377309703599,0.0499394060920339,14.5,0,0.15568156551591,0.15,-0.0478131196277935,0.0478131196277935,retract
1.071,0,0.0250345705935294,0.0148156083325465,14.5,0,0.155633818221893,0.15,-0.047750233417405,0.047750233417405,retract
1.072,0,0.0214582033658824,0,14.5,0,0.155586136212221,0.15,-0.0476849841301241,0.0476849841301241,retract
1.073,0,0.0215558851453322,0.0221419758220316,14.5,0,0.155538521824291,0.15,-0.0476173966380569,0.0476173966380569,retract
1.074,0,0.025520112131728,0.0493054740501027,14.5,0,0.155490977370796,0.15,-0.0475474956433304,0.0475474956433304,retract
1.075,0,0.0302049873581555,0.0583142387167203,14.5,0,0.155443505139894,0.15,-0.0474753056808589,0.0474753056808589,retract
1.076,0,0.032017375119437,0.0428917016871264,14.5,0,0.15539610739537,0.15,-0.0474008511210559,0.0474008511210559,retract
1.077,0,0.0352074653831259,0.0543480069652592,14.5,0,0.1553487863768,0.15,-0.0473241561724953,0.0473241561724953,retract
1.078,0,0.0301778274712508,0,14.5,0,0.155301544299713,0.15,-0.047245244884519,0.047245244884519,retract
1.079,0,0.0258667092610721,0,14.5,0,0.155254383355742,0.15,-0.047164141149794,0.047164141149794,retract
1.08,0,0.0221714650809189,0,14.5,0,0.155207305712784,0.15,-0.0470808687068178,0.0470808687068178,retract
1.081,0,0.019004112926502,0,14.5,0,0.155160313515148,0.15,-0.0469954511423736,0.0469954511423736,retract
1.082,0,0.0162892396512874,0,14.5,0,0.155113408883709,0.15,-0.0469079118939348,0.0469079118939348,retract
1.083,0,0.0139622054153892,0,14.5,0,0.155066593916051,0.15,-0.0468182742520204,0.0468182742520204,retract
1.084,0,0.0254073080095768,0.0940779235747023,14.5,0,0.155019870686614,0.15,-0.0467265613625006,0.0467265613625006,retract
1.085,0,0.0217776925796372,0,14.5,0,0.154973241246836,0.15,-0.0466327962288538,0.0466327962288538,retract
1.086,0,0.0186665936396891,0,14.5,0,0.154926707625293,0.15,-0.0465370017143752,0.0465370017143752,retract
1.087,0,0.0185561155465381,0.0178932469876321,14.5,0,0.154880271827839,0.15,-0.0464392005443379,0.0464392005443379,retract
1.088,0,0.0165653519543569,0.00462077040126973,14.5,0,0.154833935837742,0.15,-0.0463394153081066,0.0463394153081066,retract
1.089,0,0.0141988731037345,0,14.5,0,0.154787701615816,0.15,-0.0462376684612036,0.0462376684612036,retract
1.09,0,0.0174616068301486,0.0370380091886333,14.5,0,0.154741571100553,0.15,-0.04613398232733,0.04613398232733,retract
1.091,0,0.0149670915686988,0,14.5,0,0.154695546208256,0.15,-0.04602837910034,0.04602837910034,retract
1.092,0,0.0128289356303132,0,14.5,0,0.154649628833166,0.15,-0.0459208808461695,0.0459208808461695,retract
1.093,0,0.0111226394562617,0.000884862411952363,14.5,0,0.154603820847586,0.15,-0.0458115095047212,0.0458115095047212,retract
1.094,0,0.00953369096251002,0,14.5,0,0.154558124102009,0.15,-0.0457002868917042,0.0457002868917042,retract
1.095,0,0.0109248951730857,0.0192721204365394,14.5,0,0.154512540425236,0.15,-0.0455872347004301,0.0455872347004301,retract
1.096,0,0.0148492150989058,0.0383951346538269,14.5,0,0.154467071624503,0.15,-0.045472374503566,0.045472374503566,retract
1.097,0,0.0235239527626987,0.075572378745456,14.5,0,0.154421719485593,0.15,-0.0453557277548443,0.0453557277548443,retract
1.098,0,0.024970005165525,0.0336463195824828,14.5,0,0.15437648577296,0.15,-0.0452373157907307,0.0452373157907307,retract
1.099,0,0.02140286157045,0,14.5,0,0.154331372229842,0.15,-0.0451171598320498,0.0451171598320498,retract
1.1,0,0.0183453099175286,0,14.5,0,0.154286380578373,0.15,-0.0449952809855697,0.0449952809855697,retract
1.101,0,0.0348368346802872,0.133785983256839,14.5,0,0.1542415125197,0.15,-0.0448717002455464,0.0448717002455464,retract
1.102,0,0.039430486244958,0.0669923956329831,14.5,0,0.15419676973409,0.15,-0.0447464384952269,0.0447464384952269,retract
1.103,0,0.0361981540577236,0.0168041609343169,14.5,0,0.154152153881044,0.15,-0.0446195165083133,0.0446195165083133,retract
1.104,0,0.0366505081195269,0.0393646324903469,14.5,0,0.154107666599403,0.15,-0.0444909549503877,0.0444909549503877,retract
1.105,0,0.0314147212453088,0,14.5,0,0.154063309507451,0.15,-0.0443607743802979,0.0443607743802979,retract
1.106,0,0.0269269039245504,0,14.5,0,0.154019084203031,0.15,-0.0442289952515059,0.0442289952515059,retract
1.107,0,0.0230802033639003,0,14.5,0,0.153974992263637,0.15,-0.0440956379133974,0.0440956379133974,retract
1.108,0,0.0328291704907013,0.0913229732515072,14.5,0,0.153931035246525,0.15,-0.0439607226125555,0.0439607226125555,retract
1.109,0,0.0281392889920297,0,14.5,0,0.153887214688813,0.15,-0.0438242694939973,0.0438242694939973,retract
1.11,0,0.0334584065476363,0.0653731118812757,14.5,0,0.15384353210758,0.15,-0.0436862986023737,0.0436862986023737,retract
1.111,0,0.0286786341836882,0,14.5,0,0.153799988999967,0.15,-0.0435468298831351,0.0435468298831351,retract
1.112,0,0.0297571776891315,0.0362284387217912,14.5,0,0.153756586843271,0.15,-0.0434058831836611,0.0434058831836611,retract
1.113,0,0.0260398272828033,0.00373572484483392,14.5,0,0.153713327095051,0.15,-0.0432634782543552,0.0432634782543552,retract
1.114,0,0.0223198519566885,0,14.5,0,0.153670211193214,0.15,-0.0431196347497074,0.0431196347497074,retract
1.115,0,0.0218893726109056,0.0193064965362078,14.5,0,0.153627240556116,0.15,-0.0429743722293207,0.0429743722293207,retract
1.116,0,0.0193848536987985,0.004357740226156,14.5,0,0.153584416582654,0.15,-0.0428277101589073,0.0428277101589073,retract
1.117,0,0.020179249598946,0.0249456249998312,14.5,0,0.153541740652362,0.15,-0.0426796679112502,0.0426796679112502,retract
1.118,0,0.0213433563158063,0.0283279966169683,14.5,0,0.153499214125496,0.15,-0.0425302647671338,0.0425302647671338,retract
1.119,0,0.0228166628642598,0.0316565021549804,14.5,0,0.153456838343134,0.15,-0.0423795199162436,0.0423795199162436,retract
1.12,0,0.019557139597937,0,14.5,0,0.15341461462726,0.15,-0.042227452458034,0.042227452458034,retract
1.121,0,0.0241710623042198,0.051854598541917,14.5,0,0.153372544280856,0.15,-0.0420740814025658,0.0420740814025658,retract
1.122,0,0.020718053403617,0,14.5,0,0.15333062858799,0.15,-0.0419194256713146,0.0419194256713146,retract
1.123,0,0.0177583314888146,0,14.5,0,0.153288868813904,0.15,-0.0417635040979491,0.0417635040979491,retract
1.124,0,0.0248034481491055,0.0670741481108512,14.5,0,0.153247266205102,0.15,-0.0416063354290808,0.0416063354290808,retract
1.125,0,0.021260098413519,0,14.5,0,0.153205821989435,0.15,-0.041447938324985,0.041447938324985,retract
1.126,0,0.018222941497302,0,14.5,0,0.153164537376188,0.15,-0.0412883313602942,0.0412883313602942,retract
1.127,0,0.0195586345379161,0.027572792781601,14.5,0,0.153123413556163,0.15,-0.0411275330246645,0.0411275330246645,retract
1.128,0,0.0196373281940634,0.0201094901309471,14.5,0,0.153082451701765,0.15,-0.040965561723414,0.040965561723414,retract
1.129,0,0.0168319955949115,0,14.5,0,0.153041652967088,0.15,-0.0408024357781358,0.0408024357781358,retract
1.13,0,0.0144274247956384,0,14.5,0,0.153001018487993,0.15,-0.0406381734272846,0.0406381734272846,retract
1.131,0,0.0138539169632596,0.0104128699689864,14.5,0,0.152960549382194,0.15,-0.0404727928267385,0.0404727928267385,retract
1.132,0,0.0129032164074524,0.00719901307260932,14.5,0,0.15292024674934,0.15,-0.0403063120503346,0.0403063120503346,retract
1.133,0,0.0166674776393274,0.0392530450305775,14.5,0,0.152880111671096,0.15,-0.0401387490903815,0.0401387490903815,retract
1.134,0,0.0142864094051378,0,14.5,0,0.152840145211222,0.15,-0.0399701218581469,0.0399701218581469,retract
1.135,0,0.0168050764931896,0.0319170790215005,14.5,0,0.152800348415659,0.15,-0.0398004481843226,0.0398004481843226,retract
1.136,0,0.0215976555453505,0.0503531298583162,14.5,0,0.152760722312604,0.15,-0.039629745819465,0.039629745819465,retract
1.137,0,0.0262700273988443,0.0543042585198069,14.5,0,0.152721267912591,0.15,-0.0394580324344151,0.0394580324344151,retract
1.138,0,0.0319880152369509,0.0662959422655907,14.5,0,0.152681986208572,0.15,-0.0392853256206943,0.0392853256206943,retract
1.139,0,0.0333062986619253,0.0412159992117713,14.5,0,0.152642878175994,0.15,-0.0391116428908799,0.0391116428908799,retract
1.14,0,0.0295378622795809,0.00692724398551444,14.5,0,0.15260394477288,0.15,-0.0389370016789592,0.0389370016789592,retract
1.141,0,0.0323361792961912,0.0491260813958531,14.5,0,0.152565186939903,0.15,-0.0387614193406628,0.0387614193406628,retract
1.142,0,0.027716725111021,0,14.5,0,0.15252660560047,0.15,-0.0385849131537773,0.0385849131537773,retract
1.143,0,0.0306743224742249,0.0484199066534479,14.5,0,0.152488201660794,0.15,-0.0384075003184387,0.0384075003184387,retract
1.144,0,0.0351994440695696,0.062350173641638,14.5,0,0.152449976009974,0.15,-0.0382291979574066,0.0382291979574066,retract
1.145,0,0.0328182089825441,0.0185307984603909,14.5,0,0.152411929520073,0.15,-0.0380500231163185,0.0380500231163185,retract
1.146,0,0.0281298934136092,0,14.5,0,0.152374063046192,0.15,-0.0378699927639269,0.0378699927639269,retract
1.147,0,0.024111337211665,0,14.5,0,0.15233637742655,0.15,-0.0376891237923175,0.0376891237923175,retract
1.148,0,0.0333066835881001,0.0884787618467107,14.5,0,0.152298873482559,0.15,-0.0375074330171098,0.0375074330171098,retract
1.149,0,0.0361445310328287,0.0531716157012003,14.5,0,0.152261552018897,0.15,-0.0373249371776415,0.0373249371776415,retract
1.15,0,0.0309810265995675,0,14.5,0,0.152224413823591,0.15,-0.0371416529371346,0.0371416529371346,retract
1.151,0,0.0265551656567721,0,14.5,0,0.152187459668088,0.15,-0.0369575968828466,0.0369575968828466,retract
1.152,0,0.0247042655764807,0.0135988650947321,14.5,0,0.15215069030733,0.15,-0.0367727855262051,0.0367727855262051,retract
1.153,0,0.0296271128219061,0.0591641962944586,14.5,0,0.152114106479834,0.15,-0.0365872353029269,0.0365872353029269,retract
1.154,0,0.0261016500027263,0.00494887308764739,14.5,0,0.152077708907764,0.15,-0.0364009625731223,0.0364009625731223,retract
1.155,0,0.0223728428594797,0,14.5,0,0.152041498297009,0.15,-0.0362139836213846,0.0362139836213846,retract
1.156,0,0.0191767224509826,0,14.5,0,0.152005475337256,0.15,-0.036026314656865,0.036026314656865,retract
1.157,0,0.0164371906722708,0,14.5,0,0.151969640702067,0.15,-0.0358379718133344,0.0358379718133344,retract
1.158,0,0.0140890205762321,0,14.5,0,0.151933995048952,0.15,-0.0356489711492311,0.0356489711492311,retract
1.159,0,0.0120763033510561,0,14.5,0,0.151898539019449,0.15,-0.0354593286476952,0.0354593286476952,retract
1.16,0,0.0152992363681186,0.0346368344704938,14.5,0,0.151863273239195,0.15,-0.0352690602165914,0.0352690602165914,retract
1.161,0,0.0163661506950997,0.0227676366569862,14.5,0,0.151828198318001,0.15,-0.0350781816885183,0.0350781816885183,retract
1.162,0,0.0140281291672283,0,14.5,0,0.151793314849932,0.15,-0.034886708820806,0.034886708820806,retract
1.163,0,0.0173508542295312,0.0372872046033485,14.5,0,0.151758623413376,0.15,-0.034694657295503,0.034694657295503,retract
1.164,0,0.0148721607681696,0,14.5,0,0.151724124571123,0.15,-0.0345020427193509,0.0345020427193509,retract
1.165,0,0.0127475663727168,0,14.5,0,0.151689818870441,0.15,-0.0343088806237486,0.0343088806237486,retract
1.166,0,0.0136248004631513,0.0188882050057584,14.5,0,0.151655706843147,0.15,-0.0341151864647061,0.0341151864647061,retract
1.167,0,0.012141467800258,0.00324147182289806,14.5,0,0.151621789005689,0.15,-0.0339209756227885,0.0339209756227885,retract
1.168,0,0.0104069724002211,0,14.5,0,0.151588065859215,0.15,-0.0337262634030492,0.0337262634030492,retract
1.169,0,0.0126789496783906,0.0263108133474073,14.5,0,0.151554537889652,0.15,-0.0335310650349551,0.0335310650349551,retract
1.17,0,0.0130120607001193,0.0150107268304916,14.5,0,0.15152120556778,0.15,-0.0333353956723018,0.0333353956723018,retract
1.171,0,0.0133860903789709,0.0156302684520804,14.5,0,0.151488069349311,0.15,-0.0331392703931202,0.0331392703931202,retract
1.172,0,0.0114737917534036,0,14.5,0,0.15145512967496,0.15,-0.0329427041995749,0.0329427041995749,retract
1.173,0,0.0111306924143453,0.00907209637999514,14.5,0,0.151422386970525,0.15,-0.0327457120178545,0.0327457120178545,retract
1.174,0,0.00954059349801023,0,14.5,0,0.151389841646959,0.15,-0.0325483086980542,0.0325483086980542,retract
1.175,0,0.00817765156972306,0,14.5,0,0.151357494100452,0.15,-0.0323505090140509,0.0323505090140509,retract
1.176,0,0.0108870524941159,0.0271434580404729,14.5,0,0.151325344712501,0.15,-0.0321523276633712,0.0321523276633712,retract
1.177,0,0.0110001064339343,0.0116784300728447,14.5,0,0.15129339384999,0.15,-0.0319537792670529,0.0319537792670529,retract
1.178,0,0.00988409865568189,0.00318805198616751,14.5,0,0.151261641865266,0.15,-0.0317548783694997,0.0317548783694997,retract
1.179,0,0.00847208456201305,0,14.5,0,0.151230089096216,0.15,-0.0315556394383296,0.0315556394383296,retract
1.18,0,0.00726178676743976,0,14.5,0,0.151198735866341,0.15,-0.0313560768642186,0.0313560768642186,retract
1.181,0,0.0183133978113896,0.0846230640750889,14.5,0,0.15116758248484,0.15,-0.0311562049607371,0.0311562049607371,retract
1.182,0,0.0254608691265889,0.0683456970177844,14.5,0,0.151136629246678,0.15,-0.0309560379641823,0.0309560379641823,retract
1.183,0,0.0306826840637752,0.0620135736868929,14.5,0,0.151105876432671,0.15,-0.0307555900334054,0.0307555900334054,retract
1.184,0,0.0262994434832359,0,14.5,0,0.151075324309558,0.15,-0.0305548752496339,0.0305548752496339,retract
1.185,0,0.0225423801284879,0,14.5,0,0.151044973130084,0.15,-0.0303539076162892,0.0303539076162892,retract
1.186,0,0.0193220401101325,0,14.5,0,0.151014823133073,0.15,-0.0301527010588011,0.0301527010588011,retract
1.187,0,0.0206943989328226,0.0289285518689633,14.5,0,0.15098487454351,0.15,-0.0299512694244175,0.0299512694244175,retract
1.188,0,0.0177380562281336,0,14.5,0,0.150955127572617,0.15,-0.0297496264820107,0.0297496264820107,retract
1.189,0,0.0152040481955431,0,14.5,0,0.150925582417931,0.15,-0.0295477859218807,0.0295477859218807,retract
1.19,0,0.0130320413104655,0,14.5,0,0.150896239263386,0.15,-0.0293457613555553,0.0293457613555553,retract
1.191,0,0.0154801053570272,0.0301684896363971,14.5,0,0.150867098279388,0.15,-0.0291435663155869,0.0291435663155869,retract
1.192,0,0.0142067123480839,0.0065663542944241,14.5,0,0.150838159622897,0.15,-0.0289412142553479,0.0289412142553479,retract
1.193,0,0.024516201492368,0.0863731363580729,14.5,0,0.150809423437504,0.15,-0.0287387185488224,0.0287387185488224,retract
1.194,0,0.0210138869934583,0,14.5,0,0.150780889853512,0.15,-0.028536092490397,0.028536092490397,retract
1.195,0,0.01801190313725,0,14.5,0,0.150752558988015,0.15,-0.0283333492946489,0.0283333492946489,retract
1.196,0,0.0272157793651083,0.0824390367322582,14.5,0,0.15072443094498,0.15,-0.028130502096133,0.028130502096133,retract
1.197,0,0.0233278108843785,0,14.5,0,0.150696505815324,0.15,-0.0279275639491676,0.0279275639491676,retract
1.198,0,0.0242152653593445,0.0295399922091403,14.5,0,0.150668783676997,0.15,-0.0277245478276186,0.0277245478276186,retract
1.199,0,0.0245640663778924,0.0266568724891798,14.5,0,0.150641264595059,0.15,-0.027521466624683,0.027521466624683,retract
1.2,0,0.0210549140381935,0,14.5,0,0.150613948621766,0.15,-0.0273183331526716,0.0273183331526716,retract
1.201,0,0.0180470691755944,0,14.5,0,0.150586835796647,0.15,-0.0271151601427917,0.0271151601427917,retract
1.202,0,0.0205656209802256,0.0356769318080127,14.5,0,0.150559926146586,0.15,-0.0269119602449289,0.0269119602449289,retract
1.203,0,0.0176276751259077,0,14.5,0,0.150533219685906,0.15,-0.0267087460274291,0.0267087460274291,retract
1.204,0,0.033948787263486,0.131875460088956,14.5,0,0.150506716416447,0.15,-0.0265055299768808,0.0265055299768808,retract
1.205,0,0.0290989605115594,0,14.5,0,0.15048041632765,0.15,-0.0263023244978973,0.0263023244978973,retract
1.206,0,0.0249419661527652,0,14.5,0,0.150454319396637,0.15,-0.0260991419129002,0.0260991419129002,retract
1.207,0,0.0251176808795732,0.0261719692404213,14.5,0,0.150428425588299,0.15,-0.0258959944619026,0.0258959944619026,retract
1.208,0,0.0215294407539199,0,14.5,0,0.15040273485537,0.15,-0.0256928943022943,0.0256928943022943,retract
1.209,0,0.0184538063605028,0,14.5,0,0.150377247138517,0.15,-0.0254898535086271,0.0254898535086271,retract
1.21,0,0.0158175483090024,0,14.5,0,0.15035196236642,0.15,-0.025286884072402,0.025286884072402,retract
1.211,0,0.0140617233957101,0.0035267739159562,14.5,0,0.150326880455854,0.15,-0.025083997901858,0.025083997901858,retract
1.212,0,0.0201389224621824,0.0566021168610162,14.5,0,0.150302001311776,0.15,-0.0248812068217617,0.0248812068217617,retract
1.213,0,0.0172619335390135,0,14.5,0,0.150277324827404,0.15,-0.0246785225731996,0.0246785225731996,retract
1.214,0,0.0147959430334401,0,14.5,0,0.150252850884306,0.15,-0.0244759568133716,0.0244759568133716,retract
1.215,0,0.0145167975834504,0.0128419248835119,14.5,0,0.150228579352479,0.15,-0.0242735211153874,0.0242735211153874,retract
1.216,0,0.0131657187968944,0.00505924607755868,14.5,0,0.150204510090436,0.15,-0.0240712269680646,0.0240712269680646,retract
1.217,0,0.0163125074957812,0.0351932396891017,14.5,0,0.150180642945289,0.15,-0.0238690857757289,0.0238690857757289,retract
1.218,0,0.0139821492820981,0,14.5,0,0.150156977752838,0.15,-0.0236671088580183,0.0236671088580183,retract
1.219,0,0.0119846993846556,0,14.5,0,0.150133514337647,0.15,-0.0234653074496881,0.0234653074496881,retract
1.22,0,0.0168848245284496,0.0462855753912135,14.5,0,0.150110252513139,0.15,-0.0232636927004202,0.0232636927004202,retract
1.221,0,0.021858709198138,0.0517020172162684,14.5,0,0.150087192081673,0.15,-0.0230622756746351,0.0230622756746351,retract
1.222,0,0.0187360364555468,0,14.5,0,0.150064332834634,0.15,-0.0228610673513064,0.0228610673513064,retract
1.223,0,0.0311263637705412,0.105468327660507,14.5,0,0.150041674552519,0.15,-0.0226600786237795,0.0226600786237795,retract
1.224,0,0.0266797403747496,0,14.5,0,0.150019217005019,0.15,-0.0224593202995928,0.0224593202995928,retract
1.225,0,0.0319320237413318,0.0634457239408254,14.5,0,0.149996959951108,0.15,-0.0222588031003033,0.0222588031003033,retract
1.226,0,0.0392587922601736,0.0832194033732239,14.5,0,0.149974903139126,0.15,-0.0220585376613151,0.0220585376613151,retract
1.227,0,0.0348075514905802,0.00810010687302034,14.5,0,0.14995304630687,0.15,-0.0218585345317121,0.0218585345317121,retract
1.228,0,0.0326513135159909,0.019713885668455,14.5,0,0.149931389181677,0.15,-0.0216588041740942,0.0216588041740942,retract
1.229,0,0.0279868401565636,0,14.5,0,0.149909931480511,0.15,-0.0214593569644182,0.0214593569644182,retract
1.23,0,0.0321823393800985,0.0573553347213077,14.5,0,0.149888672910049,0.15,-0.0212602031918417,0.0212602031918417,retract
1.231,0,0.0287296804502769,0.00801372687134742,14.5,0,0.14986761316677,0.15,-0.0210613530585725,0.0210613530585725,retract
1.232,0,0.0253810955967868,0.00528958647584581,14.5,0,0.14984675193704,0.15,-0.0208628166797212,0.0208628166797212,retract
1.233,0,0.0239253597191953,0.0151909444536465,14.5,0,0.149826088897202,0.15,-0.0206646040831587,0.0206646040831587,retract
1.234,0,0.0205074511878817,0,14.5,0,0.149805623713659,0.15,-0.0204667252093783,0.0204667252093783,retract
1.235,0,0.0311358819923475,0.0949064668191423,14.5,0,0.149785356042965,0.15,-0.020269189911362,0.020269189911362,retract
1.236,0,0.0271562339823522,0.00327834592238031,14.5,0,0.149765285531911,0.15,-0.0200720079544517,0.0200720079544517,retract
1.237,0,0.0268393749948578,0.0249382210698915,14.5,0,0.149745411817613,0.15,-0.0198751890162257,0.0198751890162257,retract
1.238,0,0.023005178567021,0,14.5,0,0.1497257345276,0.15,-0.0196787426863788,0.0196787426863788,retract
1.239,0,0.0230977532109912,0.0236532010748127,14.5,0,0.149706253279903,0.15,-0.0194826784666083,0.0194826784666083,retract
1.24,0,0.0197980741808496,0,14.5,0,0.149686967683138,0.15,-0.0192870057705051,0.0192870057705051,retract
1.241,0,0.0219954170101468,0.0351794739859301,14.5,0,0.149667877336602,0.15,-0.0190917339234492,0.0190917339234492,retract
1.242,0,0.0188532145801258,0,14.5,0,0.149648981830355,0.15,-0.0188968721625106,0.0188968721625106,retract
1.243,0,0.0161598982115364,0,14.5,0,0.149630280745312,0.15,-0.018702429636356,0.018702429636356,retract
1.244,0,0.0138513413241741,0,14.5,0,0.149611773653328,0.15,-0.0185084154051597,0.0185084154051597,retract
1.245,0,0.0118725782778635,0,14.5,0,0.149593460117289,0.15,-0.0183148384405212,0.0183148384405212,retract
1.246,0,0.0177375166329259,0.0529271467633001,14.5,0,0.149575339691202,0.15,-0.0181217076253868,0.0181217076253868,retract
1.247,0,0.015203585685365,0,14.5,0,0.149557411920279,0.15,-0.0179290317539776,0.0179290317539776,retract
1.248,0,0.0139369766761529,0.00633732262087993,14.5,0,0.14953967634103,0.15,-0.0177368195317229,0.0177368195317229,retract
1.249,0,0.011945980008131,0,14.5,0,0.14952213248135,0.15,-0.017545079575199,0.017545079575199,retract
1.25,0,0.0102394114355409,0,14.5,0,0.149504779860607,0.15,-0.0173538204120736,0.0173538204120736,retract
1.251,0,0.00877663837332077,0,14.5,0,0.149487617989732,0.15,-0.017163050481056,0.017163050481056,retract
1.252,0,0.0075228328914178,0,14.5,0,0.14947064637131,0.15,-0.016972778131853,0.016972778131853,retract
1.253,0,0.00644814247835811,0,14.5,0,0.149453864499664,0.15,-0.0167830116251306,0.0167830116251306,retract
1.254,0,0.0055269792671641,0,14.5,0,0.149437271860949,0.15,-0.0165937591324815,0.0165937591324815,retract
1.255,0,0.00473741080042637,0,14.5,0,0.149420867933238,0.15,-0.0164050287363981,0.0164050287363981,retract
1.256,0,0.00783598868083863,0.0264274559633122,14.5,0,0.149404652186611,0.15,-0.0162168284302518,0.0162168284302518,retract
1.257,0,0.00671656172643311,0,14.5,0,0.149388624083246,0.15,-0.0160291661182784,0.0160291661182784,retract
1.258,0,0.012356808321619,0.0461982878927346,14.5,0,0.149372783077508,0.15,-0.0158420496155688,0.0158420496155688,retract
1.259,0,0.0105915499899592,0,14.5,0,0.149357128616035,0.15,-0.0156554866480657,0.0156554866480657,retract
1.26,0,0.0205147825926082,0.0800541782085022,14.5,0,0.14934166013783,0.15,-0.0154694848525674,0.0154694848525674,retract
1.261,0,0.0175840993650927,0,14.5,0,0.149326377074351,0.15,-0.015284051776736,0.015284051776736,retract
1.262,0,0.0242919825676106,0.0645392817827179,14.5,0,0.149311278849597,0.15,-0.0150991948791126,0.0150991948791126,retract
1.263,0,0.0208216993436662,0,14.5,0,0.149296364880197,0.15,-0.0149149215291387,0.0149149215291387,retract
1.264,0,0.0178471708659996,0,14.5,0,0.149281634575504,0.15,-0.0147312390071832,0.0147312390071832,retract
1.265,0,0.0152975750279997,0,14.5,0,0.149267087337677,0.15,-0.0145481545045753,0.0145481545045753,retract
1.266,0,0.0178384145614524,0.0330834517621685,14.5,0,0.149252722561775,0.15,-0.0143656751236444,0.0143656751236444,retract
1.267,0,0.015290069624102,0,14.5,0,0.149238539635844,0.15,-0.0141838078777651,0.0141838078777651,retract
1.268,0,0.013105773963516,0,14.5,0,0.149224537941007,0.15,-0.0140025596914089,0.0140025596914089,retract
1.269,0,0.0166533201478394,0.0379385972537793,14.5,0,0.14921071685155,0.15,-0.0138219374002022,0.0138219374002022,retract
1.27,0,0.0142742744124337,0,14.5,0,0.149197075735014,0.15,-0.0136419477509895,0.0136419477509895,retract
1.271,0,0.0137013719828232,0.0102639574051603,14.5,0,0.149183613952282,0.15,-0.0134625974019039,0.0134625974019039,retract
1.272,0,0.0117440331281342,0,14.5,0,0.149170330857668,0.15,-0.013283892922443,0.013283892922443,retract
1.273,0,0.0100663141098293,0,14.5,0,0.149157225799005,0.15,-0.013105840793551,0.013105840793551,retract
1.274,0,0.0194866673185347,0.0760087865707668,14.5,0,0.149144298117734,0.15,-0.0129284474077074,0.0129284474077074,retract
1.275,0,0.0167028577016012,0,14.5,0,0.149131547148993,0.15,-0.0127517190690209,0.0127517190690209,retract
1.276,0,0.014316735172801,0,14.5,0,0.149118972221702,0.15,-0.0125756619933306,0.0125756619933306,retract
1.277,0,0.0122714872909723,0,14.5,0,0.149106572658657,0.15,-0.0124002823083124,0.0124002823083124,retract
1.278,0,0.0105184176779762,0,14.5,0,0.149094347776611,0.15,-0.0122255860535918,0.0122255860535918,retract
1.279,0,0.0186191260905451,0.067223376565958,14.5,0,0.149082296886367,0.15,-0.0120515791808629,0.0120515791808629,retract
1.28,0,0.0159592509347529,0,14.5,0,0.149070419292864,0.15,-0.0118782675540134,0.0118782675540134,retract
1.281,0,0.0149348079470055,0.00878815002052099,14.5,0,0.149058714295265,0.15,-0.0117056569492554,0.0117056569492554,retract
1.282,0,0.0128012639545761,0,14.5,0,0.149047181187043,0.15,-0.0115337530552628,0.0115337530552628,retract
1.283,0,0.0199263818606811,0.0626770892973108,14.5,0,0.149035819256072,0.15,-0.0113625614733143,0.0113625614733143,retract
1.284,0,0.0170797558805838,0,14.5,0,0.149024627784708,0.15,-0.0111920877174422,0.0111920877174422,retract
1.285,0,0.017212842275657,0.0180113606460966,14.5,0,0.149013606049884,0.15,-0.011022337214588,0.011022337214588,retract
1.286,0,0.0152310972273568,0.0033406269375556,14.5,0,0.14900275332319,0.15,-0.0108533153047632,0.0108533153047632,retract
1.287,0,0.0130552261948773,0,14.5,0,0.148992068870964,0.15,-0.0106850272412164,0.0106850272412164,retract
1.288,0,0.011471932802958,0.00197217245144204,14.5,0,0.148981551954375,0.15,-0.0105174781906059,0.0105174781906059,retract
1.289,0,0.0161965769396167,0.044544441759569,14.5,0,0.148971201829513,0.15,-0.0103506732331792,0.0103506732331792,retract
1.29,0,0.0149992320654551,0.00781516282048592,14.5,0,0.148961017747474,0.15,-0.010184617362957,0.010184617362957,retract
1.291,0,0.012856484627533,0,14.5,0,0.148950998954444,0.15,-0.010019315487924,0.010019315487924,retract
1.292,0,0.0110198439664568,0,14.5,0,0.148941144691787,0.15,-0.00985477243022535,0.00985477243022535,retract
1.293,0,0.0162089930252786,0.0473438873782094,14.5,0,0.148931454196131,0.15,-0.00969099292636832,0.00969099292636832,retract
1.294,0,0.013893422593096,0,14.5,0,0.148921926699451,0.15,-0.00952798162743055,0.00952798162743055,retract
1.295,0,0.0119086479369394,0,14.5,0,0.148912561429155,0.15,-0.00936574309927327,0.00936574309927327,retract
1.296,0,0.0102074125173766,0,14.5,0,0.148903357608172,0.15,-0.0092042818227607,0.0092042818227607,retract
1.297,0,0.00874921072917997,0,14.5,0,0.148894314455032,0.15,-0.00904360219398473,0.00904360219398473,retract
1.298,0,0.00749932348215426,0,14.5,0,0.148885431183953,0.15,-0.00888370852449538,0.00888370852449538,retract
1.299,0,0.00642799155613222,0,14.5,0,0.148876707004927,0.15,-0.00872460504153672,0.00872460504153672,retract
1.3,0,0.00550970704811333,0,14.5,0,0.148868141123799,0.15,-0.00856629588828841,0.00856629588828841,retract
1.301,0,0.00472260604124,0,14.5,0,0.148859732742356,0.15,-0.00840878512411263,0.00840878512411263,retract
1.302,0,0.00404794803534857,0,14.5,0,0.148851481058408,0.15,-0.00825207672480654,0.00825207672480654,retract
1.303,0,0.00346966974458449,0,14.5,0,0.148843385265872,0.15,-0.00809617458285992,0.00809617458285992,retract
1.304,0,0.0119041577260057,0.0625110856145333,14.5,0,0.148835444554853,0.15,-0.00794108250771845,0.00794108250771845,retract
1.305,0,0.0102035637651478,0,14.5,0,0.148827658111731,0.15,-0.00778680422605205,0.00778680422605205,retract
1.306,0,0.00942017468206978,0.00471984018360175,14.5,0,0.148820025119238,0.15,-0.00763334338202854,0.00763334338202854,retract
1.307,0,0.0156512976532762,0.0530380354805147,14.5,0,0.148812544756545,0.15,-0.00748070353759256,0.00748070353759256,retract
1.308,0,0.0196534543320746,0.043666394404865,14.5,0,0.148805216199343,0.15,-0.00732888817274968,0.00732888817274968,retract
1.309,0,0.0209529787724549,0.0287501254147367,14.5,0,0.148798038619921,0.15,-0.00717790068585554,0.00717790068585554,retract
1.31,0,0.019063301756346,0.00772523965969274,14.5,0,0.148791011187251,0.15,-0.00702774439391001,0.00702774439391001,retract
1.311,0,0.0190042822356592,0.0186501651115386,14.5,0,0.14878413306707,0.15,-0.00687842253285654,0.00687842253285654,retract
1.312,0,0.0162893847734222,0,14.5,0,0.148777403421955,0.15,-0.00672993825788628,0.00672993825788628,retract
1.313,0,0.0139623298057905,0,14.5,0,0.14877082141141,0.15,-0.00658229464374722,0.00658229464374722,retract
1.314,0,0.0119677112621061,0,14.5,0,0.148764386191943,0.15,-0.00643549468505832,0.00643549468505832,retract
1.315,0,0.0102580382246624,0,14.5,0,0.148758096917144,0.15,-0.00628954129662819,0.00628954129662819,retract
1.316,0,0.0106772975683417,0.0131928536304174,14.5,0,0.14875195273777,0.15,-0.00614443731377856,0.00614443731377856,retract
1.317,0,0.0102178116705091,0.00746089628351348,14.5,0,0.148745952801818,0.15,-0.00600018549267277,0.00600018549267277,retract
1.318,0,0.00875812428900778,0,14.5,0,0.148740096254606,0.15,-0.0058567885106484,0.0058567885106484,retract
1.319,0,0.0127686679622761,0.0368319300018862,14.5,0,0.148734382238855,0.15,-0.00571424896655495,0.00571424896655495,retract
1.32,0,0.0109445725390938,0,14.5,0,0.148728809894761,0.15,-0.00557256938109584,0.00557256938109584,retract
1.321,0,0.0104684276971993,0.00761155864583198,14.5,0,0.148723378360077,0.15,-0.00543175219717492,0.00543175219717492,retract
1.322,0,0.0089729380261708,0,14.5,0,0.14871808677019,0.15,-0.00529179978024731,0.00529179978024731,retract
1.323,0,0.0202851698004612,0.0881585604462037,14.5,0,0.148712934258197,0.15,-0.00515271441867478,0.00515271441867478,retract
1.324,0,0.0173872884003953,0,14.5,0,0.148707919954981,0.15,-0.00501449832408537,0.00501449832408537,retract
1.325,0,0.0149033900574817,0,14.5,0,0.148703042989289,0.15,-0.00487715363173727,0.00487715363173727,retract
1.326,0,0.0127743343349843,0,14.5,0,0.148698302487808,0.15,-0.00474068240088667,0.00474068240088667,retract
1.327,0,0.0109494294299866,0,14.5,0,0.148693697575241,0.15,-0.00460508661516026,0.00460508661516026,retract
1.328,0,0.00971777105234408,0.00232782078648916,14.5,0,0.148689227374378,0.15,-0.00447036818293128,0.00447036818293128,retract
1.329,0,0.0236483542838424,0.107231853672833,14.5,0,0.148684891006178,0.15,-0.00433652893769975,0.00433652893769975,retract
1.33,0,0.0202700179575792,0,14.5,0,0.148680687589836,0.15,-0.00420357063847681,0.00420357063847681,retract
1.331,0,0.0221025452319536,0.0330977088781999,14.5,0,0.148676616242864,0.15,-0.00407149497017277,0.00407149497017277,retract
1.332,0,0.018945038770246,0,14.5,0,0.14867267608116,0.15,-0.00394030354398901,0.00394030354398901,retract
1.333,0,0.0279837633889572,0.0822161111012244,14.5,0,0.148668866219081,0.15,-0.00380999789781372,0.00380999789781372,retract
1.334,0,0.027873842491514,0.0272143171068547,14.5,0,0.148665185769521,0.15,-0.00368057949662136,0.00368057949662136,retract
1.335,0,0.0348006372244326,0.0763614056219448,14.5,0,0.148661633843977,0.15,-0.00355204973287569,0.00355204973287569,retract
1.336,0,0.0380149338957645,0.0573007139237559,14.5,0,0.148658209552627,0.15,-0.00342440992693637,0.00342440992693637,retract
1.337,0,0.0409297858427277,0.0584188975245069,14.5,0,0.148654912004397,0.15,-0.00329766132746918,0.00329766132746918,retract
1.338,0,0.0350826735794809,0,14.5,0,0.148651740307035,0.15,-0.00317180511185959,0.00317180511185959,retract
1.339,0,0.0320139830039214,0.013601839550564,14.5,0,0.14864869356718,0.15,-0.00304684238662983,0.00304684238662983,retract
1.34,0,0.0312294070390801,0.0265219512500325,14.5,0,0.148645770890435,0.15,-0.00292277418785916,0.00292277418785916,retract
1.341,0,0.0311805572050747,0.0308874582010427,14.5,0,0.148642971381434,0.15,-0.00279960148160765,0.00279960148160765,retract
1.342,0,0.0356412694009495,0.0624055425761977,14.5,0,0.148640294143914,0.15,-0.0026773251643428,0.0026773251643428,retract
1.343,0,0.0305496594865281,0,14.5,0,0.148637738280784,0.15,-0.00255594606336969,0.00255594606336969,retract
1.344,0,0.0261854224170241,0,14.5,0,0.148635302894191,0.15,-0.00243546493726385,0.00243546493726385,retract
1.345,0,0.0224446477860206,0,14.5,0,0.148632987085592,0.15,-0.00231588247630754,0.00231588247630754,retract
1.346,0,0.0226512716301095,0.0238910146946425,14.5,0,0.148630789955818,0.15,-0.00219719930292857,0.00219719930292857,retract
1.347,0,0.019415375682951,0,14.5,0,0.148628710605147,0.15,-0.00207941597214235,0.00207941597214235,retract
1.348,0,0.0166417505853866,0,14.5,0,0.148626748133363,0.15,-0.00196253297199656,0.00196253297199656,retract
1.349,0,0.0195163699680841,0.0367640862642692,14.5,0,0.148624901639831,0.15,-0.00184655072401854,0.00184655072401854,retract
1.35,0,0.0167283171155006,0,14.5,0,0.148623170223557,0.15,-0.0017314695836656,0.0017314695836656,retract
1.351,0,0.014338557527572,0,14.5,0,0.148621552983256,0.15,-0.00161728984077787,0.00161728984077787,retract
1.352,0,0.0122901921664903,0,14.5,0,0.148620049017417,0.15,-0.00150401172003354,0.00150401172003354,retract
1.353,0,0.0255097619840499,0.104827180889408,14.5,0,0.148618657424368,0.15,-0.00139163538140687,0.00139163538140687,retract
1.354,0,0.0264460648831719,0.032063882277904,14.5,0,0.148617377302338,0.15,-0.00128016092062856,0.00128016092062856,retract
1.355,0,0.0270910037069256,0.0309606366494476,14.5,0,0.148616207749524,0.15,-0.00116958836964828,0.00116958836964828,retract
1.356,0,0.0236008215149559,0.00265972836313759,14.5,0,0.148615147864154,0.15,-0.00105991769709984,0.00105991769709984,retract
1.357,0,0.0326638876518839,0.0870422844734523,14.5,0,0.148614196744547,0.15,-0.000951148808768489,0.000951148808768489,retract
1.358,0,0.0279976179873291,0,14.5,0,0.148613353489176,0.15,-0.000843281548060206,0.000843281548060206,retract
1.359,0,0.0261628903882099,0.0151545247934946,14.5,0,0.148612617196735,0.15,-0.000736315696473448,0.000736315696473448,retract
1.36,0,0.0224253346184656,0,14.5,0,0.148611986966193,0.15,-0.000630250974072732,0.000630250974072732,retract
1.361,0,0.0224708601101535,0.0227440130602808,14.5,0,0.148611461896859,0.15,-0.000525087039964317,0.000525087039964317,retract
1.362,0,0.0192607372372744,0,14.5,0,0.148611041088442,0.15,-0.000420823492773661,0.000420823492773661,retract
1.363,0,0.0165092033462352,0,14.5,0,0.148610723641113,0.15,-0.000317459871124988,0.000317459871124988,retract
1.364,0,0.026567434969732,0.0869168247107129,14.5,0,0.14861050865556,0.15,-0.000214995654122423,0.000214995654122423,retract
1.365,0,0.0227720871169132,0,14.5,0,0.14861039523305,0.15,-0.000113430261833121,0.000113430261833121,retract
1.366,0,0.0298950175826574,0.0726326003771229,14.5,0,0.148610382475487,0.15,-1.27630557718397e-05,1.27630557718397e-05,retract
1.367,0,0.0319414761840755,0.044220227792584,14.5,0,0.148610469485471,0.15,8.70066606127841e-05,0,retract
1.368,0,0.0306020040807786,0.0225651714609971,14.5,0,0.148610655366353,0.15,0.000185879641450217,0,retract
1.369,0,0.0308235871543287,0.0321530855956292,14.5,0,0.148610939222296,0.15,0.00028385669795888,0,retract
1.37,0,0.0316889145367032,0.0368808788309506,14.5,0,0.148611320158328,0.15,0.000380938697955216,0,retract
1.371,0,0.0364087368521962,0.0647276707451537,14.5,0,0.148611797280399,0.15,0.000477126565361682,0,retract
1.372,0,0.0312074887304539,0,14.5,0,0.148612369695439,0.15,0.000572421279713133,0,retract
1.373,0,0.0267492760546747,0,14.5,0,0.148613036511408,0.15,0.000666823875662173,0,retract
1.374,0,0.0345069563993202,0.0810530384671933,14.5,0,0.148613796837358,0.15,0.000760335442483232,0,retract
1.375,0,0.0295773911994174,0,14.5,0,0.14861464978348,0.15,0.000852957123575513,0,retract
1.376,0,0.0253520495995006,0,14.5,0,0.148615594461161,0.15,0.000944690115964861,0,retract
1.377,0,0.0328876239467752,0.0781010700304232,14.5,0,0.148616629983039,0.15,0.00103553566980465,0,retract
1.378,0,0.0281893919543788,0,14.5,0,0.14861775546305,0.15,0.00112549508787575,0,retract
1.379,0,0.0284863329717121,0.0302679790757122,14.5,0,0.148618970016486,0.15,0.00121456972508555,0,retract
1.38,0,0.0262615829748309,0.0129130829935433,14.5,0,0.148620272760043,0.15,0.00130276098796607,0,retract
1.381,0,0.025985696241639,0.0243303758424876,14.5,0,0.148621662811875,0.15,0.00139007033417152,0,retract
1.382,0,0.0272196042725205,0.0346230524578098,14.5,0,0.14862313929164,0.15,0.00147649927197491,0,retract
1.383,0,0.0233310893764462,0,14.5,0,0.148624701320556,0.15,0.00156204935976412,0,retract
1.384,0,0.0388014467088273,0.131623590703114,14.5,0,0.148626348021445,0.15,0.00164672220553741,0,retract
1.385,0,0.0403327603453349,0.049520642164381,14.5,0,0.148628078518787,0.15,0.00173051946639826,0,retract
1.386,0,0.0345709374388585,0,14.5,0,0.148629891938765,0.15,0.00181344284804968,0,retract
1.387,0,0.0421740288273303,0.087792577158161,14.5,0,0.148631787409316,0.15,0.00189549410428846,0,retract
1.388,0,0.0495184949642978,0.0935852917861027,14.5,0,0.148633764060176,0.15,0.00197667503649856,0,retract
1.389,0,0.0424444242551124,0,14.5,0,0.148635821022927,0.15,0.0020569874931445,0,retract
1.39,0,0.0429857171028364,0.0462334741891805,14.5,0,0.148637957431047,0.15,0.00213643336926432,0,retract
1.391,0,0.0482858853502159,0.0800868948344931,14.5,0,0.148640172419953,0.15,0.00221501460596245,0,retract
1.392,0,0.0501846136897039,0.0615769837266321,14.5,0,0.148642465127047,0.15,0.00229273318990231,0,retract
1.393,0,0.0430153831626034,0,14.5,0,0.148644834691762,0.15,0.00236959115279889,0,retract
1.394,0,0.0368703284250886,0,14.5,0,0.148647280255605,0.15,0.00244559057091137,0,retract
1.395,0,0.0328659080837093,0.00883938603543323,14.5,0,0.148649800962204,0.15,0.00252073356453543,0,retract
1.396,0,0.0281707783574651,0,14.5,0,0.148652395957348,0.15,0.002595022297496,0,retract
1.397,0,0.0241463814492558,0,14.5,0,0.148655064389032,0.15,0.00266845897663977,0,retract
1.398,0,0.0206968983850764,0,14.5,0,0.148657805407499,0.15,0.00274104585132822,0,retract
1.399,0,0.0177401986157798,0,14.5,0,0.148660618165284,0.15,0.00281278521293055,0,retract
1.4,0,0.0152058845278112,0,14.5,0,0.148663501817251,0.15,0.00288367939431702,0,retract
