t_s,force_normal_N,force_filtered_N,force_measured_N,force_desired_N,penetration_mm,ee_z_m,cmd_z_m,ee_z_velocity_mps,closing_velocity_mps,phase
0,0,0,0,14.5,0,0.149999994323105,0.15,0,0,approach
0.001,0,0,0,14.5,0,0.149999994324321,0.149996601239669,1.21532500625011e-09,0,approach
0.002,0,0.0035136302494089,0.0245954117458623,14.5,0,0.149999912457286,0.149986446280992,-8.18670277252592e-05,8.18670277252592e-05,approach
0.003,0,0.00337762504844086,0.00256159384263265,14.5,0,0.149999667735275,0.149969597107438,-0.000244721947339053,0.000244721947339053,approach
0.004,0,0.00289510718437788,0,14.5,0,0.14999918006911,0.149946115702479,-0.000487665913440574,0.000487665913440574,approach
0.005,0,0.00248152044375247,0,14.5,0,0.149998370281582,0.149916064049587,-0.000809786836157594,0.000809786836157594,approach
0.006,0,0.00844979225976309,0.0442594231558268,14.5,0,0.149997160121488,0.149879504132231,-0.00121015855251272,0.00121015855251272,approach
0.007,0,0.00789873782753365,0.00459241123415699,14.5,0,0.149995472277285,0.149836497933884,-0.00168784121142765,0.00168784121142765,approach
0.008,0,0.0123696979478234,0.0391954586695621,14.5,0,0.149993230390361,0.149787107438017,-0.00224188165712307,0.00224188165712307,approach
0.009,0,0.0205044992922732,0.0693133073589719,14.5,0,0.149990359067931,0.149731394628099,-0.0028713138109895,0.0028713138109895,approach
0.01,0,0.0250411458114546,0.052261024926543,14.5,0,0.149986783895548,0.149669421487603,-0.00357515905199724,0.00357515905199724,approach
0.011,0,0.0214638392669611,0,14.5,0,0.149982431449238,0.14960125,-0.00435242659570651,0.00435242659570651,approach
0.012,0,0.0183975765145381,0,14.5,0,0.14997722930727,0.14952694214876,-0.00520211387193141,0.00520211387193141,approach
0.013,0,0.0179368687804802,0.0151726223761331,14.5,0,0.14997110606153,0.149446559917355,-0.00612320690110461,0.00612320690110461,approach
0.014,0,0.0153744589546973,0,14.5,0,0.149963991328548,0.149360165289256,-0.00711468066938228,0.00711468066938228,approach
0.015,0,0.0189787609124695,0.0406045726591022,14.5,0,0.149955815760129,0.149267820247934,-0.00817549950252178,0.00817549950252178,approach
0.016,0,0.0254729480436015,0.0644380708303938,14.5,0,0.149946511053629,0.14916958677686,-0.00930461743855794,0.00930461743855794,approach
0.017,0,0.0309435929036311,0.0637674620638089,14.5,0,0.149936009961856,0.149065526859504,-0.0105009785992966,0.0105009785992966,approach
0.018,0,0.0265230796316838,0,14.5,0,0.1499242463026,0.148955702479339,-0.0117635175606382,0.0117635175606382,approach
0.019,0,0.0338179582918301,0.0775872302527077,14.5,0,0.149911154967802,0.148840175619835,-0.0130911597217368,0.0130911597217368,approach
0.02,0,0.0289868213929972,0,14.5,0,0.149896671932346,0.148719008264463,-0.0144828216729943,0.0144828216729943,approach
0.021,0,0.0248458469082833,0,14.5,0,0.149880734262503,0.148592262396694,-0.0159374115628832,0.0159374115628832,approach
0.022,0,0.0212964402071,0,14.5,0,0.14986328012399,0.14846,-0.0174538294635852,0.0174538294635852,approach
0.023,0,0.0257023558084468,0.0521378494165273,14.5,0,0.149844248789683,0.148322283057851,-0.0190309677354277,0.0190309677354277,approach
0.024,0,0.0220305906929544,0,14.5,0,0.149823580646962,0.148179173553719,-0.0206677113900946,0.0206677113900946,approach
0.025,0,0.0188833634511037,0,14.5,0,0.149801217204694,0.148030733471074,-0.0223629384525812,0.0223629384525812,approach
0.026,0,0.0161857401009461,0,14.5,0,0.149777101099858,0.147877024793388,-0.0241155203218601,0.0241155203218601,approach
0.027,0,0.0138734915150966,0,14.5,0,0.149751176103814,0.147718109504132,-0.0259243221302188,0.0259243221302188,approach
0.028,0,0.0118915641557971,0,14.5,0,0.149723387128216,0.147554049586777,-0.0277882031012243,0.0277882031012243,approach
0.029,0,0.0101927692763975,0,14.5,0,0.149693680230563,0.147384907024793,-0.0297060169062673,0.0297060169062673,approach
0.03,0,0.00873665937976931,0,14.5,0,0.149662002619405,0.147210743801653,-0.031676612019634,0.031676612019634,approach
0.031,0,0.00748856518265941,0,14.5,0,0.149628302659193,0.147031621900826,-0.0336988320720467,0.0336988320720467,approach
0.032,0,0.0157686141577703,0.065448908008436,14.5,0,0.149592529874775,0.146847603305785,-0.0357715162026166,0.0357715162026166,approach
0.033,0,0.019731600223219,0.0435095166159108,14.5,0,0.149554634955549,0.14665875,-0.0378934994091407,0.0378934994091407,approach
0.034,0,0.0171665664177021,0.00177636358460098,14.5,0,0.149514569759265,0.146465123966942,-0.0400636128966799,0.0400636128966799,approach
0.035,0,0.0147141997866018,0,14.5,0,0.149472287315482,0.146266787190083,-0.0422806844243438,0.0422806844243438,approach
0.036,0,0.0187143596831497,0.0427153190624372,14.5,0,0.149427741828679,0.146063801652893,-0.0445435386502133,0.0445435386502133,approach
0.037,0,0.0215467841940324,0.0385413312593285,14.5,0,0.14938088868103,0.145856229338843,-0.0468509974743212,0.0468509974743212,approach
0.038,0,0.0244934203029728,0.0421732369566152,14.5,0,0.149331684434832,0.145644132231405,-0.0492018803796151,0.0492018803796151,approach
0.039,0,0.0258574387275526,0.0340415492750315,14.5,0,0.149280086834598,0.14542757231405,-0.0515950047708215,0.0515950047708215,approach
0.04,0,0.0288979443743463,0.0471409782551085,14.5,0,0.149226054808817,0.145206611570248,-0.0540291863111268,0.0540291863111268,approach
0.041,0,0.0247696666065826,0,14.5,0,0.149169548471374,0.144981311983471,-0.0565032392565936,0.0565032392565936,approach
0.042,0,0.0284269757015479,0.0503708302713398,14.5,0,0.149110529122648,0.14475173553719,-0.0590159767882231,0.0590159767882231,approach
0.043,0,0.0243659791727553,0,14.5,0,0.14904895925027,0.144517944214876,-0.0615662113415785,0.0615662113415785,approach
0.044,0,0.0208851250052189,0,14.5,0,0.148984802529563,0.14428,-0.0641527549338788,0.0641527549338788,approach
0.045,0,0.0236996028751339,0.0405864700946241,14.5,0,0.148918023823653,0.144037964876033,-0.0667744194884741,0.0667744194884741,approach
0.046,0,0.0274047341581495,0.0496355218562432,14.5,0,0.148848589183267,0.143791900826446,-0.06943001715661,0.06943001715661,approach
0.047,0,0.0234897721355567,0,14.5,0,0.148776465846201,0.143541869834711,-0.0721183606363929,0.0721183606363929,approach
0.048,0,0.0242145728733791,0.0285633773003135,14.5,0,0.148701622236479,0.143287933884298,-0.0748382634888584,0.0748382634888584,approach
0.049,0,0.0207553481771821,0,14.5,0,0.148624027963202,0.143030154958678,-0.0775885404510571,0.0775885404510571,approach
0.05,0,0.0177902984375847,0,14.5,0,0.148543653819082,0.142768595041322,-0.0803680077460583,0.0803680077460583,approach
0.051,0,0.0219292285487099,0.0467628092154611,14.5,0,0.14846047177867,0.142503316115702,-0.0831754833897841,0.0831754833897841,approach
0.052,0,0.0187964816131799,0,14.5,0,0.148374454996286,0.142234380165289,-0.0860097874945781,0.0860097874945781,approach
0.053,0,0.0189615898122313,0.01995223900654,14.5,0,0.148285577803646,0.141961849173554,-0.0888697425694168,0.0888697425694168,approach
0.054,0,0.0180427221333599,0.0125295160601316,14.5,0,0.148193815707187,0.141685785123967,-0.0917541738166727,0.0917541738166727,approach
0.055,0,0.0248475511540944,0.0656765252785014,14.5,0,0.148099145385108,0.14140625,-0.0946619094253351,0.0946619094253351,approach
0.056,0,0.0271131771193322,0.0407069329107591,14.5,0,0.14800154468412,0.141123305785124,-0.0975917808606,0.0975917808606,approach
0.057,0,0.0232398661022848,0,14.5,0,0.147900992615902,0.14083701446281,-0.100542623149738,0.100542623149738,approach
0.058,0,0.0199198852305298,0,14.5,0,0.147797469353287,0.140547438016529,-0.103513275164148,0.103513275164148,approach
0.059,0,0.0170741873404541,0,14.5,0,0.14769095622616,0.140254638429752,-0.106502579897517,0.106502579897517,approach
0.06,0,0.0146350177203893,0,14.5,0,0.14758143571709,0.13995867768595,-0.109509384739986,0.109509384739986,approach
0.061,0,0.0138469131629882,0.00911828581858198,14.5,0,0.147468891456683,0.139659617768595,-0.112532541748247,0.112532541748247,approach
0.062,0,0.0139846977683344,0.0148114054004115,14.5,0,0.147353308218681,0.139357520661157,-0.115570907911479,0.115570907911479,approach
0.063,0,0.0199421687395916,0.055686994567135,14.5,0,0.147234671914783,0.139052448347107,-0.118623345413049,0.118623345413049,approach
0.064,0,0.0232183249154066,0.0428752619702963,14.5,0,0.147112969589227,0.138744462809917,-0.121688721887885,0.121688721887885,approach
0.065,0,0.0199014213560628,0,14.5,0,0.146988189413104,0.138433626033058,-0.124765910675444,0.124765910675444,approach
0.066,0,0.0170583611623395,0,14.5,0,0.146860320678432,0.13812,-0.127853791068211,0.127853791068211,approach
0.067,0,0.0179135066325863,0.0230443794540666,14.5,0,0.146729353791981,0.137803646694215,-0.130951248555626,0.130951248555626,approach
0.068,0,0.0153544342565025,0,14.5,0,0.146595280268861,0.137484628099174,-0.134057175063388,0.134057175063388,approach
0.069,0,0.0131609436484307,0,14.5,0,0.146458092725878,0.137163006198347,-0.137170469188051,0.137170469188051,approach
0.07,0,0.0127792314590438,0.0104889583227226,14.5,0,0.146317784874651,0.136838842975207,-0.140290036426847,0.140290036426847,approach
0.071,0,0.0109536269648947,0,14.5,0,0.146174351514514,0.136512200413223,-0.14341478940266,0.14341478940266,approach
0.072,0,0.0169942878810781,0.0532382533781782,14.5,0,0.146027788525191,0.136183140495868,-0.146543648084098,0.146543648084098,approach
0.073,0,0.0222927488901298,0.0540835149444404,14.5,0,0.145878092859259,0.135851725206612,-0.14967554000058,0.14967554000058,approach
0.074,0,0.0191080704772542,0,14.5,0,0.145725262534396,0.135518016528926,-0.152809400452393,0.152809400452393,approach
0.075,0,0.0171359949549556,0.00530354182116453,14.5,0,0.145569296625432,0.135182076446281,-0.155944172715652,0.155944172715652,approach
0.076,0,0.0213746559832626,0.0468066221531043,14.5,0,0.14541019525619,0.134843966942149,-0.159078808242109,0.159078808242109,approach
0.077,0,0.0286048386794926,0.0719859348568726,14.5,0,0.145247959591138,0.13450375,-0.162212266853743,0.162212266853743,approach
0.078,0,0.0245184331538508,0,14.5,0,0.145082591826852,0.134161487603306,-0.165343516932106,0.165343516932106,approach
0.079,0,0.0210157998461578,0,14.5,0,0.144914095183289,0.133817241735537,-0.168471535602342,0.168471535602342,approach
0.08,0,0.0358812465513809,0.125073926782719,14.5,0,0.144742473894888,0.133471074380165,-0.171595308911861,0.171595308911861,approach
0.081,0,0.0410517666917131,0.0720748875337063,14.5,0,0.144567733201488,0.133123047520661,-0.174713832003603,0.174713832003603,approach
0.082,0,0.0351872285928969,0,14.5,0,0.144389879339088,0.132773223140496,-0.177826109283861,0.177826109283861,approach
0.083,0,0.0301604816510545,0,14.5,0,0.144208919530439,0.132421663223141,-0.180931154584616,0.180931154584616,approach
0.084,0,0.035041948991997,0.0643307530376518,14.5,0,0.144024861975473,0.132068429752066,-0.184027991320356,0.184027991320356,approach
0.085,0,0.0383649079117961,0.0583026614305911,14.5,0,0.143837715841594,0.131713584710744,-0.187115652639338,0.187115652639338,approach
0.086,0,0.0328842067815395,0,14.5,0,0.143647491253809,0.131357190082645,-0.19019318156926,0.19019318156926,approach
0.087,0,0.031378012236556,0.022340844966655,14.5,0,0.143454199284726,0.13099930785124,-0.193259631157321,0.193259631157321,approach
0.088,0,0.0390371028613235,0.0849916466099281,14.5,0,0.143257851944415,0.13064,-0.196314064604638,0.196314064604638,approach
0.089,0,0.0343597438073677,0.00629558948363283,14.5,0,0.143058462170138,0.130279328512397,-0.199355555395004,0.199355555395004,approach
0.09,0,0.0294512089777437,0,14.5,0,0.142856043815959,0.129917355371901,-0.202383187417949,0.202383187417949,approach
0.091,0,0.0252438934094946,0,14.5,0,0.142650611642233,0.129554142561983,-0.205396055086106,0.205396055086106,approach
0.092,0,0.021637622922424,0,14.5,0,0.142442181304982,0.129189752066116,-0.208393263446863,0.208393263446863,approach
0.093,0,0.0255395117751795,0.048950844891713,14.5,0,0.142230769345169,0.128824245867769,-0.211373928288272,0.211373928288272,approach
0.094,0,0.021891010093011,0,14.5,0,0.142016393177864,0.128457685950413,-0.214337176239231,0.214337176239231,approach
0.095,0,0.0187637229368666,0,14.5,0,0.141799071081321,0.128090134297521,-0.21728214486391,0.21728214486391,approach
0.096,0,0.0160831910887428,0,14.5,0,0.141578822185965,0.127721652892562,-0.220207982750434,0.220207982750434,approach
0.097,0,0.0137855923617795,0,14.5,0,0.14135566646329,0.127352303719008,-0.22311384959381,0.22311384959381,approach
0.098,0,0.0118162220243825,0,14.5,0,0.141129624714685,0.126982148760331,-0.225998916273103,0.225998916273103,approach
0.099,0,0.0101281903066135,0,14.5,0,0.140900718560188,0.12661125,-0.228862364922871,0.228862364922871,approach
0.1,0,0.00911881104755457,0.00306253549320077,14.5,0,0.140668970427164,0.126239669421488,-0.23170338899886,0.23170338899886,approach
0.101,0,0.00995300956738534,0.0149582006863699,14.5,0,0.140434403538939,0.125867469008264,-0.234521193337963,0.234521193337963,approach
0.102,0,0.00853115105775886,0,14.5,0,0.140197041903363,0.125494710743802,-0.237314994212478,0.237314994212478,approach
0.103,0,0.00731241519236474,0,14.5,0,0.139956910301329,0.12512145661157,-0.240084019378649,0.240084019378649,approach
0.104,0,0.00626778445059835,0,14.5,0,0.139714034275257,0.124747768595041,-0.242827508119532,0.242827508119532,approach
0.105,0,0.0069084282050088,0.0107522907314715,14.5,0,0.139468440117526,0.124373708677686,-0.2455447112822,0.2455447112822,approach
0.106,0,0.00925737785686032,0.0233510757679694,14.5,0,0.139220154858881,0.123999338842975,-0.248234891309302,0.248234891309302,approach
0.107,0,0.0296322465506655,0.151881458713497,14.5,0,0.138969206256816,0.12362472107438,-0.250897322265017,0.250897322265017,approach
0.108,0,0.025399068471999,0,14.5,0,0.138715622783929,0.123249917355372,-0.253531289855411,0.253531289855411,approach
0.109,0,0.0277521889544126,0.0418709118488943,14.5,0,0.138459433616267,0.122874989669422,-0.256136091443254,0.256136091443254,approach
0.11,0,0.0304222224772718,0.0464424236144266,14.5,0,0.138200668621656,0.1225,-0.258711036057305,0.258711036057305,approach
0.111,0,0.0260761906948044,0,14.5,0,0.137939358348033,0.122125010330579,-0.261255444396117,0.261255444396117,approach
0.112,0,0.0304299191395561,0.0565522898080663,14.5,0,0.137675534011772,0.121750082644628,-0.263768648826395,0.263768648826395,approach
0.113,0,0.0327789905349134,0.0468734189070574,14.5,0,0.13740922748602,0.12137527892562,-0.266249993375953,0.266249993375953,approach
0.114,0,0.0296289355032683,0.0107286053133977,14.5,0,0.137140471289046,0.121000661157025,-0.268698833721299,0.268698833721299,approach
0.115,0,0.0390718367069449,0.0957292439290048,14.5,0,0.136869298572602,0.120626291322314,-0.271114537169915,0.271114537169915,approach
0.116,0,0.0334901457488099,0,14.5,0,0.136595743110311,0.120252231404959,-0.273496482637264,0.273496482637264,approach
0.117,0,0.0287058392132657,0,14.5,0,0.13631983928608,0.11987854338843,-0.275844060618579,0.275844060618579,approach
0.118,0,0.024605005039942,0,14.5,0,0.136041622082547,0.119505289256198,-0.278156673155491,0.278156673155491,approach
0.119,0,0.0210900043199503,0,14.5,0,0.135761127069564,0.119132530991736,-0.280433733797543,0.280433733797543,approach
0.12,0,0.0292417005808305,0.0781518781461117,14.5,0,0.135478390392725,0.118760330578512,-0.282674667558656,0.282674667558656,approach
0.121,0,0.025064314783569,0,14.5,0,0.135193448761939,0.11838875,-0.284878910868598,0.284878910868598,approach
0.122,0,0.0245207492575689,0.0212593561015687,14.5,0,0.134906339440061,0.118017851239669,-0.287045911519526,0.287045911519526,approach
0.123,0,0.0210177850779162,0,14.5,0,0.134617100231572,0.117647696280992,-0.289175128607655,0.289175128607655,approach
0.124,0,0.0180152443524996,0,14.5,0,0.134325769471329,0.117278347107438,-0.291266032470129,0.291266032470129,approach
0.125,0,0.0154416380164283,0,14.5,0,0.134032386013382,0.116909865702479,-0.293318104617155,0.293318104617155,approach
0.126,0,0.0132356897283671,0,14.5,0,0.133736989219855,0.116542314049587,-0.295330837659474,0.295330837659474,approach
0.127,0,0.0116436245895973,0.00209123375697888,14.5,0,0.133439618949915,0.116175754132231,-0.297303735231234,0.297303735231234,approach
0.128,0,0.010887387591478,0.00634996560276177,14.5,0,0.133140315548811,0.115810247933884,-0.29923631190835,0.29923631190835,approach
0.129,0,0.00933204650698112,0,14.5,0,0.132839119837007,0.115445857438017,-0.301128093122409,0.301128093122409,approach
0.13,0,0.0144157141956956,0.0449177203279823,14.5,0,0.132536073099397,0.115082644628099,-0.302978615070216,0.302978615070216,approach
0.131,0,0.0123563264534533,0,14.5,0,0.132231217074625,0.114720671487603,-0.304787424619044,0.304787424619044,approach
0.132,0,0.0105911369601029,0,14.5,0,0.131924593944488,0.11436,-0.306554079207676,0.306554079207676,approach
0.133,0,0.00907811739437389,0,14.5,0,0.131616246323459,0.11400069214876,-0.308278146743321,0.308278146743321,approach
0.134,0,0.0077812434808919,0,14.5,0,0.131306217248301,0.113642809917355,-0.309959205494478,0.309959205494478,approach
0.135,0,0.00666963726933592,0,14.5,0,0.1309945501678,0.113286415289256,-0.311596843979852,0.311596843979852,approach
0.136,0,0.0117659383224149,0.0423437446408887,14.5,0,0.130681288932615,0.112931570247934,-0.313190660853387,0.313190660853387,approach
0.137,0,0.0170914509835955,0.049044526950679,14.5,0,0.130366477785234,0.112578336776859,-0.314740264785515,0.314740264785515,approach
0.138,0,0.0146498151287961,0,14.5,0,0.130050161350067,0.112226776859504,-0.316245274340705,0.316245274340705,approach
0.139,0,0.012556984396111,0,14.5,0,0.129732384623654,0.111876952479339,-0.317705317851415,0.317705317851415,approach
0.14,0,0.0107631294823808,0,14.5,0,0.129413192965003,0.111528925619835,-0.319120033288515,0.319120033288515,approach
0.141,0,0.00922553955632642,0,14.5,0,0.129092632086071,0.111182758264463,-0.320489068128292,0.320489068128292,approach
0.142,0,0.00790760533399408,0,14.5,0,0.128770748042361,0.110838512396694,-0.321812079216132,0.321812079216132,approach
0.143,0,0.00683534050168109,0.000401751507803193,14.5,0,0.128447587223681,0.11049625,-0.323088732626951,0.323088732626951,approach
0.144,0,0.00948784486145441,0.0254028710200943,14.5,0,0.128123196345028,0.110156033057851,-0.324318703522498,0.324318703522498,approach
0.145,0,0.00813243845267521,0,14.5,0,0.127797622437624,0.109817923553719,-0.325501676005614,0.325501676005614,approach
0.146,0,0.00916145613244066,0.0153355622110334,14.5,0,0.127470912840103,0.109481983471074,-0.326637342971535,0.326637342971535,approach
0.147,0,0.0136252356159852,0.0404079125172525,14.5,0,0.127143115189841,0.109148274793388,-0.327725405956357,0.327725405956357,approach
0.148,0,0.0116787733851302,0,14.5,0,0.126814277414448,0.108816859504132,-0.328765574982742,0.328765574982742,approach
0.149,0,0.0137915543805369,0.0264682403529771,14.5,0,0.126484447723415,0.108487799586777,-0.329757568402979,0.329757568402979,approach
0.15,0,0.0118213323261745,0,14.5,0,0.126153674599914,0.108161157024793,-0.330701112739493,0.330701112739493,approach
0.151,0,0.0160318900238573,0.0412952362099544,14.5,0,0.125822006792769,0.107836993801653,-0.331595942522895,0.331595942522895,approach
0.152,0,0.0178236678836658,0.0285743350425167,14.5,0,0.12548949330858,0.107515371900826,-0.332441800127696,0.332441800127696,approach
0.153,0,0.0159170310218684,0.00447720985108404,14.5,0,0.125156183404029,0.107196353305785,-0.333238435605758,0.333238435605758,approach
0.154,0,0.0136431694473158,0,14.5,0,0.124822126578335,0.10688,-0.333985606517603,0.333985606517603,approach
0.155,0,0.0152784210597872,0.025089930734616,14.5,0,0.124487372565896,0.106566373966942,-0.334683077761676,0.334683077761676,approach
0.156,0,0.0205131066456687,0.0519212201609575,14.5,0,0.124151971329094,0.106255537190083,-0.335330621401662,0.335330621401662,approach
0.157,0,0.0175826628391446,0,14.5,0,0.123815973051278,0.105947551652893,-0.335928016491957,0.335928016491957,approach
0.158,0,0.0173874310887376,0.0162160405862956,14.5,0,0.123479428129923,0.105642479338843,-0.336475048901407,0.336475048901407,approach
0.159,0,0.0149035123617751,0,14.5,0,0.123142387169964,0.105340382231405,-0.336971511135393,0.336971511135393,approach
0.16,0,0.0198894207811694,0.0498048712975351,14.5,0,0.122804900977314,0.10504132231405,-0.337417202156393,0.337417202156393,approach
0.161,0,0.0259842868028083,0.0625534829326419,14.5,0,0.122467020552558,0.104745361570248,-0.3378119272031,0.3378119272031,approach
0.162,0,0.0244814568198853,0.0154644769223471,14.5,0,0.122128797084831,0.104452561983471,-0.338155497608203,0.338155497608203,approach
0.163,0,0.0246036628322314,0.025336898906308,14.5,0,0.121790281945884,0.10416298553719,-0.338447730614941,0.338447730614941,approach
0.164,0,0.0210888538561983,0,14.5,0,0.121451526684321,0.103876694214876,-0.33868844919252,0.33868844919252,approach
0.165,0,0.01807616044817,0,14.5,0,0.121112583020041,0.10359375,-0.338877481850498,0.338877481850498,approach
0.166,0,0.0154938518127171,0,14.5,0,0.120773502838848,0.103314214876033,-0.33901466245223,0.33901466245223,approach
0.167,0,0.0158464280190752,0.0179618852572234,14.5,0,0.120434338187263,0.103038150826446,-0.339099830027493,0.339099830027493,approach
0.168,0,0.0135826525877787,0,14.5,0,0.120095141267512,0.102765619834711,-0.339132828584361,0.339132828584361,approach
0.169,0,0.0192579685617258,0.053309864405408,14.5,0,0.11975596443271,0.102496683884298,-0.339113506920449,0.339113506920449,approach
0.17,0,0.0165068301957649,0,14.5,0,0.119416860182236,0.102231404958678,-0.339041718433617,0.339041718433617,approach
0.171,0,0.0141487115963699,0,14.5,0,0.119077881157289,0.101969845041322,-0.338917320932226,0.338917320932226,approach
0.172,0,0.0121274670826028,0,14.5,0,0.118739080136645,0.101712066115702,-0.338740176445048,0.338740176445048,approach
0.173,0,0.0157706190324795,0.0376295307317393,14.5,0,0.118400510032595,0.101458130165289,-0.338510151030915,0.338510151030915,approach
0.174,0,0.0257675895415484,0.0857494125959619,14.5,0,0.118062223887081,0.101208099173554,-0.338227114588219,0.338227114588219,approach
0.175,0,0.0255325724783359,0.0241224700990609,14.5,0,0.117724274868016,0.100962035123967,-0.337890940664332,0.337890940664332,approach
0.176,0,0.0218850621242879,0,14.5,0,0.1173867162658,0.10072,-0.337501506265052,0.337501506265052,approach
0.177,0,0.0272942521417405,0.0597493922464562,14.5,0,0.117049601490025,0.100482055785124,-0.337058691664164,0.337058691664164,approach
0.178,0,0.023395073264349,0,14.5,0,0.11671298406637,0.10024826446281,-0.3365623802132,0.3365623802132,approach
0.179,0,0.0256500827468869,0.0391801396421141,14.5,0,0.116376917633685,0.100018688016529,-0.336012458151494,0.336012458151494,approach
0.18,0,0.0237247572498246,0.0121728042674513,14.5,0,0.116041455941265,0.0997933884297521,-0.335408814416603,0.335408814416603,approach
0.181,0,0.0203355062141354,0,14.5,0,0.115706652846319,0.0995724276859504,-0.334751340455197,0.334751340455197,approach
0.182,0,0.017530688310115,0.000701780885992809,14.5,0,0.115372562311617,0.099355867768595,-0.334039930034493,0.334039930034493,approach
0.183,0,0.0180814461489178,0.0213859931817344,14.5,0,0.115039238403337,0.099143770661157,-0.33327447905431,0.33327447905431,approach
0.184,0,0.0154983824133581,0,14.5,0,0.114706735289088,0.0989361983471074,-0.33245488535984,0.33245488535984,approach
0.185,0,0.0198291213806627,0.0458135551844901,14.5,0,0.114375107236132,0.0987332128099174,-0.331581048555193,0.331581048555193,approach
0.186,0,0.0169963897548537,0,14.5,0,0.114044408609778,0.0985348760330579,-0.330652869817819,0.330652869817819,approach
0.187,0,0.0191895772846876,0.0323487024636906,14.5,0,0.113714693871974,0.09834125,-0.32967025171386,0.32967025171386,approach
0.188,0,0.0199820695501185,0.024737023142704,14.5,0,0.113386017580076,0.0981523966942149,-0.328633098014519,0.328633098014519,approach
0.189,0,0.0171274881858158,0,14.5,0,0.113058434385798,0.0979683780991736,-0.327541313513514,0.327541313513514,approach
0.19,0,0.0170930224641175,0.0168862281339276,14.5,0,0.11273199903435,0.0977892561983471,-0.326394803845687,0.326394803845687,approach
0.191,0,0.0146511621121007,0,14.5,0,0.112406766363754,0.0976150929752066,-0.325193475306842,0.325193475306842,approach
0.192,0,0.0214834210461053,0.0624769746501328,14.5,0,0.112082791304334,0.0974459504132232,-0.32393723467487,0.32393723467487,approach
0.193,0,0.0190302619048258,0.00431130705714876,14.5,0,0.111760128878393,0.0972818904958678,-0.322625989032231,0.322625989032231,approach
0.194,0,0.0163116530612793,0,14.5,0,0.11143883420006,0.0971229752066116,-0.321259645589863,0.321259645589863,approach
0.195,0,0.0231574314186785,0.0642321015630739,14.5,0,0.111118962475314,0.0969692665289256,-0.31983811151256,0.31983811151256,approach
0.196,0,0.0198492269302959,0,14.5,0,0.11080056900218,0.096820826446281,-0.318361293745901,0.318361293745901,approach
0.197,0,0.0182986761849976,0.00899537171320778,14.5,0,0.110483709171102,0.0966777169421488,-0.316829098844771,0.316829098844771,approach
0.198,0,0.0156845795871408,0,14.5,0,0.110168438465477,0.09654,-0.315241432803532,0.315241432803532,approach
0.199,0,0.0134439253604064,0,14.5,0,0.109854812462369,0.0964077376033058,-0.313598200887902,0.313598200887902,approach
0.2,0,0.0176636977841568,0.0429823323266592,14.5,0,0.109542886833379,0.0962809917355372,-0.311899307468597,0.311899307468597,approach
0.201,0,0.0166293587139502,0.0104233242927108,14.5,0,0.109232717345685,0.0961598243801653,-0.310144655856761,0.310144655856761,approach
0.202,0,0.0242139712821612,0.069721646691427,14.5,0,0.10892435986325,0.0960442975206612,-0.308334148141262,0.308334148141262,approach
0.203,0,0.0234974011964683,0.019197980682311,14.5,0,0.10861787034818,0.0959344731404959,-0.306467685027884,0.306467685027884,approach
0.204,0,0.0201406295969728,0,14.5,0,0.10831330486225,0.0958304132231405,-0.304545165680445,0.304545165680445,approach
0.205,0,0.0309277970660295,0.0956508018803695,14.5,0,0.108010719568588,0.0957321797520661,-0.302566487563908,0.302566487563908,approach
0.206,0,0.026509540342311,0,14.5,0,0.107710170733503,0.0956398347107438,-0.300531546289503,0.300531546289503,approach
0.207,0,0.0227224631505523,0,14.5,0,0.107411714728484,0.0955534400826446,-0.298440235461898,0.298440235461898,approach
0.208,0,0.0225883110721506,0.0217833986017408,14.5,0,0.107115408032333,0.0954730578512397,-0.296292446528464,0.296292446528464,approach
0.209,0,0.0193614094904148,0,14.5,0,0.106821307233462,0.09539875,-0.294088068630651,0.294088068630651,approach
0.21,0,0.016595493848927,0,14.5,0,0.106529469032321,0.0953305785123967,-0.291826988457518,0.291826988457518,approach
0.211,0,0.0231144941146956,0.0622284957093069,14.5,0,0.106239950243988,0.0952686053719008,-0.289509090101431,0.289509090101431,approach
0.212,0,0.0198124235268819,0,14.5,0,0.105952807800886,0.0952128925619835,-0.287134254915962,0.287134254915962,approach
0.213,0,0.0275560776645865,0.074018002490814,14.5,0,0.105668098755653,0.0951635020661157,-0.28470236137601,0.28470236137601,approach
0.214,0,0.0265427480983234,0.0204627707007445,14.5,0,0.105385880284142,0.0951204958677686,-0.282213284940167,0.282213284940167,approach
0.215,0,0.02275092694142,0,14.5,0,0.105106209688558,0.0950839359504132,-0.279666897915339,0.279666897915339,approach
0.216,0,0.0195007945212172,0,14.5,0,0.104829144400734,0.0950538842975207,-0.277063069323645,0.277063069323645,approach
0.217,0,0.0167149667324719,0,14.5,0,0.104554741985529,0.095030402892562,-0.274401664771611,0.274401664771611,approach
0.218,0,0.0262145346637501,0.0832119422514195,14.5,0,0.104283060144364,0.0950135537190083,-0.271682546321656,0.271682546321656,approach
0.219,0,0.0224696011403572,0,14.5,0,0.104014156718881,0.0950033987603306,-0.268905572365898,0.268905572365898,approach
0.22,0,0.0192596581203062,0,14.5,0,0.103748089694724,0.095,-0.266070597502276,0.266070597502276,approach
0.221,0,0.0165082783888339,0,14.5,0,0.103484917205446,0.09474,-0.263177472412995,0.263177472412995,approach
0.222,0,0.0198767681794125,0.0400877069228841,14.5,0,0.103221905996324,0.09448,-0.2630165145214,0.2630165145214,approach
0.223,0,0.0170372298680678,0,14.5,0,0.102959050218226,0.09422,-0.262861398232598,0.262861398232598,approach
0.224,0,0.0236223161985852,0.0631328341816891,14.5,0,0.102696344157679,0.09396,-0.262711987995704,0.262711987995704,approach
0.225,0,0.0202476995987873,0,14.5,0,0.102433782235797,0.0937,-0.262568149335098,0.262568149335098,approach
0.226,0,0.0350233510619996,0.123677259841273,14.5,0,0.102171359007157,0.09344,-0.262429748893886,0.262429748893886,approach
0.227,0,0.0305305160951869,0.00357350629431121,14.5,0,0.101909069158643,0.09318,-0.262296654474081,0.262296654474081,approach
0.228,0,0.0261690137958745,0,14.5,0,0.101646907508244,0.09292,-0.262168735073723,0.262168735073723,approach
0.229,0,0.0344589577169954,0.0841986212437208,14.5,0,0.101384869003826,0.09266,-0.262045860921117,0.262045860921117,approach
0.23,0,0.0295362494717104,0,14.5,0,0.101122948721868,0.0924,-0.261927903506384,0.261927903506384,approach
0.231,0,0.0290381070568223,0.0260492525674938,14.5,0,0.100861141866168,0.09214,-0.26181473561048,0.26181473561048,approach
0.232,0,0.0257116852424875,0.00575315435647903,14.5,0,0.100599443766527,0.09188,-0.261706231331837,0.261706231331837,approach
0.233,0,0.0220385873507036,0,14.5,0,0.100337849877406,0.09162,-0.261602266110782,0.261602266110782,approach
0.234,0,0.0188902177291745,0,14.5,0,0.100076355776558,0.09136,-0.261502716751853,0.261502716751853,approach
0.235,0,0.0161916151964353,0,14.5,0,0.0998149571636431,0.0911,-0.261407461444144,0.261407461444144,approach
0.236,0,0.0138785273112303,0,14.5,0,0.0995536498588279,0.09084,-0.261316379779799,0.261316379779799,approach
0.237,0,0.0118958805524831,0,14.5,0,0.0992924298013596,0.09058,-0.261229352770756,0.261229352770756,approach
0.238,0,0.0101964690449855,0,14.5,0,0.0990312930481328,0.09032,-0.261146262863838,0.261146262863838,approach
0.239,0,0.0129731383752389,0.0296331543567597,14.5,0,0.0987702357722392,0.09006,-0.261066993954305,0.261066993954305,approach
0.24,0,0.011119832893062,0,14.5,0,0.0985092542615069,0.0898,-0.260991431397928,0.260991431397928,approach
0.241,0,0.00988138360651894,0.00245068788726082,14.5,0,0.0982483449170276,0.08954,-0.260919462021685,0.260919462021685,approach
0.242,0,0.00846975737701623,0,14.5,0,0.0979875042516744,0.08928,-0.260850974133154,0.260850974133154,approach
0.243,0,0.00725979203744249,0,14.5,0,0.0977267288886134,0.08902,-0.260785857528666,0.260785857528666,approach
0.244,0,0.0158030930029785,0.0670628987961946,14.5,0,0.0974660155598058,0.08876,-0.260724003500291,0.260724003500291,approach
0.245,0,0.0202649571951192,0.0470361423479634,14.5,0,0.0972053611045063,0.0885,-0.260665304841722,0.260665304841722,approach
0.246,0,0.0173699633101022,0,14.5,0,0.0969447624677547,0.08824,-0.260609655853112,0.260609655853112,approach
0.247,0,0.0148885399800876,0,14.5,0,0.0966842166988652,0.08798,-0.260556952344913,0.260556952344913,approach
0.248,0,0.0127616056972179,0,14.5,0,0.096423720949913,0.08772,-0.26050709164079,0.26050709164079,approach
0.249,0,0.0119255000070624,0.00690886586612936,14.5,0,0.0961632724742163,0.08746,-0.260459972579625,0.260459972579625,approach
0.25,0,0.0271662185482221,0.11861052979518,14.5,0,0.0959028686248214,0.0872,-0.260415495516697,0.260415495516697,approach
0.251,0,0.0305294582864194,0.0507088967156033,14.5,0,0.0956425068529827,0.08694,-0.260373562324039,0.260373562324039,approach
0.252,0,0.0283993261285972,0.0156185331816641,14.5,0,0.0953821847066474,0.08668,-0.260334076390051,0.260334076390051,approach
0.253,0,0.0243422795387976,0,14.5,0,0.0951218998289381,0.08642,-0.260296942618376,0.260296942618376,approach
0.254,0,0.0305889882949453,0.0680692408318316,14.5,0,0.0948616499566392,0.08616,-0.260262067426098,0.260262067426098,approach
0.255,0,0.0303452848428929,0.0288830641305785,14.5,0,0.0946014329186845,0.0859,-0.260229358741278,0.260229358741278,approach
0.256,0,0.0361641224063887,0.0710771477873636,14.5,0,0.0943412466346495,0.08564,-0.260198725999877,0.260198725999877,approach
0.257,0,0.0386963969839183,0.053890044449096,14.5,0,0.0940810891132448,0.08538,-0.260170080142078,0.260170080142078,approach
0.258,0,0.03316834027193,0,14.5,0,0.0938209584508168,0.08512,-0.260143333608056,0.260143333608056,approach
0.259,0,0.0284300059473686,0,14.5,0,0.093560852829851,0.08486,-0.2601184003332,0.2601184003332,approach
0.26,0,0.0243685765263159,0,14.5,0,0.0933007705174808,0.0846,-0.26009519574284,0.26009519574284,approach
0.261,0,0.0209938100928958,0.00074521149237498,14.5,0,0.0930407098640035,0.08434,-0.260073636746472,0.260073636746472,approach
0.262,0,0.022447729124797,0.0311712433162041,14.5,0,0.0927806693014007,0.08408,-0.260053641731542,0.260053641731542,approach
0.263,0,0.0192409106783974,0,14.5,0,0.0925206473418669,0.08382,-0.260035130556766,0.260035130556766,approach
0.264,0,0.0191216573756475,0.0184061375591482,14.5,0,0.092260642576344,0.08356,-0.260018024545051,0.260018024545051,approach
0.265,0,0.0163899920362693,0,14.5,0,0.0920006536730644,0.0833,-0.260002246476014,0.260002246476014,approach
0.266,0,0.0194045331431156,0.0374917797841932,14.5,0,0.0917406793761005,0.08304,-0.259987720578105,0.259987720578105,approach
0.267,0,0.0166324569798133,0,14.5,0,0.0914807185039241,0.08278,-0.259974372520397,0.259974372520397,approach
0.268,0,0.0142563916969829,0,14.5,0,0.0912207699479739,0.08252,-0.259962129404004,0.259962129404004,approach
0.269,0,0.0122197643116996,0,14.5,0,0.0909608326712299,0.08226,-0.259950919753197,0.259950919753197,approach
0.27,0,0.0104740836957425,0,14.5,0,0.0907009057068008,0.082,-0.259940673506186,0.259940673506186,approach
0.271,0,0.0207047604256417,0.0820888208050366,14.5,0,0.0904409881565175,0.08174,-0.259931322005627,0.259931322005627,approach
0.272,0,0.0177469375076929,0,14.5,0,0.0901810791895381,0.08148,-0.259922797988834,0.259922797988834,approach
0.273,0,0.0253559387689977,0.0710099463368264,14.5,0,0.0899211780409628,0.08122,-0.25991503557773,0.25991503557773,approach
0.274,0,0.0220705884783263,0.00235848673429807,14.5,0,0.0896612840104579,0.08096,-0.259907970268545,0.259907970268545,approach
0.275,0,0.0189176472671368,0,14.5,0,0.0894013964608928,0.0807,-0.259901538921269,0.259901538921269,approach
0.276,0,0.0246936559816716,0.0593497082688801,14.5,0,0.0891415148169846,0.08044,-0.259895679748885,0.259895679748885,approach
0.277,0,0.0211659908414328,0,14.5,0,0.0888816385639575,0.08018,-0.259890332306382,0.259890332306382,approach
0.278,0,0.0258283909967221,0.0538027919284579,14.5,0,0.0886217672462086,0.07992,-0.259885437479562,0.259885437479562,approach
0.279,0,0.0221386208543332,0,14.5,0,0.0883619004659902,0.07966,-0.259880937473654,0.259880937473654,approach
0.28,0,0.0241828335353681,0.0364481096215776,14.5,0,0.0881020378821002,0.0794,-0.259876775801757,0.259876775801757,approach
0.281,0,0.0207281430303155,0,14.5,0,0.0878421792085844,0.07914,-0.259872897273092,0.259872897273092,approach
0.282,0,0.0177669797402705,0,14.5,0,0.0875823242134537,0.07888,-0.25986924798111,0.25986924798111,approach
0.283,0,0.0258271432515545,0.0741881243192584,14.5,0,0.087322472717409,0.07862,-0.259865775291438,0.259865775291438,approach
0.284,0,0.0221375513584752,0,14.5,0,0.0870626245925821,0.07836,-0.259862427829685,0.259862427829685,approach
0.285,0,0.0235098992761289,0.031743986782051,14.5,0,0.0868027797612867,0.0781,-0.25985915546912,0.25985915546912,approach
0.286,0,0.0265274280226792,0.0446326005019805,14.5,0,0.0865429381947826,0.07784,-0.259855909318212,0.259855909318212,approach
0.287,0,0.0227377954480107,0,14.5,0,0.0862830999120522,0.07758,-0.259852641708068,0.259852641708068,approach
0.288,0,0.0318276167966846,0.0863665448887279,14.5,0,0.0860232649785904,0.07732,-0.259849306179756,0.259849306179756,approach
0.289,0,0.0392591484671628,0.083848338490032,14.5,0,0.0857634335052062,0.07706,-0.259845857471527,0.259845857471527,approach
0.29,0,0.0336506986861395,0,14.5,0,0.0855036056468378,0.0768,-0.259842251505948,0.259842251505948,approach
0.291,0,0.0304259615658481,0.0110775388440994,14.5,0,0.085243781601381,0.07654,-0.25983844537695,0.25983844537695,approach
0.292,0,0.0260793956278698,0,14.5,0,0.0849839616085298,0.07628,-0.259834397336793,0.259834397336793,approach
0.293,0,0.0274465195219177,0.0356492628862054,14.5,0,0.0847241459486307,0.07602,-0.259830066782971,0.259830066782971,approach
0.294,0,0.0235255881616438,0,14.5,0,0.0844643349415495,0.07576,-0.25982541424504,0.25982541424504,approach
0.295,0,0.020376846584437,0.00148439712119637,14.5,0,0.0842045289455532,0.0755,-0.2598204013714,0.2598204013714,approach
0.296,0,0.0247408713092154,0.0509250196578859,14.5,0,0.0839447283562016,0.07524,-0.259814990916019,0.259814990916019,approach
0.297,0,0.0260393594422733,0.0338302882406206,14.5,0,0.0836849336052566,0.07498,-0.259809146725117,0.259809146725117,approach
0.298,0,0.02231945095052,0,14.5,0,0.0834251451596015,0.07472,-0.259802833723808,0.259802833723808,approach
0.299,0,0.0327203303341577,0.0951256066359839,14.5,0,0.0831653635201746,0.07446,-0.259796017902712,0.259796017902712,approach
0.3,0,0.028045997429278,0,14.5,0,0.0829055892209175,0.0742,-0.259788666304538,0.259788666304538,approach
0.301,0,0.0313372505674011,0.0510847693961398,14.5,0,0.0826458228277348,0.07394,-0.259780747010645,0.259780747010645,approach
0.302,0,0.0268605004863438,0,14.5,0,0.0823860649374693,0.07368,-0.25977222912759,0.25977222912759,approach
0.303,0,0.0230232861311518,0,14.5,0,0.0821263161768889,0.07342,-0.259763082773662,0.259763082773662,approach
0.304,0,0.0238483440784839,0.0287986917624765,14.5,0,0.0818665772016879,0.07316,-0.259753279065409,0.259753279065409,approach
0.305,0,0.0305921394491304,0.0710549116730095,14.5,0,0.0816068486955015,0.0729,-0.259742790104169,0.259742790104169,approach
0.306,0,0.0262218338135404,0,14.5,0,0.0813471313689346,0.07264,-0.259731588962598,0.259731588962598,approach
0.307,0,0.0224758575544632,0,14.5,0,0.0810874259586021,0.07238,-0.259719649671211,0.259719649671211,approach
0.308,0,0.0192650207609684,0,14.5,0,0.080827733226185,0.07212,-0.259706947204934,0.259706947204934,approach
0.309,0,0.0181896670828531,0.0117375450141608,14.5,0,0.0805680539574985,0.07186,-0.25969345746967,0.25969345746967,approach
0.31,0,0.0155911432138741,0,14.5,0,0.0803083889615735,0.0716,-0.259679157288893,0.259679157288893,approach
0.311,0,0.0133638370404635,0,14.5,0,0.0800487390697521,0.07134,-0.259664024390262,0.259664024390262,approach
0.312,0,0.0114547174632544,0,14.5,0,0.0797891051347964,0.07108,-0.259648037392263,0.259648037392263,approach
0.313,0,0.00981832925421806,0,14.5,0,0.07952948803001,0.07082,-0.259631175790886,0.259631175790886,approach
0.314,0,0.00841571078932977,0,14.5,0,0.0792698886483738,0.07056,-0.259613419946341,0.259613419946341,approach
0.315,0,0.00721346639085409,0,14.5,0,0.0790103079016935,0.0703,-0.259594751069809,0.259594751069809,approach
0.316,0,0.00618297119216065,0,14.5,0,0.0787507467197625,0.07004,-0.259575151210242,0.259575151210242,approach
0.317,0,0.00529968959328055,0,14.5,0,0.0784912060495357,0.06978,-0.259554603241204,0.259554603241204,approach
0.318,0,0.0128808383397205,0.0583677308183601,14.5,0,0.078231686854318,0.06952,-0.259533090847764,0.259533090847764,approach
0.319,0,0.0110407185769033,0,14.5,0,0.0779721901129651,0.06926,-0.259510598513449,0.259510598513449,approach
0.32,0,0.01241262090701,0.0206440348876506,14.5,0,0.0777127168190976,0.069,-0.259487111507241,0.259487111507241,approach
0.321,0,0.0129766603706823,0.0163608971527158,14.5,0,0.0774532679803278,0.06874,-0.259462615870645,0.259462615870645,approach
0.322,0,0.0111228517462991,0,14.5,0,0.0771938446174996,0.06848,-0.259437098404807,0.259437098404807,approach
0.323,0,0.00953387292539923,0,14.5,0,0.0769344477639416,0.06822,-0.259410546657711,0.259410546657711,approach
0.324,0,0.0194978719494849,0.0792818660939986,14.5,0,0.0766750784647315,0.06796,-0.259382948911431,0.259382948911431,approach
0.325,0,0.016712461670987,0,14.5,0,0.0764157377759747,0.0677,-0.259354294169458,0.259354294169458,approach
0.326,0,0.0226145753058783,0.0580272571152256,14.5,0,0.0761564267640954,0.06744,-0.259324572144096,0.259324572144096,approach
0.327,0,0.0230245421212328,0.0254843430133601,14.5,0,0.0758971465051392,0.06718,-0.259293773243943,0.259293773243943,approach
0.328,0,0.0197353218181995,0,14.5,0,0.0756378980840889,0.06692,-0.25926188856143,0.25926188856143,approach
0.329,0,0.0401536303704886,0.162663481684223,14.5,0,0.0753786825941924,0.06666,-0.259228909860458,0.259228909860458,approach
0.33,0,0.034447004460167,0.000207248998236965,14.5,0,0.0751195011363037,0.0664,-0.259194829564105,0.259194829564105,approach
0.331,0,0.0356053042869416,0.0425551032475892,14.5,0,0.0748603548182343,0.06614,-0.259159640742419,0.259159640742419,approach
0.332,0,0.0305188322459499,0,14.5,0,0.0746012447541193,0.06588,-0.259123337100296,0.259123337100296,approach
0.333,0,0.0299586167822156,0.0265973239998096,14.5,0,0.0743421720637927,0.06562,-0.259085912965442,0.259085912965442,approach
0.334,0,0.0256788143847562,0,14.5,0,0.0740831378721769,0.06536,-0.259047363276433,0.259047363276433,approach
0.335,0,0.02965536757283,0.0535146867012729,14.5,0,0.0738241433086829,0.0651,-0.259007683570849,0.259007683570849,approach
0.336,0,0.0266619038677542,0.00870112163729914,14.5,0,0.0735651895066228,0.06484,-0.258966869973515,0.258966869973515,approach
0.337,0,0.022853060458075,0,14.5,0,0.0733062776026338,0.06458,-0.258924919184828,0.258924919184828,approach
0.338,0,0.0220577947894524,0.0172862007777165,14.5,0,0.0730474087361135,0.06432,-0.258881828469181,0.258881828469181,approach
0.339,0,0.024096219455131,0.0363267674492026,14.5,0,0.0727885840486667,0.06406,-0.258837595643476,0.258837595643476,approach
0.34,0,0.0206539023901123,0,14.5,0,0.0725298046835647,0.0638,-0.258792219065749,0.258792219065749,approach
0.341,0,0.0177033449058105,0,14.5,0,0.0722710717852146,0.06354,-0.258745697623881,0.258745697623881,approach
0.342,0,0.0151742956335519,0,14.5,0,0.0720123864986393,0.06328,-0.258698030724413,0.258698030724413,approach
0.343,0,0.0250637502038734,0.0844004776258026,14.5,0,0.0717537499689711,0.06302,-0.258649218281461,0.258649218281461,approach
0.344,0,0.0214832144604629,0,14.5,0,0.0714951633409534,0.06276,-0.258599260705735,0.258599260705735,approach
0.345,0,0.0260148692139868,0.0532047977351301,14.5,0,0.0712366277584555,0.0625,-0.258548158893661,0.258548158893661,approach
0.346,0,0.0302114500684999,0.0553909351955783,14.5,0,0.0709781443639962,0.06224,-0.258495914216603,0.258495914216603,approach
0.347,0,0.0258955286301427,0,14.5,0,0.0707197142982798,0.06198,-0.258442528510195,0.258442528510195,approach
0.348,0,0.0221961673972652,0,14.5,0,0.0704613386997425,0.06172,-0.258388004063773,0.258388004063773,approach
0.349,0,0.0218644612117986,0.0198742240989992,14.5,0,0.0702030187041075,0.06146,-0.258332343609921,0.258332343609921,approach
0.35,0,0.0266476283463439,0.0553466311536157,14.5,0,0.0699447554439524,0.0612,-0.258275550314115,0.258275550314115,approach
0.351,0,0.0387746866235145,0.111537036286538,14.5,0,0.0696865500482865,0.06094,-0.258217627764478,0.258217627764478,approach
0.352,0,0.0485357652745558,0.107102237180803,14.5,0,0.0694284036421373,0.06068,-0.258158579961649,0.258158579961649,approach
0.353,0,0.0416020845210478,0,14.5,0,0.0691703173461475,0.06042,-0.258098411308751,0.258098411308751,approach
0.354,0,0.0356589295894696,0,14.5,0,0.068912292276183,0.06016,-0.258037126601478,0.258037126601478,approach
0.355,0,0.0305647967909739,0,14.5,0,0.0686543295429486,0.0599,-0.25797473101828,0.25797473101828,approach
0.356,0,0.0294143754372368,0.0225118473148145,14.5,0,0.068396430251616,0.05964,-0.257911230110671,0.257911230110671,approach
0.357,0,0.0273086484483327,0.014674286514908,14.5,0,0.0681385955014579,0.05938,-0.257846629793634,0.257846629793634,approach
0.358,0,0.0234074129557138,0,14.5,0,0.0678808263854959,0.05912,-0.257780936336153,0.257780936336153,approach
0.359,0,0.0229089701194608,0.0199183131019434,14.5,0,0.0676231239901538,0.05886,-0.257714156351838,0.257714156351838,approach
0.36,0,0.033238600099364,0.0952163799787831,14.5,0,0.0673654893949231,0.0586,-0.257646296789674,0.257646296789674,approach
0.361,0,0.0481840736773361,0.137856915145169,14.5,0,0.0671079236720353,0.05834,-0.257577364924873,0.257577364924873,approach
0.362,0,0.0582941015403458,0.118954268718404,14.5,0,0.066850427886145,0.05808,-0.257507368349847,0.257507368349847,approach
0.363,0,0.056305060656862,0.0443708153559592,14.5,0,0.0665930030940219,0.05782,-0.257436314965281,0.257436314965281,approach
0.364,0,0.0536216871243575,0.0375214459293307,14.5,0,0.0663356503442497,0.05756,-0.257364212971327,0.257364212971327,approach
0.365,0,0.0459614461065922,0,14.5,0,0.0660783706769358,0.0573,-0.257291070858901,0.257291070858901,approach
0.366,0,0.0471237361163298,0.0540974761747552,14.5,0,0.0658211651234286,0.05704,-0.257216897401102,0.257216897401102,approach
0.367,0,0.0403917738139969,0,14.5,0,0.0655640347060434,0.05678,-0.257141701644731,0.257141701644731,approach
0.368,0,0.0346215204119974,0,14.5,0,0.0653069804377972,0.05652,-0.257065492901927,0.257065492901927,approach
0.369,0,0.0296755889245692,0,14.5,0,0.0650500033221509,0.05626,-0.256988280741917,0.256988280741917,approach
0.37,0,0.0322188844216506,0.0474786574041394,14.5,0,0.06479310435276,0.056,-0.25691007498287,0.25691007498287,approach
0.371,0,0.0306713977915512,0.0213864780109548,14.5,0,0.0645362845132335,0.05574,-0.256830885683867,0.256830885683867,approach
0.372,0,0.0262897695356153,0,14.5,0,0.0642795447769011,0.05548,-0.256750723136978,0.256750723136978,approach
0.373,0,0.0225340881733846,0,14.5,0,0.0640228861065863,0.05522,-0.256669597859454,0.256669597859454,approach
0.374,0,0.031366759695011,0.0843627888247696,14.5,0,0.0637663094543908,0.05496,-0.256587520586019,0.256587520586019,approach
0.375,0,0.031829473179961,0.0346057540896612,14.5,0,0.0635098157614823,0.0547,-0.256504502261287,0.256504502261287,approach
0.376,0,0.0272824055828238,0,14.5,0,0.063253405957893,0.05444,-0.256420554032271,0.256420554032271,approach
0.377,0,0.0233849190709918,0,14.5,0,0.0629970809623241,0.05418,-0.256335687241016,0.256335687241016,approach
0.378,0,0.0200442163465644,0,14.5,0,0.0627408416819574,0.05392,-0.256249913417329,0.256249913417329,approach
0.379,0,0.0171807568684838,0,14.5,0,0.0624846890122746,0.05366,-0.256163244271621,0.256163244271621,approach
0.38,0,0.0163170119908033,0.0111345427247207,14.5,0,0.0622286238368837,0.0534,-0.256075691687863,0.256075691687863,approach
0.381,0,0.0139860102778314,0,14.5,0,0.0619726470273524,0.05314,-0.255987267716634,0.255987267716634,approach
0.382,0,0.0140070546666251,0.0141333209993873,14.5,0,0.061716759443047,0.05288,-0.255897984568292,0.255897984568292,approach
0.383,0,0.0153068138238818,0.0231053687674219,14.5,0,0.0614609619309802,0.05262,-0.25580785460624,0.25580785460624,approach
0.384,0,0.0185426920676714,0.0379579615304092,14.5,0,0.0612052553256641,0.05236,-0.255716890340301,0.255716890340301,approach
0.385,0,0.0158937360580041,0,14.5,0,0.0609496404489694,0.0521,-0.255625104420198,0.255625104420198,approach
0.386,0,0.0136232023354321,0,14.5,0,0.0606941181099928,0.05184,-0.255532509629136,0.255532509629136,approach
0.387,0,0.0116770305732275,0,14.5,0,0.0604386891049292,0.05158,-0.255439118877494,0.255439118877494,approach
0.388,0,0.0126381712106312,0.0184050150350535,14.5,0,0.0601833542169498,0.05132,-0.255344945196612,0.255344945196612,approach
0.389,0.0745385965136288,0.010832718180541,0,14.5,0.0718857839117973,0.0599281142160882,0.0599078293818937,-0.255250001732683,0.255250001732683,force
0.39,0.70768202271729,0.00928518701189232,0,14.5,0.322390223790776,0.0596776097762092,0.0598875423811555,-0.250516075486214,0.250516075486214,force
0.391,1.65505550549804,0.00795873172447913,0,14.5,0.56815369045609,0.0594318463095439,0.0598672535233799,-0.245776648582613,0.245776648582613,force
0.392,2.81178440877573,0.00682177004955354,0,14.5,0.809122632821631,0.0591908773671784,0.059846963073858,-0.240983598567573,0.240983598567573,force
0.393,4.12678171415329,0.0303525884927765,0.171537499152114,14.5,1.04521279617312,0.0589547872038269,0.0598267055674818,-0.236106229930085,0.236106229930085,force
0.394,5.56650925323642,0.132360881301153,0.74441063815141,14.5,1.27631745609542,0.0587236825439046,0.0598065908727157,-0.231122076796878,0.231122076796878,force
0.395,7.10594051988577,0.348448742643148,1.64497591069512,14.5,1.50231219834367,0.0584976878016563,0.0597867787009554,-0.226013450432364,0.226013450432364,force
0.396,8.72495599598048,0.707768586387129,2.86368764885102,14.5,1.72305857363355,0.0582769414263665,0.0597674695769763,-0.220766314790354,0.220766314790354,force
0.397,10.4065717902496,1.19646050608179,4.12861202424975,14.5,1.93840700660799,0.058061592993392,0.0597488446216848,-0.215369541131539,0.215369541131539,force
0.398,12.1359614150923,1.82121019154376,5.56970830431558,14.5,2.1481999030551,0.0578518000969449,0.059731094315953,-0.209815106434686,0.209815106434686,force
0.399,13.899865900849,2.57455304700997,7.09461017980723,14.5,2.35227397760424,0.0576477260223958,0.0597143986902188,-0.204097314279586,0.204097314279586,force
0.4,15.686221767281,3.45279083741793,8.72221757986571,14.5,2.5504625273778,0.0574495374726222,0.0596989325973912,-0.198212740996656,0.198212740996656,force
0.401,17.4839159635221,4.46270137532248,10.5221646027498,14.5,2.74259739472468,0.0572574026052753,0.0596848803793166,-0.192159924994654,0.192159924994654,force
0.402,19.2826187222699,5.56282506913538,12.1635672320128,14.5,2.92851054598448,0.0570714894540155,0.0596723683344134,-0.185938983031565,0.185938983031565,force
0.403,21.0726785910636,6.76327070120149,13.9659444935981,14.5,3.10803634225325,0.0568919636577467,0.0596615369133951,-0.179552302261277,0.179552302261277,force
0.404,22.8450419362356,8.03132992611931,15.6396852756262,14.5,3.28101273861894,0.0567189872613811,0.0596524807752917,-0.17300346906625,0.17300346906625,force
0.405,24.5912068818623,9.38177202548543,17.4844246216822,14.5,3.44728311782955,0.0565527168821705,0.0596453152561274,-0.166297903549157,0.166297903549157,force
0.406,26.3031832852674,10.7928294746725,19.2591741697951,14.5,3.60669715663697,0.056393302843363,0.0596401252173919,-0.159441892494811,0.159441892494811,force
0.407,27.9734740694287,12.2511222937814,21.0008792084348,14.5,3.75911223720141,0.0562408877627986,0.0596369767886032,-0.152443134496731,0.152443134496731,force
0.408,29.595062542585,13.7625133769917,22.8308598762537,14.5,3.90439460318167,0.0560956053968183,0.059635944307331,-0.145310484820405,0.145310484820405,force
0.409,31.1614013754825,15.3041005716631,24.5536237396911,14.5,4.04242007644145,0.0559575799235586,0.0596370700481313,-0.138053516171211,0.138053516171211,force
0.41,32.6664133152767,16.8703289049407,26.2676989046065,14.5,4.17307519417256,0.0558269248058274,0.0596403885085982,-0.130682939199728,0.130682939199728,force
0.411,34.1044894645339,18.4616914805898,28.0098669344844,14.5,4.29625794503124,0.0557037420549688,0.059645934876671,-0.123210201644815,0.123210201644815,force
0.412,35.4704881601707,20.0566261679633,29.6262342922045,14.5,4.41187831246494,0.0555881216875351,0.0596537141533062,-0.115647295608051,0.115647295608051,force
0.413,36.7597405706644,21.6484672212514,31.1995135409801,14.5,4.51985912657731,0.0554801408734227,0.0596637220074159,-0.108007066172014,0.108007066172014,force
0.414,37.9680516572085,23.2060383407394,32.5514650576672,14.5,4.62013656662193,0.0553798634333781,0.059675910461093,-0.100302862095711,0.100302862095711,force
0.415,39.0917079453927,24.7534546657093,34.0379526155284,14.5,4.71266101729498,0.055287338982705,0.059690265297625,-0.0925488896938949,0.0925488896938949,force
0.416,40.1274683192642,26.2700832314816,35.3698546261153,14.5,4.79739686275644,0.0552026031372436,0.059706743414149,-0.0847591505275333,0.0847591505275333,force
0.417,41.0725683900731,27.7623033228612,36.7156238711389,14.5,4.87432300551268,0.0551256769944873,0.0597253106388011,-0.0769481663190022,0.0769481663190022,force
0.418,41.9247138621474,29.209427174791,37.8921702863697,14.5,4.94343283065626,0.0550565671693437,0.0597459038368458,-0.0691304242558122,0.0691304242558122,force
0.419,42.6820812856898,30.6253364946741,39.1207924139731,14.5,5.00473458160049,0.0549952654183995,0.0597684793079383,-0.0613207885170923,0.0613207885170923,force
0.42,43.3433059800488,31.9916933970407,40.1898348112398,14.5,5.05825105216647,0.0549417489478335,0.0597929676786942,-0.0535338164957766,0.0535338164957766,force
0.421,43.9074792585778,33.2775288372848,40.99254147875,14.5,5.10401978835048,0.0548959802116495,0.0598192562190664,-0.0457842685082591,0.0457842685082591,force
0.422,44.3741458345374,34.5099771015435,41.9046666870957,14.5,5.14209344673362,0.0548579065532664,0.0598472701870085,-0.0380872644382077,0.0380872644382077,force
0.423,44.74328196551,35.6915437211413,42.780943438728,14.5,5.17253905750779,0.0548274609424922,0.0598769383482181,-0.0304571880588194,0.0304571880588194,force
0.424,45.0152823541824,36.785571482616,43.3497380514644,14.5,5.19543767484338,0.0548045623251566,0.0599081381482938,-0.022908074343105,0.022908074343105,force
0.425,45.1909554353341,37.8017996967137,43.8991689812997,14.5,5.21088466816922,0.0547891153318308,0.0599407606678692,-0.0154542504552762,0.0154542504552762,force
0.426,45.2715012478226,38.7396547052281,44.3667847563143,14.5,5.21898913235971,0.0547810108676403,0.0599746961844565,-0.00810945435001157,0.00810945435001157,force
0.427,45.2584936561421,39.5897957800588,44.6906422290428,14.5,5.21987343646483,0.0547801265635352,0.0600098218985486,-0.000886973230083603,0.000886973230083603,force
0.428,45.1748703572141,40.3669863201992,45.030129561042,14.5,5.21367288433875,0.0547863271156613,0.0600460356793969,0.00620024463160187,0,force
0.429,45.0041814283822,41.0592208501735,45.2126280300193,14.5,5.20053169047572,0.0547994683095243,0.0600832185885871,0.0131432760661494,0,force
0.43,44.7457751183065,41.6614439419589,45.2747824926715,14.5,5.18060554908061,0.0548193944509194,0.0601212446101058,0.0199306277734914,0,force
0.431,44.4023191814005,42.1862146112523,45.3348386270127,14.5,5.15406160871797,0.054845938391282,0.0601600053105616,0.0265508315862832,0,force
0.432,43.9767656236709,42.6011932196244,45.0910648698571,14.5,5.12107762958693,0.0548789223704131,0.0601993469810691,0.032993262239115,0,force
0.433,43.4723354343103,42.9471643833731,45.0229913658651,14.5,5.08184191199775,0.0549181580880023,0.0602391730112058,0.0392473659838053,0,force
0.434,42.8924857399855,43.2249420740354,44.8916082180093,14.5,5.03655189342243,0.0549634481065776,0.0602793879301094,0.0453039926415723,0,force
0.435,42.2408857959421,43.3865859616017,44.3564492869996,14.5,4.98541344417868,0.0550145865558213,0.0603198291504557,0.0511546968206752,0,force
0.436,41.5214035817685,43.4708410815056,43.9763718009285,14.5,4.92864101220519,0.0550713589877948,0.0603603883279698,0.0567908885497977,0,force
0.437,40.7380722879337,43.4735599238846,43.4898729781591,14.5,4.86645620050431,0.0551335437994957,0.0604009513118632,0.0622054013577486,0,retract
0.438,39.8903119866213,43.3845865734377,42.8507464707557,14.5,4.79870579658261,0.0552012942034174,0.0604039313098529,0.0677732168832016,0,retract
0.439,38.9871499182411,43.2420945176572,42.3871421829748,14.5,4.72599757752299,0.055274002422477,0.0604128447559558,0.0727329940770187,0,retract
0.44,38.0321081653387,42.9961437963795,41.5204394687134,14.5,4.64849929037069,0.0553515007096293,0.0604276518283723,0.0775249555738898,0,retract
0.441,37.02881476513,42.6733568990275,40.7366355149151,14.5,4.56638344302111,0.0554336165569789,0.0604483127053031,0.0821443335617388,0,retract
0.442,35.9809861915119,42.2852048721375,39.9562927107976,14.5,4.47982667111243,0.0555201733288876,0.0604747875649488,0.0865869939110269,0,retract
0.443,34.89241010446,41.8064739672778,38.9340885381196,14.5,4.38900910188874,0.0556109908981113,0.06050703658551,0.0908494392457139,0,retract
0.444,33.7669284844244,41.2814045963311,38.1309883706505,14.5,4.29411371754624,0.0557058862824538,0.0605450199451872,0.0949288094929683,0,retract
0.445,32.6084212657952,40.6647926110352,36.9651206992598,14.5,4.19532572050031,0.0558046742794997,0.060588697822181,0.0988228799899931,0,retract
0.446,31.4207905796068,39.9926368776043,35.9597024770189,14.5,4.09283190291183,0.0559071680970882,0.060638030394692,0.102530057241265,0,retract
0.447,30.2079457118232,39.2638008934937,34.8907849888305,14.5,3.98682002271158,0.0560131799772884,0.0606929778409209,0.106049372434033,0,retract
0.448,28.9737888796733,38.4779823250415,33.7630709143283,14.5,3.8774781882322,0.0561225218117678,0.0607535003390681,0.109380472834091,0,retract
0.449,27.7222019251141,37.6337275854658,32.5681991480116,14.5,3.76499425342492,0.0562350057465751,0.0608195580673342,0.112523611197631,0,retract
0.45,26.4570340217616,36.7437184953691,31.4036639547885,14.5,3.64955522549045,0.0563504447745096,0.0608911112039199,0.115479633348424,0,retract
0.451,25.1820904898683,35.8060923604941,30.1803355512442,14.5,3.53134668659005,0.05646865331341,0.0609681199270257,0.118249964082769,0,retract
0.452,23.9011228136409,34.8443137515697,29.0736420980231,14.5,3.4105522311258,0.0565894477688742,0.0610505444148522,0.120836591577705,0,retract
0.453,22.617819956993,33.8375418918175,27.7969107333042,14.5,3.28735291989559,0.0567126470801044,0.0611383448456,0.123242050491115,0,retract
0.454,21.3358010782971,32.7838453417901,26.4616660416258,14.5,3.16192675222238,0.0568380732477776,0.0612314813974697,0.125469403955797,0,retract
0.455,20.058609752964,31.7103640379671,25.2694762150296,14.5,3.034448156945,0.056965551843055,0.0613299142486618,0.127522224683779,0,retract
0.456,18.7897098258966,30.6020728118679,23.9523254552722,14.5,2.905087502924,0.057094912497076,0.061433603577377,0.129404575412584,0,retract
0.457,17.5324830359155,29.4593398392671,22.6029420036623,14.5,2.77401062946907,0.0572259893705309,0.0615425095618158,0.13112098894255,0,retract
0.458,16.2902285835869,28.2973144471126,21.3251620941856,14.5,2.64137839682577,0.0573586216031742,0.0616565923801788,0.132676448034672,0,retract
0.459,15.0661648560718,27.1082277169995,19.9737073363211,14.5,2.50734625656624,0.0574926537434338,0.0617758122106666,0.134076365463151,0,retract
0.46,13.8634335828603,25.9293152438531,18.8558404049748,14.5,2.37206384140137,0.0576279361585986,0.0619001292314797,0.135326564547708,0,retract
0.461,12.6851067823908,24.7381655498861,17.5912673860839,14.5,2.23567457357098,0.057764325426429,0.0620295036208188,0.136433260530636,0,retract
0.462,11.5341969833293,23.5321534334315,16.2960807347039,14.5,2.09831529055087,0.0579016847094491,0.0621638955568845,0.137403043216194,0,retract
0.463,10.4136713841886,22.3251371920812,15.0830397439798,14.5,1.96011588632492,0.0580398841136751,0.0623032652178772,0.138242861361141,0,retract
0.464,9.32647088063265,21.119896080414,13.8884494104105,14.5,1.82119896588744,0.0581788010341126,0.0624475727819977,0.138960009403348,0,retract
0.465,8.27553528992069,19.9235857963269,12.745724091804,14.5,1.68167950991516,0.0583183204900848,0.0625967784274464,0.139562117253657,0,retract
0.466,7.26383671959189,18.7243180622528,11.5287116578082,14.5,1.54166454562382,0.0584583354543762,0.062750842332424,0.140057144074807,0,retract
0.467,6.29442400957643,17.5389980861313,10.4270782294027,14.5,1.40125281861019,0.0585987471813898,0.0629097246751311,0.140453377263772,0,retract
0.468,5.37048279444827,16.3505022391532,9.2195271572844,14.5,1.2605344588234,0.0587394655411766,0.0630733856337682,0.140759438295963,0,retract
0.469,4.49541851149288,15.1920260174853,8.24116868747772,14.5,1.11959063146141,0.0588804093685386,0.0632417853865359,0.140984297779233,0,retract
0.47,3.67297470396155,14.0599341632912,7.26738303812697,14.5,0.978493160124973,0.059021506839875,0.0634148841116348,0.141137303181574,0,retract
0.471,2.90740863555052,12.9419282585107,6.23389282982765,14.5,0.837304104214211,0.0591626958957858,0.0635926419872655,0.141228224585893,0,retract
0.472,2.20376634817978,11.8546927629271,5.33127978942565,14.5,0.696075263815356,0.0593039247361846,0.0637750191916285,0.141267327208441,0,retract
0.473,1.56834563189536,10.8011305692302,4.47975740704857,14.5,0.55484757009689,0.0594451524299031,0.0639619759029246,0.141265485919455,0,retract
0.474,1.00955793401931,9.78751400412027,3.70581461346073,14.5,0.413650290293464,0.0595863497097065,0.0641534722993541,0.141234370715419,0,retract
0.475,0.539797416651077,8.80011587351729,2.87572708989938,14.5,0.272499914592265,0.0597275000854077,0.0643494685591177,0.141186764936142,0,retract
0.476,0.180745102005517,7.86630703148725,2.26345397930704,14.5,0.131398435440432,0.0598686015645596,0.0645499248604161,0.141137173085873,0,retract
0.477,0,6.97716932652636,1.64234309676101,14.5,0,0.0600096698080068,0.0647548013814497,0.141103256289577,0,retract
0.478,0,6.1279865773273,1.0328900821329,14.5,0,0.060150748485164,0.0649640583004193,0.141113035122081,0,retract
0.479,0,5.33782953934804,0.596887311472532,14.5,0,0.0602919091389287,0.0651776557955252,0.14119439441825,0,retract
0.48,0,4.58703354700129,0.0822575929207467,14.5,0,0.0604332220599085,0.0653955540449682,0.141346080120623,0,retract
0.481,0,3.93174304028682,0,14.5,0,0.0605747562953432,0.0656177132269488,0.141566847193991,0,retract
0.482,0,3.37802254942785,0.0556996042740589,14.5,0,0.0607165796581597,0.0658440935196676,0.141855459754157,0,retract
0.483,0,2.91089370627868,0.108120647383671,14.5,0,0.0608587587361502,0.0660746551013251,0.142210691185509,0,retract
0.484,0,2.49505174823887,0,14.5,0,0.061001358901261,0.066309358150122,0.142631324247764,0,retract
0.485,0,2.14911695104669,0.0735081678936076,14.5,0,0.0611444443189831,0.0665481628442589,0.143116151172225,0,retract
0.486,0,1.84210024375431,0,14.5,0,0.0612880779578315,0.0667910293619363,0.143663973747908,0,retract
0.487,0,1.57894306607512,0,14.5,0,0.0614323215989083,0.0670379178813549,0.144273603397868,0,retract
0.488,0,1.35337977092153,0,14.5,0,0.0615772358455322,0.0672887885807151,0.144943861246084,0,retract
0.489,0,1.16003980364703,0,14.5,0,0.0617228801329333,0.0675436016382176,0.145673578175216,0,retract
0.49,0,0.994319831697452,0,14.5,0,0.0618693127379986,0.0678023172320629,0.146461594875586,0,retract
0.491,0,0.861892148087278,0.0673260464262346,14.5,0,0.0620165907890625,0.0680648955404517,0.147306761885693,0,retract
0.492,0,0.738764698360524,0,14.5,0,0.062164770275732,0.0683312967415845,0.148207939624596,0,retract
0.493,0,0.633226884309021,0,14.5,0,0.0623139060587401,0.068601481013662,0.149163998416459,0,retract
0.494,0,0.542765900836303,0,14.5,0,0.0624640518798206,0.0688754085348846,0.1501738185076,0,retract
0.495,0,0.465227915002546,0,14.5,0,0.0626152603715929,0.069153039483453,0.151236290076313,0,retract
0.496,0,0.398766784287896,0,14.5,0,0.0627675830674551,0.0694343340375678,0.152350313235788,0,retract
0.497,0,0.341800100818197,0,14.5,0,0.0629210704114747,0.0697192523754295,0.153514798030395,0,retract
0.498,0,0.293292946984403,0.00225002398164142,14.5,0,0.0630757717682724,0.0700077546752387,0.154728664425647,0,retract
0.499,0,0.25139395455806,0,14.5,0,0.0632317354328919,0.070299801115196,0.155990842292095,0,retract
0.5,0,0.215480532478337,0,14.5,0,0.0633890086406501,0.0705953518735021,0.157300271383435,0,retract
0.501,0,0.184697599267146,0,14.5,0,0.0635476375769627,0.0708943671283574,0.158655901309103,0,retract
0.502,0,0.16047583685959,0.0151452624142536,14.5,0,0.0637076673871382,0.0711968070579625,0.160056691501604,0,retract
0.503,0,0.13755071730822,0,14.5,0,0.0638691421861374,0.0715026318405181,0.161501611178837,0,retract
0.504,0,0.117900614835617,0,14.5,0,0.0640321050682914,0.0718118016542248,0.162989639301661,0,retract
0.505,0,0.1010576698591,0,14.5,0,0.0641965981169756,0.072124276677283,0.16451976452694,0,retract
0.506,0,0.0866208598792289,0,14.5,0,0.0643626624142326,0.0724400170878934,0.166090985156301,0,retract
0.507,0,0.0742464513250534,0,14.5,0,0.064530338050343,0.0727589830642566,0.167702309080842,0,retract
0.508,0,0.0636398154214743,0,14.5,0,0.0646996641333381,0.0730811347845732,0.169352753721999,0,retract
0.509,0,0.0622805823700844,0.0541251840617447,14.5,0,0.0648706787984508,0.0734064324270437,0.171041345968794,0,retract
0.51,0,0.0533833563172152,0,14.5,0,0.0650434192175022,0.0737348361698687,0.172767122111675,0,retract
0.511,0,0.0553132127901773,0.0668923516279501,14.5,0,0.0652179216082207,0.0740663061912488,0.174529127773145,0,retract
0.512,0,0.0474113252487234,0,14.5,0,0.0653942212434889,0.0744008026693846,0.176326417835389,0,retract
0.513,0,0.0406382787846201,0,14.5,0,0.0655723524605175,0.0747382857824767,0.178158056365073,0,retract
0.514,0,0.039116713696259,0.0299873231660929,14.5,0,0.0657523486699419,0.0750787157087256,0.18002311653552,0,retract
0.515,0,0.0347802209561103,0.0087612645152178,14.5,0,0.0659342423648395,0.075422052626332,0.181920680546425,0,retract
0.516,0,0.0384729117710233,0.0606290566605017,14.5,0,0.066118065129666,0.0757682567134964,0.183849839541299,0,retract
0.517,0,0.03297678151802,0,14.5,0,0.0663038476491079,0.0761172881484194,0.185809693522801,0,retract
0.518,0,0.0372842538332955,0.0631290877249487,14.5,0,0.0664916197168484,0.0764691071093016,0.187799351266121,0,retract
0.519,0,0.0385013597706848,0.0458039953950203,14.5,0,0.0666814102442468,0.0768236737743435,0.189817930230582,0,retract
0.52,0,0.0330011655177298,0,14.5,0,0.0668732472689285,0.0771809483217458,0.191864556469598,0,retract
0.521,0,0.0282867133009113,0,14.5,0,0.0670671579632837,0.0775408909297091,0.193938364539154,0,retract
0.522,0,0.0286717818832211,0.0309821933770798,14.5,0,0.0672631686428739,0.0779034617764338,0.196038497404933,0,retract
0.523,0,0.0245758130427609,0,14.5,0,0.0674613047747456,0.0782686210401207,0.198164106348241,0,retract
0.524,0,0.0326772967847276,0.081286199236528,14.5,0,0.0676615909856496,0.0786363288989702,0.200314350870855,0,retract
0.525,0,0.0315345592395669,0.0246781339686025,14.5,0,0.0678640510701626,0.079006545531183,0.202488398598927,0,retract
0.526,0,0.029625374604121,0.0181702667914459,14.5,0,0.0680687079987163,0.0793792311149597,0.20468542518606,0,retract
0.527,0,0.0253931782321037,0,14.5,0,0.0682755839255252,0.0797543458285008,0.206904614215691,0,retract
0.528,0,0.0219779871658498,0.00148684076832613,14.5,0,0.0684847001964198,0.0801318498500069,0.209145157102875,0,retract
0.529,0,0.0188382747135855,0,14.5,0,0.0686960773565795,0.0805117033576786,0.21140625299559,0,retract
0.53,0,0.0161470926116448,0,14.5,0,0.0689097351581679,0.0808938665297165,0.21368710867568,0,retract
0.531,0,0.0194704980013585,0.0394109303396408,14.5,0,0.0691256925678687,0.0812782995443212,0.215986938459518,0,retract
0.532,0,0.0220286139407316,0.0373773095769704,14.5,0,0.0693439677743228,0.0816649625796932,0.218304964098496,0,retract
0.533,0,0.0188816690920557,0,14.5,0,0.0695645781954652,0.0820538158140331,0.220640414679444,0,retract
0.534,0,0.0161842877931906,0,14.5,0,0.0697875404857634,0.0824448194255416,0.222992526525053,0,retract
0.535,0,0.0138722466798776,0,14.5,0,0.0700128705433566,0.0828379335924192,0.225360543094404,0,retract
0.536,0,0.0118904971541808,0,14.5,0,0.0702405835170951,0.0832331184928664,0.227743714883671,0,retract
0.537,0,0.0205446826441433,0.0724697955839179,14.5,0,0.0704706938134813,0.0836303343050839,0.230141299327089,0,retract
0.538,0,0.0176097279806942,0,14.5,0,0.0707032151035123,0.0840295412072722,0.232552560698263,0,retract
0.539,0,0.0150940525548808,0,14.5,0,0.0709381603294243,0.084430699377632,0.234976770011877,0,retract
0.54,0,0.013102575236773,0.00115371132812624,14.5,0,0.0711755417113385,0.0848337689943638,0.237413204925896,0,retract
0.541,0,0.0196210153539821,0.0587316560572369,14.5,0,0.0714153707538111,0.0852387102356682,0.239861149644299,0,retract
0.542,0,0.0168180131605561,0,14.5,0,0.0716576582522859,0.0856454832797458,0.242319894820436,0,retract
0.543,0,0.0144154398519052,0,14.5,0,0.0719024142994517,0.0860540483047971,0.244788737461046,0,retract
0.544,0,0.0124725605591461,0.000815284802591662,14.5,0,0.0721496482915029,0.0864643654890228,0.247266980831005,0,retract
0.545,0,0.0106907661935538,0,14.5,0,0.0723993689343072,0.0868763950106234,0.249753934358858,0,retract
0.546,0,0.009163513880189,0,14.5,0,0.07265158424948,0.0872900970477995,0.252248913543183,0,retract
0.547,0,0.0152871532792518,0.0520289896736287,14.5,0,0.0729063015803637,0.0877054317787518,0.254751239859841,0,retract
0.548,0,0.0170564696937672,0.0276723681808597,14.5,0,0.0731635275979182,0.0881223593816807,0.257260240670157,0,retract
0.549,0,0.0146198311660862,0,14.5,0,0.0734232683065178,0.0885408400347868,0.25977524913008,0,retract
0.55,0,0.0129443575044656,0.00289151553474205,14.5,0,0.0736855290496604,0.0889608339162708,0.262295604100352,0,retract
0.551,0,0.0139651085204795,0.0200896146165627,14.5,0,0.0739503145155861,0.0893823012043332,0.264820650057741,0,retract
0.552,0,0.030016840796518,0.126327234452749,14.5,0,0.0742176287428093,0.0898052020771747,0.267349737007373,0,retract
0.553,0,0.0257287206827297,0,14.5,0,0.0744874751255637,0.0902294967129957,0.269882220396188,0,retract
0.554,0,0.0261719805782581,0.0288315399514288,14.5,0,0.0747598564191616,0.0906551452899969,0.272417461027559,0,retract
0.555,0,0.0253782032111733,0.0206155390086641,14.5,0,0.0750347747452697,0.0910821079863789,0.274954824977117,0,retract
0.556,0,0.0350792677353275,0.0932856548802529,14.5,0,0.0753122315971011,0.0915103449803422,0.277493683509788,0,retract
0.557,0,0.0316588671861349,0.0111364638909793,14.5,0,0.0755922278445251,0.0919398164500874,0.280033412998094,0,retract
0.558,0,0.0271361718738299,0,14.5,0,0.0758747637390982,0.0923704825738152,0.282573394841721,0,retract
0.559,0,0.025452781045603,0.0153524360762417,14.5,0,0.0761598389190132,0.092802303529726,0.285113015388403,0,retract
0.56,0,0.0218166694676597,0,14.5,0,0.0764474524139741,0.0932352394960205,0.287651665856114,0,retract
0.561,0,0.0271599917061866,0.0592199251373479,14.5,0,0.0767376026499897,0.0936692506508993,0.290188742256618,0,retract
0.562,0,0.0232799928910171,0,14.5,0,0.0770302874540962,0.0941042971725629,0.292723645320378,0,retract
0.563,0,0.0199542796208718,0,14.5,0,0.0773255040590031,0.0945403392392119,0.295255780422846,0,retract
0.564,0,0.023302133906022,0.043389259616923,14.5,0,0.0776232491076684,0.0949773370290469,0.297784557512152,0,retract
0.565,0,0.0199732576337331,0,14.5,0,0.0779235186578022,0.0954152507202686,0.300309391038201,0,retract
0.566,0,0.0213724475722878,0.0297675872036155,14.5,0,0.0782263081862991,0.0958540404910774,0.302829699883205,0,retract
0.567,0,0.0215316521130637,0.0224868793577192,14.5,0,0.0785316125936058,0.0962936665196739,0.305344907293638,0,retract
0.568,0,0.020408135310125,0.013667034492493,14.5,0,0.0788394262080186,0.0967340889842588,0.30785444081365,0,retract
0.569,0,0.028110163340912,0.0743223315256336,14.5,0,0.0791497427899174,0.0971752680630326,0.310357732219935,0,retract
0.57,0,0.0240944257207817,0,14.5,0,0.0794625555359355,0.0976171639341959,0.312854217458062,0,retract
0.571,0,0.0206523649035272,0,14.5,0,0.0797778570830665,0.0980597367759494,0.315343336580279,0,retract
0.572,0,0.0177020270601661,0,14.5,0,0.0800956395127112,0.0985029467664934,0.317824533684798,0,retract
0.573,0,0.015173166051571,0,14.5,0,0.0804158943546646,0.0989467540840288,0.320297256856561,0,retract
0.574,0,0.0130055709013465,0,14.5,0,0.0807386125910446,0.0993911189067559,0.322760958109491,0,retract
0.575,0,0.0134792529327876,0.0163213451214339,14.5,0,0.081063784660165,0.0998360014128755,0.325215093330241,0,retract
0.576,0,0.0115536453709608,0,14.5,0,0.0813914004603531,0.100281361780588,0.327659122223422,0,retract
0.577,0,0.00990312460368068,0,14.5,0,0.0817214493537145,0.100727160188094,0.330092508258338,0,retract
0.578,0,0.0152607584296311,0.0474065613853339,14.5,0,0.082053920169844,0.101173356813595,0.332514718617201,0,retract
0.579,0,0.0140223207099703,0.00659169439200519,14.5,0,0.0823888012094894,0.10161991183529,0.334925224144853,0,retract
0.58,0,0.0120191320371174,0,14.5,0,0.0827260802481622,0.10206678543138,0.337323499299964,0,retract
0.581,0,0.0184686147289294,0.0571655108798014,14.5,0,0.083065744539705,0.102513937780067,0.339709022107732,0,retract
0.582,0,0.0173954591097231,0.0109565253944854,14.5,0,0.0834077808198095,0.102961329059549,0.342081274114059,0,retract
0.583,0,0.0149103935226198,0,14.5,0,0.0837521753094921,0.103408919448029,0.344439740341215,0,retract
0.584,0,0.0127803373051027,0,14.5,0,0.0840989137185249,0.103856669123707,0.346783909244977,0,retract
0.585,0,0.0269440348645897,0.111926220221512,14.5,0,0.0844479812488271,0.104304538264783,0.349113272673248,0,retract
0.586,0,0.0238902761692293,0.00556772399706681,14.5,0,0.084799362597814,0.104752487049457,0.351427325826128,0,retract
0.587,0,0.0204773795736251,0,14.5,0,0.085153041961709,0.105200475655932,0.353725567217462,0,retract
0.588,0,0.0230412726995189,0.0384246314548816,14.5,0,0.0855090030388181,0.105648464262406,0.356007498637834,0,retract
0.589,0,0.0197496623138733,0,14.5,0,0.0858672290327684,0.10609641304708,0.358272625119008,0,retract
0.59,0,0.01692828198332,0,14.5,0,0.086227702655712,0.106544282188156,0.360520454899807,0,retract
0.591,0,0.0155994640350189,0.00762655634521254,14.5,0,0.0865904061314981,0.106992031863834,0.362750499393429,0,retract
0.592,0,0.0133709691728734,0,14.5,0,0.086955321198812,0.107439622252314,0.364962273156171,0,retract
0.593,0,0.0199850704358274,0.0596696780135517,14.5,0,0.0873224291142864,0.107887013531797,0.367155293857582,0,retract
0.594,0,0.021525172594804,0.0307657855486633,14.5,0,0.0876917106555818,0.108334165880483,0.369329082251998,0,retract
0.595,0,0.0184501479384034,0,14.5,0,0.0880631461244406,0.108781039476574,0.371483162151487,0,retract
0.596,0,0.0158144125186315,0,14.5,0,0.088436715349716,0.109227594498269,0.373617060400159,0,retract
0.597,0,0.0135552107302556,0,14.5,0,0.0888123976903751,0.109673791123769,0.375730306849857,0,retract
0.598,0,0.0124504909357123,0.00582217216845302,14.5,0,0.0891901720384803,0.110119589531275,0.377822434337199,0,retract
0.599,0,0.0106718493734677,0,14.5,0,0.0895700168221474,0.110564949898988,0.379892978661964,0,retract
0.6,0,0.00966582095927921,0.00362965047414817,14.5,0,0.089951910008485,0.111009832405107,0.381941478566821,0,retract
0.601,0,0.012598135662885,0.0301920238845195,14.5,0,0.0903358291065126,0.111454197227835,0.383967475718364,0,retract
0.602,0,0.0278502940904873,0.119363244656101,14.5,0,0.0907217511700637,0.11189800454537,0.385970514689467,0,retract
0.603,0,0.0238716806489891,0,14.5,0,0.0911096528006695,0.112341214535914,0.387950142942924,0,retract
0.604,0,0.0204614405562763,0,14.5,0,0.0914995101504297,0.112783787377667,0.389905910816375,0,retract
0.605,0,0.0175383776196654,0,14.5,0,0.0918912989248679,0.113225683248831,0.391837371508494,0,retract
0.606,0,0.0150328951025704,0,14.5,0,0.0922849943857747,0.113666862327604,0.393744081066429,0,retract
0.607,0,0.012885338659346,0,14.5,0,0.0926805713540397,0.114107284792189,0.395625598374482,0,retract
0.608,0,0.0110445759937252,0,14.5,0,0.093078004212473,0.114546910820786,0.397481485144007,0,retract
0.609,0,0.0171390245874054,0.0537057161494865,14.5,0,0.093477266908617,0.114985700591595,0.399311305904516,0,retract
0.61,0,0.0146905925034903,0,14.5,0,0.0938783329575523,0.115423614282816,0.401114627995977,0,retract
0.611,0,0.0125919364315631,0,14.5,0,0.0942811754446944,0.115860612072651,0.402891021562287,0,retract
0.612,0,0.0107930883699112,0,14.5,0,0.0946857670285867,0.1162966541393,0.404640059545905,0,retract
0.613,0,0.00925121860278107,0,14.5,0,0.0950920799436887,0.116731700660964,0.406361317683622,0,retract
0.614,0,0.0141134974454596,0.0432871705015306,14.5,0,0.0955000860031609,0.117165711815843,0.408054374503474,0,retract
0.615,0,0.0120972835246796,0,14.5,0,0.0959097566016472,0.117598647782137,0.409718811322743,0,retract
0.616,0,0.0164757348220387,0.0427464426061933,14.5,0,0.0963210627180569,0.118030468738048,0.411354212247069,0,retract
0.617,0,0.0213596033831638,0.0506628147499141,14.5,0,0.0967339749183473,0.118461134861776,0.412960164170629,0,retract
0.618,0,0.0183082314712832,0,14.5,0,0.097148463358305,0.118890606331521,0.414536256777379,0,retract
0.619,0,0.0156927698325285,0,14.5,0,0.0975644977863327,0.119318843325484,0.416082082543331,0,retract
0.62,0,0.0194516573890799,0.0420049827283883,14.5,0,0.0979820475462365,0.119745806021866,0.417597236739865,0,retract
0.621,0,0.0172830222520385,0.00427121142978988,14.5,0,0.0984010815800192,0.120171454598868,0.419081317438033,0,retract
0.622,0,0.0148140190731758,0,14.5,0,0.0988215684306774,0.120595749234689,0.420533925513857,0,retract
0.623,0,0.0146755688220687,0.013844867315426,14.5,0,0.0992434762450061,0.12101865010753,0.421954664654604,0,retract
0.624,0,0.0125790589903446,0,14.5,0,0.099666772776409,0.121440117395592,0.423343141365993,0,retract
0.625,0,0.017602503084178,0.0477431676471784,14.5,0,0.100091425387718,0.121860111277076,0.424698964980353,0,retract
0.626,0,0.0180656989007141,0.020844873799931,14.5,0,0.100517401054021,0.122278591930183,0.426021747665685,0,retract
0.627,0,0.0281147826881824,0.0884092854129916,14.5,0,0.100944666365501,0.122695519533112,0.427311104435618,0,retract
0.628,0,0.0274261188947341,0.0232941361340449,14.5,0,0.101373187530284,0.123110854264064,0.428566653160247,0,retract
0.629,0,0.0340782356138812,0.0739909359287638,14.5,0,0.101802930377297,0.12352455630124,0.42978801457782,0,retract
0.63,0,0.0292099162404696,0,14.5,0,0.102233860359146,0.12393658582284,0.430974812307266,0,retract
0.631,0,0.0250370710632597,0,14.5,0,0.102665942554997,0.124346903007066,0.432126672861544,0,retract
0.632,0,0.0214603466256512,0,14.5,0,0.103099141673479,0.124755468032117,0.43324322566178,0,retract
0.633,0,0.0321972326249483,0.0966185486207313,14.5,0,0.103533422055598,0.125162241076195,0.43432410305219,0,retract
0.634,0,0.0275976279642414,0,14.5,0,0.103968747677667,0.125567182317499,0.435368940315763,0,retract
0.635,0,0.0245583262729505,0.00632251612520526,14.5,0,0.104405082154255,0.125970251934231,0.436377375690678,0,retract
0.636,0,0.0211647092140463,0.000803006860620558,14.5,0,0.104842388741148,0.126371410104591,0.437349050387438,0,retract
0.637,0,0.0205177114825425,0.01663572509352,14.5,0,0.105280630338333,0.126770617006779,0.438283608606706,0,retract
0.638,0,0.0175866098421793,0,14.5,0,0.105719769492998,0.127167832818997,0.439180697557821,0,retract
0.639,0,0.0150742370075823,0,14.5,0,0.106159768402551,0.127563017719444,0.440039967477966,0,retract
0.64,0,0.0129207745779276,0,14.5,0,0.106600588917657,0.127956131886322,0.440861071651976,0,retract
0.641,0,0.0110749496382237,0,14.5,0,0.107042192545303,0.12834713549783,0.441643666432762,0,retract
0.642,0,0.00949281397562031,0,14.5,0,0.107484540451872,0.12873598873217,0.442387411262338,0,retract
0.643,0,0.0115651623848961,0.0239992528405508,14.5,0,0.10792759346625,0.129122651767542,0.443091968693408,0,retract
0.644,0,0.00991299632991093,0,14.5,0,0.108371312082946,0.129507084782147,0.443757004411525,0,retract
0.645,0,0.0269172418834417,0.128942715204626,14.5,0,0.108815656465244,0.129889247954185,0.44438218725777,0,retract
0.646,0,0.0236835529742056,0.0042814195187887,14.5,0,0.109260586448366,0.130269101461856,0.444967189251958,0,retract
0.647,0,0.0203001882636048,0,14.5,0,0.109706061542674,0.130646605483362,0.445511685616321,0,retract
0.648,0,0.0243361747984346,0.0485520940074136,14.5,0,0.110152040936878,0.131021720196904,0.446015354799674,0,retract
0.649,0,0.0208595783986582,0,14.5,0,0.110598483501289,0.13139440578068,0.446477878502028,0,retract
0.65,0,0.0178796386274213,0,14.5,0,0.111045347791076,0.131764622412893,0.446898941699629,0,retract
0.651,0,0.0301025550389274,0.103440053507964,14.5,0,0.111492592049568,0.132132330271743,0.447278232670414,0,retract
0.652,0,0.0258021900333664,0,14.5,0,0.111940174211564,0.132497489535429,0.447615443019841,0,retract
0.653,0,0.0263066103122892,0.0293331319858261,14.5,0,0.112388051906686,0.132860060382154,0.447910267707101,0,retract
0.654,0,0.0225485231248193,0,14.5,0,0.112836182462743,0.133220002990117,0.448162405071665,0,retract
0.655,0,0.0204056062128645,0.00754810474113551,14.5,0,0.113284522909136,0.13357727753752,0.448371556860156,0,retract
0.656,0,0.020745802007031,0.0227869767720299,14.5,0,0.113733029980276,0.133931844202562,0.448537428253533,0,retract
0.657,0,0.0177821160060265,0,14.5,0,0.114181660119045,0.134283663163444,0.448659727894543,0,retract
0.658,0,0.0152418137194513,0,14.5,0,0.114630369480269,0.134632694598367,0.448738167915453,0,retract
0.659,0,0.0142017597232358,0.00796143574594282,14.5,0,0.115079113934231,0.134978898685531,0.448772463966007,0,retract
0.66,0,0.0145978281996128,0.0169742390578749,14.5,0,0.115527849070208,0.135322235603138,0.448762335241608,0,retract
0.661,0,0.0125124241710967,0,14.5,0,0.115976530200032,0.135662665529387,0.448707504511706,0,retract
0.662,0,0.0139591159984595,0.0226392669626362,14.5,0,0.116425112361688,0.136000148642479,0.448607698148353,0,retract
0.663,0,0.0119649565701081,0,14.5,0,0.116873550322935,0.136334645120614,0.448462646154926,0,retract
0.664,0,0.0102556770600927,0,14.5,0,0.117321798584956,0.136666115141995,0.448272082194981,0,retract
0.665,0,0.00908464404004068,0.00205844591972861,14.5,0,0.11776981138604,0.13699451888482,0.448035743621227,0,retract
0.666,0,0.0104787696055774,0.018843522998798,14.5,0,0.11821754270529,0.13731981652729,0.447753371504593,0,retract
0.667,0,0.0154908067018346,0.0455630292793775,14.5,0,0.118664946266363,0.137641968247607,0.447424710663383,0,retract
0.668,0,0.0199410541669151,0.0466425389573984,14.5,0,0.119111975541236,0.13796093422397,0.447049509692465,0,retract
0.669,0,0.0216783693259299,0.0321022602800186,14.5,0,0.119558583754003,0.13827667463458,0.446627520992522,0,retract
0.67,0,0.0296848940859729,0.0777240426462307,14.5,0,0.120004723884706,0.138589149657639,0.446158500799301,0,retract
0.671,0,0.0329481138858035,0.052527432684787,14.5,0,0.120450348673183,0.138898319471345,0.445642209212866,0,retract
0.672,0,0.0282412404735458,0,14.5,0,0.120895410622958,0.139204144253901,0.44507841022683,0,retract
0.673,0,0.0294013541936322,0.0363620365141503,14.5,0,0.121339862005155,0.139506584183506,0.44446687175754,0,retract
0.674,0,0.0257371984617704,0.00375226407059954,14.5,0,0.121783654862437,0.139805599438361,0.443807365673204,0,retract
0.675,0,0.0220604558243746,0,14.5,0,0.122226741012985,0.140101150196667,0.443099667822941,0,retract
0.676,0,0.0189089621351782,0,14.5,0,0.122669072054494,0.140393196636625,0.442343558065718,0,retract
0.677,0,0.0247442357513435,0.0597558774483354,14.5,0,0.123110599368205,0.140681698936434,0.441538820299192,0,retract
0.678,0,0.0255039987128751,0.0300625764820646,14.5,0,0.123551274122963,0.140966617274296,0.440685242488397,0,retract
0.679,0,0.0218605703253215,0,14.5,0,0.123991047279306,0.14124791182841,0.439782616694281,0,retract
0.68,0,0.0202940426120084,0.0108948763321297,14.5,0,0.124429869593583,0.141525542776979,0.438830739102083,0,retract
0.681,0,0.0173948936674358,0,14.5,0,0.124867691622092,0.141799470298201,0.437829410049499,0,retract
0.682,0,0.0149099088578021,0,14.5,0,0.125304463725258,0.142069654570279,0.436778434054666,0,retract
0.683,0,0.0146810175418168,0.0133076696459047,14.5,0,0.12574013607183,0.142336055771412,0.435677619843896,0,retract
0.684,0,0.0151674354029737,0.0180859425699155,14.5,0,0.126174658643111,0.1425986340798,0.434526780379193,0,retract
0.685,0,0.0130006589168346,0,14.5,0,0.126607981237208,0.142857349673646,0.433325732885495,0,retract
0.686,0,0.0111434219287154,0,14.5,0,0.127040053473322,0.143112162731148,0.432074298877651,0,retract
0.687,0,0.0123416151434184,0.0195307744316365,14.5,0,0.12747082479605,0.143363033430508,0.430772304187104,0,retract
0.688,0,0.0181370878664701,0.0529099242047806,14.5,0,0.127900244479721,0.143609921949927,0.429419578988273,0,retract
0.689,0,0.0199318615121842,0.0307005033864685,14.5,0,0.128328261632761,0.143852788467604,0.42801595782461,0,retract
0.69,0,0.0170844527247293,0,14.5,0,0.128754825202077,0.144091593161741,0.426561279634324,0,retract
0.691,0,0.0155041466493119,0.00602231019680728,14.5,0,0.129179883977471,0.144326296210538,0.425055387775752,0,retract
0.692,0,0.0182567717741385,0.0347725225230982,14.5,0,0.129603386596074,0.144556857792196,0.423498130052368,0,retract
0.693,0,0.0294543712554374,0.0966399681432308,14.5,0,0.130025281546815,0.144783238084915,0.421889358737413,0,retract
0.694,0,0.0252466039332321,0,14.5,0,0.130445517174903,0.145005397266895,0.42022893059813,0,retract
0.695,0,0.0276388136296917,0.0419920718084497,14.5,0,0.130864041686336,0.145223295516338,0.418516706919597,0,retract
0.696,0,0.0236904116825929,0,14.5,0,0.131280803152441,0.145436893011444,0.416752553528144,0,retract
0.697,0,0.0203060671565082,0,14.5,0,0.131695749514427,0.145646149930414,0.414936340814328,0,retract
0.698,0,0.0174052004198642,0,14.5,0,0.132108828587963,0.145851026451447,0.413067943755481,0,retract
0.699,0,0.0196273777548504,0.0329604417647677,14.5,0,0.132519988067785,0.146051482752746,0.411147241937795,0,retract
0.7,0,0.0227301675243464,0.0413469061413225,14.5,0,0.132929175532317,0.146247479012509,0.409174119577938,0,retract
0.701,0,0.0194830007351541,0,14.5,0,0.133336338448314,0.146438975408939,0.407148465544206,0,retract
0.702,0,0.0183359548318018,0.0114536794116883,14.5,0,0.133741424175532,0.146625932120235,0.405070173377176,0,retract
0.703,0,0.015716532712973,0,14.5,0,0.13414437997141,0.146808309324598,0.402939141309872,0,retract
0.704,0,0.0136945610051233,0.00156273075802532,14.5,0,0.134545152995778,0.146986067200228,0.400755272287419,0,retract
0.705,0,0.0117381951472486,0,14.5,0,0.134943690315579,0.147159165925327,0.398518473986185,0,retract
0.706,0,0.0100613101262131,0,14.5,0,0.135339938909617,0.147327565678095,0.396228658832404,0,retract
0.707,0,0.00862398010818262,0,14.5,0,0.135733845673314,0.147491226636732,0.393885744020255,0,retract
0.708,0,0.0112714369471922,0.0271561779812499,14.5,0,0.136125357423494,0.147650108979439,0.391489651529419,0,retract
0.709,0,0.013171084443022,0.0245689694180008,14.5,0,0.136514420903175,0.147804172884417,0.389040308142077,0,retract
0.71,0,0.0150944343822786,0.0266345340178178,14.5,0,0.136900982786385,0.147953378529866,0.38653764545936,0,retract
0.711,0,0.018943851261631,0.0420403525377455,14.5,0,0.137284989682991,0.148097686093986,0.383981599917242,0,retract
0.712,0,0.0162375867956837,0,14.5,0,0.13766638814354,0.148237055754979,0.381372112801866,0,retract
0.713,0,0.0217543745459053,0.0548551010472348,14.5,0,0.138045124664125,0.148371447691044,0.378709130264297,0,retract
0.714,0,0.0204538344358676,0.0126505937756411,14.5,0,0.13842114569125,0.148500822080384,0.375992603334712,0,retract
0.715,0,0.0238294402263634,0.0440830749693387,14.5,0,0.138794397626725,0.148625139101197,0.373222487935997,0,retract
0.716,0,0.0204252344797401,0,14.5,0,0.139164826832562,0.148744358931684,0.370398744896774,0,retract
0.717,0,0.0233802912271131,0.0411106317113515,14.5,0,0.139532379635888,0.148858441750047,0.367521339963833,0,retract
0.718,0,0.0200402496232398,0,14.5,0,0.139897002333873,0.148967347734486,0.364590243813982,0,retract
0.719,0,0.0171773568199199,0,14.5,0,0.140258641198662,0.149071037063201,0.361605432065306,0,retract
0.72,0,0.0255355136931524,0.0756844549325476,14.5,0,0.140617242482326,0.149169469914394,0.35856688528783,0,retract
0.721,0,0.0218875831655592,0,14.5,0,0.140972752421816,0.149262606466263,0.355474589013593,0,retract
0.722,0,0.0187607855704793,0,14.5,0,0.14132511724393,0.149350406897011,0.352328533746127,0,retract
0.723,0,0.0181537192639271,0.0145113214246136,14.5,0,0.141674283170292,0.149432831384838,0.349128714969337,0,retract
0.724,0,0.0229265485447185,0.051563524229467,14.5,0,0.142020196422331,0.149509840107943,0.345875133155797,0,retract
0.725,0,0.0264493093515047,0.0475858741922219,14.5,0,0.142362803226278,0.149581393244529,0.342567793774442,0,retract
0.726,0,0.0332165892390823,0.0738202685645478,14.5,0,0.142702049818161,0.149647450972795,0.339206707297677,0,retract
0.727,0,0.0371805057622525,0.0609640049012735,14.5,0,0.143037882448813,0.149707973470942,0.33579188920789,0,retract
0.728,0,0.0318690049390735,0,14.5,0,0.143370247388881,0.149762920917171,0.332323360003382,0,retract
0.729,0,0.0273162899477773,0,14.5,0,0.143699090933849,0.149812253489682,0.328801145203705,0,retract
0.73,0,0.0234139628123806,0,14.5,0,0.144024359409051,0.149855931366676,0.325225275354428,0,retract
0.731,0,0.0200691109820405,0,14.5,0,0.144345999174707,0.149893914726353,0.321595786031316,0,retract
0.732,0,0.0194621945880773,0.0158206962242983,14.5,0,0.144663956630944,0.149926163746914,0.317912717843943,0,retract
0.733,0,0.0228487474397056,0.043168064549475,14.5,0,0.144978178222835,0.14995263860656,0.314176116438726,0,retract
0.734,0,0.0268368596712204,0.0507655330603094,14.5,0,0.145288610445434,0.149973299483491,0.310386032501405,0,retract
0.735,0,0.0263074401053473,0.0231309227101086,14.5,0,0.145595199848809,0.149988106555907,0.306542521758962,0,retract
0.736,0,0.022549234376012,0,14.5,0,0.145897893043089,0.14999702000201,0.30264564498098,0,retract
0.737,0,0.0193279151794388,0,14.5,0,0.146196636703495,0.15,0.298695467980467,0,retract
0.738,0,0.0206631523822474,0.0286745755990986,14.5,0,0.146491377575387,0.15,0.294692061614132,0,retract
0.739,0,0.0193353164977356,0.011368301190665,14.5,0,0.146782149384675,0.15,0.290722431997467,0,retract
0.74,0,0.0165731284266305,0,14.5,0,0.147068985752209,0.15,0.286786472501874,0,retract
0.741,0,0.0142055386513976,0,14.5,0,0.147351920190649,0.15,0.282884073401891,0,retract
0.742,0,0.0121761759869122,0,14.5,0,0.147630986101405,0.15,0.279015121947505,0,retract
0.743,0,0.0200773605322888,0.0674844678045481,14.5,0,0.147906216771651,0.15,0.275179502436189,0,retract
0.744,0,0.0276291792618863,0.0729400916394713,14.5,0,0.148177645371411,0.15,0.271377096284629,0,retract
0.745,0,0.0391597455145442,0.108343143030492,14.5,0,0.148445304950718,0.15,0.267607782100091,0,retract
0.746,0,0.0383035471651643,0.0331663570688848,14.5,0,0.148709228436843,0.15,0.263871435751396,0,retract
0.747,0,0.0328316118558551,0,14.5,0,0.148969448631594,0.15,0.260167930439463,0,retract
0.748,0,0.0383176659466895,0.071233990491696,14.5,0,0.149225998208692,0.15,0.256497136767389,0,retract
0.749,0,0.032843713668591,0,14.5,0,0.14947890971121,0.15,0.252858922810042,0,retract
0.75,0,0.0332367202745567,0.0355947599103509,14.5,0,0.149728215549085,0.15,0.249253154183127,0,retract
0.751,0,0.0284886173781915,0,14.5,0,0.149973947996698,0.15,0.245679694111719,0,retract
0.752,0,0.0244188148955927,0,14.5,0,0.150216139190525,0.15,0.242138403498222,0,retract
0.753,0,0.0282988317868698,0.0515789331345324,14.5,0,0.150454821126852,0.15,0.238629140989743,0,retract
0.754,0,0.0242561415316027,0,14.5,0,0.15069002565956,0.15,0.235151763044869,0,retract
0.755,0,0.0350214241699,0.0996131199996841,14.5,0,0.150921784497979,0.15,0.231706123999804,0,retract
0.756,0,0.0318194755554756,0.0126077838689288,14.5,0,0.151150129204801,0.15,0.228292076133889,0,retract
0.757,0,0.0272738361904076,0,14.5,0,0.151375091194061,0.15,0.224909469734454,0,retract
0.758,0,0.0233775738774923,0,14.5,0,0.151596701729193,0.15,0.221558153161007,0,retract
0.759,0,0.0200379204664219,0,14.5,0,0.151814991921131,0.15,0.218237972908759,0,retract
0.76,0,0.0185494442542688,0.00961858698135014,14.5,0,0.15202999272649,0.15,0.21494877367144,0,retract
0.761,0,0.0204287591149932,0.0317046482793398,14.5,0,0.152241734945801,0.15,0.211690398403441,0,retract
0.762,0,0.0175103649557085,0,14.5,0,0.152450249221808,0.15,0.208462688381231,0,retract
0.763,0,0.0150088842477501,0,14.5,0,0.152655566037832,0.15,0.205265483264074,0,retract
0.764,0,0.0210918587870541,0.0575897060228777,14.5,0,0.152857715716188,0.15,0.202098621154023,0,retract
0.765,0,0.0180787361031892,0,14.5,0,0.15305672841667,0.15,0.19896193865518,0,retract
0.766,0,0.0274144989256599,0.0834290758604842,14.5,0,0.153252634135083,0.15,0.195855270932242,0,retract
0.767,0,0.0327784782743886,0.0649623543667605,14.5,0,0.153445462701848,0.15,0.192778451768291,0,retract
0.768,0,0.0280958385209045,0,14.5,0,0.15363524378065,0.15,0.189731313621863,0,retract
0.769,0,0.026894980014299,0.0196898289746661,14.5,0,0.153822006867157,0.15,0.186713687683256,0,retract
0.77,0,0.0230528400122563,0,14.5,0,0.154005781287781,0.15,0.183725403930111,0,retract
0.771,0,0.0198927607217081,0.000932284978418925,14.5,0,0.154186596198503,0.15,0.180766291182224,0,retract
0.772,0,0.0223777688264887,0.037287817455172,14.5,0,0.154364480583753,0.15,0.177836177155629,0,retract
0.773,0,0.0191809447084189,0,14.5,0,0.154539463255337,0.15,0.174934888515909,0,retract
0.774,0,0.0164408097500733,0,14.5,0,0.154711572851422,0.15,0.17206225093077,0,retract
0.775,0,0.01409212264292,0,14.5,0,0.154880837835575,0.15,0.169218089121852,0,retract
0.776,0,0.01207896226536,0,14.5,0,0.155047286495844,0.15,0.166402226915792,0,retract
0.777,0,0.0103533962274514,0,14.5,0,0.155210946943903,0.15,0.163614487294528,0,retract
0.778,0,0.0164620630360882,0.0531140638879091,14.5,0,0.155371847114236,0.15,0.160854692444855,0,retract
0.779,0,0.0141103397452185,0,14.5,0,0.155530014763375,0.15,0.158122663807227,0,retract
0.78,0,0.0130008245599678,0.00634373344846343,14.5,0,0.155685477469185,0.15,0.155418222123803,0,retract
0.781,0,0.0111435639085438,0,14.5,0,0.1558382626302,0.15,0.152741187485751,0,retract
0.782,0,0.00955162620732325,0,14.5,0,0.155988397464997,0.15,0.150091379379795,0,retract
0.783,0,0.00904157494914096,0.00598126740004722,14.5,0,0.156135909011629,0.15,0.147468616734024,0,retract
0.784,0,0.016995508096929,0.0647191069836572,14.5,0,0.156280824127091,0.15,0.144872717962944,0,retract
0.785,0,0.0145675783687963,0,14.5,0,0.156423169486838,0.15,0.142303501011801,0,retract
0.786,0,0.0124864957446825,0,14.5,0,0.156562971584347,0.15,0.139760783400153,0,retract
0.787,0,0.0134071912702972,0.0189313644239855,14.5,0,0.156700256730717,0.15,0.137244382264713,0,retract
0.788,0,0.0194982963848791,0.0560449270723703,14.5,0,0.156835051054314,0.15,0.134754114401447,0,retract
0.789,0,0.0167128254727535,0,14.5,0,0.156967380500462,0.15,0.132289796306952,0,retract
0.79,0,0.0143252789766459,0,14.5,0,0.157097270831167,0.15,0.129851244219096,0,retract
0.791,0,0.0142045396113221,0.0134801034193793,14.5,0,0.157224747624887,0.15,0.12743827415694,0,retract
0.792,0,0.0121753196668475,0,14.5,0,0.157349836276341,0.15,0.125050701959932,0,retract
0.793,0,0.0148848350969553,0.0311419276776021,14.5,0,0.157472561996351,0.15,0.122688343326386,0,retract
0.794,0,0.0257691141465869,0.0910747884443766,14.5,0,0.157592949811731,0.15,0.12035101385125,0,retract
0.795,0,0.0220878121256459,0,14.5,0,0.157711024565205,0.15,0.118038529063158,0,retract
0.796,0,0.0189324103934108,0,14.5,0,0.15782681091537,0.15,0.115750704460781,0,retract
0.797,0,0.0162277803372093,0,14.5,0,0.157940333336683,0.15,0.113487355548471,0,retract
0.798,0,0.0146076665746876,0.00488698399955795,14.5,0,0.158051616119499,0.15,0.11124829787121,0,retract
0.799,0,0.0236071555362676,0.0776040893057471,14.5,0,0.158160683370126,0.15,0.109033347048872,0,retract
0.8,0,0.020963677448562,0.00510280892232829,14.5,0,0.158267559010931,0.15,0.106842318809781,0,retract
0.801,0,0.0179688663844817,0,14.5,0,0.158372266780465,0.15,0.104675029023602,0,retract
0.802,0,0.0154018854724129,0,14.5,0,0.158474830233626,0.15,0.102531293733543,0,retract
0.803,0,0.0155130636357263,0.016180132615607,14.5,0,0.158575272741859,0.15,0.100410929187885,0,retract
0.804,0,0.0227124247738822,0.0659085916028179,14.5,0,0.158673617493377,0.15,0.098313751870843,0,retract
0.805,0,0.0194677926633276,0,14.5,0,0.158769887493419,0.15,0.0962395785327627,0,retract
0.806,0,0.0166866794257094,0,14.5,0,0.158864105564537,0.15,0.0941882262196588,0,retract
0.807,0,0.0191798179492321,0.0341386490903679,14.5,0,0.158956294346911,0.15,0.0921595123020976,0,retract
0.808,0,0.0164398439564846,0,14.5,0,0.15904647629869,0.15,0.0901532545034337,0,retract
0.809,0,0.0227347134049996,0.0605039300960893,14.5,0,0.159134673696369,0.15,0.0881692709274007,0,retract
0.81,0,0.0194868972042853,0,14.5,0,0.15922090863518,0.15,0.0862073800850659,0,retract
0.811,0,0.0167030547465303,0,14.5,0,0.159305203029524,0.15,0.0842674009211535,0,retract
0.812,0,0.0246213778128363,0.0721313162106722,14.5,0,0.159387578613418,0.15,0.0823491528397387,0,retract
0.813,0,0.0211040381252882,0,14.5,0,0.159468056940975,0.15,0.0804524557293236,0,retract
0.814,0,0.0180891755359614,0,14.5,0,0.159546659386898,0.15,0.0785771299872958,0,retract
0.815,0,0.0155050076022526,0,14.5,0,0.159623407147013,0.15,0.0767229965437795,0,retract
0.816,0,0.0164616135225608,0.02220124904441,14.5,0,0.159698321238811,0.15,0.074889876884881,0,retract
0.817,0,0.0141099544479092,0,14.5,0,0.159771422502023,0.15,0.0730775930753385,0,retract
0.818,0,0.0120942466696365,0,14.5,0,0.159842731599213,0.15,0.0712859677805783,0,retract
0.819,0,0.0103664971454027,0,14.5,0,0.159912269016389,0.15,0.0695148242881868,0,retract
0.82,0,0.0100398774502204,0.00808015927912652,14.5,0,0.159980055063645,0.15,0.0677639865288019,0,retract
0.821,0,0.00860560924304606,0,14.5,0,0.160046109875813,0.15,0.0660332790964307,0,retract
0.822,0,0.0171356311758088,0.0683157627723855,14.5,0,0.160110453413141,0.15,0.0643225272682002,0,retract
0.823,0,0.0234964785174362,0.0616615625672006,14.5,0,0.160173105461991,0.15,0.0626315570235464,0,retract
0.824,0,0.0201398387292311,0,14.5,0,0.160234085635548,0.15,0.0609601950628479,0,retract
0.825,0,0.0172627189107695,0,14.5,0,0.160293413374558,0.15,0.0593082688255103,0,retract
0.826,0,0.0156822870228714,0.00619969569548299,14.5,0,0.160351107948078,0.15,0.0576756065075091,0,retract
0.827,0,0.0210681578996759,0.0533833831605032,14.5,0,0.16040718845424,0.15,0.0560620370783949,0,retract
0.828,0,0.0180584210568651,0,14.5,0,0.160461673821038,0.15,0.0544673902977685,0,retract
0.829,0,0.0182891311696532,0.0196733918463817,14.5,0,0.16051458280713,0.15,0.0528914967312329,0,retract
0.83,0,0.0219362687172961,0.0438190940031536,14.5,0,0.160565934002648,0.15,0.0513341877658271,0,retract
0.831,0,0.0217304939496436,0.0204958453437289,14.5,0,0.160615745830037,0.15,0.0497952956249489,0,retract
0.832,0,0.0186261376711231,0,14.5,0,0.160664036544893,0.15,0.0482746533827737,0,retract
0.833,0,0.0229823040034948,0.0491193019977248,14.5,0,0.160710824236829,0.15,0.046772094978173,0,retract
0.834,0,0.0207964103549169,0.00768104846344942,14.5,0,0.160756126830341,0.15,0.0452874552281432,0,retract
0.835,0,0.0178254945899288,0,14.5,0,0.160799962085702,0.15,0.0438205698407476,0,retract
0.836,0,0.0152789953627961,0,14.5,0,0.160842347599855,0.15,0.0423712754275793,0,retract
0.837,0,0.0154799768977216,0.016685866107275,14.5,0,0.160883300807326,0.15,0.0409394095157513,0,retract
0.838,0,0.0151378411029272,0.0130850263341607,14.5,0,0.160922838981149,0.15,0.0395248105594212,0,retract
0.839,0,0.0253086733087925,0.0863336665439844,14.5,0,0.160960979233793,0.15,0.0381273179508551,0,retract
0.84,0,0.0322821114782529,0.0741227404950148,14.5,0,0.160997738518113,0.15,0.0367467720310382,0,retract
0.841,0,0.0276703812670739,0,14.5,0,0.161033133628302,0.15,0.0353830140998391,0,retract
0.842,0,0.0237174696574919,0,14.5,0,0.161067181200857,0.15,0.0340358864257328,0,retract
0.843,0,0.0285663344263602,0.0576595230395703,14.5,0,0.16109989771555,0.15,0.0327052322550898,0,retract
0.844,0,0.0244854295083088,0,14.5,0,0.161131299496413,0.15,0.0313908958210379,0,retract
0.845,0,0.0209875110071218,0,14.5,0,0.161161402712731,0.15,0.0300927223519022,0,retract
0.846,0,0.0280902858529271,0.0707069349277588,14.5,0,0.161190223380038,0.15,0.0288105580792305,0,retract
0.847,0,0.0240773878739375,0,14.5,0,0.161217777361126,0.15,0.0275442502454099,0,retract
0.848,0,0.0206377610348036,0,14.5,0,0.161244080367062,0.15,0.0262936471108816,0,retract
0.849,0,0.0179386268308627,0.00174382160721778,14.5,0,0.161269147958205,0.15,0.0250585979609601,0,retract
0.85,0,0.0153759658550252,0,14.5,0,0.161292995545237,0.15,0.0238389531122617,0,retract
0.851,0,0.0131793993043073,0,14.5,0,0.161315638390198,0.15,0.0226345639187521,0,retract
0.852,0,0.0154310132966953,0.0289406972510228,14.5,0,0.161337091607523,0.15,0.0214452827774149,0,retract
0.853,0,0.0238974752908335,0.0746962472556631,14.5,0,0.161357370165089,0.15,0.0202709631335512,0,retract
0.854,0,0.0204835502492859,0,14.5,0,0.161376488885267,0.15,0.0191114594857143,0,retract
0.855,0,0.0175573287851022,0,14.5,0,0.161394462445973,0.15,0.0179666273902861,0,retract
0.856,0,0.015049138958659,0,14.5,0,0.161411305381732,0.15,0.0168363234657025,0,retract
0.857,0,0.0128992619645649,0,14.5,0,0.161427032084737,0.15,0.0157204053963324,0,retract
0.858,0,0.0110565102553413,0,14.5,0,0.16144165680592,0.15,0.0146187319360174,0,retract
0.859,0,0.00947700879029255,0,14.5,0,0.16145519365602,0.15,0.0135311629112785,0,retract
0.86,0,0.0131052585754575,0.0348747572864472,14.5,0,0.161467656606655,0.15,0.0124575592241952,0,retract
0.861,0,0.0112330787789636,0,14.5,0,0.161479059491401,0.15,0.0113977828549637,0,retract
0.862,0,0.00962835323911164,0,14.5,0,0.161489416006867,0.15,0.0103516968641391,0,retract
0.863,0,0.015846566067877,0.0531558430404694,14.5,0,0.161498739713777,0.15,0.00931916539457019,0,retract
0.864,0,0.0149975542484295,0.00990348333174414,14.5,0,0.161507044038054,0.15,0.0083000536730288,0,retract
0.865,0,0.0128550464986538,0,14.5,0,0.161514342271897,0.15,0.00729422801154375,0,retract
0.866,0,0.0110186112845604,0,14.5,0,0.161520647574871,0.15,0.00630155580844229,0,retract
0.867,0,0.0109249174067261,0.0103627541397201,14.5,0,0.161525972974991,0.15,0.00532190554910661,0,retract
0.868,0,0.0184465031909948,0.0635760178966067,14.5,0,0.161530331369806,0.15,0.00435514680645035,0,retract
0.869,0,0.0158112884494241,0,14.5,0,0.161533735527486,0.15,0.00340115024112109,0,retract
0.87,0,0.0142566014116596,0.00492847918507257,14.5,0,0.161536198087909,0.15,0.00245978760143482,0,retract
0.871,0,0.0122199440671368,0,14.5,0,0.161537731563747,0.15,0.0015309317230477,0,retract
0.872,0,0.0137068960084746,0.0226286076565013,14.5,0,0.161538348341547,0.15,0.000614456528371023,0,retract
0.873,0,0.0117487680072639,0,14.5,0,0.161538060682822,0.15,-0.000289762974265007,0.000289762974265007,retract
0.874,0,0.0100703725776548,0,14.5,0,0.161536880725128,0.15,-0.00118185069169359,0.00118185069169359,retract
0.875,0,0.0114259063306513,0.0195591088486305,14.5,0,0.161534820483152,0.15,-0.00206192944723349,0.00206192944723349,retract
0.876,0,0.0103833718779579,0.00412816516179735,14.5,0,0.16153189184979,0.15,-0.00293012098224615,0.00293012098224615,retract
0.877,0,0.00890003303824962,0,14.5,0,0.161528106597222,0.15,-0.00378654595792205,0.00378654595792205,retract
0.878,0,0.0076285997470711,0,14.5,0,0.161523476377998,0.15,-0.00463132395729128,0.00463132395729128,retract
0.879,0,0.0163310009109528,0.0685454078942432,14.5,0,0.161518012726104,0.15,-0.00546457348745235,0.00546457348745235,retract
0.88,0,0.0187453616879886,0.0332315263502033,14.5,0,0.16151172705804,0.15,-0.00628641198201477,0.00628641198201477,retract
0.881,0,0.0163005497603364,0.00163167819442281,14.5,0,0.161504630673888,0.15,-0.00709695580374939,0.00709695580374939,retract
0.882,0,0.0153120356144789,0.00938095073933417,14.5,0,0.161496734758378,0.15,-0.00789632024744205,0.00789632024744205,retract
0.883,0,0.0131246019552676,0,14.5,0,0.161488050381953,0.15,-0.00868461954294485,0.00868461954294485,retract
0.884,0,0.0112496588188008,0,14.5,0,0.161478588501831,0.15,-0.00946196685842034,0.00946196685842034,retract
0.885,0,0.0137342505906699,0.0286418012218841,14.5,0,0.161468359963062,0.15,-0.0102284743037733,0.0102284743037733,retract
0.886,0,0.0117722147920027,0,14.5,0,0.161457375499578,0.15,-0.0109842529342654,0.0109842529342654,retract
0.887,0,0.0218124960795622,0.0820541838049189,14.5,0,0.16144564573525,0.15,-0.0117294127543078,0.0117294127543078,retract
0.888,0,0.0310103572280603,0.0861975241190492,14.5,0,0.161433181184927,0.15,-0.0124640627214261,0.0124640627214261,retract
0.889,0,0.0305014497093984,0.0274480045974267,14.5,0,0.161419992255485,0.15,-0.0131883107503944,0.0131883107503944,retract
0.89,0,0.0261440997509129,0,14.5,0,0.16140608924686,0.15,-0.0139022637175324,0.0139022637175324,retract
0.891,0,0.0224092283579253,0,14.5,0,0.161391482353083,0.15,-0.0146060274651606,0.0146060274651606,retract
0.892,0,0.0192079100210789,0,14.5,0,0.161376181663308,0.15,-0.0152997068062105,0.0152997068062105,retract
0.893,0,0.0203392167037257,0.027127056799607,14.5,0,0.16136019716284,0.15,-0.0159834055289834,0.0159834055289834,retract
0.894,0,0.0174336143174792,0,14.5,0,0.161343538734148,0.15,-0.0166572264020548,0.0166572264020548,retract
0.895,0,0.0199077831104448,0.0347527958682384,14.5,0,0.161326216157884,0.15,-0.0173212711793185,0.0173212711793185,retract
0.896,0,0.017063814094667,0,14.5,0,0.161308239113892,0.15,-0.0179756406051674,0.0179756406051674,retract
0.897,0,0.016880527794058,0.0157808099904039,14.5,0,0.161289617182208,0.15,-0.0186204344198052,0.0186204344198052,retract
0.898,0,0.0227552511775476,0.0580035914784857,14.5,0,0.161270359844064,0.15,-0.0192557513646856,0.0192557513646856,retract
0.899,0,0.0242281285394353,0.0330653927107615,14.5,0,0.161250476482876,0.15,-0.0198816891880746,0.0198816891880746,retract
0.9,0,0.020766967319516,0,14.5,0,0.161229976385234,0.15,-0.0204983446507318,0.0204983446507318,retract
0.901,0,0.0178002577024423,0,14.5,0,0.161208868741884,0.15,-0.0211058135317054,0.0211058135317054,retract
0.902,0,0.0152573637449505,0,14.5,0,0.1611871626487,0.15,-0.0217041906342386,0.0217041906342386,retract
0.903,0,0.0130777403528147,0,14.5,0,0.161164867107659,0.15,-0.0222935697917822,0.0222935697917822,retract
0.904,0,0.0192908548576023,0.0565695418863275,14.5,0,0.161141991027801,0.15,-0.0228740438741093,0.0228740438741093,retract
0.905,0,0.0165350184493734,0,14.5,0,0.161118543226185,0.15,-0.0234457047935289,0.0234457047935289,retract
0.906,0,0.0205879706868482,0.0449056841116969,14.5,0,0.161094532428847,0.15,-0.0240086435111941,0.0240086435111941,retract
0.907,0,0.0176468320172984,0,14.5,0,0.161069967271734,0.15,-0.0245629500435008,0.0245629500435008,retract
0.908,0,0.0151258560148272,0,14.5,0,0.161044856301655,0.15,-0.0251087134685739,0.0251087134685739,retract
0.909,0,0.0278121693477973,0.103930049345618,14.5,0,0.161019207977201,0.15,-0.0256460219328363,0.0256460219328363,retract
0.91,0,0.0457489266770025,0.153369470652233,14.5,0,0.160993030669677,0.15,-0.0261749626576578,0.0261749626576578,retract
0.911,0,0.0441557204495476,0.0345964830848185,14.5,0,0.16096633266402,0.15,-0.0266956219460805,0.0266956219460805,retract
0.912,0,0.0391509052246773,0.00912201387545494,14.5,0,0.160939122159708,0.15,-0.0272080851896154,0.0272080851896154,retract
0.913,0,0.0335579187640091,0,14.5,0,0.160911407271667,0.15,-0.0277124368751098,0.0277124368751098,retract
0.914,0,0.0287639303691506,0,14.5,0,0.160883196031166,0.15,-0.0282087605916785,0.0282087605916785,retract
0.915,0,0.0287904651242764,0.0289496736550308,14.5,0,0.160854496386712,0.15,-0.0286971390376987,0.0286971390376987,retract
0.916,0,0.0279835164534298,0.0231418244283507,14.5,0,0.160825316204933,0.15,-0.0291776540278623,0.0291776540278623,retract
0.917,0,0.023985871245797,0,14.5,0,0.160795663271451,0.15,-0.0296503865002853,0.0296503865002853,retract
0.918,0,0.0236905970247343,0.0219189516983578,14.5,0,0.160765545291755,0.15,-0.0301154165236679,0.0301154165236679,retract
0.919,0,0.0203062260212008,0,14.5,0,0.160734969892065,0.15,-0.0305728233045056,0.0305728233045056,retract
0.92,0,0.0338384549701898,0.115031828664124,14.5,0,0.160703944620183,0.15,-0.0310226851943447,0.0310226851943447,retract
0.921,0,0.0316790860934556,0.0187228728330504,14.5,0,0.160672476946344,0.15,-0.0314650796970817,0.0314650796970817,retract
0.922,0,0.027971169945737,0.00572367305942523,14.5,0,0.160640574264055,0.15,-0.031900083476303,0.031900083476303,retract
0.923,0,0.0239752885249174,0,14.5,0,0.160608243890929,0.15,-0.0323277723626604,0.0323277723626604,retract
0.924,0,0.0205502473070721,0,14.5,0,0.160575493069512,0.15,-0.0327482213612824,0.0327482213612824,retract
0.925,0,0.0189797364979846,0.00955667164345936,14.5,0,0.1605423289681,0.15,-0.0331615046592154,0.0331615046592154,retract
0.926,0,0.016268345569701,0,14.5,0,0.16050875868155,0.15,-0.0335676956328943,0.0335676956328943,retract
0.927,0,0.0220220192618512,0.0565440614147524,14.5,0,0.160474789232083,0.15,-0.0339668668556386,0.0339668668556386,retract
0.928,0,0.0188760165101582,0,14.5,0,0.160440427570082,0.15,-0.0343590901051712,0.0343590901051712,retract
0.929,0,0.0161794427229927,0,14.5,0,0.16040568057488,0.15,-0.0347444363711585,0.0347444363711585,retract
0.93,0,0.0138680937625652,0,14.5,0,0.16037055505554,0.15,-0.0351229758627675,0.0351229758627675,retract
0.931,0,0.0119649787777295,0.000546288868715255,14.5,0,0.160335057751626,0.15,-0.0354947780162388,0.0354947780162388,retract
0.932,0,0.0209527951037624,0.0748796930599597,14.5,0,0.160299195333976,0.15,-0.0358599115024723,0.0358599115024723,retract
0.933,0,0.0179595386603678,0,14.5,0,0.160262974405453,0.15,-0.036218444234623,0.036218444234623,retract
0.934,0,0.0240913332326815,0.060882100666564,14.5,0,0.160226401501699,0.15,-0.0365704433757054,0.0365704433757054,retract
0.935,0,0.0206497141994413,0,14.5,0,0.160189483091877,0.15,-0.0369159753462029,0.0369159753462029,retract
0.936,0,0.0295845611254703,0.0831936426816443,14.5,0,0.160152225579408,0.15,-0.0372551058316815,0.0372551058316815,retract
0.937,0,0.0256110564856238,0.00177002864654481,14.5,0,0.160114635302697,0.15,-0.0375878997904033,0.0375878997904033,retract
0.938,0,0.0219523341305347,0,14.5,0,0.160076718535854,0.15,-0.0379144214609406,0.0379144214609406,retract
0.939,0,0.022964584767186,0.029038088587094,14.5,0,0.160038481489407,0.15,-0.0382347343697855,0.0382347343697855,retract
0.94,0,0.0318037814962465,0.0848389618706097,14.5,0,0.159999930311005,0.15,-0.0385489013389551,0.0385489013389551,retract
0.941,0,0.0272603841396399,0,14.5,0,0.15996107108612,0.15,-0.0388569844935885,0.0388569844935885,retract
0.942,0,0.0233660435482628,0,14.5,0,0.159921909838731,0.15,-0.0391590452695356,0.0391590452695356,retract
0.943,0,0.0200280373270824,0,14.5,0,0.159882452532011,0.15,-0.0394551444209338,0.0394551444209338,retract
0.944,0,0.0173407837343154,0.00121726217771321,14.5,0,0.159842705068999,0.15,-0.0397453420277717,0.0397453420277717,retract
0.945,0,0.0209953334072964,0.0429226314451828,14.5,0,0.159802673293269,0.15,-0.0400296975034379,0.0400296975034379,retract
0.946,0,0.026509613430804,0.0595952935718497,14.5,0,0.159762362989589,0.15,-0.0403082696022531,0.0403082696022531,retract
0.947,0,0.022722525797832,0,14.5,0,0.15972177988457,0.15,-0.0405811164269828,0.0405811164269828,retract
0.948,0,0.019476450683856,0,14.5,0,0.159680929647318,0.15,-0.0408482954363306,0.0408482954363306,retract
0.949,0,0.0197341148650411,0.0212800999521518,14.5,0,0.159639817890064,0.15,-0.0411098634524091,0.0411098634524091,retract
0.95,0,0.0189296244744309,0.0141026821307693,14.5,0,0.159598450168798,0.15,-0.0413658766681868,0.0413658766681868,retract
0.951,0,0.016225392406655,0,14.5,0,0.159556831983888,0.15,-0.0416163906549099,0.0416163906549099,retract
0.952,0,0.0163525081061141,0.0171152023028689,14.5,0,0.159514968780699,0.15,-0.0418614603694976,0.0418614603694976,retract
0.953,0,0.0219103751335806,0.0552575772983794,14.5,0,0.159472865950199,0.15,-0.0421011401619084,0.0421011401619084,retract
0.954,0,0.0187803215430691,0,14.5,0,0.159430528829555,0.15,-0.0423354837824774,0.0423354837824774,retract
0.955,0,0.0160974184654878,0,14.5,0,0.159387962702733,0.15,-0.0425645443892212,0.0425645443892212,retract
0.956,0,0.0232971912035047,0.0664958276316063,14.5,0,0.159345172801081,0.15,-0.0427883745551116,0.0427883745551116,retract
0.957,0,0.0199690210315755,0,14.5,0,0.159302164303904,0.15,-0.0430070262753134,0.0430070262753134,retract
0.958,0,0.0171163037413504,0,14.5,0,0.15925894233904,0.15,-0.0432205509743889,0.0432205509743889,retract
0.959,0,0.0146711174925861,0,14.5,0,0.159215511983422,0.15,-0.0434289995134644,0.0434289995134644,retract
0.96,0,0.0183086687195218,0.0401339760811366,14.5,0,0.159171878263635,0.15,-0.0436324221973594,0.0436324221973594,retract
0.961,0,0.015693144616733,0,14.5,0,0.159128046156465,0.15,-0.0438308687816766,0.0438308687816766,retract
0.962,0,0.0134512668143426,0,14.5,0,0.159084020589444,0.15,-0.0440243884798515,0.0440243884798515,retract
0.963,0,0.013504078962383,0.0138209518506258,14.5,0,0.159039806441385,0.15,-0.0442130299701617,0.0442130299701617,retract
0.964,0,0.0151112272702832,0.0247541171176843,14.5,0,0.15899540854291,0.15,-0.0443968414026923,0.0443968414026923,retract
0.965,0,0.0149635245629178,0.0140773083187256,14.5,0,0.158950831676971,0.15,-0.044575870406259,0.044575870406259,retract
0.966,0,0.0128258781967867,0,14.5,0,0.158906080579369,0.15,-0.0447501640952859,0.0447501640952859,retract
0.967,0,0.020703988223748,0.0679726483855158,14.5,0,0.158861159939258,0.15,-0.0449197690766389,0.0449197690766389,retract
0.968,0,0.0177462756203554,0,14.5,0,0.158816074399648,0.15,-0.0450847314564116,0.0450847314564116,retract
0.969,0,0.0152110933888761,0,14.5,0,0.158770828557901,0.15,-0.0452450968466644,0.0452450968466644,retract
0.97,0,0.0130380800476081,0,14.5,0,0.158725426966217,0.15,-0.0454009103721158,0.0454009103721158,retract
0.971,0,0.0120822897133032,0.00634754770747368,14.5,0,0.158679874132116,0.15,-0.0455522166767835,0.0455522166767835,retract
0.972,0,0.0103562483256884,0,14.5,0,0.158634174518912,0.15,-0.0456990599305774,0.0456990599305774,retract
0.973,0,0.00887678427916151,0,14.5,0,0.158588332546185,0.15,-0.04584148383584,0.04584148383584,retract
0.974,0,0.0185401782174691,0.0765205418473146,14.5,0,0.158542352590237,0.15,-0.0459795316338376,0.0459795316338376,retract
0.975,0,0.0158915813292592,0,14.5,0,0.158496238984551,0.15,-0.0461132461111971,0.0461132461111971,retract
0.976,0,0.0136213554250793,0,14.5,0,0.15844999602024,0.15,-0.0462426696062922,0.0462426696062922,retract
0.977,0,0.0201265537983828,0.0591577440382034,14.5,0,0.158403627946486,0.15,-0.0463678440155748,0.0463678440155748,retract
0.978,0,0.0172513318271852,0,14.5,0,0.158357138970982,0.15,-0.0464888107998529,0.0464888107998529,retract
0.979,0,0.014786855851873,0,14.5,0,0.158310533260358,0.15,-0.0466056109905136,0.0466056109905136,retract
0.98,0,0.0141339238943096,0.0102163321489288,14.5,0,0.158263814940603,0.15,-0.0467182851956913,0.0467182851956913,retract
0.981,0,0.0121147919094082,0,14.5,0,0.158216988097489,0.15,-0.0468268736063798,0.0468268736063798,retract
0.982,0,0.0103841073509213,0,14.5,0,0.158170056776979,0.15,-0.0469314160024884,0.0469314160024884,retract
0.983,0,0.0122555343358121,0.0234840962451564,14.5,0,0.158123024985631,0.15,-0.0470319517588413,0.0470319517588413,retract
0.984,0,0.0105047437164103,0,14.5,0,0.158075896691001,0.15,-0.0471285198511194,0.0471285198511194,retract
0.985,0,0.00900406604263743,0,14.5,0,0.158028675822035,0.15,-0.047221158861745,0.047221158861745,retract
0.986,0,0.00771777089368922,0,14.5,0,0.157981366269458,0.15,-0.0473099069857084,0.0473099069857084,retract
0.987,0,0.00858631078253558,0.0137975501156137,14.5,0,0.157933971886158,0.15,-0.0473948020363358,0.0473948020363358,retract
0.988,0,0.0147034434153412,0.051406239212175,14.5,0,0.157886496487556,0.15,-0.0474758814509993,0.0474758814509993,retract
0.989,0,0.0127691385945818,0.00116330967002538,14.5,0,0.157838943851986,0.15,-0.0475531822967664,0.0475531822967664,retract
0.99,0,0.010944975938213,0,14.5,0,0.157791317721053,0.15,-0.0476267412759917,0.0476267412759917,retract
0.991,0,0.0149111430013494,0.0387081453801683,14.5,0,0.157743621799995,0.15,-0.0476965947318482,0.0476965947318482,retract
0.992,0,0.0127809797154424,0,14.5,0,0.157695859758041,0.15,-0.0477627786537983,0.0477627786537983,retract
0.993,0,0.0159008815014985,0.0346202922178352,14.5,0,0.157648035228753,0.15,-0.0478253286830061,0.0478253286830061,retract
0.994,0,0.0136293270012844,0,14.5,0,0.157600151810376,0.15,-0.0478842801176877,0.0478842801176877,retract
0.995,0,0.0226712203269265,0.0769225802807792,14.5,0,0.157552213066172,0.15,-0.0479396679184022,0.0479396679184022,retract
0.996,0,0.023828356630436,0.0307711744514928,14.5,0,0.157504222524755,0.15,-0.0479915267132814,0.0479915267132814,retract
0.997,0,0.0204694545618095,0.000316042150050383,14.5,0,0.157456183680418,0.15,-0.0480398908031991,0.0480398908031991,retract
0.998,0,0.0175452467672653,0,14.5,0,0.157408099993456,0.15,-0.0480847941668795,0.0480847941668795,retract
0.999,0,0.0159088158616235,0.0060902304277727,14.5,0,0.157359974890483,0.15,-0.0481262704659437,0.0481262704659437,retract
1,0,0.019549105203699,0.0413908412561519,14.5,0,0.157311811764748,0.15,-0.0481643530498964,0.0481643530498964,retract
1.001,0,0.0179204610233254,0.0081485959410839,14.5,0,0.157263613976436,0.15,-0.0481990749610506,0.0481990749610506,retract
1.002,0,0.0194107045482094,0.0283521656975135,14.5,0,0.157215384852977,0.15,-0.048230468939391,0.048230468939391,retract
1.003,0,0.0166377467556081,0,14.5,0,0.157167127689344,0.15,-0.0482585674273771,0.0482585674273771,retract
1.004,0,0.0142609257905212,0,14.5,0,0.15711884574834,0.15,-0.0482834025746837,0.0482834025746837,retract
1.005,0,0.0173940652986252,0.0361929023472491,14.5,0,0.157070542260894,0.15,-0.0483050062428813,0.0483050062428813,retract
1.006,0,0.014909198827393,0,14.5,0,0.157022220426341,0.15,-0.0483234100100551,0.0483234100100551,retract
1.007,0,0.0184571715120427,0.0397450076199405,14.5,0,0.156973883412703,0.15,-0.0483386451753619,0.0483386451753619,retract
1.008,0,0.0166400702987241,0.00573746301881306,14.5,0,0.156925534356962,0.15,-0.0483507427635278,0.0483507427635278,retract
1.009,0,0.0142629173989064,0,14.5,0,0.156877176365334,0.15,-0.0483597335292828,0.0483597335292828,retract
1.01,0,0.0173223856998647,0.0356791955056141,14.5,0,0.156828812513529,0.15,-0.0483656479617362,0.0483656479617362,retract
1.011,0,0.0148477591713126,0,14.5,0,0.156780445847021,0.15,-0.0483685162886899,0.0483685162886899,retract
1.012,0,0.0137129358481057,0.00690399590886461,14.5,0,0.156732079381299,0.15,-0.0483683684808925,0.0483683684808925,retract
1.013,0,0.0153570347484247,0.0252216281503389,14.5,0,0.156683716102123,0.15,-0.0483652342562313,0.0483652342562313,retract
1.014,0,0.0245929419631141,0.0800083852512499,14.5,0,0.156635358965773,0.15,-0.0483591430838654,0.0483591430838654,retract
1.015,0,0.021079664539812,0,14.5,0,0.156587010899294,0.15,-0.0483501241882974,0.0483501241882974,retract
1.016,0,0.0226296607031645,0.0319296376832791,14.5,0,0.156538674800737,0.15,-0.048338206553386,0.048338206553386,retract
1.017,0,0.0212055543986102,0.0126609165712844,14.5,0,0.156490353539394,0.15,-0.0483234189262986,0.0483234189262986,retract
1.018,0,0.018176189484523,0,14.5,0,0.156442049956038,0.15,-0.0483057898214038,0.0483057898214038,retract
1.019,0,0.015579590986734,0,14.5,0,0.156393766863144,0.15,-0.0482853475241057,0.0482853475241057,retract
1.02,0,0.0370938785745436,0.166179604101401,14.5,0,0.15634550704512,0.15,-0.0482621200946176,0.0482621200946176,retract
1.021,0,0.0326595023958303,0.00605324532355032,14.5,0,0.156297273258527,0.15,-0.0482361353716782,0.0482361353716782,retract
1.022,0,0.027993859196426,0,14.5,0,0.156249068232298,0.15,-0.0482074209762085,0.0482074209762085,retract
1.023,0,0.0300323213605846,0.0422630943455361,14.5,0,0.156200894667951,0.15,-0.0481760043149107,0.0481760043149107,retract
1.024,0,0.0257419897376439,0,14.5,0,0.156152755239803,0.15,-0.0481419125838086,0.0481419125838086,retract
1.025,0,0.0220645626322662,0,14.5,0,0.156104652595176,0.15,-0.0481051727717307,0.0481051727717307,retract
1.026,0,0.0189124822562282,0,14.5,0,0.156056589354598,0.15,-0.0480658116637363,0.0480658116637363,retract
1.027,0,0.0167544164117992,0.00380602134522516,14.5,0,0.156008568112012,0.15,-0.048023855844483,0.048023855844483,retract
1.028,0,0.0143609283529707,0,14.5,0,0.155960591434963,0.15,-0.0479793317015395,0.0479793317015395,retract
1.029,0,0.0123093671596892,0,14.5,0,0.155912661864802,0.15,-0.04793226542864,0.04793226542864,retract
1.03,0,0.0105508861368765,0,14.5,0,0.15586478191687,0.15,-0.047882683028884,0.047882683028884,retract
1.031,0,0.00904361668875124,0,14.5,0,0.15581695408069,0.15,-0.0478306103178792,0.0478306103178792,retract
1.032,0,0.00775167144750107,0,14.5,0,0.155769180820149,0.15,-0.0477760729268304,0.0477760729268304,retract
1.033,0,0.00664428981214377,0,14.5,0,0.155721464573681,0.15,-0.0477190963055715,0.0477190963055715,retract
1.034,0,0.00569510555326609,0,14.5,0,0.155673807754447,0.15,-0.047659705725545,0.047659705725545,retract
1.035,0,0.0151665419998481,0.0719951606793401,14.5,0,0.155626212750509,0.15,-0.0475979262827257,0.0475979262827257,retract
1.036,0,0.0129998931427269,0,14.5,0,0.155578681925002,0.15,-0.0475337829004912,0.0475337829004912,retract
1.037,0,0.0111427655509088,0,14.5,0,0.155531217616308,0.15,-0.0474673003324388,0.0474673003324388,retract
1.038,0,0.0106966812240728,0.00802017526305657,14.5,0,0.155483822138219,0.15,-0.0473985031651501,0.0473985031651501,retract
1.039,0,0.0129516096220065,0.0264811800096089,14.5,0,0.155436497780104,0.15,-0.0473274158209014,0.0473274158209014,retract
1.04,0,0.0111013796760056,0,14.5,0,0.155389246807072,0.15,-0.0472540625603238,0.0472540625603238,retract
1.041,0,0.00951546829371907,0,14.5,0,0.155342071460127,0.15,-0.04717846748501,0.04717846748501,retract
1.042,0,0.0121163846478117,0.0277218827723677,14.5,0,0.15529497395633,0.15,-0.047100654540071,0.047100654540071,retract
1.043,0,0.0117972486183983,0.00988243244191783,14.5,0,0.155247956488949,0.15,-0.0470206475166412,0.0470206475166412,retract
1.044,0,0.0143009338775014,0.0293230454321196,14.5,0,0.155201021227616,0.15,-0.046938470054333,0.046938470054333,retract
1.045,0,0.0122579433235726,0,14.5,0,0.155154170318469,0.15,-0.0468541456436422,0.0468541456436422,retract
1.046,0,0.0105068085630622,0,14.5,0,0.155107405884306,0.15,-0.0467676976283031,0.0467676976283031,retract
1.047,0,0.00900583591119619,0,14.5,0,0.155060730024726,0.15,-0.046679149207595,0.046679149207595,retract
1.048,0,0.0162128447894012,0.0594548980586311,14.5,0,0.155014144816272,0.15,-0.0465885234385996,0.0465885234385996,retract
1.049,0,0.0161651116384423,0.0158787127326889,14.5,0,0.154967652312572,0.15,-0.0464958432384114,0.0464958432384114,retract
1.05,0,0.0138558099758077,0,14.5,0,0.154921254544476,0.15,-0.0464011313862993,0.0464011313862993,retract
1.051,0,0.0118764085506923,0,14.5,0,0.154874953520195,0.15,-0.0463044105258211,0.0463044105258211,retract
1.052,0,0.0101797787577362,0,14.5,0,0.154828751225429,0.15,-0.0462057031668928,0.0462057031668928,retract
1.053,0,0.0131857452453504,0.0312215441710355,14.5,0,0.154782649623505,0.15,-0.0461050316878095,0.0461050316878095,retract
1.054,0,0.0113020673531575,0,14.5,0,0.154736650655504,0.15,-0.0460024183372223,0.0460024183372223,retract
1.055,0,0.00968748630270643,0,14.5,0,0.154690756240388,0.15,-0.0458978852360696,0.0458978852360696,retract
1.056,0,0.00830355968803408,0,14.5,0,0.154644968275128,0.15,-0.045791454379463,0.045791454379463,retract
1.057,0,0.00711733687545779,0,14.5,0,0.154599288634827,0.15,-0.04568314763853,0.04568314763853,retract
1.058,0,0.0104605688430324,0.0305199606484801,14.5,0,0.154553719172844,0.15,-0.0455729867622123,0.0455729867622123,retract
1.059,0,0.00989561101304668,0.00650586403313231,14.5,0,0.154508261720912,0.15,-0.045460993379021,0.045460993379021,retract
1.06,0,0.00848195229689715,0,14.5,0,0.15446291808926,0.15,-0.0453471889987495,0.0453471889987495,retract
1.061,0,0.0209841388119252,0.0959972579020932,14.5,0,0.154417690066727,0.15,-0.0452315950141437,0.0452315950141437,retract
1.062,0,0.0303332208006156,0.0864277127327586,14.5,0,0.15437257942088,0.15,-0.0451142327025304,0.0451142327025304,retract
1.063,0,0.0259999035433848,0,14.5,0,0.154327587898128,0.15,-0.0449951232274055,0.0449951232274055,retract
1.064,0,0.0222856316086156,0,14.5,0,0.154282717223832,0.15,-0.0448742876399803,0.0448742876399803,retract
1.065,0,0.0191019699502419,0,14.5,0,0.15423796910242,0.15,-0.0447517468806886,0.0447517468806886,retract
1.066,0,0.0163731171002074,0,14.5,0,0.154193345217493,0.15,-0.0446275217806533,0.0446275217806533,retract
1.067,0,0.0219055390301244,0.0551000706096267,14.5,0,0.154148847231932,0.15,-0.0445016330631149,0.0445016330631149,retract
1.068,0,0.0266825826362055,0.0553448442726921,14.5,0,0.154104476788011,0.15,-0.0443741013448202,0.0443741013448202,retract
1.069,0,0.0228707851167476,0,14.5,0,0.154060235507496,0.15,-0.0442449471373737,0.0442449471373737,retract
1.07,0,0.0267377309703599,0.0499394060920339,14.5,0,0.15401612499175,0.15,-0.0441141908485518,0.0441141908485518,retract
1.071,0,0.0250345705935294,0.0148156083325465,14.5,0,0.153972146821839,0.15,-0.0439818527835782,0.0439818527835782,retract
1.072,0,0.0214582033658824,0,14.5,0,0.15392830255863,0.15,-0.043847953146365,0.043847953146365,retract
1.073,0,0.0215558851453322,0.0221419758220316,14.5,0,0.153884593742893,0.15,-0.0437125120407157,0.0437125120407157,retract
1.074,0,0.025520112131728,0.0493054740501027,14.5,0,0.1538410218954,0.15,-0.0435755494714943,0.0435755494714943,retract
1.075,0,0.0302049873581555,0.0583142387167203,14.5,0,0.153797588517022,0.15,-0.0434370853457584,0.0434370853457584,retract
1.076,0,0.032017375119437,0.0428917016871264,14.5,0,0.153754295088826,0.15,-0.0432971394738582,0.0432971394738582,retract
1.077,0,0.0352074653831259,0.0543480069652592,14.5,0,0.153711143072171,0.15,-0.043155731570501,0.043155731570501,retract
1.078,0,0.0301778274712508,0,14.5,0,0.153668133908804,0.15,-0.0430128812557832,0.0430128812557832,retract
1.079,0,0.0258667092610721,0,14.5,0,0.153625269020952,0.15,-0.0428686080561887,0.0428686080561887,retract
1.08,0,0.0221714650809189,0,14.5,0,0.153582549811414,0.15,-0.0427229314055542,0.0427229314055542,retract
1.081,0,0.019004112926502,0,14.5,0,0.153539977663657,0.15,-0.0425758706460043,0.0425758706460043,retract
1.082,0,0.0162892396512874,0,14.5,0,0.153497553941902,0.15,-0.0424274450288533,0.0424274450288533,retract
1.083,0,0.0139622054153892,0,14.5,0,0.153455279991215,0.15,-0.0422776737154775,0.0422776737154775,retract
1.084,0,0.0254073080095768,0.0940779235747023,14.5,0,0.153413157137599,0.15,-0.0421265757781559,0.0421265757781559,retract
1.085,0,0.0217776925796372,0,14.5,0,0.153371186688081,0.15,-0.0419741702008821,0.0419741702008821,retract
1.086,0,0.0186665936396891,0,14.5,0,0.153329369930798,0.15,-0.041820475880146,0.041820475880146,retract
1.087,0,0.0185561155465381,0.0178932469876321,14.5,0,0.153287708135085,0.15,-0.0416655116256866,0.0416655116256866,retract
1.088,0,0.0165653519543569,0.00462077040126973,14.5,0,0.153246202551562,0.15,-0.0415092961612171,0.0415092961612171,retract
1.089,0,0.0141988731037345,0,14.5,0,0.153204854412217,0.15,-0.0413518481251212,0.0413518481251212,retract
1.09,0,0.0174616068301486,0.0370380091886333,14.5,0,0.153163664930493,0.15,-0.0411931860711223,0.0411931860711223,retract
1.091,0,0.0149670915686988,0,14.5,0,0.153122635301373,0.15,-0.0410333284689263,0.0410333284689263,retract
1.092,0,0.0128289356303132,0,14.5,0,0.153081766701459,0.15,-0.0408722937048368,0.0408722937048368,retract
1.093,0,0.0111226394562617,0.000884862411952363,14.5,0,0.153041060289058,0.15,-0.0407101000823454,0.0407101000823454,retract
1.094,0,0.00953369096251002,0,14.5,0,0.153000517204266,0.15,-0.0405467658226961,0.0405467658226961,retract
1.095,0,0.0109248951730857,0.0192721204365394,14.5,0,0.152960138569046,0.15,-0.0403823090654246,0.0403823090654246,retract
1.096,0,0.0148492150989058,0.0383951346538269,14.5,0,0.15291992548731,0.15,-0.0402167478688732,0.0402167478688732,retract
1.097,0,0.0235239527626987,0.075572378745456,14.5,0,0.152879879045003,0.15,-0.0400501002106818,0.0400501002106818,retract
1.098,0,0.024970005165525,0.0336463195824828,14.5,0,0.152840000310179,0.15,-0.0398823839882549,0.0398823839882549,retract
1.099,0,0.02140286157045,0,14.5,0,0.152800290333084,0.15,-0.0397136170192063,0.0397136170192063,retract
1.1,0,0.0183453099175286,0,14.5,0,0.152760750146232,0.15,-0.0395438170417803,0.0395438170417803,retract
1.101,0,0.0348368346802872,0.133785983256839,14.5,0,0.152721380764489,0.15,-0.0393730017152509,0.0393730017152509,retract
1.102,0,0.039430486244958,0.0669923956329831,14.5,0,0.152682183185146,0.15,-0.0392011886203002,0.0392011886203002,retract
1.103,0,0.0361981540577236,0.0168041609343169,14.5,0,0.152643158388002,0.15,-0.0390283952593744,0.0390283952593744,retract
1.104,0,0.0366505081195269,0.0393646324903469,14.5,0,0.152604307335439,0.15,-0.0388546390570193,0.0388546390570193,retract
1.105,0,0.0314147212453088,0,14.5,0,0.1525656309725,0.15,-0.0386799373601963,0.0386799373601963,retract
1.106,0,0.0269269039245504,0,14.5,0,0.152527130226968,0.15,-0.0385043074385771,0.0385043074385771,retract
1.107,0,0.0230802033639003,0,14.5,0,0.15248880600944,0.15,-0.0383277664848205,0.0383277664848205,retract
1.108,0,0.0328291704907013,0.0913229732515072,14.5,0,0.152450659213408,0.15,-0.0381503316148289,0.0381503316148289,retract
1.109,0,0.0281392889920297,0,14.5,0,0.15241269071533,0.15,-0.0379720198679867,0.0379720198679867,retract
1.11,0,0.0334584065476363,0.0653731118812757,14.5,0,0.152374901374711,0.15,-0.0377928482073812,0.0377928482073812,retract
1.111,0,0.0286786341836882,0,14.5,0,0.152337292034179,0.15,-0.0376128335200048,0.0376128335200048,retract
1.112,0,0.0297571776891315,0.0362284387217912,14.5,0,0.152299863519556,0.15,-0.0374319926169406,0.0374319926169406,retract
1.113,0,0.0260398272828033,0.00373572484483392,14.5,0,0.15226261663994,0.15,-0.0372503422335308,0.0372503422335308,retract
1.114,0,0.0223198519566885,0,14.5,0,0.152225552187776,0.15,-0.0370678990295292,0.0370678990295292,retract
1.115,0,0.0218893726109056,0.0193064965362078,14.5,0,0.152188670938934,0.15,-0.0368846795892368,0.0368846795892368,retract
1.116,0,0.0193848536987985,0.004357740226156,14.5,0,0.152151973652781,0.15,-0.0367007004216231,0.0367007004216231,retract
1.117,0,0.020179249598946,0.0249456249998312,14.5,0,0.152115461072262,0.15,-0.0365159779604306,0.0365159779604306,retract
1.118,0,0.0213433563158063,0.0283279966169683,14.5,0,0.15207913392397,0.15,-0.0363305285642663,0.0363305285642663,retract
1.119,0,0.0228166628642598,0.0316565021549804,14.5,0,0.152042992918223,0.15,-0.0361443685166772,0.0361443685166772,retract
1.12,0,0.019557139597937,0,14.5,0,0.152007038749138,0.15,-0.035957514026213,0.035957514026213,retract
1.121,0,0.0241710623042198,0.051854598541917,14.5,0,0.151971272094708,0.15,-0.0357699812264747,0.0357699812264747,retract
1.122,0,0.020718053403617,0,14.5,0,0.151935693616874,0.15,-0.0355817861761502,0.0355817861761502,retract
1.123,0,0.0177583314888146,0,14.5,0,0.151900303961601,0.15,-0.0353929448590367,0.0353929448590367,retract
1.124,0,0.0248034481491055,0.0670741481108512,14.5,0,0.151865103758957,0.15,-0.0352034731840515,0.0352034731840515,retract
1.125,0,0.021260098413519,0,14.5,0,0.151830093623179,0.15,-0.0350133869852294,0.0350133869852294,retract
1.126,0,0.018222941497302,0,14.5,0,0.151795274152757,0.15,-0.0348227020217104,0.0348227020217104,retract
1.127,0,0.0195586345379161,0.027572792781601,14.5,0,0.151760645930501,0.15,-0.034631433977714,0.034631433977714,retract
1.128,0,0.0196373281940634,0.0201094901309471,14.5,0,0.151726209523623,0.15,-0.034439598462504,0.034439598462504,retract
1.129,0,0.0168319955949115,0,14.5,0,0.151691965483807,0.15,-0.0342472110103421,0.0342472110103421,retract
1.13,0,0.0144274247956384,0,14.5,0,0.151657914347286,0.15,-0.0340542870804316,0.0340542870804316,retract
1.131,0,0.0138539169632596,0.0104128699689864,14.5,0,0.151624056634916,0.15,-0.0338608420568511,0.0338608420568511,retract
1.132,0,0.0129032164074524,0.00719901307260932,14.5,0,0.151590392852254,0.15,-0.0336668912484785,0.0336668912484785,retract
1.133,0,0.0166674776393274,0.0392530450305775,14.5,0,0.151556923489629,0.15,-0.0334724498889061,0.0334724498889061,retract
1.134,0,0.0142864094051378,0,14.5,0,0.151523649022219,0.15,-0.0332775331363468,0.0332775331363468,retract
1.135,0,0.0168050764931896,0.0319170790215005,14.5,0,0.15149056991013,0.15,-0.0330821560735317,0.0330821560735317,retract
1.136,0,0.0215976555453505,0.0503531298583162,14.5,0,0.151457686598465,0.15,-0.0328863337075997,0.0328863337075997,retract
1.137,0,0.0262700273988443,0.0543042585198069,14.5,0,0.151424999517405,0.15,-0.0326900809699795,0.0326900809699795,retract
1.138,0,0.0319880152369509,0.0662959422655907,14.5,0,0.151392509082283,0.15,-0.0324934127162631,0.0324934127162631,retract
1.139,0,0.0333062986619253,0.0412159992117713,14.5,0,0.151360215693657,0.15,-0.0322963437260733,0.0322963437260733,retract
1.14,0,0.0295378622795809,0.00692724398551444,14.5,0,0.151328119737393,0.15,-0.0320988887029239,0.0320988887029239,retract
1.141,0,0.0323361792961912,0.0491260813958531,14.5,0,0.151296221584733,0.15,-0.0319010622740728,0.0319010622740728,retract
1.142,0,0.027716725111021,0,14.5,0,0.151264521592379,0.15,-0.0317028789903699,0.0317028789903699,retract
1.143,0,0.0306743224742249,0.0484199066534479,14.5,0,0.151233020102562,0.15,-0.0315043533260979,0.0315043533260979,retract
1.144,0,0.0351994440695696,0.062350173641638,14.5,0,0.151201717443126,0.15,-0.0313054996788087,0.0313054996788087,retract
1.145,0,0.0328182089825441,0.0185307984603909,14.5,0,0.151170613927599,0.15,-0.0311063323691528,0.0311063323691528,retract
1.146,0,0.0281298934136092,0,14.5,0,0.151139709855273,0.15,-0.0309068656407054,0.0309068656407054,retract
1.147,0,0.024111337211665,0,14.5,0,0.151109005511281,0.15,-0.0307071136597866,0.0307071136597866,retract
1.148,0,0.0333066835881001,0.0884787618467107,14.5,0,0.151078501166674,0.15,-0.0305070905152773,0.0305070905152773,retract
1.149,0,0.0361445310328287,0.0531716157012003,14.5,0,0.151048197078497,0.15,-0.0303068102184312,0.0303068102184312,retract
1.15,0,0.0309810265995675,0,14.5,0,0.151018093489869,0.15,-0.0301062867026823,0.0301062867026823,retract
1.151,0,0.0265551656567721,0,14.5,0,0.15098819063006,0.15,-0.0299055338234494,0.0299055338234494,retract
1.152,0,0.0247042655764807,0.0135988650947321,14.5,0,0.150958488714571,0.15,-0.0297045653579364,0.0297045653579364,retract
1.153,0,0.0296271128219061,0.0591641962944586,14.5,0,0.150928987945208,0.15,-0.0295033950049302,0.0295033950049302,retract
1.154,0,0.0261016500027263,0.00494887308764739,14.5,0,0.150899688510165,0.15,-0.0293020363845954,0.0293020363845954,retract
1.155,0,0.0223728428594797,0,14.5,0,0.1508705905841,0.15,-0.0291005030382658,0.0291005030382658,retract
1.156,0,0.0191767224509826,0,14.5,0,0.150841694328215,0.15,-0.0288988084282346,0.0288988084282346,retract
1.157,0,0.0164371906722708,0,14.5,0,0.150812999890335,0.15,-0.0286969659375416,0.0286969659375416,retract
1.158,0,0.0140890205762321,0,14.5,0,0.150784507404987,0.15,-0.0284949888697585,0.0284949888697585,retract
1.159,0,0.0120763033510561,0,14.5,0,0.150756216993482,0.15,-0.0282928904487733,0.0282928904487733,retract
1.16,0,0.0152992363681186,0.0346368344704938,14.5,0,0.150728128763992,0.15,-0.028090683818572,0.028090683818572,retract
1.161,0,0.0163661506950997,0.0227676366569862,14.5,0,0.150700242811628,0.15,-0.0278883820430206,0.0278883820430206,retract
1.162,0,0.0140281291672283,0,14.5,0,0.150672559218528,0.15,-0.0276859981056443,0.0276859981056443,retract
1.163,0,0.0173508542295312,0.0372872046033485,14.5,0,0.150645078053929,0.15,-0.027483544909408,0.027483544909408,retract
1.164,0,0.0148721607681696,0,14.5,0,0.150617799374254,0.15,-0.0272810352764942,0.0272810352764942,retract
1.165,0,0.0127475663727168,0,14.5,0,0.150590723223188,0.15,-0.0270784819480819,0.0270784819480819,retract
1.166,0,0.0136248004631513,0.0188882050057584,14.5,0,0.150563849631762,0.15,-0.0268758975841251,0.0268758975841251,retract
1.167,0,0.012141467800258,0.00324147182289806,14.5,0,0.150537178618435,0.15,-0.0266732947631307,0.0266732947631307,retract
1.168,0,0.0104069724002211,0,14.5,0,0.150510710189173,0.15,-0.0264706859819377,0.0264706859819377,retract
1.169,0,0.0126789496783906,0.0263108133474073,14.5,0,0.150484444337534,0.15,-0.0262680836554961,0.0262680836554961,retract
1.17,0,0.0130120607001193,0.0150107268304916,14.5,0,0.150458381044746,0.15,-0.0260655001166466,0.0260655001166466,retract
1.171,0,0.0133860903789709,0.0156302684520804,14.5,0,0.150432520279792,0.15,-0.0258629476159011,0.0258629476159011,retract
1.172,0,0.0114737917534036,0,14.5,0,0.150406861999494,0.15,-0.0256604383212246,0.0256604383212246,retract
1.173,0,0.0111306924143453,0.00907209637999514,14.5,0,0.150381406148591,0.15,-0.0254579843178181,0.0254579843178181,retract
1.174,0,0.00954059349801023,0,14.5,0,0.150356152659825,0.15,-0.0252555976079023,0.0252555976079023,retract
1.175,0,0.00817765156972306,0,14.5,0,0.150331101454026,0.15,-0.0250532901105038,0.0250532901105038,retract
1.176,0,0.0108870524941159,0.0271434580404729,14.5,0,0.150306252440189,0.15,-0.0248510736612424,0.0248510736612424,retract
1.177,0,0.0110001064339343,0.0116784300728447,14.5,0,0.150281605515566,0.15,-0.0246489600121205,0.0246489600121205,retract
1.178,0,0.00988409865568189,0.00318805198616751,14.5,0,0.150257160565741,0.15,-0.0244469608313144,0.0244469608313144,retract
1.179,0,0.00847208456201305,0,14.5,0,0.150232917464721,0.15,-0.024245087702968,0.024245087702968,retract
1.18,0,0.00726178676743976,0,14.5,0,0.150208876075016,0.15,-0.0240433521269888,0.0240433521269888,retract
1.181,0,0.0183133978113896,0.0846230640750889,14.5,0,0.150185036247725,0.15,-0.0238417655188464,0.0238417655188464,retract
1.182,0,0.0254608691265889,0.0683456970177844,14.5,0,0.150161397822621,0.15,-0.0236403392093734,0.0236403392093734,retract
1.183,0,0.0306826840637752,0.0620135736868929,14.5,0,0.150137960628233,0.15,-0.0234390844445695,0.0234390844445695,retract
1.184,0,0.0262994434832359,0,14.5,0,0.150114724481936,0.15,-0.0232380123854084,0.0232380123854084,retract
1.185,0,0.0225423801284879,0,14.5,0,0.150091689190031,0.15,-0.0230371341076478,0.0230371341076478,retract
1.186,0,0.0193220401101325,0,14.5,0,0.150068854547833,0.15,-0.0228364606016425,0.0228364606016425,retract
1.187,0,0.0206943989328226,0.0289285518689633,14.5,0,0.150046220339755,0.15,-0.0226360027721607,0.0226360027721607,retract
1.188,0,0.0177380562281336,0,14.5,0,0.150023786339396,0.15,-0.0224357714382042,0.0224357714382042,retract
1.189,0,0.0152040481955431,0,14.5,0,0.150001552309624,0.15,-0.0222357773328321,0.0222357773328321,retract
1.19,0,0.0130320413104655,0,14.5,0,0.149979518002665,0.15,-0.0220360311029878,0.0220360311029878,retract
1.191,0,0.0154801053570272,0.0301684896363971,14.5,0,0.149957683160186,0.15,-0.0218365433093301,0.0218365433093301,retract
1.192,0,0.0142067123480839,0.0065663542944241,14.5,0,0.149936047513386,0.15,-0.0216373244260684,0.0216373244260684,retract
1.193,0,0.024516201492368,0.0863731363580729,14.5,0,0.149914610783077,0.15,-0.0214383848408019,0.0214383848408019,retract
1.194,0,0.0210138869934583,0,14.5,0,0.149893372679773,0.15,-0.0212397348543624,0.0212397348543624,retract
1.195,0,0.01801190313725,0,14.5,0,0.149872332903779,0.15,-0.0210413846806622,0.0210413846806622,retract
1.196,0,0.0272157793651083,0.0824390367322582,14.5,0,0.149851491145276,0.15,-0.020843344446546,0.020843344446546,retract
1.197,0,0.0233278108843785,0,14.5,0,0.149830847084406,0.15,-0.0206456241916469,0.0206456241916469,retract
1.198,0,0.0242152653593445,0.0295399922091403,14.5,0,0.149810400391364,0.15,-0.0204482338682474,0.0204482338682474,retract
1.199,0,0.0245640663778924,0.0266568724891798,14.5,0,0.149790150726483,0.15,-0.020251183341145,0.020251183341145,retract
1.2,0,0.0210549140381935,0,14.5,0,0.149770097740318,0.15,-0.0200544823875226,0.0200544823875226,retract
1.201,0,0.0180470691755944,0,14.5,0,0.149750241073743,0.15,-0.0198581406968231,0.0198581406968231,retract
1.202,0,0.0205656209802256,0.0356769318080127,14.5,0,0.149730580358027,0.15,-0.0196621678706297,0.0196621678706297,retract
1.203,0,0.0176276751259077,0,14.5,0,0.149711115214932,0.15,-0.0194665734225508,0.0194665734225508,retract
1.204,0,0.033948787263486,0.131875460088956,14.5,0,0.149691845256795,0.15,-0.0192713667781099,0.0192713667781099,retract
1.205,0,0.0290989605115594,0,14.5,0,0.149672770086619,0.15,-0.0190765572746406,0.0190765572746406,retract
1.206,0,0.0249419661527652,0,14.5,0,0.149653889298158,0.15,-0.0188821541611873,0.0188821541611873,retract
1.207,0,0.0251176808795732,0.0261719692404213,14.5,0,0.149635202476011,0.15,-0.0186881665984103,0.0186881665984103,retract
1.208,0,0.0215294407539199,0,14.5,0,0.149616709195703,0.15,-0.0184946036584968,0.0184946036584968,retract
1.209,0,0.0184538063605028,0,14.5,0,0.149598409023781,0.15,-0.0183014743250776,0.0183014743250776,retract
1.21,0,0.0158175483090024,0,14.5,0,0.149580301517897,0.15,-0.0181087874931482,0.0181087874931482,retract
1.211,0,0.0140617233957101,0.0035267739159562,14.5,0,0.149562386226898,0.15,-0.0179165519689964,0.0179165519689964,retract
1.212,0,0.0201389224621824,0.0566021168610162,14.5,0,0.149544662690917,0.15,-0.0177247764701351,0.0177247764701351,retract
1.213,0,0.0172619335390135,0,14.5,0,0.14952713044146,0.15,-0.0175334696252405,0.0175334696252405,retract
1.214,0,0.0147959430334401,0,14.5,0,0.149509789001493,0.15,-0.0173426399740963,0.0173426399740963,retract
1.215,0,0.0145167975834504,0.0128419248835119,14.5,0,0.149492637885534,0.15,-0.0171522959675433,0.0171522959675433,retract
1.216,0,0.0131657187968944,0.00505924607755868,14.5,0,0.149475676599742,0.15,-0.0169624459674355,0.0169624459674355,retract
1.217,0,0.0163125074957812,0.0351932396891017,14.5,0,0.149458904642003,0.15,-0.0167730982466005,0.0167730982466005,retract
1.218,0,0.0139821492820981,0,14.5,0,0.14944232150202,0.15,-0.0165842609888072,0.0165842609888072,retract
1.219,0,0.0119846993846556,0,14.5,0,0.149425926661404,0.15,-0.0163959422887388,0.0163959422887388,retract
1.22,0,0.0168848245284496,0.0462855753912135,14.5,0,0.149409719593762,0.15,-0.0162081501519715,0.0162081501519715,retract
1.221,0,0.021858709198138,0.0517020172162684,14.5,0,0.149393699764785,0.15,-0.0160208924949593,0.0160208924949593,retract
1.222,0,0.0187360364555468,0,14.5,0,0.149377866632339,0.15,-0.015834177145025,0.015834177145025,retract
1.223,0,0.0311263637705412,0.105468327660507,14.5,0,0.14936221964655,0.15,-0.0156480118403568,0.0156480118403568,retract
1.224,0,0.0266797403747496,0,14.5,0,0.149346758249899,0.15,-0.0154624042300112,0.0154624042300112,retract
1.225,0,0.0319320237413318,0.0634457239408254,14.5,0,0.149331481877307,0.15,-0.0152773618739217,0.0152773618739217,retract
1.226,0,0.0392587922601736,0.0832194033732239,14.5,0,0.149316389956225,0.15,-0.0150928922429135,0.0150928922429135,retract
1.227,0,0.0348075514905802,0.00810010687302034,14.5,0,0.149301481906724,0.15,-0.014909002718725,0.014909002718725,retract
1.228,0,0.0326513135159909,0.019713885668455,14.5,0,0.149286757141581,0.15,-0.0147257005940344,0.0147257005940344,retract
1.229,0,0.0279868401565636,0,14.5,0,0.149272215066373,0.15,-0.0145429930724926,0.0145429930724926,retract
1.23,0,0.0321823393800985,0.0573553347213077,14.5,0,0.149257855079561,0.15,-0.0143608872687632,0.0143608872687632,retract
1.231,0,0.0287296804502769,0.00801372687134742,14.5,0,0.149243676572581,0.15,-0.0141793902085671,0.0141793902085671,retract
1.232,0,0.0253810955967868,0.00528958647584581,14.5,0,0.149229678929934,0.15,-0.0139985088287344,0.0139985088287344,retract
1.233,0,0.0239253597191953,0.0151909444536465,14.5,0,0.149215861529272,0.15,-0.0138182499772621,0.0138182499772621,retract
1.234,0,0.0205074511878817,0,14.5,0,0.14920222374149,0.15,-0.0136386204133776,0.0136386204133776,retract
1.235,0,0.0311358819923475,0.0949064668191423,14.5,0,0.149188764930812,0.15,-0.0134596268076086,0.0134596268076086,retract
1.236,0,0.0271562339823522,0.00327834592238031,14.5,0,0.149175484454879,0.15,-0.0132812757418596,0.0132812757418596,retract
1.237,0,0.0268393749948578,0.0249382210698915,14.5,0,0.149162381664843,0.15,-0.0131035737094937,0.0131035737094937,retract
1.238,0,0.023005178567021,0,14.5,0,0.149149455905446,0.15,-0.0129265271154209,0.0129265271154209,retract
1.239,0,0.0230977532109912,0.0236532010748127,14.5,0,0.149136706515119,0.15,-0.0127501422761931,0.0127501422761931,retract
1.24,0,0.0197980741808496,0,14.5,0,0.14912413282606,0.15,-0.0125744254201039,0.0125744254201039,retract
1.241,0,0.0219954170101468,0.0351794739859301,14.5,0,0.149111734164331,0.15,-0.0123993826872961,0.0123993826872961,retract
1.242,0,0.0188532145801258,0,14.5,0,0.14909950984994,0.15,-0.012225020129874,0.012225020129874,retract
1.243,0,0.0161598982115364,0,14.5,0,0.149087459196932,0.15,-0.0120513437120225,0.0120513437120225,retract
1.244,0,0.0138513413241741,0,14.5,0,0.149075581513474,0.15,-0.0118783593101322,0.0118783593101322,retract
1.245,0,0.0118725782778635,0,14.5,0,0.149063876101944,0.15,-0.0117060727129304,0.0117060727129304,retract
1.246,0,0.0177375166329259,0.0529271467633001,14.5,0,0.149052342259022,0.15,-0.0115344896216179,0.0115344896216179,retract
1.247,0,0.015203585685365,0,14.5,0,0.149040979275771,0.15,-0.0113636156500128,0.0113636156500128,retract
1.248,0,0.0139369766761529,0.00633732262087993,14.5,0,0.149029786437728,0.15,-0.011193456324699,0.011193456324699,retract
1.249,0,0.011945980008131,0,14.5,0,0.149018763024989,0.15,-0.0110240170851817,0.0110240170851817,retract
1.25,0,0.0102394114355409,0,14.5,0,0.149007908312301,0.15,-0.0108553032840484,0.0108553032840484,retract
1.251,0,0.00877663837332077,0,14.5,0,0.148997221569141,0.15,-0.0106873201871362,0.0106873201871362,retract
1.252,0,0.0075228328914178,0,14.5,0,0.148986702059809,0.15,-0.0105200729737042,0.0105200729737042,retract
1.253,0,0.00644814247835811,0,14.5,0,0.148976349043509,0.15,-0.0103535667366131,0.0103535667366131,retract
1.254,0,0.0055269792671641,0,14.5,0,0.14896616177444,0.15,-0.0101878064825092,0.0101878064825092,retract
1.255,0,0.00473741080042637,0,14.5,0,0.14895613950188,0.15,-0.0100227971320155,0.0100227971320155,retract
1.256,0,0.00783598868083863,0.0264274559633122,14.5,0,0.148946281470271,0.15,-0.00985854351992777,0.00985854351992777,retract
1.257,0,0.00671656172643311,0,14.5,0,0.148936586919305,0.15,-0.00969505039541691,0.00969505039541691,retract
1.258,0,0.012356808321619,0.0461982878927346,14.5,0,0.148927055084011,0.15,-0.00953232242223643,0.00953232242223643,retract
1.259,0,0.0105915499899592,0,14.5,0,0.148917685194837,0.15,-0.00937036417893635,0.00937036417893635,retract
1.26,0,0.0205147825926082,0.0800541782085022,14.5,0,0.148908476477739,0.15,-0.00920918015908224,0.00920918015908224,retract
1.261,0,0.0175840993650927,0,14.5,0,0.148899428154262,0.15,-0.00904877477148018,0.00904877477148018,retract
1.262,0,0.0242919825676106,0.0645392817827179,14.5,0,0.148890539441626,0.15,-0.00888915234040719,0.00888915234040719,retract
1.263,0,0.0208216993436662,0,14.5,0,0.148881809552811,0.15,-0.00873031710584712,0.00873031710584712,retract
1.264,0,0.0178471708659996,0,14.5,0,0.148873237696641,0.15,-0.00857227322373232,0.00857227322373232,retract
1.265,0,0.0152975750279997,0,14.5,0,0.148864823077864,0.15,-0.00841502476619051,0.00841502476619051,retract
1.266,0,0.0178384145614524,0.0330834517621685,14.5,0,0.148856564897243,0.15,-0.00825857572179717,0.00825857572179717,retract
1.267,0,0.015290069624102,0,14.5,0,0.148848462351631,0.15,-0.00810292999583342,0.00810292999583342,retract
1.268,0,0.013105773963516,0,14.5,0,0.148840514634061,0.15,-0.00794809141054914,0.00794809141054914,retract
1.269,0,0.0166533201478394,0.0379385972537793,14.5,0,0.148832720933824,0.15,-0.00779406370543135,0.00779406370543135,retract
1.27,0,0.0142742744124337,0,14.5,0,0.148825080436552,0.15,-0.00764085053747788,0.00764085053747788,retract
1.271,0,0.0137013719828232,0.0102639574051603,14.5,0,0.148817592324303,0.15,-0.00748845548147635,0.00748845548147635,retract
1.272,0,0.0117440331281342,0,14.5,0,0.148810255775641,0.15,-0.00733688203028813,0.00733688203028813,retract
1.273,0,0.0100663141098293,0,14.5,0,0.148803069965718,0.15,-0.00718613359513762,0.00718613359513762,retract
1.274,0,0.0194866673185347,0.0760087865707668,14.5,0,0.148796034066354,0.15,-0.00703621350590624,0.00703621350590624,retract
1.275,0,0.0167028577016012,0,14.5,0,0.148789147246119,0.15,-0.00688712501143187,0.00688712501143187,retract
1.276,0,0.014316735172801,0,14.5,0,0.148782408670416,0.15,-0.00673887127981293,0.00673887127981293,retract
1.277,0,0.0122714872909723,0,14.5,0,0.148775817501558,0.15,-0.00659145539871748,0.00659145539871748,retract
1.278,0,0.0105184176779762,0,14.5,0,0.148769372898847,0.15,-0.00644488037569717,0.00644488037569717,retract
1.279,0,0.0186191260905451,0.067223376565958,14.5,0,0.148763074018661,0.15,-0.00629914913850599,0.00629914913850599,retract
1.28,0,0.0159592509347529,0,14.5,0,0.148756920014523,0.15,-0.00615426453542379,0.00615426453542379,retract
1.281,0,0.0149348079470055,0.00878815002052099,14.5,0,0.148750910037191,0.15,-0.00601022933558443,0.00601022933558443,retract
1.282,0,0.0128012639545761,0,14.5,0,0.148745043234729,0.15,-0.0058670462293086,0.0058670462293086,retract
1.283,0,0.0199263818606811,0.0626770892973108,14.5,0,0.148739318752586,0.15,-0.00572471782844132,0.00572471782844132,retract
1.284,0,0.0170797558805838,0,14.5,0,0.14873373573368,0.15,-0.00558324666669383,0.00558324666669383,retract
1.285,0,0.017212842275657,0.0180113606460966,14.5,0,0.148728293318469,0.15,-0.00544263519998998,0.00544263519998998,retract
1.286,0,0.0152310972273568,0.0033406269375556,14.5,0,0.148722990645033,0.15,-0.00530288580681717,0.00530288580681717,retract
1.287,0,0.0130552261948773,0,14.5,0,0.148717826849148,0.15,-0.00516400078858148,0.00516400078858148,retract
1.288,0,0.011471932802958,0.00197217245144204,14.5,0,0.148712801064364,0.15,-0.00502598236996712,0.00502598236996712,retract
1.289,0,0.0161965769396167,0.044544441759569,14.5,0,0.148707912422084,0.15,-0.00488883269930025,0.00488883269930025,retract
1.29,0,0.0149992320654551,0.00781516282048592,14.5,0,0.148703160051633,0.15,-0.00475255384891693,0.00475255384891693,retract
1.291,0,0.012856484627533,0,14.5,0,0.148698543080342,0.15,-0.00461714781553503,0.00461714781553503,retract
1.292,0,0.0110198439664568,0,14.5,0,0.148694060633617,0.15,-0.00448261652063044,0.00448261652063044,retract
1.293,0,0.0162089930252786,0.0473438873782094,14.5,0,0.148689711835016,0.15,-0.00434896181081729,0.00434896181081729,retract
1.294,0,0.013893422593096,0,14.5,0,0.148685495806325,0.15,-0.00421618545823183,0.00421618545823183,retract
1.295,0,0.0119086479369394,0,14.5,0,0.148681411667629,0.15,-0.00408428916092045,0.00408428916092045,retract
1.296,0,0.0102074125173766,0,14.5,0,0.148677458537388,0.15,-0.0039532745432315,0.0039532745432315,retract
1.297,0,0.00874921072917997,0,14.5,0,0.14867363553251,0.15,-0.00382314315621074,0.00382314315621074,retract
1.298,0,0.00749932348215426,0,14.5,0,0.148669941768423,0.15,-0.00369389647800064,0.00369389647800064,retract
1.299,0,0.00642799155613222,0,14.5,0,0.148666376359147,0.15,-0.00356553591424323,0.00356553591424323,retract
1.3,0,0.00550970704811333,0,14.5,0,0.148662938417369,0.15,-0.00343806279848654,0.00343806279848654,retract
1.301,0,0.00472260604124,0,14.5,0,0.148659627054511,0.15,-0.00331147839259453,0.00331147839259453,retract
1.302,0,0.00404794803534857,0,14.5,0,0.148656441380804,0.15,-0.00318578388716061,0.00318578388716061,retract
1.303,0,0.00346966974458449,0,14.5,0,0.148653380505358,0.15,-0.00306098040192437,0.00306098040192437,retract
1.304,0,0.0119041577260057,0.0625110856145333,14.5,0,0.148650443536231,0.15,-0.00293706898619168,0.00293706898619168,retract
1.305,0,0.0102035637651478,0,14.5,0,0.148647629580501,0.15,-0.0028140506192582,0.0028140506192582,retract
1.306,0,0.00942017468206978,0.00471984018360175,14.5,0,0.148644937744336,0.15,-0.00269192621083575,0.00269192621083575,retract
1.307,0,0.0156512976532762,0.0530380354805147,14.5,0,0.14864236713306,0.15,-0.00257069660148224,0.00257069660148224,retract
1.308,0,0.0196534543320746,0.043666394404865,14.5,0,0.148639916851224,0.15,-0.00245036256303445,0.00245036256303445,retract
1.309,0,0.0209529787724549,0.0287501254147367,14.5,0,0.148637586002676,0.15,-0.00233092479904364,0.00233092479904364,retract
1.31,0,0.019063301756346,0.00772523965969274,14.5,0,0.148635373690624,0.15,-0.00221238394521464,0.00221238394521464,retract
1.311,0,0.0190042822356592,0.0186501651115386,14.5,0,0.148633279017709,0.15,-0.00209474056984719,0.00209474056984719,retract
1.312,0,0.0162893847734222,0,14.5,0,0.148631301086067,0.15,-0.00197799517428057,0.00197799517428057,retract
1.313,0,0.0139623298057905,0,14.5,0,0.148629438997398,0.15,-0.0018621481933407,0.0018621481933407,retract
1.314,0,0.0119677112621061,0,14.5,0,0.148627691853034,0.15,-0.00174719999579004,0.00174719999579004,retract
1.315,0,0.0102580382246624,0,14.5,0,0.148626058753999,0.15,-0.00163315088478017,0.00163315088478017,retract
1.316,0,0.0106772975683417,0.0131928536304174,14.5,0,0.148624538801081,0.15,-0.00152000109830685,0.00152000109830685,retract
1.317,0,0.0102178116705091,0.00746089628351348,14.5,0,0.148623131094889,0.15,-0.00140775080966758,0.00140775080966758,retract
1.318,0,0.00875812428900778,0,14.5,0,0.148621834735926,0.15,-0.00129640012792171,0.00129640012792171,retract
1.319,0,0.0127686679622761,0.0368319300018862,14.5,0,0.148620648824646,0.15,-0.00118594909835271,0.00118594909835271,retract
1.32,0,0.0109445725390938,0,14.5,0,0.148619572461519,0.15,-0.00107639770293294,0.00107639770293294,retract
1.321,0,0.0104684276971993,0.00761155864583198,14.5,0,0.148618604747095,0.15,-0.000967745860790604,0.000967745860790604,retract
1.322,0,0.0089729380261708,0,14.5,0,0.148617744782066,0.15,-0.000859993428678767,0.000859993428678767,retract
1.323,0,0.0202851698004612,0.0881585604462037,14.5,0,0.148616991667328,0.15,-0.000753140201446712,0.000753140201446712,retract
1.324,0,0.0173872884003953,0,14.5,0,0.148616344504041,0.15,-0.000647185912513172,0.000647185912513172,retract
1.325,0,0.0149033900574817,0,14.5,0,0.148615802393693,0.15,-0.000542130234341663,0.000542130234341663,retract
1.326,0,0.0127743343349843,0,14.5,0,0.148615364438156,0.15,-0.000437972778917622,0.000437972778917622,retract
1.327,0,0.0109494294299866,0,14.5,0,0.14861502973975,0.15,-0.000334713098227568,0.000334713098227568,retract
1.328,0,0.00971777105234408,0.00232782078648916,14.5,0,0.148614797401302,0.15,-0.000232350684739903,0.000232350684739903,retract
1.329,0,0.0236483542838424,0.107231853672833,14.5,0,0.148614666526203,0.15,-0.000130884971887645,0.000130884971887645,retract
1.33,0,0.0202700179575792,0,14.5,0,0.148614636218466,0.15,-3.03153345525454e-05,3.03153345525454e-05,retract
1.331,0,0.0221025452319536,0.0330977088781999,14.5,0,0.14861470558279,0.15,6.93589104489191e-05,0,retract
1.332,0,0.018945038770246,0,14.5,0,0.148614873724609,0.15,0.000168138503877971,0,retract
1.333,0,0.0279837633889572,0.0822161111012244,14.5,0,0.148615139750155,0.15,0.00026602424358472,0,retract
1.334,0,0.027873842491514,0.0272143171068547,14.5,0,0.148615502766515,0.15,0.000363016984017755,0,retract
1.335,0,0.0348006372244326,0.0763614056219448,14.5,0,0.148615961881682,0.15,0.000459117635732353,0,retract
1.336,0,0.0380149338957645,0.0573007139237559,14.5,0,0.148616516204615,0.15,0.000554327164897412,0,retract
1.337,0,0.0409297858427277,0.0584188975245069,14.5,0,0.148617164845294,0.15,0.000648646592801184,0,retract
1.338,0,0.0350826735794809,0,14.5,0,0.148617906914772,0.15,0.000742076995355745,0,retract
1.339,0,0.0320139830039214,0.013601839550564,14.5,0,0.148618741525232,0.15,0.000834619502600389,0,retract
1.34,0,0.0312294070390801,0.0265219512500325,14.5,0,0.148619667790037,0.15,0.000926275298203915,0,retract
1.341,0,0.0311805572050747,0.0308874582010427,14.5,0,0.148620684823788,0.15,0.00101704561896599,0,retract
1.342,0,0.0356412694009495,0.0624055425761977,14.5,0,0.148621791742372,0.15,0.00110693175431747,0,retract
1.343,0,0.0305496594865281,0,14.5,0,0.148622987663018,0.15,0.00119593504581979,0,retract
1.344,0,0.0261854224170241,0,14.5,0,0.148624271704346,0.15,0.00128405688666378,0,retract
1.345,0,0.0224446477860206,0,14.5,0,0.148625642986418,0.15,0.0013712987211674,0,retract
1.346,0,0.0226512716301095,0.0238910146946425,14.5,0,0.148627100630792,0.15,0.00145766204427293,0,retract
1.347,0,0.019415375682951,0,14.5,0,0.148628643760567,0.15,0.00154314840104343,0,retract
1.348,0,0.0166417505853866,0,14.5,0,0.148630271500437,0.15,0.00162775938615872,0,retract
1.349,0,0.0195163699680841,0.0367640862642692,14.5,0,0.148631982976738,0.15,0.00171149664341068,0,retract
1.35,0,0.0167283171155006,0,14.5,0,0.148633777317497,0.15,0.0017943618651981,0,retract
1.351,0,0.014338557527572,0,14.5,0,0.148635653652481,0.15,0.00187635679202123,0,retract
1.352,0,0.0122901921664903,0,14.5,0,0.148637611113243,0.15,0.00195748321197569,0,retract
1.353,0,0.0255097619840499,0.104827180889408,14.5,0,0.14863964883317,0.15,0.00203774296024637,0,retract
1.354,0,0.0264460648831719,0.032063882277904,14.5,0,0.14864176594753,0.15,0.00211713791860086,0,retract
1.355,0,0.0270910037069256,0.0309606366494476,14.5,0,0.148643961593516,0.15,0.00219567001488269,0,retract
1.356,0,0.0236008215149559,0.00265972836313759,14.5,0,0.148646234910295,0.15,0.0022733412225046,0,retract
1.357,0,0.0326638876518839,0.0870422844734523,14.5,0,0.148648585039052,0.15,0.0023501535599414,0,retract
1.358,0,0.0279976179873291,0,14.5,0,0.14865101112303,0.15,0.00242610909022305,0,retract
1.359,0,0.0261628903882099,0.0151545247934946,14.5,0,0.148653512307582,0.15,0.00250120992042768,0,retract
1.36,0,0.0224253346184656,0,14.5,0,0.148656087740208,0.15,0.00257545820117457,0,retract
1.361,0,0.0224708601101535,0.0227440130602808,14.5,0,0.148658736570601,0.15,0.00264885612611728,0,retract
1.362,0,0.0192607372372744,0,14.5,0,0.148661457950689,0.15,0.00272140593143708,0,retract
1.363,0,0.0165092033462352,0,14.5,0,0.148664251034678,0.15,0.00279310989533646,0,retract
1.364,0,0.026567434969732,0.0869168247107129,14.5,0,0.148667114979091,0.15,0.00286397033753283,0,retract
1.365,0,0.0227720871169132,0,14.5,0,0.148670048942811,0.15,0.00293398961875281,0,retract
1.366,0,0.0298950175826574,0.0726326003771229,14.5,0,0.148673052087122,0.15,0.00300317014022659,0,retract
1.367,0,0.0319414761840755,0.044220227792584,14.5,0,0.148676123575747,0.15,0.00307151434318285,0,retract
1.368,0,0.0306020040807786,0.0225651714609971,14.5,0,0.14867926257489,0.15,0.00313902470834418,0,retract
1.369,0,0.0308235871543287,0.0321530855956292,14.5,0,0.148682468253271,0.15,0.00320570375542289,0,retract
1.37,0,0.0316889145367032,0.0368808788309506,14.5,0,0.148685739782171,0.15,0.00327155404261749,0,retract
1.371,0,0.0364087368521962,0.0647276707451537,14.5,0,0.148689076335462,0.15,0.00333657816610976,0,retract
1.372,0,0.0312074887304539,0,14.5,0,0.14869247708965,0.15,0.0034007787595624,0,retract
1.373,0,0.0267492760546747,0,14.5,0,0.148695941223913,0.15,0.0034641584936174,0,retract
1.374,0,0.0345069563993202,0.0810530384671933,14.5,0,0.148699467920133,0.15,0.00352672007539533,0,retract
1.375,0,0.0295773911994174,0,14.5,0,0.148703056362932,0.15,0.00358846624799512,0,retract
1.376,0,0.0253520495995006,0,14.5,0,0.148706705739714,0.15,0.00364939978999491,0,retract
1.377,0,0.0328876239467752,0.0781010700304232,14.5,0,0.148710415240692,0.15,0.00370952351495381,0,retract
1.378,0,0.0281893919543788,0,14.5,0,0.148714184058928,0.15,0.00376884027091435,0,retract
1.379,0,0.0284863329717121,0.0302679790757122,14.5,0,0.148718011390364,0.15,0.00382735293990609,0,retract
1.38,0,0.0262615829748309,0.0129130829935433,14.5,0,0.148721896433857,0.15,0.0038850644374503,0,retract
1.381,0,0.025985696241639,0.0243303758424876,14.5,0,0.148725838391212,0.15,0.00394197771206539,0,retract
1.382,0,0.0272196042725205,0.0346230524578098,14.5,0,0.148729836467212,0.15,0.00399809574477382,0,retract
1.383,0,0.0233310893764462,0,14.5,0,0.148733889869655,0.15,0.00405342154860994,0,retract
1.384,0,0.0388014467088273,0.131623590703114,14.5,0,0.148737997809381,0.15,0.00410795816812906,0,retract
1.385,0,0.0403327603453349,0.049520642164381,14.5,0,0.148742159500305,0.15,0.00416170867891758,0,retract
1.386,0,0.0345709374388585,0,14.5,0,0.148746374159446,0.15,0.00421467618710474,0,retract
1.387,0,0.0421740288273303,0.087792577158161,14.5,0,0.148750641006961,0.15,0.00426686382887538,0,retract
1.388,0,0.0495184949642978,0.0935852917861027,14.5,0,0.14875495926617,0.15,0.00431827476998412,0,retract
1.389,0,0.0424444242551124,0,14.5,0,0.148759328163587,0.15,0.00436891220527091,0,retract
1.39,0,0.0429857171028364,0.0462334741891805,14.5,0,0.148763746928949,0.15,0.00441877935817809,0,retract
1.391,0,0.0482858853502159,0.0800868948344931,14.5,0,0.148768214795243,0.15,0.00446787948026866,0,retract
1.392,0,0.0501846136897039,0.0615769837266321,14.5,0,0.148772730998736,0.15,0.00451621585074641,0,retract
1.393,0,0.0430153831626034,0,14.5,0,0.148777294778999,0.15,0.0045637917759773,0,retract
1.394,0,0.0368703284250886,0,14.5,0,0.148781905378936,0.15,0.00461061058901248,0,retract
1.395,0,0.0328659080837093,0.00883938603543323,14.5,0,0.148786562044809,0.15,0.00465667564911287,0,retract
1.396,0,0.0281707783574651,0,14.5,0,0.148791264026265,0.15,0.00470199034127548,0,retract
1.397,0,0.0241463814492558,0,14.5,0,0.148796010576359,0.15,0.00474655807576134,0,retract
1.398,0,0.0206968983850764,0,14.5,0,0.148800800951582,0.15,0.00479038228762512,0,retract
1.399,0,0.0177401986157798,0,14.5,0,0.148805634411883,0.15,0.00483346643624644,0,retract
1.4,0,0.0152058845278112,0,14.5,0,0.148810510220693,0.15,0.00487581400486313,0,retract
