t_s,force_normal_N,force_filtered_N,force_measured_N,force_desired_N,penetration_mm,ee_z_m,cmd_z_m,ee_z_velocity_mps,closing_velocity_mps,phase
0,0,0,0,14.5,0,0.149999994323105,0.15,0,0,approach
0.001,0,0,0,14.5,0,0.149999994324321,0.149996601239669,1.21532500625011e-09,0,approach
0.002,0,0.0035136302494089,0.0245954117458623,14.5,0,0.149999912457286,0.149986446280992,-8.18670277252592e-05,8.18670277252592e-05,approach
0.003,0,0.00337762504844086,0.00256159384263265,14.5,0,0.149999667735275,0.149969597107438,-0.000244721947339053,0.000244721947339053,approach
0.004,0,0.00289510718437788,0,14.5,0,0.14999918006911,0.149946115702479,-0.000487665913440574,0.000487665913440574,approach
0.005,0,0.00248152044375247,0,14.5,0,0.149998370281582,0.149916064049587,-0.000809786836157594,0.000809786836157594,approach
0.006,0,0.00844979225976309,0.0442594231558268,14.5,0,0.149997160121488,0.149879504132231,-0.00121015855251272,0.00121015855251272,approach
0.007,0,0.00789873782753365,0.00459241123415699,14.5,0,0.149995472277285,0.149836497933884,-0.00168784121142765,0.00168784121142765,approach
0.008,0,0.0123696979478234,0.0391954586695621,14.5,0,0.149993230390361,0.149787107438017,-0.00224188165712307,0.00224188165712307,approach
0.009,0,0.0205044992922732,0.0693133073589719,14.5,0,0.149990359067931,0.149731394628099,-0.0028713138109895,0.0028713138109895,approach
0.01,0,0.0250411458114546,0.052261024926543,14.5,0,0.149986783895548,0.149669421487603,-0.00357515905199724,0.00357515905199724,approach
0.011,0,0.0214638392669611,0,14.5,0,0.149982431449238,0.14960125,-0.00435242659570651,0.00435242659570651,approach
0.012,0,0.0183975765145381,0,14.5,0,0.14997722930727,0.14952694214876,-0.00520211387193141,0.00520211387193141,approach
0.013,0,0.0179368687804802,0.0151726223761331,14.5,0,0.14997110606153,0.149446559917355,-0.00612320690110461,0.00612320690110461,approach
0.014,0,0.0153744589546973,0,14.5,0,0.149963991328548,0.149360165289256,-0.00711468066938228,0.00711468066938228,approach
0.015,0,0.0189787609124695,0.0406045726591022,14.5,0,0.149955815760129,0.149267820247934,-0.00817549950252178,0.00817549950252178,approach
0.016,0,0.0254729480436015,0.0644380708303938,14.5,0,0.149946511053629,0.14916958677686,-0.00930461743855794,0.00930461743855794,approach
0.017,0,0.0309435929036311,0.0637674620638089,14.5,0,0.149936009961856,0.149065526859504,-0.0105009785992966,0.0105009785992966,approach
0.018,0,0.0265230796316838,0,14.5,0,0.1499242463026,0.148955702479339,-0.0117635175606382,0.0117635175606382,approach
0.019,0,0.0338179582918301,0.0775872302527077,14.5,0,0.149911154967802,0.148840175619835,-0.0130911597217368,0.0130911597217368,approach
0.02,0,0.0289868213929972,0,14.5,0,0.149896671932346,0.148719008264463,-0.0144828216729943,0.0144828216729943,approach
0.021,0,0.0248458469082833,0,14.5,0,0.149880734262503,0.148592262396694,-0.0159374115628832,0.0159374115628832,approach
0.022,0,0.0212964402071,0,14.5,0,0.14986328012399,0.14846,-0.0174538294635852,0.0174538294635852,approach
0.023,0,0.0257023558084468,0.0521378494165273,14.5,0,0.149844248789683,0.148322283057851,-0.0190309677354277,0.0190309677354277,approach
0.024,0,0.0220305906929544,0,14.5,0,0.149823580646962,0.148179173553719,-0.0206677113900946,0.0206677113900946,approach
0.025,0,0.0188833634511037,0,14.5,0,0.149801217204694,0.148030733471074,-0.0223629384525812,0.0223629384525812,approach
0.026,0,0.0161857401009461,0,14.5,0,0.149777101099858,0.147877024793388,-0.0241155203218601,0.0241155203218601,approach
0.027,0,0.0138734915150966,0,14.5,0,0.149751176103814,0.147718109504132,-0.0259243221302188,0.0259243221302188,approach
0.028,0,0.0118915641557971,0,14.5,0,0.149723387128216,0.147554049586777,-0.0277882031012243,0.0277882031012243,approach
0.029,0,0.0101927692763975,0,14.5,0,0.149693680230563,0.147384907024793,-0.0297060169062673,0.0297060169062673,approach
0.03,0,0.00873665937976931,0,14.5,0,0.149662002619405,0.147210743801653,-0.031676612019634,0.031676612019634,approach
0.031,0,0.00748856518265941,0,14.5,0,0.149628302659193,0.147031621900826,-0.0336988320720467,0.0336988320720467,approach
0.032,0,0.0157686141577703,0.065448908008436,14.5,0,0.149592529874775,0.146847603305785,-0.0357715162026166,0.0357715162026166,approach
0.033,0,0.019731600223219,0.0435095166159108,14.5,0,0.149554634955549,0.14665875,-0.0378934994091407,0.0378934994091407,approach
0.034,0,0.0171665664177021,0.00177636358460098,14.5,0,0.149514569759265,0.146465123966942,-0.0400636128966799,0.0400636128966799,approach
0.035,0,0.0147141997866018,0,14.5,0,0.149472287315482,0.146266787190083,-0.0422806844243438,0.0422806844243438,approach
0.036,0,0.0187143596831497,0.0427153190624372,14.5,0,0.149427741828679,0.146063801652893,-0.0445435386502133,0.0445435386502133,approach
0.037,0,0.0215467841940324,0.0385413312593285,14.5,0,0.14938088868103,0.145856229338843,-0.0468509974743212,0.0468509974743212,approach
0.038,0,0.0244934203029728,0.0421732369566152,14.5,0,0.149331684434832,0.145644132231405,-0.0492018803796151,0.0492018803796151,approach
0.039,0,0.0258574387275526,0.0340415492750315,14.5,0,0.149280086834598,0.14542757231405,-0.0515950047708215,0.0515950047708215,approach
0.04,0,0.0288979443743463,0.0471409782551085,14.5,0,0.149226054808817,0.145206611570248,-0.0540291863111268,0.0540291863111268,approach
0.041,0,0.0247696666065826,0,14.5,0,0.149169548471374,0.144981311983471,-0.0565032392565936,0.0565032392565936,approach
0.042,0,0.0284269757015479,0.0503708302713398,14.5,0,0.149110529122648,0.14475173553719,-0.0590159767882231,0.0590159767882231,approach
0.043,0,0.0243659791727553,0,14.5,0,0.14904895925027,0.144517944214876,-0.0615662113415785,0.0615662113415785,approach
0.044,0,0.0208851250052189,0,14.5,0,0.148984802529563,0.14428,-0.0641527549338788,0.0641527549338788,approach
0.045,0,0.0236996028751339,0.0405864700946241,14.5,0,0.148918023823653,0.144037964876033,-0.0667744194884741,0.0667744194884741,approach
0.046,0,0.0274047341581495,0.0496355218562432,14.5,0,0.148848589183267,0.143791900826446,-0.06943001715661,0.06943001715661,approach
0.047,0,0.0234897721355567,0,14.5,0,0.148776465846201,0.143541869834711,-0.0721183606363929,0.0721183606363929,approach
0.048,0,0.0242145728733791,0.0285633773003135,14.5,0,0.148701622236479,0.143287933884298,-0.0748382634888584,0.0748382634888584,approach
0.049,0,0.0207553481771821,0,14.5,0,0.148624027963202,0.143030154958678,-0.0775885404510571,0.0775885404510571,approach
0.05,0,0.0177902984375847,0,14.5,0,0.148543653819082,0.142768595041322,-0.0803680077460583,0.0803680077460583,approach
0.051,0,0.0219292285487099,0.0467628092154611,14.5,0,0.14846047177867,0.142503316115702,-0.0831754833897841,0.0831754833897841,approach
0.052,0,0.0187964816131799,0,14.5,0,0.148374454996286,0.142234380165289,-0.0860097874945781,0.0860097874945781,approach
0.053,0,0.0189615898122313,0.01995223900654,14.5,0,0.148285577803646,0.141961849173554,-0.0888697425694168,0.0888697425694168,approach
0.054,0,0.0180427221333599,0.0125295160601316,14.5,0,0.148193815707187,0.141685785123967,-0.0917541738166727,0.0917541738166727,approach
0.055,0,0.0248475511540944,0.0656765252785014,14.5,0,0.148099145385108,0.14140625,-0.0946619094253351,0.0946619094253351,approach
0.056,0,0.0271131771193322,0.0407069329107591,14.5,0,0.14800154468412,0.141123305785124,-0.0975917808606,0.0975917808606,approach
0.057,0,0.0232398661022848,0,14.5,0,0.147900992615902,0.14083701446281,-0.100542623149738,0.100542623149738,approach
0.058,0,0.0199198852305298,0,14.5,0,0.147797469353287,0.140547438016529,-0.103513275164148,0.103513275164148,approach
0.059,0,0.0170741873404541,0,14.5,0,0.14769095622616,0.140254638429752,-0.106502579897517,0.106502579897517,approach
0.06,0,0.0146350177203893,0,14.5,0,0.14758143571709,0.13995867768595,-0.109509384739986,0.109509384739986,approach
0.061,0,0.0138469131629882,0.00911828581858198,14.5,0,0.147468891456683,0.139659617768595,-0.112532541748247,0.112532541748247,approach
0.062,0,0.0139846977683344,0.0148114054004115,14.5,0,0.147353308218681,0.139357520661157,-0.115570907911479,0.115570907911479,approach
0.063,0,0.0199421687395916,0.055686994567135,14.5,0,0.147234671914783,0.139052448347107,-0.118623345413049,0.118623345413049,approach
0.064,0,0.0232183249154066,0.0428752619702963,14.5,0,0.147112969589227,0.138744462809917,-0.121688721887885,0.121688721887885,approach
0.065,0,0.0199014213560628,0,14.5,0,0.146988189413104,0.138433626033058,-0.124765910675444,0.124765910675444,approach
0.066,0,0.0170583611623395,0,14.5,0,0.146860320678432,0.13812,-0.127853791068211,0.127853791068211,approach
0.067,0,0.0179135066325863,0.0230443794540666,14.5,0,0.146729353791981,0.137803646694215,-0.130951248555626,0.130951248555626,approach
0.068,0,0.0153544342565025,0,14.5,0,0.146595280268861,0.137484628099174,-0.134057175063388,0.134057175063388,approach
0.069,0,0.0131609436484307,0,14.5,0,0.146458092725878,0.137163006198347,-0.137170469188051,0.137170469188051,approach
0.07,0,0.0127792314590438,0.0104889583227226,14.5,0,0.146317784874651,0.136838842975207,-0.140290036426847,0.140290036426847,approach
0.071,0,0.0109536269648947,0,14.5,0,0.146174351514514,0.136512200413223,-0.14341478940266,0.14341478940266,approach
0.072,0,0.0169942878810781,0.0532382533781782,14.5,0,0.146027788525191,0.136183140495868,-0.146543648084098,0.146543648084098,approach
0.073,0,0.0222927488901298,0.0540835149444404,14.5,0,0.145878092859259,0.135851725206612,-0.14967554000058,0.14967554000058,approach
0.074,0,0.0191080704772542,0,14.5,0,0.145725262534396,0.135518016528926,-0.152809400452393,0.152809400452393,approach
0.075,0,0.0171359949549556,0.00530354182116453,14.5,0,0.145569296625432,0.135182076446281,-0.155944172715652,0.155944172715652,approach
0.076,0,0.0213746559832626,0.0468066221531043,14.5,0,0.14541019525619,0.134843966942149,-0.159078808242109,0.159078808242109,approach
0.077,0,0.0286048386794926,0.0719859348568726,14.5,0,0.145247959591138,0.13450375,-0.162212266853743,0.162212266853743,approach
0.078,0,0.0245184331538508,0,14.5,0,0.145082591826852,0.134161487603306,-0.165343516932106,0.165343516932106,approach
0.079,0,0.0210157998461578,0,14.5,0,0.144914095183289,0.133817241735537,-0.168471535602342,0.168471535602342,approach
0.08,0,0.0358812465513809,0.125073926782719,14.5,0,0.144742473894888,0.133471074380165,-0.171595308911861,0.171595308911861,approach
0.081,0,0.0410517666917131,0.0720748875337063,14.5,0,0.144567733201488,0.133123047520661,-0.174713832003603,0.174713832003603,approach
0.082,0,0.0351872285928969,0,14.5,0,0.144389879339088,0.132773223140496,-0.177826109283861,0.177826109283861,approach
0.083,0,0.0301604816510545,0,14.5,0,0.144208919530439,0.132421663223141,-0.180931154584616,0.180931154584616,approach
0.084,0,0.035041948991997,0.0643307530376518,14.5,0,0.144024861975473,0.132068429752066,-0.184027991320356,0.184027991320356,approach
0.085,0,0.0383649079117961,0.0583026614305911,14.5,0,0.143837715841594,0.131713584710744,-0.187115652639338,0.187115652639338,approach
0.086,0,0.0328842067815395,0,14.5,0,0.143647491253809,0.131357190082645,-0.19019318156926,0.19019318156926,approach
0.087,0,0.031378012236556,0.022340844966655,14.5,0,0.143454199284726,0.13099930785124,-0.193259631157321,0.193259631157321,approach
0.088,0,0.0390371028613235,0.0849916466099281,14.5,0,0.143257851944415,0.13064,-0.196314064604638,0.196314064604638,approach
0.089,0,0.0343597438073677,0.00629558948363283,14.5,0,0.143058462170138,0.130279328512397,-0.199355555395004,0.199355555395004,approach
0.09,0,0.0294512089777437,0,14.5,0,0.142856043815959,0.129917355371901,-0.202383187417949,0.202383187417949,approach
0.091,0,0.0252438934094946,0,14.5,0,0.142650611642233,0.129554142561983,-0.205396055086106,0.205396055086106,approach
0.092,0,0.021637622922424,0,14.5,0,0.142442181304982,0.129189752066116,-0.208393263446863,0.208393263446863,approach
0.093,0,0.0255395117751795,0.048950844891713,14.5,0,0.142230769345169,0.128824245867769,-0.211373928288272,0.211373928288272,approach
0.094,0,0.021891010093011,0,14.5,0,0.142016393177864,0.128457685950413,-0.214337176239231,0.214337176239231,approach
0.095,0,0.0187637229368666,0,14.5,0,0.141799071081321,0.128090134297521,-0.21728214486391,0.21728214486391,approach
0.096,0,0.0160831910887428,0,14.5,0,0.141578822185965,0.127721652892562,-0.220207982750434,0.220207982750434,approach
0.097,0,0.0137855923617795,0,14.5,0,0.14135566646329,0.127352303719008,-0.22311384959381,0.22311384959381,approach
0.098,0,0.0118162220243825,0,14.5,0,0.141129624714685,0.126982148760331,-0.225998916273103,0.225998916273103,approach
0.099,0,0.0101281903066135,0,14.5,0,0.140900718560188,0.12661125,-0.228862364922871,0.228862364922871,approach
0.1,0,0.00911881104755457,0.00306253549320077,14.5,0,0.140668970427164,0.126239669421488,-0.23170338899886,0.23170338899886,approach
0.101,0,0.00995300956738534,0.0149582006863699,14.5,0,0.140434403538939,0.125867469008264,-0.234521193337963,0.234521193337963,approach
0.102,0,0.00853115105775886,0,14.5,0,0.140197041903363,0.125494710743802,-0.237314994212478,0.237314994212478,approach
0.103,0,0.00731241519236474,0,14.5,0,0.139956910301329,0.12512145661157,-0.240084019378649,0.240084019378649,approach
0.104,0,0.00626778445059835,0,14.5,0,0.139714034275257,0.124747768595041,-0.242827508119532,0.242827508119532,approach
0.105,0,0.0069084282050088,0.0107522907314715,14.5,0,0.139468440117526,0.124373708677686,-0.2455447112822,0.2455447112822,approach
0.106,0,0.00925737785686032,0.0233510757679694,14.5,0,0.139220154858881,0.123999338842975,-0.248234891309302,0.248234891309302,approach
0.107,0,0.0296322465506655,0.151881458713497,14.5,0,0.138969206256816,0.12362472107438,-0.250897322265017,0.250897322265017,approach
0.108,0,0.025399068471999,0,14.5,0,0.138715622783929,0.123249917355372,-0.253531289855411,0.253531289855411,approach
0.109,0,0.0277521889544126,0.0418709118488943,14.5,0,0.138459433616267,0.122874989669422,-0.256136091443254,0.256136091443254,approach
0.11,0,0.0304222224772718,0.0464424236144266,14.5,0,0.138200668621656,0.1225,-0.258711036057305,0.258711036057305,approach
0.111,0,0.0260761906948044,0,14.5,0,0.137939358348033,0.122125010330579,-0.261255444396117,0.261255444396117,approach
0.112,0,0.0304299191395561,0.0565522898080663,14.5,0,0.137675534011772,0.121750082644628,-0.263768648826395,0.263768648826395,approach
0.113,0,0.0327789905349134,0.0468734189070574,14.5,0,0.13740922748602,0.12137527892562,-0.266249993375953,0.266249993375953,approach
0.114,0,0.0296289355032683,0.0107286053133977,14.5,0,0.137140471289046,0.121000661157025,-0.268698833721299,0.268698833721299,approach
0.115,0,0.0390718367069449,0.0957292439290048,14.5,0,0.136869298572602,0.120626291322314,-0.271114537169915,0.271114537169915,approach
0.116,0,0.0334901457488099,0,14.5,0,0.136595743110311,0.120252231404959,-0.273496482637264,0.273496482637264,approach
0.117,0,0.0287058392132657,0,14.5,0,0.13631983928608,0.11987854338843,-0.275844060618579,0.275844060618579,approach
0.118,0,0.024605005039942,0,14.5,0,0.136041622082547,0.119505289256198,-0.278156673155491,0.278156673155491,approach
0.119,0,0.0210900043199503,0,14.5,0,0.135761127069564,0.119132530991736,-0.280433733797543,0.280433733797543,approach
0.12,0,0.0292417005808305,0.0781518781461117,14.5,0,0.135478390392725,0.118760330578512,-0.282674667558656,0.282674667558656,approach
0.121,0,0.025064314783569,0,14.5,0,0.135193448761939,0.11838875,-0.284878910868598,0.284878910868598,approach
0.122,0,0.0245207492575689,0.0212593561015687,14.5,0,0.134906339440061,0.118017851239669,-0.287045911519526,0.287045911519526,approach
0.123,0,0.0210177850779162,0,14.5,0,0.134617100231572,0.117647696280992,-0.289175128607655,0.289175128607655,approach
0.124,0,0.0180152443524996,0,14.5,0,0.134325769471329,0.117278347107438,-0.291266032470129,0.291266032470129,approach
0.125,0,0.0154416380164283,0,14.5,0,0.134032386013382,0.116909865702479,-0.293318104617155,0.293318104617155,approach
0.126,0,0.0132356897283671,0,14.5,0,0.133736989219855,0.116542314049587,-0.295330837659474,0.295330837659474,approach
0.127,0,0.0116436245895973,0.00209123375697888,14.5,0,0.133439618949915,0.116175754132231,-0.297303735231234,0.297303735231234,approach
0.128,0,0.010887387591478,0.00634996560276177,14.5,0,0.133140315548811,0.115810247933884,-0.29923631190835,0.29923631190835,approach
0.129,0,0.00933204650698112,0,14.5,0,0.132839119837007,0.115445857438017,-0.301128093122409,0.301128093122409,approach
0.13,0,0.0144157141956956,0.0449177203279823,14.5,0,0.132536073099397,0.115082644628099,-0.302978615070216,0.302978615070216,approach
0.131,0,0.0123563264534533,0,14.5,0,0.132231217074625,0.114720671487603,-0.304787424619044,0.304787424619044,approach
0.132,0,0.0105911369601029,0,14.5,0,0.131924593944488,0.11436,-0.306554079207676,0.306554079207676,approach
0.133,0,0.00907811739437389,0,14.5,0,0.131616246323459,0.11400069214876,-0.308278146743321,0.308278146743321,approach
0.134,0,0.0077812434808919,0,14.5,0,0.131306217248301,0.113642809917355,-0.309959205494478,0.309959205494478,approach
0.135,0,0.00666963726933592,0,14.5,0,0.1309945501678,0.113286415289256,-0.311596843979852,0.311596843979852,approach
0.136,0,0.0117659383224149,0.0423437446408887,14.5,0,0.130681288932615,0.112931570247934,-0.313190660853387,0.313190660853387,approach
0.137,0,0.0170914509835955,0.049044526950679,14.5,0,0.130366477785234,0.112578336776859,-0.314740264785515,0.314740264785515,approach
0.138,0,0.0146498151287961,0,14.5,0,0.130050161350067,0.112226776859504,-0.316245274340705,0.316245274340705,approach
0.139,0,0.012556984396111,0,14.5,0,0.129732384623654,0.111876952479339,-0.317705317851415,0.317705317851415,approach
0.14,0,0.0107631294823808,0,14.5,0,0.129413192965003,0.111528925619835,-0.319120033288515,0.319120033288515,approach
0.141,0,0.00922553955632642,0,14.5,0,0.129092632086071,0.111182758264463,-0.320489068128292,0.320489068128292,approach
0.142,0,0.00790760533399408,0,14.5,0,0.128770748042361,0.110838512396694,-0.321812079216132,0.321812079216132,approach
0.143,0,0.00683534050168109,0.000401751507803193,14.5,0,0.128447587223681,0.11049625,-0.323088732626951,0.323088732626951,approach
0.144,0,0.00948784486145441,0.0254028710200943,14.5,0,0.128123196345028,0.110156033057851,-0.324318703522498,0.324318703522498,approach
0.145,0,0.00813243845267521,0,14.5,0,0.127797622437624,0.109817923553719,-0.325501676005614,0.325501676005614,approach
0.146,0,0.00916145613244066,0.0153355622110334,14.5,0,0.127470912840103,0.109481983471074,-0.326637342971535,0.326637342971535,approach
0.147,0,0.0136252356159852,0.0404079125172525,14.5,0,0.127143115189841,0.109148274793388,-0.327725405956357,0.327725405956357,approach
0.148,0,0.0116787733851302,0,14.5,0,0.126814277414448,0.108816859504132,-0.328765574982742,0.328765574982742,approach
0.149,0,0.0137915543805369,0.0264682403529771,14.5,0,0.126484447723415,0.108487799586777,-0.329757568402979,0.329757568402979,approach
0.15,0,0.0118213323261745,0,14.5,0,0.126153674599914,0.108161157024793,-0.330701112739493,0.330701112739493,approach
0.151,0,0.0160318900238573,0.0412952362099544,14.5,0,0.125822006792769,0.107836993801653,-0.331595942522895,0.331595942522895,approach
0.152,0,0.0178236678836658,0.0285743350425167,14.5,0,0.12548949330858,0.107515371900826,-0.332441800127696,0.332441800127696,approach
0.153,0,0.0159170310218684,0.00447720985108404,14.5,0,0.125156183404029,0.107196353305785,-0.333238435605758,0.333238435605758,approach
0.154,0,0.0136431694473158,0,14.5,0,0.124822126578335,0.10688,-0.333985606517603,0.333985606517603,approach
0.155,0,0.0152784210597872,0.025089930734616,14.5,0,0.124487372565896,0.106566373966942,-0.334683077761676,0.334683077761676,approach
0.156,0,0.0205131066456687,0.0519212201609575,14.5,0,0.124151971329094,0.106255537190083,-0.335330621401662,0.335330621401662,approach
0.157,0,0.0175826628391446,0,14.5,0,0.123815973051278,0.105947551652893,-0.335928016491957,0.335928016491957,approach
0.158,0,0.0173874310887376,0.0162160405862956,14.5,0,0.123479428129923,0.105642479338843,-0.336475048901407,0.336475048901407,approach
0.159,0,0.0149035123617751,0,14.5,0,0.123142387169964,0.105340382231405,-0.336971511135393,0.336971511135393,approach
0.16,0,0.0198894207811694,0.0498048712975351,14.5,0,0.122804900977314,0.10504132231405,-0.337417202156393,0.337417202156393,approach
0.161,0,0.0259842868028083,0.0625534829326419,14.5,0,0.122467020552558,0.104745361570248,-0.3378119272031,0.3378119272031,approach
0.162,0,0.0244814568198853,0.0154644769223471,14.5,0,0.122128797084831,0.104452561983471,-0.338155497608203,0.338155497608203,approach
0.163,0,0.0246036628322314,0.025336898906308,14.5,0,0.121790281945884,0.10416298553719,-0.338447730614941,0.338447730614941,approach
0.164,0,0.0210888538561983,0,14.5,0,0.121451526684321,0.103876694214876,-0.33868844919252,0.33868844919252,approach
0.165,0,0.01807616044817,0,14.5,0,0.121112583020041,0.10359375,-0.338877481850498,0.338877481850498,approach
0.166,0,0.0154938518127171,0,14.5,0,0.120773502838848,0.103314214876033,-0.33901466245223,0.33901466245223,approach
0.167,0,0.0158464280190752,0.0179618852572234,14.5,0,0.120434338187263,0.103038150826446,-0.339099830027493,0.339099830027493,approach
0.168,0,0.0135826525877787,0,14.5,0,0.120095141267512,0.102765619834711,-0.339132828584361,0.339132828584361,approach
0.169,0,0.0192579685617258,0.053309864405408,14.5,0,0.11975596443271,0.102496683884298,-0.339113506920449,0.339113506920449,approach
0.17,0,0.0165068301957649,0,14.5,0,0.119416860182236,0.102231404958678,-0.339041718433617,0.339041718433617,approach
0.171,0,0.0141487115963699,0,14.5,0,0.119077881157289,0.101969845041322,-0.338917320932226,0.338917320932226,approach
0.172,0,0.0121274670826028,0,14.5,0,0.118739080136645,0.101712066115702,-0.338740176445048,0.338740176445048,approach
0.173,0,0.0157706190324795,0.0376295307317393,14.5,0,0.118400510032595,0.101458130165289,-0.338510151030915,0.338510151030915,approach
0.174,0,0.0257675895415484,0.0857494125959619,14.5,0,0.118062223887081,0.101208099173554,-0.338227114588219,0.338227114588219,approach
0.175,0,0.0255325724783359,0.0241224700990609,14.5,0,0.117724274868016,0.100962035123967,-0.337890940664332,0.337890940664332,approach
0.176,0,0.0218850621242879,0,14.5,0,0.1173867162658,0.10072,-0.337501506265052,0.337501506265052,approach
0.177,0,0.0272942521417405,0.0597493922464562,14.5,0,0.117049601490025,0.100482055785124,-0.337058691664164,0.337058691664164,approach
0.178,0,0.023395073264349,0,14.5,0,0.11671298406637,0.10024826446281,-0.3365623802132,0.3365623802132,approach
0.179,0,0.0256500827468869,0.0391801396421141,14.5,0,0.116376917633685,0.100018688016529,-0.336012458151494,0.336012458151494,approach
0.18,0,0.0237247572498246,0.0121728042674513,14.5,0,0.116041455941265,0.0997933884297521,-0.335408814416603,0.335408814416603,approach
0.181,0,0.0203355062141354,0,14.5,0,0.115706652846319,0.0995724276859504,-0.334751340455197,0.334751340455197,approach
0.182,0,0.017530688310115,0.000701780885992809,14.5,0,0.115372562311617,0.099355867768595,-0.334039930034493,0.334039930034493,approach
0.183,0,0.0180814461489178,0.0213859931817344,14.5,0,0.115039238403337,0.099143770661157,-0.33327447905431,0.33327447905431,approach
0.184,0,0.0154983824133581,0,14.5,0,0.114706735289088,0.0989361983471074,-0.33245488535984,0.33245488535984,approach
0.185,0,0.0198291213806627,0.0458135551844901,14.5,0,0.114375107236132,0.0987332128099174,-0.331581048555193,0.331581048555193,approach
0.186,0,0.0169963897548537,0,14.5,0,0.114044408609778,0.0985348760330579,-0.330652869817819,0.330652869817819,approach
0.187,0,0.0191895772846876,0.0323487024636906,14.5,0,0.113714693871974,0.09834125,-0.32967025171386,0.32967025171386,approach
0.188,0,0.0199820695501185,0.024737023142704,14.5,0,0.113386017580076,0.0981523966942149,-0.328633098014519,0.328633098014519,approach
0.189,0,0.0171274881858158,0,14.5,0,0.113058434385798,0.0979683780991736,-0.327541313513514,0.327541313513514,approach
0.19,0,0.0170930224641175,0.0168862281339276,14.5,0,0.11273199903435,0.0977892561983471,-0.326394803845687,0.326394803845687,approach
0.191,0,0.0146511621121007,0,14.5,0,0.112406766363754,0.0976150929752066,-0.325193475306842,0.325193475306842,approach
0.192,0,0.0214834210461053,0.0624769746501328,14.5,0,0.112082791304334,0.0974459504132232,-0.32393723467487,0.32393723467487,approach
0.193,0,0.0190302619048258,0.00431130705714876,14.5,0,0.111760128878393,0.0972818904958678,-0.322625989032231,0.322625989032231,approach
0.194,0,0.0163116530612793,0,14.5,0,0.11143883420006,0.0971229752066116,-0.321259645589863,0.321259645589863,approach
0.195,0,0.0231574314186785,0.0642321015630739,14.5,0,0.111118962475314,0.0969692665289256,-0.31983811151256,0.31983811151256,approach
0.196,0,0.0198492269302959,0,14.5,0,0.11080056900218,0.096820826446281,-0.318361293745901,0.318361293745901,approach
0.197,0,0.0182986761849976,0.00899537171320778,14.5,0,0.110483709171102,0.0966777169421488,-0.316829098844771,0.316829098844771,approach
0.198,0,0.0156845795871408,0,14.5,0,0.110168438465477,0.09654,-0.315241432803532,0.315241432803532,approach
0.199,0,0.0134439253604064,0,14.5,0,0.109854812462369,0.0964077376033058,-0.313598200887902,0.313598200887902,approach
0.2,0,0.0176636977841568,0.0429823323266592,14.5,0,0.109542886833379,0.0962809917355372,-0.311899307468597,0.311899307468597,approach
0.201,0,0.0166293587139502,0.0104233242927108,14.5,0,0.109232717345685,0.0961598243801653,-0.310144655856761,0.310144655856761,approach
0.202,0,0.0242139712821612,0.069721646691427,14.5,0,0.10892435986325,0.0960442975206612,-0.308334148141262,0.308334148141262,approach
0.203,0,0.0234974011964683,0.019197980682311,14.5,0,0.10861787034818,0.0959344731404959,-0.306467685027884,0.306467685027884,approach
0.204,0,0.0201406295969728,0,14.5,0,0.10831330486225,0.0958304132231405,-0.304545165680445,0.304545165680445,approach
0.205,0,0.0309277970660295,0.0956508018803695,14.5,0,0.108010719568588,0.0957321797520661,-0.302566487563908,0.302566487563908,approach
0.206,0,0.026509540342311,0,14.5,0,0.107710170733503,0.0956398347107438,-0.300531546289503,0.300531546289503,approach
0.207,0,0.0227224631505523,0,14.5,0,0.107411714728484,0.0955534400826446,-0.298440235461898,0.298440235461898,approach
0.208,0,0.0225883110721506,0.0217833986017408,14.5,0,0.107115408032333,0.0954730578512397,-0.296292446528464,0.296292446528464,approach
0.209,0,0.0193614094904148,0,14.5,0,0.106821307233462,0.09539875,-0.294088068630651,0.294088068630651,approach
0.21,0,0.016595493848927,0,14.5,0,0.106529469032321,0.0953305785123967,-0.291826988457518,0.291826988457518,approach
0.211,0,0.0231144941146956,0.0622284957093069,14.5,0,0.106239950243988,0.0952686053719008,-0.289509090101431,0.289509090101431,approach
0.212,0,0.0198124235268819,0,14.5,0,0.105952807800886,0.0952128925619835,-0.287134254915962,0.287134254915962,approach
0.213,0,0.0275560776645865,0.074018002490814,14.5,0,0.105668098755653,0.0951635020661157,-0.28470236137601,0.28470236137601,approach
0.214,0,0.0265427480983234,0.0204627707007445,14.5,0,0.105385880284142,0.0951204958677686,-0.282213284940167,0.282213284940167,approach
0.215,0,0.02275092694142,0,14.5,0,0.105106209688558,0.0950839359504132,-0.279666897915339,0.279666897915339,approach
0.216,0,0.0195007945212172,0,14.5,0,0.104829144400734,0.0950538842975207,-0.277063069323645,0.277063069323645,approach
0.217,0,0.0167149667324719,0,14.5,0,0.104554741985529,0.095030402892562,-0.274401664771611,0.274401664771611,approach
0.218,0,0.0262145346637501,0.0832119422514195,14.5,0,0.104283060144364,0.0950135537190083,-0.271682546321656,0.271682546321656,approach
0.219,0,0.0224696011403572,0,14.5,0,0.104014156718881,0.0950033987603306,-0.268905572365898,0.268905572365898,approach
0.22,0,0.0192596581203062,0,14.5,0,0.103748089694724,0.095,-0.266070597502276,0.266070597502276,approach
0.221,0,0.0165082783888339,0,14.5,0,0.103484917205446,0.09466,-0.263177472412995,0.263177472412995,approach
0.222,0,0.0198767681794125,0.0400877069228841,14.5,0,0.103221068901898,0.09432,-0.263853284207557,0.263853284207557,approach
0.223,0,0.0170372298680678,0,14.5,0,0.102956541144485,0.09398,-0.264532731619117,0.264532731619117,approach
0.224,0,0.0236223161985852,0.0631328341816891,14.5,0,0.102691330571595,0.09364,-0.265215536803609,0.265215536803609,approach
0.225,0,0.0202476995987873,0,14.5,0,0.102425434094416,0.0933,-0.265901427101415,0.265901427101415,approach
0.226,0,0.0350233510619996,0.123677259841273,14.5,0,0.102158848891759,0.09296,-0.266590135027324,0.266590135027324,approach
0.227,0,0.0305305160951869,0.00357350629431121,14.5,0,0.101891572404898,0.09262,-0.267281398256629,0.267281398256629,approach
0.228,0,0.0261690137958745,0,14.5,0,0.101623602332419,0.09228,-0.267974959607645,0.267974959607645,approach
0.229,0,0.0344589577169954,0.0841986212437208,14.5,0,0.101354936625102,0.09194,-0.26867056702093,0.26867056702093,approach
0.23,0,0.0295362494717104,0,14.5,0,0.10108557348082,0.0916,-0.269367973535441,0.269367973535441,approach
0.231,0,0.0290381070568223,0.0260492525674938,14.5,0,0.100815511339461,0.09126,-0.270066937261872,0.270066937261872,approach
0.232,0,0.0257116852424875,0.00575315435647903,14.5,0,0.100544748877888,0.09092,-0.270767221353392,0.270767221353392,approach
0.233,0,0.0220385873507036,0,14.5,0,0.100273285004927,0.09058,-0.271468593973966,0.271468593973966,approach
0.234,0,0.0188902177291745,0,14.5,0,0.100001118856383,0.09024,-0.272170828264463,0.272170828264463,approach
0.235,0,0.0161916151964353,0,14.5,0,0.0997282497901049,0.0899,-0.272873702306724,0.272873702306724,approach
0.236,0,0.0138785273112303,0,14.5,0,0.0994546773810745,0.08956,-0.273576999085735,0.273576999085735,approach
0.237,0,0.0118958805524831,0,14.5,0,0.0991804014165446,0.08922,-0.274280506450073,0.274280506450073,approach
0.238,0,0.0101964690449855,0,14.5,0,0.0989054218912133,0.08888,-0.274984017070756,0.274984017070756,approach
0.239,0,0.0129731383752389,0.0296331543567597,14.5,0,0.0986297390024435,0.08854,-0.275687328398632,0.275687328398632,approach
0.24,0,0.011119832893062,0,14.5,0,0.0983533531455249,0.0882,-0.276390242620419,0.276390242620419,approach
0.241,0,0.00988138360651894,0.00245068788726082,14.5,0,0.0980762649089817,0.08786,-0.277092566613525,0.277092566613525,approach
0.242,0,0.00846975737701623,0,14.5,0,0.0977984750699268,0.08752,-0.277794111899736,0.277794111899736,approach
0.243,0,0.00725979203744249,0,14.5,0,0.0975199845894632,0.08718,-0.278494694597886,0.278494694597886,approach
0.244,0,0.0158030930029785,0.0670628987961946,14.5,0,0.0972407946081332,0.08684,-0.279194135375589,0.279194135375589,approach
0.245,0,0.0202649571951192,0.0470361423479634,14.5,0,0.0969609064414172,0.0865,-0.279892259400129,0.279892259400129,approach
0.246,0,0.0173699633101022,0,14.5,0,0.0966803215752831,0.08616,-0.280588896288585,0.280588896288585,approach
0.247,0,0.0148885399800876,0,14.5,0,0.0963990416617838,0.08582,-0.281283880057258,0.281283880057258,approach
0.248,0,0.0127616056972179,0,14.5,0,0.0961170685147095,0.08548,-0.281977049070485,0.281977049070485,approach
0.249,0,0.0119255000070624,0.00690886586612936,14.5,0,0.095834404105288,0.08514,-0.282668245988902,0.282668245988902,approach
0.25,0,0.0271662185482221,0.11861052979518,14.5,0,0.0955510505579404,0.0848,-0.283357317717205,0.283357317717205,approach
0.251,0,0.0305294582864194,0.0507088967156033,14.5,0,0.095267010146087,0.08446,-0.284044115351488,0.284044115351488,approach
0.252,0,0.0283993261285972,0.0156185331816641,14.5,0,0.0949822852880085,0.08412,-0.284728494126197,0.284728494126197,approach
0.253,0,0.0243422795387976,0,14.5,0,0.0946968785427581,0.08378,-0.285410313360757,0.285410313360757,approach
0.254,0,0.0305889882949453,0.0680692408318316,14.5,0,0.0944107926061292,0.08344,-0.286089436405922,0.286089436405922,approach
0.255,0,0.0303452848428929,0.0288830641305785,14.5,0,0.0941240303066767,0.0831,-0.286765730589889,0.286765730589889,approach
0.256,0,0.0361641224063887,0.0710771477873636,14.5,0,0.0938365946017907,0.08276,-0.287439067164225,0.287439067164225,approach
0.257,0,0.0386963969839183,0.053890044449096,14.5,0,0.0935484885738274,0.08242,-0.288109321249634,0.288109321249634,approach
0.258,0,0.03316834027193,0,14.5,0,0.0932597154262913,0.08208,-0.288776371781628,0.288776371781628,approach
0.259,0,0.0284300059473686,0,14.5,0,0.0929702784800736,0.08174,-0.289440101456102,0.289440101456102,approach
0.26,0,0.0243685765263159,0,14.5,0,0.0926801811697451,0.0814,-0.290100396674878,0.290100396674878,approach
0.261,0,0.0209938100928958,0.00074521149237498,14.5,0,0.0923894270399021,0.08106,-0.290757147491239,0.290757147491239,approach
0.262,0,0.022447729124797,0.0311712433162041,14.5,0,0.0920980197415684,0.08072,-0.29141024755547,0.29141024755547,approach
0.263,0,0.0192409106783974,0,14.5,0,0.0918059630286513,0.08038,-0.292059594060462,0.292059594060462,approach
0.264,0,0.0191216573756475,0.0184061375591482,14.5,0,0.0915132607544508,0.08004,-0.292705087687378,0.292705087687378,approach
0.265,0,0.0163899920362693,0,14.5,0,0.0912199168682245,0.0797,-0.293346632551425,0.293346632551425,approach
0.266,0,0.0194045331431156,0.0374917797841932,14.5,0,0.0909259354118058,0.07936,-0.29398413614775,0.29398413614775,approach
0.267,0,0.0166324569798133,0,14.5,0,0.0906313205162766,0.07902,-0.294617509297479,0.294617509297479,approach
0.268,0,0.0142563916969829,0,14.5,0,0.0903360763986927,0.07868,-0.295246666093935,0.295246666093935,approach
0.269,0,0.0122197643116996,0,14.5,0,0.0900402073588642,0.07834,-0.295871523849026,0.295871523849026,approach
0.27,0,0.0104740836957425,0,14.5,0,0.0897437177761883,0.078,-0.296492003039866,0.296492003039866,approach
0.271,0,0.0207047604256417,0.0820888208050366,14.5,0,0.0894466121065363,0.07766,-0.297108027255601,0.297108027255601,approach
0.272,0,0.0177469375076929,0,14.5,0,0.0891488948791912,0.07732,-0.297719523144498,0.297719523144498,approach
0.273,0,0.0253559387689977,0.0710099463368264,14.5,0,0.0888505706938414,0.07698,-0.298326420361282,0.298326420361282,approach
0.274,0,0.0220705884783263,0.00235848673429807,14.5,0,0.0885516442176243,0.07664,-0.298928651514755,0.298928651514755,approach
0.275,0,0.0189176472671368,0,14.5,0,0.0882521201822217,0.0763,-0.299526152115711,0.299526152115711,approach
0.276,0,0.0246936559816716,0.0593497082688801,14.5,0,0.0879520033810096,0.07596,-0.300118860525155,0.300118860525155,approach
0.277,0,0.0211659908414328,0,14.5,0,0.087651298666257,0.07562,-0.300706717902834,0.300706717902834,approach
0.278,0,0.0258283909967221,0.0538027919284579,14.5,0,0.0873500109463762,0.07528,-0.301289668156117,0.301289668156117,approach
0.279,0,0.0221386208543332,0,14.5,0,0.087048145183225,0.07494,-0.301867657889206,0.301867657889206,approach
0.28,0,0.0241828335353681,0.0364481096215776,14.5,0,0.0867457063894589,0.0746,-0.302440636352708,0.302440636352708,approach
0.281,0,0.0207281430303155,0,14.5,0,0.0864426996259319,0.07426,-0.303008555393577,0.303008555393577,approach
0.282,0,0.0177669797402705,0,14.5,0,0.0861391299991501,0.07392,-0.303571369405431,0.303571369405431,approach
0.283,0,0.0258271432515545,0.0741881243192584,14.5,0,0.0858350026587708,0.07358,-0.304129035279259,0.304129035279259,approach
0.284,0,0.0221375513584752,0,14.5,0,0.0855303227951538,0.07324,-0.304681512354518,0.304681512354518,approach
0.285,0,0.0235098992761289,0.031743986782051,14.5,0,0.0852250956369591,0.0729,-0.305228762370648,0.305228762370648,approach
0.286,0,0.0265274280226792,0.0446326005019805,14.5,0,0.0849193264487942,0.07256,-0.305770749418989,0.305770749418989,approach
0.287,0,0.0227377954480107,0,14.5,0,0.0846130205289077,0.07222,-0.306307439895128,0.306307439895128,approach
0.288,0,0.0318276167966846,0.0863665448887279,14.5,0,0.0843061832069305,0.07188,-0.30683880245167,0.30683880245167,approach
0.289,0,0.0392591484671628,0.083848338490032,14.5,0,0.0839988198416646,0.07154,-0.307364807951448,0.307364807951448,approach
0.29,0,0.0336506986861395,0,14.5,0,0.0836909358189179,0.0712,-0.307885429421176,0.307885429421176,approach
0.291,0,0.0304259615658481,0.0110775388440994,14.5,0,0.0833825365493839,0.07086,-0.308400642005551,0.308400642005551,approach
0.292,0,0.0260793956278698,0,14.5,0,0.0830736274665683,0.07052,-0.308910422921808,0.308910422921808,approach
0.293,0,0.0274465195219177,0.0356492628862054,14.5,0,0.0827642140247597,0.07018,-0.309414751414735,0.309414751414735,approach
0.294,0,0.0235255881616438,0,14.5,0,0.0824543016970455,0.06984,-0.309913608712158,0.309913608712158,approach
0.295,0,0.020376846584437,0.00148439712119637,14.5,0,0.0821438959733707,0.0695,-0.310406977980888,0.310406977980888,approach
0.296,0,0.0247408713092154,0.0509250196578859,14.5,0,0.0818330023586419,0.06916,-0.310894844283151,0.310894844283151,approach
0.297,0,0.0260393594422733,0.0338302882406206,14.5,0,0.0815216263708729,0.06882,-0.311377194533488,0.311377194533488,approach
0.298,0,0.02231945095052,0,14.5,0,0.0812097735393743,0.06848,-0.311854017456146,0.311854017456146,approach
0.299,0,0.0327203303341577,0.0951256066359839,14.5,0,0.0808974494029836,0.06814,-0.312325303542945,0.312325303542945,approach
0.3,0,0.028045997429278,0,14.5,0,0.080584659508339,0.0678,-0.312791045011639,0.312791045011639,approach
0.301,0,0.0313372505674011,0.0510847693961398,14.5,0,0.0802714094081925,0.06746,-0.313251235764769,0.313251235764769,approach
0.302,0,0.0268605004863438,0,14.5,0,0.0799577046597645,0.06712,-0.313705871349008,0.313705871349008,approach
0.303,0,0.0230232861311518,0,14.5,0,0.0796435508231388,0.06678,-0.314154948915003,0.314154948915003,approach
0.304,0,0.0238483440784839,0.0287986917624765,14.5,0,0.079328953459697,0.06644,-0.314598467177712,0.314598467177712,approach
0.305,0,0.0305921394491304,0.0710549116730095,14.5,0,0.0790139181305919,0.0661,-0.315036426377249,0.315036426377249,approach
0.306,0,0.0262218338135404,0,14.5,0,0.0786984503952597,0.06576,-0.315468828240222,0.315468828240222,approach
0.307,0,0.0224758575544632,0,14.5,0,0.0783825558099704,0.06542,-0.315895675941578,0.315895675941578,approach
0.308,0,0.0192650207609684,0,14.5,0,0.0780662399264165,0.06508,-0.31631697406695,0.31631697406695,approach
0.309,0,0.0181896670828531,0.0117375450141608,14.5,0,0.0777495082903377,0.06474,-0.316732728575513,0.316732728575513,approach
0.31,0,0.0155911432138741,0,14.5,0,0.0774323664401824,0.0644,-0.317142946763337,0.317142946763337,approach
0.311,0,0.0133638370404635,0,14.5,0,0.0771148199058069,0.06406,-0.317547637227257,0.317547637227257,approach
0.312,0,0.0114547174632544,0,14.5,0,0.0767968742072085,0.06372,-0.317946809829234,0.317946809829234,approach
0.313,0,0.00981832925421806,0,14.5,0,0.076478534853294,0.06338,-0.318340475661236,0.318340475661236,approach
0.314,0,0.00841571078932977,0,14.5,0,0.0761598073406844,0.06304,-0.318728647010616,0.318728647010616,approach
0.315,0,0.00721346639085409,0,14.5,0,0.0758406971525514,0.0627,-0.319111337325998,0.319111337325998,approach
0.316,0,0.00618297119216065,0,14.5,0,0.0755212097574889,0.06236,-0.319488561183664,0.319488561183664,approach
0.317,0,0.00529968959328055,0,14.5,0,0.0752013506084182,0.06202,-0.319860334254449,0.319860334254449,approach
0.318,0,0.0128808383397205,0.0583677308183601,14.5,0,0.0748811251415241,0.06168,-0.320226673271137,0.320226673271137,approach
0.319,0,0.0110407185769033,0,14.5,0,0.0745605387752248,0.06134,-0.320587595996354,0.320587595996354,approach
0.32,0,0.01241262090701,0.0206440348876506,14.5,0,0.0742395969091719,0.061,-0.320943121190972,0.320943121190972,approach
0.321,0,0.0129766603706823,0.0163608971527158,14.5,0,0.0739183049232832,0.06066,-0.321293268582996,0.321293268582996,approach
0.322,0,0.0111228517462991,0,14.5,0,0.0735966681768049,0.06032,-0.321638058836961,0.321638058836961,approach
0.323,0,0.00953387292539923,0,14.5,0,0.0732746920074036,0.05998,-0.321977513523817,0.321977513523817,approach
0.324,0,0.0194978719494849,0.0792818660939986,14.5,0,0.0729523817302901,0.05964,-0.322311655091314,0.322311655091314,approach
0.325,0,0.016712461670987,0,14.5,0,0.0726297426373696,0.0593,-0.322640506834865,0.322640506834865,approach
0.326,0,0.0226145753058783,0.0580272571152256,14.5,0,0.0723067799964223,0.05896,-0.322964092868916,0.322964092868916,approach
0.327,0,0.0230245421212328,0.0254843430133601,14.5,0,0.0719834990503118,0.05862,-0.323282438098781,0.323282438098781,approach
0.328,0,0.0197353218181995,0,14.5,0,0.071659905016221,0.05828,-0.323595568192986,0.323595568192986,approach
0.329,0,0.0401536303704886,0.162663481684223,14.5,0,0.0713360030849151,0.05794,-0.323903509556068,0.323903509556068,approach
0.33,0,0.034447004460167,0.000207248998236965,14.5,0,0.0710117984200321,0.0576,-0.324206289301874,0.324206289301874,approach
0.331,0,0.0356053042869416,0.0425551032475892,14.5,0,0.0706872961573984,0.05726,-0.324503935227324,0.324503935227324,approach
0.332,0,0.0305188322459499,0,14.5,0,0.0703625014043714,0.05692,-0.324796475786646,0.324796475786646,approach
0.333,0,0.0299586167822156,0.0265973239998096,14.5,0,0.0700374192392061,0.05658,-0.325083940066093,0.325083940066093,approach
0.334,0,0.0256788143847562,0,14.5,0,0.0697120547104477,0.05624,-0.32536635775911,0.32536635775911,approach
0.335,0,0.02965536757283,0.0535146867012729,14.5,0,0.0693864128363484,0.0559,-0.325643759141976,0.325643759141976,approach
0.336,0,0.0266619038677542,0.00870112163729914,14.5,0,0.0690604986043069,0.05556,-0.3259161750499,0.3259161750499,approach
0.337,0,0.022853060458075,0,14.5,0,0.0687343169703333,0.05522,-0.326183636853576,0.326183636853576,approach
0.338,0,0.0220577947894524,0.0172862007777165,14.5,0,0.0684078728585355,0.05488,-0.326446176436191,0.326446176436191,approach
0.339,0,0.024096219455131,0.0363267674492026,14.5,0,0.068081171160629,0.05454,-0.326703826170877,0.326703826170877,approach
0.34,0,0.0206539023901123,0,14.5,0,0.0677542167354682,0.0542,-0.326956618898619,0.326956618898619,approach
0.341,0,0.0177033449058105,0,14.5,0,0.0674270144086,0.05386,-0.327204587906591,0.327204587906591,approach
0.342,0,0.0151742956335519,0,14.5,0,0.0670995689718379,0.05352,-0.327447766906941,0.327447766906941,approach
0.343,0,0.0250637502038734,0.0844004776258026,14.5,0,0.0667718851828582,0.05318,-0.327686190016004,0.327686190016004,approach
0.344,0,0.0214832144604629,0,14.5,0,0.0664439677648147,0.05284,-0.327919891733945,0.327919891733945,approach
0.345,0,0.0260148692139868,0.0532047977351301,14.5,0,0.0661158214059746,0.0525,-0.328148906924833,0.328148906924833,approach
0.346,0,0.0302114500684999,0.0553909351955783,14.5,0,0.0657874507593741,0.05216,-0.328373270797127,0.328373270797127,approach
0.347,0,0.0258955286301427,0,14.5,0,0.0654588604424931,0.05182,-0.328593018884586,0.328593018884586,approach
0.348,0,0.0221961673972652,0,14.5,0,0.0651300550369466,0.05148,-0.328808187027593,0.328808187027593,approach
0.349,0,0.0218644612117986,0.0198742240989992,14.5,0,0.0648010390881976,0.05114,-0.329018811354882,0.329018811354882,approach
0.35,0,0.0266476283463439,0.0553466311536157,14.5,0,0.0644718171052858,0.0508,-0.329224928265676,0.329224928265676,approach
0.351,0,0.0387746866235145,0.111537036286538,14.5,0,0.0641423935605735,0.05046,-0.329426574412216,0.329426574412216,approach
0.352,0,0.0485357652745558,0.107102237180803,14.5,0,0.0638127728895107,0.05012,-0.329623786682699,0.329623786682699,approach
0.353,0,0.0416020845210478,0,14.5,0,0.0634829594904139,0.04978,-0.32981660218459,0.32981660218459,approach
0.354,0,0.0356589295894696,0,14.5,0,0.0631529577242649,0.04944,-0.33000505822834,0.33000505822834,approach
0.355,0,0.0305647967909739,0,14.5,0,0.0628227719145214,0.0491,-0.330189192311466,0.330189192311466,approach
0.356,0,0.0294143754372368,0.0225118473148145,14.5,0,0.0624924063469466,0.04876,-0.330369042103023,0.330369042103023,approach
0.357,0,0.0273086484483327,0.014674286514908,14.5,0,0.0621618652694521,0.04842,-0.330544645428443,0.330544645428443,approach
0.358,0,0.0234074129557138,0,14.5,0,0.0618311528919563,0.04808,-0.330716040254744,0.330716040254744,approach
0.359,0,0.0229089701194608,0.0199183131019434,14.5,0,0.0615002733862567,0.048,-0.330883264676098,0.330883264676098,approach
0.36,0,0.033238600099364,0.0952163799787831,14.5,0,0.0611692770442406,0.048,-0.331000222311832,0.331000222311832,approach
0.361,0,0.0481840736773361,0.137856915145169,14.5,0,0.0608382272696144,0.048,-0.331053807785897,0.331053807785897,approach
0.362,0,0.0582941015403458,0.118954268718404,14.5,0,0.0605071860870094,0.048,-0.331045399052221,0.331045399052221,approach
0.363,0,0.056305060656862,0.0443708153559592,14.5,0,0.0601762141611249,0.048,-0.330976354905127,0.330976354905127,approach
0.364,0.236463069764265,0.0536216871243575,0.0375214459293307,14.5,0.154629184122811,0.0598453708158772,0.0598453708158772,-0.330848014976025,0.330848014976025,force
0.365,1.28797390165582,0.0459614461065922,0,14.5,0.478844341926139,0.0595211556580739,0.0598453708158772,-0.324223403116746,0.324223403116746,force
0.366,2.76125131889891,0.0471237361163298,0.0540974761747552,14.5,0.796406171358309,0.0592035938286417,0.0598453708158772,-0.317573473816759,0.317573473816759,force
0.367,4.52422141355573,0.0403917738139969,0,14.5,1.1072257878012,0.0588927742121988,0.0598453708158772,-0.310834512366371,0.310834512366371,force
0.368,6.50640368260972,0.0646239404831827,0.210016940498297,14.5,1.41117251235578,0.0585888274876442,0.0598453708158772,-0.303964738406358,0.303964738406358,force
0.369,8.65987059090368,0.23853219191687,1.281981700519,14.5,1.70808576677497,0.058291914233225,0.0598453708158772,-0.296934257921055,0.296934257921055,force
0.37,10.9481196401147,0.605703303972038,2.80872997630305,14.5,1.9977831776641,0.0580022168223359,0.0598453708158772,-0.289721275231687,0.289721275231687,force
0.371,13.3414185065247,1.16854681648556,4.54560789156669,14.5,2.28006670170185,0.0577199332982982,0.0598453708158772,-0.282310115595359,0.282310115595359,force
0.372,15.8144626589102,1.92890325389807,6.4910418783731,14.5,2.55472754113851,0.0574452724588615,0.0598453708158772,-0.274690016556181,0.274690016556181,force
0.373,18.345058124167,2.8881079829547,8.64333635729448,14.5,2.82155024303848,0.0571784497569615,0.0598453708158772,-0.26685431250018,0.26685431250018,force
0.374,20.9133247833052,4.05159004666681,11.0324824289395,14.5,3.08031620772772,0.0569196837922723,0.0598453708158772,-0.25879984451352,0.25879984451352,force
0.375,23.5011900570112,5.38365207723074,13.3760242606143,14.5,3.33080674591187,0.0566691932540881,0.0598453708158772,-0.250526509609926,0.250526509609926,force
0.376,26.0920561131135,6.8673528210423,15.7695572839117,14.5,3.57280577560282,0.0564271942243972,0.0598453708158772,-0.242036901028247,0.242036901028247,force
0.377,28.6705762322077,8.50460337810192,18.3281067204597,14.5,3.80610222090771,0.0561938977790923,0.0598453708158772,-0.233336010533129,0.233336010533129,force
0.378,31.2225025422488,10.2731886843339,20.8847005217255,14.5,4.0304921563063,0.0559695078436937,0.0598453708158772,-0.224430974303129,0.224430974303129,force
0.379,33.7345817513407,12.1566903364053,23.4577002488343,14.5,4.24578072790568,0.0557542192720943,0.0598453708158772,-0.215330850272799,0.215330850272799,force
0.38,36.1944837869748,14.1490475248958,26.1031906558383,14.5,4.45178387492363,0.0555482161250764,0.0598453708158772,-0.206046418692929,0.206046418692929,force
0.381,38.5907532348755,16.2191948239193,28.6400786180602,14.5,4.64832986893118,0.0553516701310688,0.0598453708158772,-0.196590000193746,0.196590000193746,force
0.382,40.9127765971705,18.3645435438234,31.2366358632482,14.5,4.83526068436419,0.0551647393156358,0.0598453708158772,-0.186975287322821,0.186975287322821,force
0.383,43.1507604218526,20.5635640547212,33.7576871201081,14.5,5.01243321094063,0.0549875667890594,0.0598453708158772,-0.177217186691341,0.177217186691341,force
0.384,45.2957167198285,22.8019751538332,36.2324417485052,14.5,5.1797203165806,0.0548202796834194,0.0598453708158772,-0.167331669681701,0.167331669681701,force
0.385,47.3394530287883,25.0488028500527,38.5297690273695,14.5,5.33701176796245,0.0546629882320376,0.0598453708158772,-0.157335630258533,0.157335630258533,force
0.386,49.2745651530681,27.3032652163728,40.8300394142933,14.5,5.48421501483013,0.0545157849851699,0.0598453708158772,-0.147246748855496,0.147246748855496,force
0.387,51.0944310965369,29.5652112893909,43.1368877274996,14.5,5.62125584344787,0.0543787441565521,0.0598453708158772,-0.137083361627933,0.137083361627933,force
0.388,52.7932050697002,31.8150556387441,45.3141217348635,14.5,5.74807890413486,0.0542519210958651,0.0598453708158772,-0.12686433459819,0.12686433459819,force
0.389,54.3658107296919,34.0283984308333,47.3084551833681,14.5,5.86464811750729,0.0541353518824927,0.0598453708158772,-0.11660894239724,0.11660894239724,force
0.39,55.8079330278994,36.2014743306777,49.2399297297447,14.5,5.97094696389822,0.0540290530361018,0.0598453708158772,-0.106336751438434,0.106336751438434,force
0.391,57.1160082109263,38.3235059314707,51.0556955362281,14.5,6.0669786603534,0.0539330213396466,0.0598453708158772,-0.0960675074573246,0.0960675074573246,force
0.392,58.2872116581582,40.3878713348985,52.7740637554659,14.5,6.15276622960679,0.0538472337703932,0.0598453708158772,-0.0858210274234314,0.0858210274234314,force
0.393,59.3194433512294,42.3985768059602,54.4628096323303,14.5,6.22835246549761,0.0537716475345024,0.0598453708158772,-0.0756170958813875,0.0756170958813875,force
0.394,60.2113108627066,44.3194460684421,55.8446616433335,14.5,6.29379979937857,0.0537062002006214,0.0598453708158772,-0.0654753658143845,0.0654753658143845,force
0.395,60.9621098274674,46.1460864323966,57.1059286161233,14.5,6.34919007217868,0.0536508099278213,0.0598453708158772,-0.0554152641456346,0.0554152641456346,force
0.396,61.5718019234044,47.8879476418019,58.3391148982335,14.5,6.39462421690968,0.0536053757830903,0.0598453708158772,-0.0454559020062444,0.0454559020062444,force
0.397,62.0409904404724,49.5212799303053,59.3212736613259,14.5,6.43022185653851,0.0535697781434615,0.0598453708158772,-0.035615989902478,0.035615989902478,force
0.398,62.3708935601151,51.0488842136596,60.2145099137858,14.5,6.45612082226715,0.0535438791777329,0.0598453708158772,-0.0259137579134735,0.0259137579134735,force
0.399,62.5633155024947,52.4634406813352,60.9507794873888,14.5,6.47247659739263,0.0535275234026074,0.0598453708158772,-0.0163668810434052,0.0163668810434052,force
0.4,62.6206157271302,53.7642439421859,61.5690635072897,14.5,6.47946169202118,0.0535205383079788,0.0598453708158772,-0.00699240984083533,0.00699240984083533,force
0.401,62.5559666649824,54.9631495580125,62.1565832529725,14.5,6.47726495400796,0.053522735045992,0.0598453708158772,0.00219329361649422,0,force
0.402,62.3941380215792,56.0253423893016,62.3984993770356,14.5,6.466089260534,0.053533910739466,0.0598453708158772,0.0111761760131517,0,force
0.403,62.1057205105532,56.9687783472933,62.6293940952438,14.5,6.44614750352148,0.0535538524964785,0.0598453708158772,0.0199462001155601,0,force
0.404,61.6945786991403,57.7695356170336,62.5740792354754,14.5,6.41766688978446,0.0535823331102155,0.0598453708158772,0.0284890265700866,0,force
0.405,61.1649942020852,58.4533841464777,62.5564753231425,14.5,6.38088809988214,0.0536191119001179,0.0598453708158772,0.0367911574458283,0,force
0.406,60.521630631607,59.0129997639958,62.3706934691045,14.5,6.33606440441379,0.0536639355955862,0.0598453708158772,0.044839979015455,0,force
0.407,59.7694975810787,59.4445599588428,62.0339211279243,14.5,6.2834607430309,0.0537165392569691,0.0598453708158772,0.0526237992502192,0,force
0.408,58.9139138880713,59.7639651988878,61.6803966391583,14.5,6.22335277148946,0.0537766472285105,0.0598453708158772,0.0601318799786036,0,force
0.409,57.9604704250881,59.9587431790344,61.1274110599139,14.5,6.1560258820884,0.0538439741179116,0.0598453708158772,0.0673544636829896,0,retract
0.41,56.9078128986026,60.0340864750218,60.4861462509462,14.5,6.08126271905719,0.0539187372809428,0.0598483692920627,0.0747945723836904,0,retract
0.411,55.7611765389508,60.0014870423236,59.8058904461344,14.5,5.99929827763582,0.0540007017223642,0.0598573380081363,0.0819996003806799,0,retract
0.412,54.5260541872416,59.8505725559475,58.9450856376908,14.5,5.91037744631911,0.0540896225536809,0.0598722368953741,0.0889596363522174,0,retract
0.413,53.2081633864195,59.5860025608958,57.9985825905856,14.5,5.81475402853929,0.0541852459714607,0.0598930258850519,0.0956657482819328,0,retract
0.414,51.8134133540365,59.1869828580526,56.7928646409932,14.5,5.71268974643644,0.0542873102535636,0.0599196649084456,0.102110001509833,0,retract
0.415,50.347872080623,58.6880766911801,55.6946396899453,14.5,5.60445323143585,0.0543955467685642,0.0599521138968312,0.108285472049837,0,retract
0.416,48.8177337924365,58.0791258286096,54.4254206531863,14.5,5.49031900630024,0.0545096809936998,0.0599903327814846,0.11418625521992,0,retract
0.417,47.2292870107892,57.3769716655073,53.164046686894,14.5,5.37056646325069,0.0546294335367493,0.0600342814936817,0.119807469660299,0,retract
0.418,45.5888834322333,56.5713374251774,51.7375319831977,14.5,5.24547884264772,0.0547545211573523,0.0600839199646984,0.125145256844162,0,retract
0.419,43.9029078447567,55.6864258714668,50.3769565492034,14.5,5.1153422165847,0.0548846577834153,0.0601392081258106,0.130196776214288,0,retract
0.42,42.1777492853645,54.7140936447447,48.880100284412,14.5,4.98044448158794,0.0550195555184121,0.0602001059082943,0.134960196107062,0,retract
0.421,40.4197736341812,53.6334031382763,47.1492600994661,14.5,4.84107436443276,0.0551589256355672,0.0602665732434254,0.139434680653008,0,retract
0.422,38.6352978297523,52.4813221552628,45.5688362571816,14.5,4.69752044485935,0.0553024795551407,0.0603385700624798,0.143620372869757,0,retract
0.423,36.8305658804519,51.2699575613388,44.001769997795,14.5,4.55007019874331,0.0554499298012567,0.0604160562967334,0.147518374189323,0,retract
0.424,35.0117268378024,49.9719895321162,42.1841813567801,14.5,4.39900906499827,0.0556009909350017,0.0604989918774621,0.151130720686708,0,retract
0.425,33.1848148903126,48.6062000785143,40.4114633569031,14.5,4.24461953920938,0.0557553804607906,0.0605873367359418,0.154460356301201,0,retract
0.426,31.3557317314028,47.180733888945,38.6279367515291,14.5,4.08718029667161,0.0559128197033284,0.0606810508034486,0.157511103365494,0,retract
0.427,29.5302313536479,45.6946184968078,36.7779261439847,14.5,3.92696534717805,0.056073034652822,0.0607800940112582,0.160287630781109,0,retract
0.428,27.7139074248789,44.1706121465012,35.026574044662,14.5,3.76424322353947,0.0562357567764605,0.0608844262906466,0.162795420202095,0,retract
0.429,25.9121834115698,42.6043086234293,33.2064874849978,14.5,3.59927620543034,0.0564007237945697,0.0609940075728897,0.165040730613102,0,retract
0.43,24.1303056338482,40.9978378166897,31.3590129762516,14.5,3.4323195797528,0.0565676804202472,0.0611087977892635,0.167030561713652,0,retract
0.431,22.3733394674344,39.3705147463795,29.6065763245185,14.5,3.26362093826139,0.0567363790617386,0.0612287568710438,0.168772616548964,0,retract
0.432,20.6461689559626,37.6933129165427,27.6301019375219,14.5,3.09341951272981,0.0569065804872702,0.0613538447495066,0.170275263860785,0,retract
0.433,18.9535001688952,36.0129815497584,25.9309933490528,14.5,2.92194554742314,0.0570780544525769,0.0614840213559278,0.17154750067182,0,retract
0.434,17.2998687460286,34.3362897188717,24.2761387335511,14.5,2.7494197080749,0.0572505802919251,0.0616192466215833,0.172598915668048,0,retract
0.435,15.6896522249284,32.6207439837519,22.3274695730335,14.5,2.57605252594593,0.0574239474740541,0.061759480477749,0.173439654009502,0,retract
0.436,14.1270879765409,30.9100341479617,20.6457751332201,14.5,2.40204387481766,0.0575979561251823,0.0619046828557009,0.174080384289496,0,retract
0.437,12.6162979157358,29.2044632286449,18.971037712744,14.5,2.22758247793173,0.0577724175220683,0.0620548136867149,0.174532268485832,0,retract
0.438,11.1613216717307,27.4978441212383,17.2581294767988,14.5,2.05284544087,0.05794715455913,0.0622098329020668,0.174806935922469,0,retract
0.439,9.76616070787888,25.8318533341987,15.8359086119611,14.5,1.87799780510616,0.0581220021948938,0.0623697004330326,0.174916462513269,0,retract
0.44,8.43483716519929,24.159606266954,14.1261238634858,14.5,1.70319211529874,0.0582968078847013,0.0625343762108883,0.174873356934758,0,retract
0.441,7.17147332946001,22.5103569634916,12.6148611427171,14.5,1.52856799119811,0.0584714320088019,0.0627038201669097,0.174690555945947,0,retract
0.442,5.98040128739423,20.8984920252652,11.227302395907,14.5,1.3542516919123,0.0586457483080877,0.0628779922323727,0.174381431969649,0,retract
0.443,4.8663189925466,19.3005787827641,9.71309932775741,14.5,1.18035565571182,0.0588196443442882,0.0630568523385533,0.173959817509193,0,retract
0.444,3.83452182621765,17.7624557238708,8.53371737051107,14.5,1.00697799149992,0.0589930220085001,0.0632403604167274,0.173440053459694,0,retract
0.445,2.8912656565571,16.2403590866878,7.10777926358984,14.5,0.834201886538995,0.059165798113461,0.063428476398171,0.17283707284826,0,retract
0.446,2.04437981910439,14.771610299004,5.95911757290126,14.5,0.66209487485578,0.0593379051251442,0.0636211602141598,0.17216654019037,0,retract
0.447,1.30441499875958,13.3563365244202,4.86469387691714,14.5,0.490707872197856,0.0595092921278021,0.0638183717959699,0.171445085022885,0,retract
0.448,0.687157729433498,11.9955262003775,3.83066425612157,14.5,0.320073800505867,0.0596799261994941,0.0640200710748772,0.170690712571884,0,retract
0.449,0.220907070747643,10.6891715344341,2.85104353877349,14.5,0.15020541189719,0.0598497945881028,0.0642262179821575,0.169923604630255,0,retract
0.45,0,9.45175462869866,2.02725319428612,14.5,0,0.0600189088240172,0.0644367724490869,0.169168057213385,0,retract
0.451,0,8.28390465862465,1.27680483818059,14.5,0,0.0601873191989371,0.0646516944069411,0.168462852216185,0,retract
0.452,0,7.21291984279018,0.787010947783357,14.5,0,0.0603551102053829,0.0648709437869963,0.167842207237148,0,retract
0.453,0,6.22473356223984,0.295615878937762,14.5,0,0.0605223649403766,0.0650944805205281,0.167304723472245,0,retract
0.454,0,5.33614762761474,0.00463201986419811,14.5,0,0.0606891651129577,0.0653222645388127,0.166849009806256,0,retract
0.455,0,4.58632449869282,0.087385725161291,14.5,0,0.0608555910519871,0.0655542557731258,0.166473683093094,0,retract
0.456,0,3.93844994768403,0.0512026416312826,14.5,0,0.0610217217142234,0.0657904141547434,0.166177368418734,0,retract
0.457,0,3.37581424087203,0,14.5,0,0.0611876346926505,0.0660306996149415,0.165958699347265,0,retract
0.458,0,2.89355506360459,0,14.5,0,0.0613534062250429,0.0662750720849959,0.165816318150621,0,retract
0.459,0,2.48019005451822,0,14.5,0,0.0615191112027531,0.0665234914961826,0.165748876022499,0,retract
0.46,0,2.13532441516965,0.0661305790782101,14.5,0,0.0616848231797016,0.0667759177797775,0.165755033276983,0,retract
0.461,0,1.83867583445518,0.0587843501683313,14.5,0,0.0618506143815594,0.0670323108670564,0.165833459532398,0,retract
0.462,0,1.57684387969257,0.00585215111694982,14.5,0,0.0620165557151055,0.0672926306892954,0.165982833880874,0,retract
0.463,0,1.35399116658049,0.0168748879080208,14.5,0,0.0621827167777443,0.0675568371777703,0.166201845044138,0,retract
0.464,0,1.16413754671903,0.0250158275502181,14.5,0,0.0623491658671741,0.0678248902637571,0.166489191515989,0,retract
0.465,0,1.00649179853249,0.0606173094132745,14.5,0,0.0625159699911883,0.0680967498785316,0.166843581691968,0,retract
0.466,0,0.862707255884991,0,14.5,0,0.0626831948775999,0.0683723759533699,0.167263733986654,0,retract
0.467,0,0.741378625789155,0.0134068452141371,14.5,0,0.0628509049842757,0.0686517284195478,0.167748376939063,0,retract
0.468,0,0.635467393533562,0,14.5,0,0.0630191635092703,0.0689347672083411,0.168296249306598,0,retract
0.469,0,0.544686337314481,0,14.5,0,0.0631880324010468,0.069221452251026,0.168906100147971,0,retract
0.47,0,0.467380620345995,0.00354631853507555,14.5,0,0.0633575723687739,0.0695117434788782,0.169576688895549,0,retract
0.471,0,0.400611960296567,0,14.5,0,0.06352784289269,0.0698056008231736,0.170306785417519,0,retract
0.472,0,0.3433816802542,0,14.5,0,0.0636989022345227,0.0701029842151883,0.171095170070297,0,retract
0.473,0,0.2943271545036,0,14.5,0,0.063870807447957,0.0704038535861981,0.171940633741567,0,retract
0.474,0,0.256971833788683,0.0328399094991781,14.5,0,0.0640436143891388,0.070708168867479,0.172841977884356,0,retract
0.475,0,0.220261571818871,0,14.5,0,0.0642173777272094,0.0710158899903068,0.173798014542499,0,retract
0.476,0,0.197322437434354,0.0596876311272543,14.5,0,0.0643921509548587,0.0713269768859574,0.174807566367893,0,retract
0.477,0,0.179704584210254,0.0739974648656503,14.5,0,0.0645679863988931,0.0716413894857069,0.175869466629874,0,retract
0.478,0,0.157365664767873,0.0233321481135869,14.5,0,0.0647449352308065,0.071959087720831,0.176982559217086,0,retract
0.479,0,0.143040554775527,0.0570898948214552,14.5,0,0.0649230474773497,0.0722800315226058,0.178145698632168,0,retract
0.48,0,0.122606189807595,0,14.5,0,0.0651023720310901,0.0726041808223072,0.179357749979612,0,retract
0.481,0,0.105091019835081,0,14.5,0,0.0652829566609562,0.072931495551211,0.180617588947086,0,retract
0.482,0,0.0980351033263639,0.0556996042740589,14.5,0,0.0654648480227577,0.0732619356405932,0.181924101780564,0,retract
0.483,0,0.0994758953345506,0.108120647383671,14.5,0,0.0656480916696806,0.0735954610217297,0.183276185253546,0,retract
0.484,0,0.0852650531439005,0,14.5,0,0.0658327320627442,0.0739320316258964,0.184672746630683,0,retract
0.485,0,0.0835854981081444,0.0735081678936076,14.5,0,0.0660188125812222,0.0742716073843692,0.186112703626076,0,retract
0.486,0,0.0716447126641238,0,14.5,0,0.0662063755330162,0.0746141482284241,0.18759498435654,0,retract
0.487,0,0.0614097537121061,0,14.5,0,0.0663954621649823,0.074959614089337,0.1891185272901,0,retract
0.488,0,0.0526369317532338,0,14.5,0,0.0665861126732009,0.0753079648983838,0.190682281189982,0,retract
0.489,0,0.0451173700742004,0,14.5,0,0.0667783662131907,0.0756591605868404,0.192285205054352,0,retract
0.49,0,0.0386720314921718,0,14.5,0,0.0669722609100579,0.0760131610859827,0.19392626805205,0,retract
0.491,0,0.0427654621970379,0.0673260464262346,14.5,0,0.0671678338685799,0.0763699263270866,0.195604449454558,0,retract
0.492,0,0.0366561104546039,0,14.5,0,0.0673651211832196,0.0767294162414281,0.197318738564433,0,retract
0.493,0,0.0314195232468033,0,14.5,0,0.0675641579480648,0.0770915907602831,0.199068134640426,0,retract
0.494,0,0.0269310199258314,0,14.5,0,0.0677649782666926,0.0774564098149275,0.200851646819511,0,retract
0.495,0,0.0230837313649984,0,14.5,0,0.0679676152619527,0.0778238333366373,0.20266829403602,0,retract
0.496,0,0.0197860554557129,0,14.5,0,0.0681721010856694,0.0781938212566882,0.204517104938103,0,retract
0.497,0,0.0169594761048968,0,14.5,0,0.068378466928258,0.0785663335063563,0.206397117801692,0,retract
0.498,0,0.0148581258015746,0.00225002398164142,14.5,0,0.0685867430282551,0.0789413300169175,0.208307380442166,0,retract
0.499,0,0.0127355364013496,0,14.5,0,0.0687969586817584,0.0793187707196477,0.210246950123906,0,retract
0.5,0,0.0109161740582997,0,14.5,0,0.0690091422517745,0.0796986155458228,0.212214893467895,0,retract
0.501,0,0.00935672062139973,0,14.5,0,0.069223321177476,0.0800808244267187,0.214210286357561,0,retract
0.502,0,0.010183655163236,0.0151452624142536,14.5,0,0.0694395219833607,0.0804653572936114,0.216232213842996,0,retract
0.503,0,0.00872884728277371,0,14.5,0,0.0696577702883159,0.0808521740777767,0.218279770043736,0,retract
0.504,0,0.00748186909952032,0,14.5,0,0.0698780908145852,0.0812412347104906,0.220352058050238,0,retract
0.505,0,0.0064130306567317,0,14.5,0,0.0701005073966351,0.081632499123029,0.222448189824201,0,retract
0.506,0,0.00549688342005575,0,14.5,0,0.070325042989923,0.0820259272466679,0.224567286097884,0,retract
0.507,0,0.00471161436004778,0,14.5,0,0.0705517196795628,0.082421479012683,0.226708476272533,0,retract
0.508,0,0.00403852659432667,0,14.5,0,0.0707805586888897,0.0828191143523505,0.22887089831608,0,retract
0.509,0,0.0111937633753864,0.0541251840617447,14.5,0,0.0710115803879226,0.0832187931969461,0.231053698660208,0,retract
0.51,0,0.00959465432175976,0,14.5,0,0.0712448043017229,0.0836204754777458,0.233256032096917,0,retract
0.511,0,0.0177800396512155,0.0668923516279501,14.5,0,0.0714802491186508,0.0840241211260255,0.235477061674716,0,retract
0.512,0,0.0152400339867562,0,14.5,0,0.0717179326985165,0.0844296900730611,0.237715958594526,0,retract
0.513,0,0.0130628862743624,0,14.5,0,0.0719578720806295,0.0848371422501286,0.239971902105425,0,retract
0.514,0,0.0154806629731811,0.0299873231660929,14.5,0,0.0722000834917422,0.0852464375885038,0.242244079400325,0,retract
0.515,0,0.0145207489077577,0.0087612645152178,14.5,0,0.0724445823538905,0.0856575360194627,0.244531685511682,0,retract
0.516,0,0.0211076500152926,0.0606290566605017,14.5,0,0.0726913832921295,0.0860703974742812,0.24683392320733,0,retract
0.517,0,0.0180922714416794,0,14.5,0,0.072940500142167,0.0864849818842353,0.249150002886531,0,retract
0.518,0,0.0245261023392893,0.0631290877249487,14.5,0,0.0731919459578926,0.0869012491806007,0.251479142476324,0,retract
0.519,0,0.0275658013472508,0.0458039953950203,14.5,0,0.0734457330188031,0.0873191592946536,0.253820567328264,0,retract
0.52,0,0.023627829726215,0,14.5,0,0.0737018728373275,0.0877386721576697,0.256173510115607,0,retract
0.521,0,0.0202524254796129,0,14.5,0,0.0739603761660465,0.088159747700925,0.258537210731047,0,retract
0.522,0,0.0217852494649653,0.0309821933770798,14.5,0,0.0742212530048139,0.0885823458556954,0.260910916185049,0,retract
0.523,0,0.0186730709699702,0,14.5,0,0.0744845126077752,0.0890064265532568,0.263293880504856,0,retract
0.524,0,0.0276178035794785,0.081286199236528,14.5,0,0.074750163490286,0.0894319497248852,0.265685364634239,0,retract
0.525,0,0.0271978507779248,0.0246781339686025,14.5,0,0.0750182134357316,0.0898588753018564,0.268084636334042,0,retract
0.526,0,0.0259081959227135,0.0181702667914459,14.5,0,0.0752886695022483,0.0902871632154465,0.270490970083591,0,retract
0.527,0,0.0222070250766116,0,14.5,0,0.0755615380293461,0.0907167733969312,0.272903646983006,0,retract
0.528,0,0.0192469987468565,0.00148684076832613,14.5,0,0.0758368246444355,0.0911476657775865,0.275321954656488,0,retract
0.529,0,0.0164974274973056,0,14.5,0,0.0761145342692583,0.0915798002886884,0.277745187156619,0,retract
0.53,0,0.0141406521405476,0,14.5,0,0.0763946711262236,0.0920131368615128,0.280172644869714,0,retract
0.531,0,0.0177506918832752,0.0394109303396408,14.5,0,0.0766772387446503,0.0924476354273355,0.282603634422298,0,retract
0.532,0,0.020554494410946,0.0373773095769704,14.5,0,0.0769622399669178,0.0928832559174325,0.28503746858871,0,retract
0.533,0,0.0176181380665251,0,14.5,0,0.0772496769545243,0.0933199582630797,0.28747346619991,0,retract
0.534,0,0.0151012611998787,0,14.5,0,0.0775395511940564,0.093757702395553,0.2899109520535,0,retract
0.535,0,0.0129439381713246,0,14.5,0,0.0778318635030683,0.0941964482461284,0.292349256825014,0,retract
0.536,0,0.0110948041468496,0,14.5,0,0.0781266140358749,0.0946361557460818,0.294787716980485,0,retract
0.537,0,0.0198626600664308,0.0724697955839179,14.5,0,0.0784238022892582,0.095076784826689,0.29722567469035,0,retract
0.538,0,0.0170251371997978,0,14.5,0,0.0787234271080889,0.095518295419226,0.299662477744691,0,retract
0.539,0,0.0145929747426839,0,14.5,0,0.0790254866908638,0.0959606474549688,0.302097479469863,0,retract
0.54,0,0.0126730799691756,0.00115371132812624,14.5,0,0.0793299785951623,0.0964038008651932,0.304530038646516,0,retract
0.541,0,0.0192528765531844,0.0587316560572369,14.5,0,0.0796368997430221,0.0968477155811751,0.306959519429041,0,retract
0.542,0,0.0165024656170152,0,14.5,0,0.0799462464262338,0.0972923515341905,0.309385291266467,0,retract
0.543,0,0.0141449705288702,0,14.5,0,0.0802580143115607,0.0977376686555153,0.311806728824811,0,retract
0.544,0,0.0122407297108304,0.000815284802591662,14.5,0,0.0805721984458795,0.0981836268764254,0.314223211910917,0,retract
0.545,0,0.0104920540378546,0,14.5,0,0.0808887932612484,0.0986301861281968,0.316634125397788,0,retract
0.546,0,0.00899318917530395,0,14.5,0,0.0812077925799003,0.0990773063421053,0.319038859151429,0,retract
0.547,0,0.0151411606750646,0.0520289896736287,14.5,0,0.0815291896191646,0.0995249474494268,0.321436807959215,0,retract
0.548,0,0.0169313331758925,0.0276723681808597,14.5,0,0.0818529769963199,0.0999730693814374,0.323827371459795,0,retract
0.549,0,0.0145125712936221,0,14.5,0,0.0821791467333757,0.100421632069413,0.326209954074534,0,retract
0.55,0,0.012852420470925,0.00289151553474205,14.5,0,0.0825076902617897,0.100870595444629,0.328583964940522,0,retract
0.551,0,0.0138863053488732,0.0200896146165627,14.5,0,0.082838598427117,0.101319919438362,0.330948817845132,0,retract
0.552,0,0.0299492952208555,0.126327234452749,14.5,0,0.0831718614935964,0.101769563981888,0.333303931162149,0,retract
0.553,0,0.025670824475019,0,14.5,0,0.0835074691486753,0.102219489006482,0.335648727789477,0,retract
0.554,0,0.0261223552573633,0.0288315399514288,14.5,0,0.0838454105074706,0.102669654443421,0.337982635088415,0,retract
0.555,0,0.0253356672218348,0.0206155390086641,14.5,0,0.0841856741171741,0.10312002022398,0.340305084824513,0,retract
0.556,0,0.0350428083158945,0.0932856548802529,14.5,0,0.0845282479613969,0.103570546279435,0.342615513110015,0,retract
0.557,0,0.0316276162551924,0.0111364638909793,14.5,0,0.0848731194644602,0.104021192541063,0.344913360347877,0,retract
0.558,0,0.0271093853615934,0,14.5,0,0.085220275495629,0.104471918940139,0.347198071177366,0,retract
0.559,0,0.0254298211779718,0.0153524360762417,14.5,0,0.0855697023732955,0.104922685407939,0.349469094421244,0,retract
0.56,0,0.0217969895811187,0,14.5,0,0.0859213858691086,0.105373451875739,0.351725883034527,0,retract
0.561,0,0.0271431232320086,0.0592199251373479,14.5,0,0.0862753112120557,0.105824178274814,0.353967894054814,0,retract
0.562,0,0.0232655341988645,0,14.5,0,0.0866314630924942,0.106274824536442,0.356194588554197,0,retract
0.563,0,0.0199418864561695,0,14.5,0,0.0869898256661378,0.106725350591898,0.358405431592729,0,retract
0.564,0,0.02329151119342,0.043389259616923,14.5,0,0.0873503825579973,0.107175716372457,0.360599892173454,0,retract
0.565,0,0.0199641524515029,0,14.5,0,0.0877131168662771,0.107625881809395,0.362777443198996,0,retract
0.566,0,0.0213646431303761,0.0297675872036155,14.5,0,0.0880780111662308,0.10807580683399,0.364937561429691,0,retract
0.567,0,0.0215249625914251,0.0224868793577192,14.5,0,0.0884450475139751,0.108525451377515,0.367079727443262,0,retract
0.568,0,0.0204024014344348,0.013667034492493,14.5,0,0.0888142074502657,0.108974775371248,0.369203425596021,0,retract
0.569,0,0.0281052485903204,0.0743223315256336,14.5,0,0.089185472004235,0.109423738746464,0.371308143985604,0,retract
0.57,0,0.0240902130774175,0,14.5,0,0.0895588216970946,0.10987230143444,0.373393374415208,0,retract
0.571,0,0.0206487540663578,0,14.5,0,0.0899342365458032,0.11032042336645,0.375458612359339,0,retract
0.572,0,0.0176989320568781,0,14.5,0,0.0903116960667004,0.110768064473772,0.37750335693105,0,retract
0.573,0,0.0151705131916098,0,14.5,0,0.0906911792791112,0.11121518468768,0.37952711085066,0,retract
0.574,0,0.0130032970213799,0,14.5,0,0.0910726647089184,0.111661743939452,0.381529380415945,0,retract
0.575,0,0.0134773038928162,0.0163213451214339,14.5,0,0.0914561303921077,0.112107702160362,0.383509675473783,0,retract
0.576,0,0.011551974765271,0,14.5,0,0.0918415538782863,0.112553019281687,0.38546750939325,0,retract
0.577,0,0.00990169265594656,0,14.5,0,0.0922289122341732,0.112997655234702,0.387402399040137,0,retract
0.578,0,0.015259531045859,0.0474065613853339,14.5,0,0.0926181820470686,0.113441569950684,0.389313864752899,0,retract
0.579,0,0.0140212686667371,0.00659169439200519,14.5,0,0.0930093394282987,0.113884723360908,0.391201430319994,0,retract
0.58,0,0.0120182302857746,0,14.5,0,0.0934023600166386,0.114327075396651,0.393064622958621,0,retract
0.581,0,0.018467841799207,0.0571655108798014,14.5,0,0.0937972189817168,0.114768585989188,0.394902973294828,0,retract
0.582,0,0.0173947965985325,0.0109565253944854,14.5,0,0.0941938910273996,0.115209215069795,0.39671601534498,0,retract
0.583,0,0.014909825655885,0,14.5,0,0.094592350395159,0.115648922569749,0.398503286498571,0,retract
0.584,0,0.0127798505621871,0,14.5,0,0.0949925708674235,0.116087668420324,0.400264327502361,0,retract
0.585,0,0.0269436176563763,0.111926220221512,14.5,0,0.0953945257709163,0.116525412552797,0.401998682445831,0,retract
0.586,0,0.0238899185621893,0.00556772399706681,14.5,0,0.0957981879799776,0.116962114898445,0.40370589874792,0,retract
0.587,0,0.0204770730533051,0,14.5,0,0.0962035299198763,0.117397735388542,0.405385527145052,0,retract
0.588,0,0.023041009967816,0.0384246314548816,14.5,0,0.096610523570111,0.117832233954364,0.407037121680415,0,retract
0.589,0,0.0197494371152709,0,14.5,0,0.0970191404677002,0.118265570527189,0.408660239694485,0,retract
0.59,0,0.0169280889559465,0,14.5,0,0.097429351710465,0.118697705038291,0.410254441816771,0,retract
0.591,0,0.0155992985829845,0.00762655634521254,14.5,0,0.0978411279603047,0.119128597418946,0.411819291958775,0,retract
0.592,0,0.0133708273568438,0,14.5,0,0.0982544394464661,0.119558207600431,0.413354357308125,0,retract
0.593,0,0.0199849488792307,0.0596696780135517,14.5,0,0.0986692559688076,0.119986495514021,0.414859208323893,0,retract
0.594,0,0.0215250684034353,0.0307657855486633,14.5,0,0.0990855469010608,0.120413421090992,0.416333418733048,0,retract
0.595,0,0.018450058631516,0,14.5,0,0.0995032811940878,0.12083894426262,0.417776565528052,0,retract
0.596,0,0.0158143359698709,0,14.5,0,0.0999224273791396,0.121263024960182,0.419188228965553,0,retract
0.597,0,0.0135551451170322,0,14.5,0,0.100342953571111,0.121685623114952,0.420567992566189,0,retract
0.598,0,0.0124504346958066,0.00582217216845302,14.5,0,0.1007648274718,0.122106698658208,0.421915443115443,0,retract
0.599,0,0.0106718011678342,0,14.5,0,0.101188016373165,0.122526211521224,0.42323017066556,0,retract
0.6,0,0.00966577964016477,0.00362965047414817,14.5,0,0.101612487160588,0.122944121635276,0.424511768538498,0,retract
0.601,0,0.0125981002465012,0.0301920238845195,14.5,0,0.102038206316139,0.123360388931642,0.425759833329876,0,retract
0.602,0,0.0278502637335868,0.119363244656101,14.5,0,0.10246513992185,0.123774973341596,0.42697396491393,0,retract
0.603,0,0.0238716546287887,0,14.5,0,0.102893253662989,0.124187834796414,0.428153766449421,0,retract
0.604,0,0.0204614182532475,0,14.5,0,0.103322512831342,0.124598933227373,0.429298844386503,0,retract
0.605,0,0.0175383585027836,0,14.5,0,0.103752882328508,0.125008228565749,0.430408808474508,0,retract
0.606,0,0.0150328787166716,0,14.5,0,0.104184326669196,0.125415680742816,0.431483271770649,0,retract
0.607,0,0.01288532461429,0,14.5,0,0.104616809984533,0.125821249689852,0.432521850649592,0,retract
0.608,0,0.0110445639551057,0,14.5,0,0.105050296025387,0.126224895338131,0.433524164813897,0,retract
0.609,0,0.0171390142685886,0.0537057161494865,14.5,0,0.105484748165696,0.126626577618931,0.434489837305308,0,retract
0.61,0,0.0146905836587903,0,14.5,0,0.10592012940581,0.127026256463527,0.435418494516844,0,retract
0.611,0,0.0125919288503917,0,14.5,0,0.106356402375846,0.127423891803194,0.436309766205703,0,retract
0.612,0,0.0107930818717643,0,14.5,0,0.10679352933906,0.127819443569209,0.437163285506929,0,retract
0.613,0,0.00925121303294081,0,14.5,0,0.107231472195229,0.128212871692848,0.43797868894784,0,retract
0.614,0,0.0141134926713108,0.0432871705015306,14.5,0,0.107670192484049,0.128604136105387,0.438755616463177,0,retract
0.615,0,0.0120972794325521,0,14.5,0,0.10810965138855,0.1289931967381,0.439493711410971,0,retract
0.616,0,0.0164757313145008,0.0427464426061933,14.5,0,0.108549809738527,0.129380013522266,0.440192620589088,0,retract
0.617,0,0.0213596003767027,0.0506628147499141,14.5,0,0.108990628013989,0.129764546389158,0.440851994252436,0,retract
0.618,0,0.0183082288943166,0,14.5,0,0.109432066348622,0.130146755270054,0.441471486130819,0,retract
0.619,0,0.0156927676237,0,14.5,0,0.109874084533276,0.130526600096229,0.442050753447401,0,retract
0.62,0,0.0194516554957983,0.0420049827283883,14.5,0,0.11031664201947,0.13090404079896,0.442589456937769,0,retract
0.621,0,0.0172830206292257,0.00427121142978988,14.5,0,0.110759697922911,0.131279037309521,0.443087260869568,0,retract
0.622,0,0.0148140176821934,0,14.5,0,0.111203211027036,0.131651549559189,0.443543833062683,0,retract
0.623,0,0.0146755676297981,0.013844867315426,14.5,0,0.111647139786583,0.13202153747924,0.44395884490995,0,retract
0.624,0,0.0125790579683984,0,14.5,0,0.11209144233117,0.13238896100095,0.444331971398368,0,retract
0.625,0,0.0176025022082241,0.0477431676471784,14.5,0,0.112536076468901,0.132753780055594,0.444662891130795,0,retract
0.626,0,0.0180656981498965,0.020844873799931,14.5,0,0.11298099969,0.133115954574449,0.4449512863481,0,retract
0.627,0,0.0281147820446244,0.0884092854129916,14.5,0,0.113426169170458,0.133475444488791,0.44519684295175,0,retract
0.628,0,0.027426118343113,0.0232941361340449,14.5,0,0.113871541775707,0.133832209729895,0.445399250526813,0,retract
0.629,0,0.0340782351410631,0.0739909359287638,14.5,0,0.114317074064322,0.134186210229037,0.445558202365345,0,retract
0.63,0,0.029209915835197,0,14.5,0,0.114762722291738,0.134537405917493,0.445673395490149,0,retract
0.631,0,0.0250370707158831,0,14.5,0,0.115208442413998,0.13488575672654,0.445744530678875,0,retract
0.632,0,0.0214603463278998,0,14.5,0,0.115654190091521,0.135231222587453,0.445771312488448,0,retract
0.633,0,0.0321972323697329,0.0966185486207313,14.5,0,0.1160999206929,0.135573763431508,0.445753449279783,0,retract
0.634,0,0.0275976277454853,0,14.5,0,0.116545589298718,0.135913339189981,0.445690653242789,0,retract
0.635,0,0.0245583260854453,0.00632251612520526,14.5,0,0.116991150705395,0.136249909794148,0.445582640421625,0,retract
0.636,0,0.0211647090533275,0.000803006860620558,14.5,0,0.117436559429058,0.136583435175284,0.445429130740178,0,retract
0.637,0,0.0205177113447836,0.01663572509352,14.5,0,0.117881769709438,0.136913875264666,0.445229848027765,0,retract
0.638,0,0.0175866097241002,0,14.5,0,0.118326735513791,0.13724118999357,0.444984520045013,0,retract
0.639,0,0.0150742369063716,0,14.5,0,0.118771410540845,0.137565339293271,0.444692878509908,0,retract
0.64,0,0.0129207744911757,0,14.5,0,0.119215748224778,0.137886283095046,0.444354659123987,0,retract
0.641,0,0.0110749495638649,0,14.5,0,0.119659701739214,0.13820398133017,0.443969601598654,0,retract
0.642,0,0.00949281391188416,0,14.5,0,0.120103224001254,0.13851839392992,0.443537449681591,0,retract
0.643,0,0.0115651623302651,0.0239992528405508,14.5,0,0.120546267675529,0.13882948082557,0.443057951183259,0,retract
0.644,0,0.00991299628308437,0,14.5,0,0.120988785178276,0.139137201948398,0.442530858003443,0,retract
0.645,0,0.0269172418433046,0.128942715204626,14.5,0,0.121430728681453,0.139441517229679,0.441955926157843,0,retract
0.646,0,0.0236835529398024,0.0042814195187887,14.5,0,0.121872050116863,0.139742386600689,0.44133291580468,0,retract
0.647,0,0.0203001882341163,0,14.5,0,0.122312701180322,0.140039769992704,0.440661591271294,0,retract
0.648,0,0.0243361747731588,0.0485520940074136,14.5,0,0.122752633335842,0.140333627336999,0.439941721080719,0,retract
0.649,0,0.0208595783769932,0,14.5,0,0.123191797819844,0.140623918564851,0.439173077978213,0,retract
0.65,0,0.0178796386088514,0,14.5,0,0.123630145645398,0.140910603607536,0.438355438957718,0,retract
0.651,0,0.0301025550230103,0.103440053507964,14.5,0,0.124067627606493,0.141193642396329,0.437488585288243,0,retract
0.652,0,0.0258021900197231,0,14.5,0,0.124504194282325,0.141472994862507,0.436572302540131,0,retract
0.653,0,0.026306610300595,0.0293331319858261,14.5,0,0.124939796041615,0.141748620937346,0.435606380611214,0,retract
0.654,0,0.0225485231147957,0,14.5,0,0.12537438304696,0.14202048055212,0.434590613752814,0,retract
0.655,0,0.0204056062042728,0.00754810474113551,14.5,0,0.125807905259198,0.142288533638107,0.433524800595592,0,retract
0.656,0,0.0207458019996667,0.0227869767720299,14.5,0,0.126240312441807,0.142552740126582,0.432408744175207,0,retract
0.657,0,0.0177821159997143,0,14.5,0,0.126671554165326,0.142813059948821,0.431242251957781,0,retract
0.658,0,0.0152418137140408,0,14.5,0,0.127101579811802,0.1430694530361,0.430025135865154,0,retract
0.659,0,0.0142017597185983,0.00796143574594282,14.5,0,0.127530338579265,0.143321879319695,0.428757212299891,0,retract
0.66,0,0.0145978281956378,0.0169742390578749,14.5,0,0.127957779486222,0.143570298730881,0.427438302170054,0,retract
0.661,0,0.0125124241676895,0,14.5,0,0.128383851376182,0.143814671200936,0.426068230913691,0,retract
0.662,0,0.013959115995539,0.0226392669626362,14.5,0,0.128808502922197,0.144054956661134,0.424646828523056,0,retract
0.663,0,0.0119649565676049,0,14.5,0,0.129231682631438,0.144291115042751,0.423173929568514,0,retract
0.664,0,0.0102556770579471,0,14.5,0,0.129653338849787,0.144523106277065,0.421649373222141,0,retract
0.665,0,0.00908464403820156,0.00205844591972861,14.5,0,0.13007341976645,0.144750890295349,0.420073003280986,0,retract
0.666,0,0.0104787696040011,0.018843522998798,14.5,0,0.130491873418602,0.144974427028881,0.418444668189991,0,retract
0.667,0,0.0154908067004834,0.0455630292793775,14.5,0,0.130908647696049,0.145193676408936,0.416764221064547,0,retract
0.668,0,0.019941054165757,0.0466425389573984,14.5,0,0.131323690345911,0.14540859836679,0.415031519712674,0,retract
0.669,0,0.0216783693249372,0.0321022602800186,14.5,0,0.131736948977329,0.14561915283372,0.413246426656815,0,retract
0.67,0,0.029684894085122,0.0777240426462307,14.5,0,0.132148371066197,0.145825299741,0.411408809155228,0,retract
0.671,0,0.0329481138850741,0.052527432684787,14.5,0,0.132557903959906,0.146026999019907,0.409518539222957,0,retract
0.672,0,0.0282412404729207,0,14.5,0,0.132965494882118,0.146224210601717,0.407575493652381,0,retract
0.673,0,0.0294013541930963,0.0363620365141503,14.5,0,0.133371090937554,0.146416894417706,0.405579554033323,0,retract
0.674,0,0.0257371984613111,0.00375226407059954,14.5,0,0.133774639116807,0.14660501039915,0.403530606772704,0,retract
0.675,0,0.0220604558239809,0,14.5,0,0.134176086301168,0.146788518477324,0.401428543113735,0,retract
0.676,0,0.0189089621348408,0,14.5,0,0.134575379267474,0.146967378583505,0.399273259154641,0,retract
0.677,0,0.0247442357510543,0.0597558774483354,14.5,0,0.134972464692978,0.147141550648968,0.397064655866897,0,retract
0.678,0,0.0255039987126272,0.0300625764820646,14.5,0,0.135367289160231,0.147310994604989,0.394802639112967,0,retract
0.679,0,0.021860570325109,0,14.5,0,0.135759799161981,0.147475670382845,0.392487119663553,0,retract
0.68,0,0.0202940426118263,0.0108948763321297,14.5,0,0.136149941106098,0.14763553791381,0.390118013214319,0,retract
0.681,0,0.0173948936672797,0,14.5,0,0.136537661320501,0.147790557129162,0.387695240402105,0,retract
0.682,0,0.0149099088576683,0,14.5,0,0.136922906058116,0.147940687960176,0.38521872682061,0,retract
0.683,0,0.0146810175417021,0.0133076696459047,14.5,0,0.137305621501834,0.148085890338128,0.382688403035543,0,retract
0.684,0,0.0151674354028754,0.0180859425699155,14.5,0,0.1376857537695,0.148226124194294,0.38010420459923,0,retract
0.685,0,0.0130006589167503,0,14.5,0,0.1380632489189,0.148361349459949,0.377466072064675,0,retract
0.686,0,0.0111434219286432,0,14.5,0,0.138438052952774,0.148491526066371,0.374773950999069,0,retract
0.687,0,0.0123416151433565,0.0195307744316365,14.5,0,0.138810111823834,0.148616613944833,0.372027791996741,0,retract
0.688,0,0.0181370878664171,0.0529099242047806,14.5,0,0.139179371439803,0.148736573026614,0.369227550691542,0,retract
0.689,0,0.0199318615121387,0.0307005033864685,14.5,0,0.139545777668453,0.148851363242988,0.366373187768667,0,retract
0.69,0,0.0170844527246903,0,14.5,0,0.13990927634267,0.148960944525231,0.363464668975907,0,retract
0.691,0,0.0155041466492785,0.00602231019680728,14.5,0,0.140269813265514,0.149065276804619,0.360501965134318,0,retract
0.692,0,0.0182567717741099,0.0347725225230982,14.5,0,0.140627334215306,0.149164320012429,0.357485052148325,0,retract
0.693,0,0.0294543712554128,0.0966399681432308,14.5,0,0.140981784950707,0.149258034079935,0.354413911015242,0,retract
0.694,0,0.025246603933211,0,14.5,0,0.141333111215819,0.149346378938415,0.351288527834211,0,retract
0.695,0,0.0276388136296737,0.0419920718084497,14.5,0,0.141681258745291,0.149429314519144,0.348108893814561,0,retract
0.696,0,0.0236904116825774,0,14.5,0,0.14202617326943,0.149506800753397,0.34487500528359,0,retract
0.697,0,0.020306067156495,0,14.5,0,0.14236780051932,0.149578797572452,0.341586863693756,0,retract
0.698,0,0.0174052004198528,0,14.5,0,0.142706086231954,0.149645264907583,0.338244475629295,0,retract
0.699,0,0.0196273777548407,0.0329604417647677,14.5,0,0.143040976155362,0.149706162690067,0.334847852812259,0,retract
0.7,0,0.0227301675243381,0.0413469061413225,14.5,0,0.143372416053751,0.149761450851179,0.33139701210797,0,retract
0.701,0,0.0194830007351469,0,14.5,0,0.143700351712651,0.149811089322196,0.327891975529898,0,retract
0.702,0,0.0183359548317957,0.0114536794116883,14.5,0,0.144024728944061,0.149855038034393,0.324332770243977,0,retract
0.703,0,0.0157165327129677,0,14.5,0,0.144345493591601,0.149893256919046,0.320719428572333,0,retract
0.704,0,0.0136945610051188,0.00156273075802532,14.5,0,0.144662591535667,0.149925705907432,0.317051987996457,0,retract
0.705,0,0.0117381951472447,0,14.5,0,0.144975968698591,0.149952344930825,0.313330491159813,0,retract
0.706,0,0.0100613101262097,0,14.5,0,0.145285571049797,0.149973133920503,0.309554985869883,0,retract
0.707,0,0.00862398010817978,0,14.5,0,0.145591344610966,0.149988032807741,0.305725525099663,0,retract
0.708,0,0.0112714369471898,0.0271561779812499,14.5,0,0.145893235461198,0.149997001523815,0.301842166988612,0,retract
0.709,0,0.0131710844430199,0.0245689694180008,14.5,0,0.146191189742175,0.15,0.297904974843052,0,retract
0.71,0,0.0150944343822768,0.0266345340178178,14.5,0,0.146485153663321,0.15,0.293914017136042,0,retract
0.711,0,0.0189438512616294,0.0420403525377455,14.5,0,0.146775160960288,0.15,0.289956845578455,0,retract
0.712,0,0.0162375867956824,0,14.5,0,0.147061245259419,0.15,0.286033349296226,0,retract
0.713,0,0.0217543745459042,0.0548551010472348,14.5,0,0.14734344007472,0.15,0.28214341442292,0,retract
0.714,0,0.0204538344358666,0.0126505937756411,14.5,0,0.147621778804906,0.15,0.278286924170723,0,retract
0.715,0,0.0238294402263626,0.0440830749693387,14.5,0,0.147896294730514,0.15,0.274463758901179,0,retract
0.716,0,0.0204252344797394,0,14.5,0,0.148167021011094,0.15,0.270673796195592,0,retract
0.717,0,0.0233802912271125,0.0411106317113515,14.5,0,0.148433990682462,0.15,0.266916910925086,0,retract
0.718,0,0.0200402496232393,0,14.5,0,0.148697236654029,0.15,0.263192975320258,0,retract
0.719,0,0.0171773568199194,0,14.5,0,0.148956791706199,0.15,0.259501859040407,0,retract
0.72,0,0.025535513693152,0.0756844549325476,14.5,0,0.149212688487837,0.15,0.2558434292423,0,retract
0.721,0,0.0218875831655589,0,14.5,0,0.149464959513803,0.15,0.252217550648446,0,retract
0.722,0,0.018760785570479,0,14.5,0,0.149713637162557,0.15,0.248624085614856,0,retract
0.723,0,0.0181537192639268,0.0145113214246136,14.5,0,0.149958753673831,0.15,0.245062894198255,0,retract
0.724,0,0.0229265485447183,0.051563524229467,14.5,0,0.150200341146367,0.15,0.241533834222737,0,retract
0.725,0,0.0264493093515045,0.0475858741922219,14.5,0,0.150438431535726,0.15,0.238036761345837,0,retract
0.726,0,0.0332165892390821,0.0738202685645478,14.5,0,0.150673056652154,0.15,0.234571529123989,0,retract
0.727,0,0.0371805057622523,0.0609640049012735,14.5,0,0.150904248158528,0.15,0.231137989077381,0,retract
0.728,0,0.0318690049390734,0,14.5,0,0.151132037568349,0.15,0.227735990754168,0,retract
0.729,0,0.0273162899477772,0,14.5,0,0.151356456243815,0.15,0.224365381794031,0,retract
0.73,0,0.0234139628123805,0,14.5,0,0.151577535393944,0.15,0.221026007991089,0,retract
0.731,0,0.0200691109820404,0,14.5,0,0.151795306072772,0.15,0.21771771335613,0,retract
0.732,0,0.0194621945880773,0.0158206962242983,14.5,0,0.152009799177605,0.15,0.21444034017816,0,retract
0.733,0,0.0228487474397055,0.043168064549475,14.5,0,0.152221045447332,0.15,0.211193729085266,0,retract
0.734,0,0.0268368596712203,0.0507655330603094,14.5,0,0.152429075460808,0.15,0.207977719104775,0,retract
0.735,0,0.0263074401053472,0.0231309227101086,14.5,0,0.15263391963528,0.15,0.204792147722711,0,retract
0.736,0,0.0225492343760119,0,14.5,0,0.152835608224892,0.15,0.201636850942532,0,retract
0.737,0,0.0193279151794388,0,14.5,0,0.153034171319232,0.15,0.198511663343155,0,retract
0.738,0,0.0206631523822473,0.0286745755990986,14.5,0,0.153229638841949,0.15,0.195416418136256,0,retract
0.739,0,0.0193353164977356,0.011368301190665,14.5,0,0.153422040549415,0.15,0.192350947222836,0,retract
0.74,0,0.0165731284266305,0,14.5,0,0.153611406029455,0.15,0.189315081249065,0,retract
0.741,0,0.0142055386513976,0,14.5,0,0.153797764700124,0.15,0.18630864966138,0,retract
0.742,0,0.0121761759869122,0,14.5,0,0.153981145808545,0.15,0.183331480760857,0,retract
0.743,0,0.0200773605322888,0.0674844678045481,14.5,0,0.154161578429795,0.15,0.18038340175683,0,retract
0.744,0,0.0276291792618863,0.0729400916394713,14.5,0,0.154339091465847,0.15,0.177464238819781,0,retract
0.745,0,0.0391597455145442,0.108343143030492,14.5,0,0.154513713644568,0.15,0.174573817133481,0,retract
0.746,0,0.0383035471651643,0.0331663570688848,14.5,0,0.154685473518763,0.15,0.171711960946383,0,retract
0.747,0,0.0328316118558551,0,14.5,0,0.154854399465271,0.15,0.168878493622286,0,retract
0.748,0,0.0383176659466895,0.071233990491696,14.5,0,0.155020519684118,0.15,0.166073237690234,0,retract
0.749,0,0.032843713668591,0,14.5,0,0.155183862197708,0.15,0.163296014893692,0,retract
0.75,0,0.0332367202745567,0.0355947599103509,14.5,0,0.155344454850074,0.15,0.160546646238964,0,retract
0.751,0,0.0284886173781915,0,14.5,0,0.155502325306167,0.15,0.157824952042875,0,retract
0.752,0,0.0244188148955927,0,14.5,0,0.155657501051204,0.15,0.155130751979709,0,retract
0.753,0,0.0282988317868698,0.0515789331345324,14.5,0,0.15581000939005,0.15,0.152463865127411,0,retract
0.754,0,0.0242561415316027,0,14.5,0,0.155959877446654,0.15,0.14982411001305,0,retract
0.755,0,0.0350214241699,0.0996131199996841,14.5,0,0.156107132163526,0.15,0.147211304657539,0,retract
0.756,0,0.0318194755554756,0.0126077838689288,14.5,0,0.156251800301263,0.15,0.14462526661963,0,retract
0.757,0,0.0272738361904076,0,14.5,0,0.156393908438113,0.15,0.142065813039175,0,retract
0.758,0,0.0233775738774923,0,14.5,0,0.156533482969584,0.15,0.13953276067965,0,retract
0.759,0,0.0200379204664219,0,14.5,0,0.156670550108096,0.15,0.137025925969967,0,retract
0.76,0,0.0185494442542688,0.00961858698135014,14.5,0,0.156805135882676,0.15,0.134545125045547,0,retract
0.761,0,0.0204287591149932,0.0317046482793398,14.5,0,0.156937266138688,0.15,0.132090173788683,0,retract
0.762,0,0.0175103649557085,0,14.5,0,0.157066966537607,0.15,0.129660887868185,0,retract
0.763,0,0.0150088842477501,0,14.5,0,0.157194262556834,0.15,0.127257082778302,0,retract
0.764,0,0.0210918587870541,0.0575897060228777,14.5,0,0.157319179489541,0.15,0.124878573876947,0,retract
0.765,0,0.0180787361031892,0,14.5,0,0.157441742444569,0.15,0.122525176423204,0,retract
0.766,0,0.0274144989256599,0.0834290758604842,14.5,0,0.157561976346345,0.15,0.120196705614144,0,retract
0.767,0,0.0327784782743886,0.0649623543667605,14.5,0,0.157679905934848,0.15,0.117892976620927,0,retract
0.768,0,0.0280958385209045,0,14.5,0,0.157795555765608,0.15,0.115613804624225,0,retract
0.769,0,0.026894980014299,0.0196898289746661,14.5,0,0.157908950209735,0.15,0.113359004848944,0,retract
0.77,0,0.0230528400122563,0,14.5,0,0.15802011345399,0.15,0.111128392598267,0,retract
0.771,0,0.0198927607217081,0.000932284978418925,14.5,0,0.158129069500883,0.15,0.108921783287009,0,retract
0.772,0,0.0223777688264887,0.037287817455172,14.5,0,0.158235842168808,0.15,0.106738992474302,0,retract
0.773,0,0.0191809447084189,0,14.5,0,0.158340455092208,0.15,0.104579835895603,0,retract
0.774,0,0.0164408097500733,0,14.5,0,0.158442931721771,0.15,0.102444129494031,0,retract
0.775,0,0.01409212264292,0,14.5,0,0.158543295324662,0.15,0.100331689451056,0,retract
0.776,0,0.01207896226536,0,14.5,0,0.158641568984778,0.15,0.0982423322165113,0,retract
0.777,0,0.0103533962274514,0,14.5,0,0.158737775603038,0.15,0.0961758745379672,0,retract
0.778,0,0.0164620630360882,0.0531140638879091,14.5,0,0.158831937897697,0.15,0.0941321334894511,0,retract
0.779,0,0.0141103397452185,0,14.5,0,0.158924078404697,0.15,0.0921109264995271,0,retract
0.78,0,0.0130008245599678,0.00634373344846343,14.5,0,0.159014219478033,0.15,0.0901120713787374,0,retract
0.781,0,0.0111435639085438,0,14.5,0,0.159102383290157,0.15,0.0881353863464137,0,retract
0.782,0,0.00955162620732325,0,14.5,0,0.159188591832406,0.15,0.0861806900568605,0,retract
0.783,0,0.00904157494914096,0.00598126740004722,14.5,0,0.159272866915447,0.15,0.0842478016249195,0,retract
0.784,0,0.016995508096929,0.0647191069836572,14.5,0,0.159355230169763,0.15,0.082336540650918,0,retract
0.785,0,0.0145675783687963,0,14.5,0,0.159435703046147,0.15,0.080446727245007,0,retract
0.786,0,0.0124864957446825,0,14.5,0,0.159514306816233,0.15,0.0785781820508967,0,retract
0.787,0,0.0134071912702972,0.0189313644239855,14.5,0,0.159591062573041,0.15,0.0767307262689935,0,retract
0.788,0,0.0194982963848791,0.0560449270723703,14.5,0,0.159665991231553,0.15,0.074904181678944,0,retract
0.789,0,0.0167128254727535,0,14.5,0,0.159739113529301,0.15,0.0730983706615934,0,retract
0.79,0,0.0143252789766459,0,14.5,0,0.159810450026988,0.15,0.0713131162203625,0,retract
0.791,0,0.0142045396113221,0.0134801034193793,14.5,0,0.159880021109119,0.15,0.06954824200205,0,retract
0.792,0,0.0121753196668475,0,14.5,0,0.159947846984664,0.15,0.0678035723170671,0,retract
0.793,0,0.0148848350969553,0.0311419276776021,14.5,0,0.160013947687728,0.15,0.0660789321591078,0,retract
0.794,0,0.0257691141465869,0.0910747884443766,14.5,0,0.16007834307825,0.15,0.0643741472242635,0,retract
0.795,0,0.0220878121256459,0,14.5,0,0.160141052842717,0.15,0.0626890439295867,0,retract
0.796,0,0.0189324103934108,0,14.5,0,0.160202096494898,0.15,0.0610234494311102,0,retract
0.797,0,0.0162277803372093,0,14.5,0,0.160261493376591,0.15,0.0593771916413278,0,retract
0.798,0,0.0146076665746876,0.00488698399955795,14.5,0,0.160319262658393,0.15,0.057750099246143,0,retract
0.799,0,0.0236071555362676,0.0776040893057471,14.5,0,0.160375423340485,0.15,0.0561420017212912,0,retract
0.8,0,0.020963677448562,0.00510280892232829,14.5,0,0.160429994253427,0.15,0.0545527293482433,0,retract
0.801,0,0.0179688663844817,0,14.5,0,0.16048299405898,0.15,0.0529821132295936,0,retract
0.802,0,0.0154018854724129,0,14.5,0,0.160534441250929,0.15,0.051429985303943,0,retract
0.803,0,0.0155130636357263,0.016180132615607,14.5,0,0.160584354155937,0.15,0.049896178360279,0,retract
0.804,0,0.0227124247738822,0.0659085916028179,14.5,0,0.160632750934397,0.15,0.0483805260518619,0,retract
0.805,0,0.0194677926633276,0,14.5,0,0.160679649581305,0.15,0.0468828629096229,0,retract
0.806,0,0.0166866794257094,0,14.5,0,0.160725067927152,0.15,0.0454030243550793,0,retract
0.807,0,0.0191798179492321,0.0341386490903679,14.5,0,0.160769023638813,0.15,0.0439408467127741,0,retract
0.808,0,0.0164398439564846,0,14.5,0,0.160811534220465,0.15,0.042496167222247,0,retract
0.809,0,0.0227347134049996,0.0605039300960893,14.5,0,0.160852617014505,0.15,0.0410688240495405,0,retract
0.81,0,0.0194868972042853,0,14.5,0,0.160892289202483,0.15,0.0396586562982514,0,retract
0.811,0,0.0167030547465303,0,14.5,0,0.160930567806048,0.15,0.0382655040201293,0,retract
0.812,0,0.0246213778128363,0.0721313162106722,14.5,0,0.160967469687901,0.15,0.0368892082252337,0,retract
0.813,0,0.0211040381252882,0,14.5,0,0.161003011552757,0.15,0.0355296108916511,0,retract
0.814,0,0.0180891755359614,0,14.5,0,0.161037209948322,0.15,0.0341865549747819,0,retract
0.815,0,0.0155050076022526,0,14.5,0,0.161070081266271,0.15,0.0328598844162016,0,retract
0.816,0,0.0164616135225608,0.02220124904441,14.5,0,0.161101641743243,0.15,0.0315494441521034,0,retract
0.817,0,0.0141099544479092,0,14.5,0,0.161131907461837,0.15,0.0302550801213287,0,retract
0.818,0,0.0120942466696365,0,14.5,0,0.16116089435162,0.15,0.0289766392729901,0,retract
0.819,0,0.0103664971454027,0,14.5,0,0.161188618190141,0.15,0.0277139695736962,0,retract
0.82,0,0.0100398774502204,0.00808015927912652,14.5,0,0.161215094603949,0.15,0.0264669200143814,0,retract
0.821,0,0.00860560924304606,0,14.5,0,0.161240339069627,0.15,0.0252353406167492,0,retract
0.822,0,0.0171356311758088,0.0683157627723855,14.5,0,0.161264366914819,0.15,0.0240190824393337,0,retract
0.823,0,0.0234964785174362,0.0616615625672006,14.5,0,0.161287193319272,0.15,0.0228179975831866,0,retract
0.824,0,0.0201398387292311,0,14.5,0,0.161308833315882,0.15,0.0216319391971955,0,retract
0.825,0,0.0172627189107695,0,14.5,0,0.161329301791743,0.15,0.0204607614830391,0,retract
0.826,0,0.0156822870228714,0.00619969569548299,14.5,0,0.1613486134892,0.15,0.019304319699787,0,retract
0.827,0,0.0210681578996759,0.0533833831605032,14.5,0,0.161366783006909,0.15,0.0181624701681478,0,retract
0.828,0,0.0180584210568651,0,14.5,0,0.161383824800902,0.15,0.0170350702743751,0,retract
0.829,0,0.0182891311696532,0.0196733918463817,14.5,0,0.161399753185649,0.15,0.015921978473833,0,retract
0.83,0,0.0219362687172961,0.0438190940031536,14.5,0,0.161414582335132,0.15,0.0148230542942319,0,retract
0.831,0,0.0217304939496436,0.0204958453437289,14.5,0,0.161428326283916,0.15,0.0137381583385367,0,retract
0.832,0,0.0186261376711231,0,14.5,0,0.161440998928224,0.15,0.0126671522875554,0,retract
0.833,0,0.0229823040034948,0.0491193019977248,14.5,0,0.161452614027016,0.15,0.0116098989022148,0,retract
0.834,0,0.0207964103549169,0.00768104846344942,14.5,0,0.161463185203069,0.15,0.0105662620255257,0,retract
0.835,0,0.0178254945899288,0,14.5,0,0.161472725944058,0.15,0.00953610658424862,0,retract
0.836,0,0.0152789953627961,0,14.5,0,0.161481249603637,0.15,0.00851929859026116,0,retract
0.837,0,0.0154799768977216,0.016685866107275,14.5,0,0.161488769402528,0.15,0.00751570514163576,0,retract
0.838,0,0.0151378411029272,0.0130850263341607,14.5,0,0.161495298429602,0.15,0.00652519442343252,0,retract
0.839,0,0.0253086733087925,0.0863336665439844,14.5,0,0.161500849642968,0.15,0.00554763570821312,0,retract
0.84,0,0.0322821114782529,0.0741227404950148,14.5,0,0.161505435871055,0.15,0.00458289935628122,0,retract
0.841,0,0.0276703812670739,0,14.5,0,0.1615090698137,0.15,0.00363085681565567,0,retract
0.842,0,0.0237174696574919,0,14.5,0,0.161511764043236,0.15,0.00269138062178113,0,retract
0.843,0,0.0285663344263602,0.0576595230395703,14.5,0,0.161513531005573,0.15,0.00176434439698312,0,retract
0.844,0,0.0244854295083088,0,14.5,0,0.161514383021287,0.15,0.000849622849671477,0,retract
0.845,0,0.0209875110071218,0,14.5,0,0.161514332286699,0.15,-5.29082267010389e-05,5.29082267010389e-05,retract
0.846,0,0.0280902858529271,0.0707069349277588,14.5,0,0.161513390874962,0.15,-0.000943371954920353,0.000943371954920353,retract
0.847,0,0.0240773878739375,0,14.5,0,0.161511570737139,0.15,-0.00182189037552669,0.00182189037552669,retract
0.848,0,0.0206377610348036,0,14.5,0,0.161508883703282,0.15,-0.00268858444855973,0.00268858444855973,retract
0.849,0,0.0179386268308627,0.00174382160721778,14.5,0,0.161505341483511,0.15,-0.00354357405552731,0.00354357405552731,retract
0.85,0,0.0153759658550252,0,14.5,0,0.161500955669088,0.15,-0.00438697800159254,0.00438697800159254,retract
0.851,0,0.0131793993043073,0,14.5,0,0.161495737733491,0.15,-0.00521891401797438,0.00521891401797438,retract
0.852,0,0.0154310132966953,0.0289406972510228,14.5,0,0.161489699033484,0.15,-0.00603949876455622,0.00603949876455622,retract
0.853,0,0.0238974752908335,0.0746962472556631,14.5,0,0.161482850810182,0.15,-0.0068488478326972,0.0068488478326972,retract
0.854,0,0.0204835502492859,0,14.5,0,0.16147520419012,0.15,-0.00764707574824168,0.00764707574824168,retract
0.855,0,0.0175573287851022,0,14.5,0,0.161466770186311,0.15,-0.00843429597472134,0.00843429597472134,retract
0.856,0,0.015049138958659,0,14.5,0,0.161457559699304,0.15,-0.00921062091674519,0.00921062091674519,retract
0.857,0,0.0128992619645649,0,14.5,0,0.161447583518243,0.15,-0.00997616192357236,0.00997616192357236,retract
0.858,0,0.0110565102553413,0,14.5,0,0.161436852321911,0.15,-0.0107310292928631,0.0107310292928631,retract
0.859,0,0.00947700879029255,0,14.5,0,0.161425376679782,0.15,-0.0114753322746027,0.0114753322746027,retract
0.86,0,0.0131052585754575,0.0348747572864472,14.5,0,0.161413167053063,0.15,-0.0122091790751943,0.0122091790751943,retract
0.861,0,0.0112330787789636,0,14.5,0,0.161400233795731,0.15,-0.0129326768617147,0.0129326768617147,retract
0.862,0,0.00962835323911164,0,14.5,0,0.161386587155569,0.15,-0.0136459317663294,0.0136459317663294,retract
0.863,0,0.015846566067877,0.0531558430404694,14.5,0,0.161372237275196,0.15,-0.0143490488908625,0.0143490488908625,retract
0.864,0,0.0149975542484295,0.00990348333174414,14.5,0,0.161357194193089,0.15,-0.0150421323115157,0.0150421323115157,retract
0.865,0,0.0128550464986538,0,14.5,0,0.161341467844609,0.15,-0.0157252850837331,0.0157252850837331,retract
0.866,0,0.0110186112845604,0,14.5,0,0.16132506806301,0.15,-0.0163986092472062,0.0163986092472062,retract
0.867,0,0.0109249174067261,0.0103627541397201,14.5,0,0.161308004580455,0.15,-0.0170622058310161,0.0170622058310161,retract
0.868,0,0.0184465031909948,0.0635760178966067,14.5,0,0.161290287029015,0.15,-0.0177161748589072,0.0177161748589072,retract
0.869,0,0.0158112884494241,0,14.5,0,0.161271924941675,0.15,-0.0183606153546886,0.0183606153546886,retract
0.87,0,0.0142566014116596,0.00492847918507257,14.5,0,0.161252927753322,0.15,-0.0189956253477596,0.0189956253477596,retract
0.871,0,0.0122199440671368,0,14.5,0,0.16123330480174,0.15,-0.0196213018787534,0.0196213018787534,retract
0.872,0,0.0137068960084746,0.0226286076565013,14.5,0,0.161213065328586,0.15,-0.0202377410052975,0.0202377410052975,retract
0.873,0,0.0117487680072639,0,14.5,0,0.161192218480372,0.15,-0.0208450378078836,0.0208450378078836,retract
0.874,0,0.0100703725776548,0,14.5,0,0.161170773309434,0.15,-0.0214432863958455,0.0214432863958455,retract
0.875,0,0.0114259063306513,0.0195591088486305,14.5,0,0.161148738774896,0.15,-0.0220325799134399,0.0220325799134399,retract
0.876,0,0.0103833718779579,0.00412816516179735,14.5,0,0.161126123743633,0.15,-0.0226130105460262,0.0226130105460262,retract
0.877,0,0.00890003303824962,0,14.5,0,0.161102936991218,0.15,-0.0231846695263415,0.0231846695263415,retract
0.878,0,0.0076285997470711,0,14.5,0,0.161079187202871,0.15,-0.0237476471408677,0.0237476471408677,retract
0.879,0,0.0163310009109528,0.0685454078942432,14.5,0,0.1610548829744,0.15,-0.0243020327362852,0.0243020327362852,retract
0.88,0,0.0187453616879886,0.0332315263502033,14.5,0,0.161030032813132,0.15,-0.0248479147260116,0.0248479147260116,retract
0.881,0,0.0163005497603364,0.00163167819442281,14.5,0,0.161004645138841,0.15,-0.0253853805968203,0.0253853805968203,retract
0.882,0,0.0153120356144789,0.00938095073933417,14.5,0,0.160978728284666,0.15,-0.0259145169155363,0.0259145169155363,retract
0.883,0,0.0131246019552676,0,14.5,0,0.160952290498029,0.15,-0.0264354093358042,0.0264354093358042,retract
0.884,0,0.0112496588188008,0,14.5,0,0.160925339941536,0.15,-0.0269481426049275,0.0269481426049275,retract
0.885,0,0.0137342505906699,0.0286418012218841,14.5,0,0.16089788469388,0.15,-0.0274528005707726,0.0274528005707726,retract
0.886,0,0.0117722147920027,0,14.5,0,0.160869932750733,0.15,-0.0279494661887371,0.0279494661887371,retract
0.887,0,0.0218124960795622,0.0820541838049189,14.5,0,0.160841492025629,0.15,-0.0284382215287769,0.0284382215287769,retract
0.888,0,0.0310103572280603,0.0861975241190492,14.5,0,0.160812570350847,0.15,-0.0289191477824897,0.0289191477824897,retract
0.889,0,0.0305014497093984,0.0274480045974267,14.5,0,0.16078317547828,0.15,-0.029392325270252,0.029392325270252,retract
0.89,0,0.0261440997509129,0,14.5,0,0.1607533150803,0.15,-0.0298578334484061,0.0298578334484061,retract
0.891,0,0.0224092283579253,0,14.5,0,0.160722996750614,0.15,-0.0303157509164936,0.0303157509164936,retract
0.892,0,0.0192079100210789,0,14.5,0,0.160692228005113,0.15,-0.0307661554245327,0.0307661554245327,retract
0.893,0,0.0203392167037257,0.027127056799607,14.5,0,0.160661016282718,0.15,-0.0312091238803368,0.0312091238803368,retract
0.894,0,0.0174336143174792,0,14.5,0,0.160629368946214,0.15,-0.0316447323568707,0.0316447323568707,retract
0.895,0,0.0199077831104448,0.0347527958682384,14.5,0,0.160597293283074,0.15,-0.0320730560996414,0.0320730560996414,retract
0.896,0,0.017063814094667,0,14.5,0,0.160564796506284,0.15,-0.0324941695341219,0.0324941695341219,retract
0.897,0,0.016880527794058,0.0157808099904039,14.5,0,0.160531885755155,0.15,-0.0329081462732033,0.0329081462732033,retract
0.898,0,0.0227552511775476,0.0580035914784857,14.5,0,0.160498568096127,0.15,-0.0333150591246744,0.0333150591246744,retract
0.899,0,0.0242281285394353,0.0330653927107615,14.5,0,0.160464850523569,0.15,-0.0337149800987247,0.0337149800987247,retract
0.9,0,0.020766967319516,0,14.5,0,0.160430739960565,0.15,-0.0341079804154688,0.0341079804154688,retract
0.901,0,0.0178002577024423,0,14.5,0,0.160396243259704,0.15,-0.0344941305124894,0.0344941305124894,retract
0.902,0,0.0152573637449505,0,14.5,0,0.160361367203851,0.15,-0.0348735000523966,0.0348735000523966,retract
0.903,0,0.0130777403528147,0,14.5,0,0.160326118506914,0.15,-0.0352461579304009,0.0352461579304009,retract
0.904,0,0.0192908548576023,0.0565695418863275,14.5,0,0.160290503814607,0.15,-0.0356121722818972,0.0356121722818972,retract
0.905,0,0.0165350184493734,0,14.5,0,0.160254529705201,0.15,-0.0359716104900576,0.0359716104900576,retract
0.906,0,0.0205879706868482,0.0449056841116969,14.5,0,0.160218202690271,0.15,-0.0363245391934311,0.0363245391934311,retract
0.907,0,0.0176468320172984,0,14.5,0,0.160181529215431,0.15,-0.0366710242935471,0.0366710242935471,retract
0.908,0,0.0151258560148272,0,14.5,0,0.160144515661066,0.15,-0.0370111309625209,0.0370111309625209,retract
0.909,0,0.0278121693477973,0.103930049345618,14.5,0,0.160107168343052,0.15,-0.0373449236506592,0.0373449236506592,retract
0.91,0,0.0457489266770025,0.153369470652233,14.5,0,0.160069493513474,0.15,-0.0376724660940634,0.0376724660940634,retract
0.911,0,0.0441557204495476,0.0345964830848185,14.5,0,0.160031497361332,0.15,-0.0379938213222274,0.0379938213222274,retract
0.912,0,0.0391509052246773,0.00912201387545494,14.5,0,0.159993186013236,0.15,-0.0383090516656304,0.0383090516656304,retract
0.913,0,0.0335579187640091,0,14.5,0,0.159954565534106,0.15,-0.0386182187633195,0.0386182187633195,retract
0.914,0,0.0287639303691506,0,14.5,0,0.159915641927852,0.15,-0.0389213835704836,0.0389213835704836,retract
0.915,0,0.0287904651242764,0.0289496736550308,14.5,0,0.15987642113805,0.15,-0.0392186063660131,0.0392186063660131,retract
0.916,0,0.0279835164534298,0.0231418244283507,14.5,0,0.159836909048612,0.15,-0.0395099467600467,0.0395099467600467,retract
0.917,0,0.023985871245797,0,14.5,0,0.159797111484451,0.15,-0.0397954637015016,0.0397954637015016,retract
0.918,0,0.0236905970247343,0.0219189516983578,14.5,0,0.15975703421213,0.15,-0.0400752154855852,0.0400752154855852,retract
0.919,0,0.0203062260212008,0,14.5,0,0.159716682940513,0.15,-0.0403492597612884,0.0403492597612884,retract
0.92,0,0.0338384549701898,0.115031828664124,14.5,0,0.159676063321403,0.15,-0.0406176535388567,0.0406176535388567,retract
0.921,0,0.0316790860934556,0.0187228728330504,14.5,0,0.159635180950173,0.15,-0.0408804531972385,0.0408804531972385,retract
0.922,0,0.027971169945737,0.00572367305942523,14.5,0,0.159594041366392,0.15,-0.0411377144915089,0.0411377144915089,retract
0.923,0,0.0239752885249174,0,14.5,0,0.159552650054443,0.15,-0.0413894925602677,0.0413894925602677,retract
0.924,0,0.0205502473070721,0,14.5,0,0.159511012444127,0.15,-0.0416358419330087,0.0416358419330087,retract
0.925,0,0.0189797364979846,0.00955667164345936,14.5,0,0.159469133911273,0.15,-0.0418768165374614,0.0418768165374614,retract
0.926,0,0.016268345569701,0,14.5,0,0.159427019778329,0.15,-0.0421124697069006,0.0421124697069006,retract
0.927,0,0.0220220192618512,0.0565440614147524,14.5,0,0.15938467531495,0.15,-0.0423428541874251,0.0423428541874251,retract
0.928,0,0.0188760165101582,0,14.5,0,0.159342105738578,0.15,-0.0425680221452022,0.0425680221452022,retract
0.929,0,0.0161794427229927,0,14.5,0,0.15929931621502,0.15,-0.0427880251736782,0.0427880251736782,retract
0.93,0,0.0138680937625652,0,14.5,0,0.159256311859006,0.15,-0.0430029143007528,0.0430029143007528,retract
0.931,0,0.0119649787777295,0.000546288868715255,14.5,0,0.159213097734756,0.15,-0.0432127399959157,0.0432127399959157,retract
0.932,0,0.0209527951037624,0.0748796930599597,14.5,0,0.159169678856527,0.15,-0.0434175521773458,0.0434175521773458,retract
0.933,0,0.0179595386603678,0,14.5,0,0.159126060189159,0.15,-0.0436174002189697,0.0436174002189697,retract
0.934,0,0.0240913332326815,0.060882100666564,14.5,0,0.159082246648616,0.15,-0.0438123329574806,0.0438123329574806,retract
0.935,0,0.0206497141994413,0,14.5,0,0.159038243102512,0.15,-0.0440023986993144,0.0440023986993144,retract
0.936,0,0.0295845611254703,0.0831936426816443,14.5,0,0.158994054370639,0.15,-0.0441876452275835,0.0441876452275835,retract
0.937,0,0.0256110564856238,0.00177002864654481,14.5,0,0.158949685225479,0.15,-0.0443681198089665,0.0443681198089665,retract
0.938,0,0.0219523341305347,0,14.5,0,0.158905140392722,0.15,-0.0445438692005532,0.0445438692005532,retract
0.939,0,0.022964584767186,0.029038088587094,14.5,0,0.158860424551762,0.15,-0.0447149396566432,0.0447149396566432,retract
0.94,0,0.0318037814962465,0.0848389618706097,14.5,0,0.158815542336198,0.15,-0.0448813769354988,0.0448813769354988,retract
0.941,0,0.0272603841396399,0,14.5,0,0.158770498334322,0.15,-0.0450432263060487,0.0450432263060487,retract
0.942,0,0.0233660435482628,0,14.5,0,0.158725297089605,0.15,-0.0452005325545448,0.0452005325545448,retract
0.943,0,0.0200280373270824,0,14.5,0,0.15867994310117,0.15,-0.0453533399911686,0.0453533399911686,retract
0.944,0,0.0173407837343154,0.00121726217771321,14.5,0,0.158634440824263,0.15,-0.0455016924565877,0.0455016924565877,retract
0.945,0,0.0209953334072964,0.0429226314451828,14.5,0,0.15858879467072,0.15,-0.0456456333284617,0.0456456333284617,retract
0.946,0,0.026509613430804,0.0595952935718497,14.5,0,0.158543009009422,0.15,-0.0457852055278962,0.0457852055278962,retract
0.947,0,0.022722525797832,0,14.5,0,0.158497088166742,0.15,-0.0459204515258447,0.0459204515258447,retract
0.948,0,0.019476450683856,0,14.5,0,0.158451036426997,0.15,-0.0460514133494573,0.0460514133494573,retract
0.949,0,0.0197341148650411,0.0212800999521518,14.5,0,0.15840485803288,0.15,-0.0461781325883761,0.0461781325883761,retract
0.95,0,0.0189296244744309,0.0141026821307693,14.5,0,0.158358557185896,0.15,-0.0463006504009758,0.0463006504009758,retract
0.951,0,0.016225392406655,0,14.5,0,0.158312138046783,0.15,-0.0464190075205503,0.0464190075205503,retract
0.952,0,0.0163525081061141,0.0171152023028689,14.5,0,0.158265604735937,0.15,-0.0465332442614438,0.0465332442614438,retract
0.953,0,0.0219103751335806,0.0552575772983794,14.5,0,0.158218961333822,0.15,-0.0466434005251252,0.0466434005251252,retract
0.954,0,0.0187803215430691,0,14.5,0,0.158172211881377,0.15,-0.0467495158062071,0.0467495158062071,retract
0.955,0,0.0160974184654878,0,14.5,0,0.158125360380423,0.15,-0.046851629198408,0.046851629198408,retract
0.956,0,0.0232971912035047,0.0664958276316063,14.5,0,0.158078410794049,0.15,-0.0469497794004563,0.0469497794004563,retract
0.957,0,0.0199690210315755,0,14.5,0,0.158031367047012,0.15,-0.0470440047219377,0.0470440047219377,retract
0.958,0,0.0171163037413504,0,14.5,0,0.157984233026114,0.15,-0.047134343089084,0.047134343089084,retract
0.959,0,0.0146711174925861,0,14.5,0,0.157937012580582,0.15,-0.0472208320505036,0.0472208320505036,retract
0.96,0,0.0183086687195218,0.0401339760811366,14.5,0,0.157889709522444,0.15,-0.047303508782853,0.047303508782853,retract
0.961,0,0.015693144616733,0,14.5,0,0.157842327626888,0.15,-0.0473824100964498,0.0473824100964498,retract
0.962,0,0.0134512668143426,0,14.5,0,0.157794870632634,0.15,-0.0474575724408259,0.0474575724408259,retract
0.963,0,0.013504078962383,0.0138209518506258,14.5,0,0.157747342242281,0.15,-0.0475290319102214,0.0475290319102214,retract
0.964,0,0.0151112272702832,0.0247541171176843,14.5,0,0.15769974612266,0.15,-0.0475968242490181,0.0475968242490181,retract
0.965,0,0.0149635245629178,0.0140773083187256,14.5,0,0.157652085905183,0.15,-0.0476609848571135,0.0476609848571135,retract
0.966,0,0.0128258781967867,0,14.5,0,0.157604365186177,0.15,-0.0477215487952346,0.0477215487952346,retract
0.967,0,0.020703988223748,0.0679726483855158,14.5,0,0.157556587527221,0.15,-0.0477785507901903,0.0477785507901903,retract
0.968,0,0.0177462756203554,0,14.5,0,0.157508756455477,0.15,-0.0478320252400648,0.0478320252400648,retract
0.969,0,0.0152110933888761,0,14.5,0,0.157460875464011,0.15,-0.0478820062193485,0.0478820062193485,retract
0.97,0,0.0130380800476081,0,14.5,0,0.157412948012114,0.15,-0.0479285274840095,0.0479285274840095,retract
0.971,0,0.0120822897133032,0.00634754770747368,14.5,0,0.157364977525617,0.15,-0.0479716224765032,0.0479716224765032,retract
0.972,0,0.0103562483256884,0,14.5,0,0.157316967397196,0.15,-0.0480113243307217,0.0480113243307217,retract
0.973,0,0.00887678427916151,0,14.5,0,0.157268920986681,0.15,-0.0480476658768816,0.0480476658768816,retract
0.974,0,0.0185401782174691,0.0765205418473146,14.5,0,0.157220841621353,0.15,-0.0480806796463505,0.0480806796463505,retract
0.975,0,0.0158915813292592,0,14.5,0,0.15717273259624,0.15,-0.0481103978764133,0.0481103978764133,retract
0.976,0,0.0136213554250793,0,14.5,0,0.157124597174403,0.15,-0.0481368525149767,0.0481368525149767,retract
0.977,0,0.0201265537983828,0.0591577440382034,14.5,0,0.157076438587227,0.15,-0.0481600752252125,0.0481600752252125,retract
0.978,0,0.0172513318271852,0,14.5,0,0.157028260034698,0.15,-0.0481800973901406,0.0481800973901406,retract
0.979,0,0.014786855851873,0,14.5,0,0.156980064685679,0.15,-0.0481969501171502,0.0481969501171502,retract
0.98,0,0.0141339238943096,0.0102163321489288,14.5,0,0.156931855678185,0.15,-0.0482106642424609,0.0482106642424609,retract
0.981,0,0.0121147919094082,0,14.5,0,0.156883636119644,0.15,-0.0482212703355222,0.0482212703355222,retract
0.982,0,0.0103841073509213,0,14.5,0,0.156835409087168,0.15,-0.0482287987033526,0.0482287987033526,retract
0.983,0,0.0122555343358121,0.0234840962451564,14.5,0,0.156787177627806,0.15,-0.0482332793948185,0.0482332793948185,retract
0.984,0,0.0105047437164103,0,14.5,0,0.156738944758799,0.15,-0.0482347422048521,0.0482347422048521,retract
0.985,0,0.00900406604263743,0,14.5,0,0.156690713467832,0.15,-0.0482332166786094,0.0482332166786094,retract
0.986,0,0.00771777089368922,0,14.5,0,0.156642486713279,0.15,-0.0482287321155674,0.0482287321155674,retract
0.987,0,0.00858631078253558,0.0137975501156137,14.5,0,0.156594267424446,0.15,-0.0482213175735621,0.0482213175735621,retract
0.988,0,0.0147034434153412,0.051406239212175,14.5,0,0.156546058501809,0.15,-0.0482110018727665,0.0482110018727665,retract
0.989,0,0.0127691385945818,0.00116330967002538,14.5,0,0.156497862817246,0.15,-0.0481978135996089,0.0481978135996089,retract
0.99,0,0.010944975938213,0,14.5,0,0.15644968321427,0.15,-0.0481817811106317,0.0481817811106317,retract
0.991,0,0.0149111430013494,0.0387081453801683,14.5,0,0.156401522508256,0.15,-0.0481629325362916,0.0481629325362916,retract
0.992,0,0.0127809797154424,0,14.5,0,0.15635338348666,0.15,-0.0481412957847003,0.0481412957847003,retract
0.993,0,0.0159008815014985,0.0346202922178352,14.5,0,0.156305268909242,0.15,-0.0481168985453072,0.0481168985453072,retract
0.994,0,0.0136293270012844,0,14.5,0,0.15625718150828,0.15,-0.0480897682925232,0.0480897682925232,retract
0.995,0,0.0226712203269265,0.0769225802807792,14.5,0,0.156209123988782,0.15,-0.0480599322892871,0.0480599322892871,retract
0.996,0,0.023828356630436,0.0307711744514928,14.5,0,0.156161099028693,0.15,-0.0480274175905732,0.0480274175905732,retract
0.997,0,0.0204694545618095,0.000316042150050383,14.5,0,0.156113109279103,0.15,-0.0479922510468424,0.0479922510468424,retract
0.998,0,0.0175452467672653,0,14.5,0,0.156065157364445,0.15,-0.0479544593074358,0.0479544593074358,retract
0.999,0,0.0159088158616235,0.0060902304277727,14.5,0,0.156017245882696,0.15,-0.0479140688239112,0.0479140688239112,retract
1,0,0.019549105203699,0.0413908412561519,14.5,0,0.15596937740557,0.15,-0.0478711058533232,0.0478711058533232,retract
1.001,0,0.0179204610233254,0.0081485959410839,14.5,0,0.155921554478711,0.15,-0.0478255964614475,0.0478255964614475,retract
1.002,0,0.0194107045482094,0.0283521656975135,14.5,0,0.15587377962188,0.15,-0.0477775665259488,0.0477775665259488,retract
1.003,0,0.0166377467556081,0,14.5,0,0.155826055329144,0.15,-0.0477270417394938,0.0477270417394938,retract
1.004,0,0.0142609257905212,0,14.5,0,0.155778384069051,0.15,-0.0476740476128083,0.0476740476128083,retract
1.005,0,0.0173940652986252,0.0361929023472491,14.5,0,0.155730768284819,0.15,-0.0476186094776802,0.0476186094776802,retract
1.006,0,0.014909198827393,0,14.5,0,0.155683210394504,0.15,-0.0475607524899086,0.0475607524899086,retract
1.007,0,0.0184571715120427,0.0397450076199405,14.5,0,0.155635712791176,0.15,-0.0475005016321971,0.0475005016321971,retract
1.008,0,0.0166400702987241,0.00573746301881306,14.5,0,0.155588277843093,0.15,-0.047437881716996,0.047437881716996,retract
1.009,0,0.0142629173989064,0,14.5,0,0.155540907893865,0.15,-0.0473729173892894,0.0473729173892894,retract
1.01,0,0.0173223856998647,0.0356791955056141,14.5,0,0.155493605262618,0.15,-0.0473056331293301,0.0473056331293301,retract
1.011,0,0.0148477591713126,0,14.5,0,0.155446372244163,0.15,-0.0472360532553231,0.0472360532553231,retract
1.012,0,0.0137129358481057,0.00690399590886461,14.5,0,0.155399211109147,0.15,-0.0471642019260556,0.0471642019260556,retract
1.013,0,0.0153570347484247,0.0252216281503389,14.5,0,0.155352124104217,0.15,-0.0470901031434768,0.0470901031434768,retract
1.014,0,0.0245929419631141,0.0800083852512499,14.5,0,0.155305113452169,0.15,-0.047013780755226,0.047013780755226,retract
1.015,0,0.021079664539812,0,14.5,0,0.155258181352108,0.15,-0.0469352584571105,0.0469352584571105,retract
1.016,0,0.0226296607031645,0.0319296376832791,14.5,0,0.155211329979588,0.15,-0.0468545597955327,0.0468545597955327,retract
1.017,0,0.0212055543986102,0.0126609165712844,14.5,0,0.155164561486766,0.15,-0.0467717081698686,0.0467717081698686,retract
1.018,0,0.018176189484523,0,14.5,0,0.155117878002546,0.15,-0.0466867268347959,0.0466867268347959,retract
1.019,0,0.015579590986734,0,14.5,0,0.155071281632719,0.15,-0.0465996389025739,0.0465996389025739,retract
1.02,0,0.0370938785745436,0.166179604101401,14.5,0,0.155024774460108,0.15,-0.0465104673452751,0.0465104673452751,retract
1.021,0,0.0326595023958303,0.00605324532355032,14.5,0,0.1549783585447,0.15,-0.0464192349969692,0.0464192349969692,retract
1.022,0,0.027993859196426,0,14.5,0,0.154932035923789,0.15,-0.0463259645558587,0.0463259645558587,retract
1.023,0,0.0300323213605846,0.0422630943455361,14.5,0,0.154885808612104,0.15,-0.0462306785863688,0.0462306785863688,retract
1.024,0,0.0257419897376439,0,14.5,0,0.154839678601944,0.15,-0.0461333995211907,0.0461333995211907,retract
1.025,0,0.0220645626322662,0,14.5,0,0.15479364786331,0.15,-0.0460341496632777,0.0460341496632777,retract
1.026,0,0.0189124822562282,0,14.5,0,0.154747718344029,0.15,-0.045932951187798,0.045932951187798,retract
1.027,0,0.0167544164117992,0.00380602134522516,14.5,0,0.154701891969882,0.15,-0.0458298261440407,0.0458298261440407,retract
1.028,0,0.0143609283529707,0,14.5,0,0.154656170644726,0.15,-0.0457247964572785,0.0457247964572785,retract
1.029,0,0.0123093671596892,0,14.5,0,0.154610556250622,0.15,-0.0456178839305855,0.0456178839305855,retract
1.03,0,0.0105508861368765,0,14.5,0,0.15456505064795,0.15,-0.0455091102466126,0.0455091102466126,retract
1.031,0,0.00904361668875124,0,14.5,0,0.15451965567553,0.15,-0.045398496969319,0.045398496969319,retract
1.032,0,0.00775167144750107,0,14.5,0,0.154474373150739,0.15,-0.0452860655456622,0.0452860655456622,retract
1.033,0,0.00664428981214377,0,14.5,0,0.154429204869628,0.15,-0.045171837307245,0.045171837307245,retract
1.034,0,0.00569510555326609,0,14.5,0,0.154384152607034,0.15,-0.0450558334719218,0.0450558334719218,retract
1.035,0,0.0151665419998481,0.0719951606793401,14.5,0,0.154339218116692,0.15,-0.044938075145364,0.044938075145364,retract
1.036,0,0.0129998931427269,0,14.5,0,0.154294403131347,0.15,-0.0448185833225843,0.0448185833225843,retract
1.037,0,0.0111427655509088,0,14.5,0,0.154249709362866,0.15,-0.044697378889422,0.044697378889422,retract
1.038,0,0.0106966812240728,0.00802017526305657,14.5,0,0.154205138502339,0.15,-0.0445744826239879,0.0445744826239879,retract
1.039,0,0.0129516096220065,0.0264811800096089,14.5,0,0.154160692220193,0.15,-0.0444499151980714,0.0444499151980714,retract
1.04,0,0.0111013796760056,0,14.5,0,0.154116372166291,0.15,-0.0443236971785086,0.0443236971785086,retract
1.041,0,0.00951546829371907,0,14.5,0,0.15407217997004,0.15,-0.0441958490285122,0.0441958490285122,retract
1.042,0,0.0121163846478117,0.0277218827723677,14.5,0,0.154028117240492,0.15,-0.0440663911089648,0.0440663911089648,retract
1.043,0,0.0117972486183983,0.00988243244191783,14.5,0,0.153984185566446,0.15,-0.0439353436796751,0.0439353436796751,retract
1.044,0,0.0143009338775014,0.0293230454321196,14.5,0,0.153940386516544,0.15,-0.0438027269005977,0.0438027269005977,retract
1.045,0,0.0122579433235726,0,14.5,0,0.153896721639376,0.15,-0.0436685608330169,0.0436685608330169,retract
1.046,0,0.0105068085630622,0,14.5,0,0.153853192463574,0.15,-0.0435328654406956,0.0435328654406956,retract
1.047,0,0.00900583591119619,0,14.5,0,0.153809800497908,0.15,-0.0433956605909892,0.0433956605909892,retract
1.048,0,0.0162128447894012,0.0594548980586311,14.5,0,0.153766547231384,0.15,-0.0432569660559253,0.0432569660559253,retract
1.049,0,0.0161651116384423,0.0158787127326889,14.5,0,0.153723434133336,0.15,-0.0431168015132495,0.0431168015132495,retract
1.05,0,0.0138558099758077,0,14.5,0,0.153680462653521,0.15,-0.0429751865474382,0.0429751865474382,retract
1.051,0,0.0118764085506923,0,14.5,0,0.153637634222211,0.15,-0.0428321406506783,0.0428321406506783,retract
1.052,0,0.0101797787577362,0,14.5,0,0.153594950250284,0.15,-0.0426876832238153,0.0426876832238153,retract
1.053,0,0.0131857452453504,0.0312215441710355,14.5,0,0.153552412129314,0.15,-0.0425418335772688,0.0425418335772688,retract
1.054,0,0.0113020673531575,0,14.5,0,0.153510021231662,0.15,-0.0423946109319175,0.0423946109319175,retract
1.055,0,0.00968748630270643,0,14.5,0,0.153467778910564,0.15,-0.0422460344199533,0.0422460344199533,retract
1.056,0,0.00830355968803408,0,14.5,0,0.15342568650022,0.15,-0.0420961230857049,0.0420961230857049,retract
1.057,0,0.00711733687545779,0,14.5,0,0.15338374531588,0.15,-0.0419448958864321,0.0419448958864321,retract
1.058,0,0.0104605688430324,0.0305199606484801,14.5,0,0.153341956653929,0.15,-0.0417923716930907,0.0417923716930907,retract
1.059,0,0.00989561101304668,0.00650586403313231,14.5,0,0.153300321791976,0.15,-0.0416385692910687,0.0416385692910687,retract
1.06,0,0.00848195229689715,0,14.5,0,0.153258841988937,0.15,-0.041483507380894,0.041483507380894,retract
1.061,0,0.0209841388119252,0.0959972579020932,14.5,0,0.15321751848512,0.15,-0.0413272045789153,0.0413272045789153,retract
1.062,0,0.0303332208006156,0.0864277127327586,14.5,0,0.153176352502305,0.15,-0.0411696794179545,0.0411696794179545,retract
1.063,0,0.0259999035433848,0,14.5,0,0.153135345243834,0.15,-0.0410109503479331,0.0410109503479331,retract
1.064,0,0.0222856316086156,0,14.5,0,0.153094497894688,0.15,-0.0408510357364727,0.0408510357364727,retract
1.065,0,0.0191019699502419,0,14.5,0,0.153053811621569,0.15,-0.0406899538694689,0.0406899538694689,retract
1.066,0,0.0163731171002074,0,14.5,0,0.153013287572984,0.15,-0.0405277229516402,0.0405277229516402,retract
1.067,0,0.0219055390301244,0.0551000706096267,14.5,0,0.152972926879322,0.15,-0.0403643611070525,0.0403643611070525,retract
1.068,0,0.0266825826362055,0.0553448442726921,14.5,0,0.152932730652939,0.15,-0.0401998863796189,0.0401998863796189,retract
1.069,0,0.0228707851167476,0,14.5,0,0.152892699988233,0.15,-0.0400343167335754,0.0400343167335754,retract
1.07,0,0.0267377309703599,0.0499394060920339,14.5,0,0.152852835961725,0.15,-0.0398676700539339,0.0398676700539339,retract
1.071,0,0.0250345705935294,0.0148156083325465,14.5,0,0.152813139632141,0.15,-0.0396999641469116,0.0396999641469116,retract
1.072,0,0.0214582033658824,0,14.5,0,0.152773612040483,0.15,-0.0395312167403386,0.0395312167403386,retract
1.073,0,0.0215558851453322,0.0221419758220316,14.5,0,0.152734254210115,0.15,-0.039361445484043,0.039361445484043,retract
1.074,0,0.025520112131728,0.0493054740501027,14.5,0,0.152695067146836,0.15,-0.0391906679502145,0.0391906679502145,retract
1.075,0,0.0302049873581555,0.0583142387167203,14.5,0,0.152656051838958,0.15,-0.0390189016337474,0.0390189016337474,retract
1.076,0,0.032017375119437,0.0428917016871264,14.5,0,0.152617209257385,0.15,-0.0388461639525625,0.0388461639525625,retract
1.077,0,0.0352074653831259,0.0543480069652592,14.5,0,0.152578540355686,0.15,-0.0386724722479091,0.0386724722479091,retract
1.078,0,0.0301778274712508,0,14.5,0,0.152540046070174,0.15,-0.038497843784647,0.038497843784647,retract
1.079,0,0.0258667092610721,0,14.5,0,0.152501727319984,0.15,-0.0383222957515098,0.0383222957515098,retract
1.08,0,0.0221714650809189,0,14.5,0,0.152463585007145,0.15,-0.0381458452613485,0.0381458452613485,retract
1.081,0,0.019004112926502,0,14.5,0,0.152425620016655,0.15,-0.0379685093513576,0.0379685093513576,retract
1.082,0,0.0162892396512874,0,14.5,0,0.152387833216563,0.15,-0.0377903049832827,0.0377903049832827,retract
1.083,0,0.0139622054153892,0,14.5,0,0.152350225458036,0.15,-0.0376112490436107,0.0376112490436107,retract
1.084,0,0.0254073080095768,0.0940779235747023,14.5,0,0.152312797575441,0.15,-0.0374313583437429,0.0374313583437429,retract
1.085,0,0.0217776925796372,0,14.5,0,0.152275550386415,0.15,-0.0372506496201513,0.0372506496201513,retract
1.086,0,0.0186665936396891,0,14.5,0,0.152238484691942,0.15,-0.0370691395345189,0.0370691395345189,retract
1.087,0,0.0185561155465381,0.0178932469876321,14.5,0,0.152201601276427,0.15,-0.0368868446738639,0.0368868446738639,retract
1.088,0,0.0165653519543569,0.00462077040126973,14.5,0,0.152164900907773,0.15,-0.0367037815506488,0.0367037815506488,retract
1.089,0,0.0141988731037345,0,14.5,0,0.152128384337451,0.15,-0.0365199666028738,0.0365199666028738,retract
1.09,0,0.0174616068301486,0.0370380091886333,14.5,0,0.152092052300578,0.15,-0.0363354161941562,0.0363354161941562,retract
1.091,0,0.0149670915686988,0,14.5,0,0.152055905515989,0.15,-0.0361501466137955,0.0361501466137955,retract
1.092,0,0.0128289356303132,0,14.5,0,0.152019944686312,0.15,-0.0359641740768243,0.0359641740768243,retract
1.093,0,0.0111226394562617,0.000884862411952363,14.5,0,0.151984170498044,0.15,-0.0357775147240462,0.0357775147240462,retract
1.094,0,0.00953369096251002,0,14.5,0,0.151948583621622,0.15,-0.0355901846220604,0.0355901846220604,retract
1.095,0,0.0109248951730857,0.0192721204365394,14.5,0,0.1519131847115,0.15,-0.0354021997632734,0.0354021997632734,retract
1.096,0,0.0148492150989058,0.0383951346538269,14.5,0,0.151877974406221,0.15,-0.0352135760658991,0.0352135760658991,retract
1.097,0,0.0235239527626987,0.075572378745456,14.5,0,0.151842953328492,0.15,-0.0350243293739462,0.0350243293739462,retract
1.098,0,0.024970005165525,0.0336463195824828,14.5,0,0.151808122085259,0.15,-0.0348344754571947,0.0348344754571947,retract
1.099,0,0.02140286157045,0,14.5,0,0.15177348126778,0.15,-0.0346440300111611,0.0346440300111611,retract
1.1,0,0.0183453099175286,0,14.5,0,0.1517390314517,0.15,-0.0344530086570519,0.0344530086570519,retract
1.101,0,0.0348368346802872,0.133785983256839,14.5,0,0.151704773197124,0.15,-0.0342614269417081,0.0342614269417081,retract
1.102,0,0.039430486244958,0.0669923956329831,14.5,0,0.151670707048694,0.15,-0.034069300337539,0.034069300337539,retract
1.103,0,0.0361981540577236,0.0168041609343169,14.5,0,0.151636833535662,0.15,-0.0338766442424454,0.0338766442424454,retract
1.104,0,0.0366505081195269,0.0393646324903469,14.5,0,0.151603153171962,0.15,-0.033683473979735,0.033683473979735,retract
1.105,0,0.0314147212453088,0,14.5,0,0.151569666456289,0.15,-0.0334898047980273,0.0334898047980273,retract
1.106,0,0.0269269039245504,0,14.5,0,0.151536373872173,0.15,-0.0332956518711508,0.0332956518711508,retract
1.107,0,0.0230802033639003,0,14.5,0,0.15150327588805,0.15,-0.0331010302980312,0.0331010302980312,retract
1.108,0,0.0328291704907013,0.0913229732515072,14.5,0,0.151470372957341,0.15,-0.0329059551025718,0.0329059551025718,retract
1.109,0,0.0281392889920297,0,14.5,0,0.151437665518526,0.15,-0.0327104412335262,0.0327104412335262,retract
1.11,0,0.0334584065476363,0.0653731118812757,14.5,0,0.151405153995219,0.15,-0.0325145035643634,0.0325145035643634,retract
1.111,0,0.0286786341836882,0,14.5,0,0.151372838796242,0.15,-0.0323181568931265,0.0323181568931265,retract
1.112,0,0.0297571776891315,0.0362284387217912,14.5,0,0.151340720315703,0.15,-0.0321214159422833,0.0321214159422833,retract
1.113,0,0.0260398272828033,0.00373572484483392,14.5,0,0.15130879893307,0.15,-0.0319242953585717,0.0319242953585717,retract
1.114,0,0.0223198519566885,0,14.5,0,0.151277075013248,0.15,-0.0317268097128386,0.0317268097128386,retract
1.115,0,0.0218893726109056,0.0193064965362078,14.5,0,0.151245548906653,0.15,-0.0315289734998725,0.0315289734998725,retract
1.116,0,0.0193848536987985,0.004357740226156,14.5,0,0.151214220949293,0.15,-0.031330801138231,0.031330801138231,retract
1.117,0,0.020179249598946,0.0249456249998312,14.5,0,0.151183091462835,0.15,-0.0311323069700631,0.0311323069700631,retract
1.118,0,0.0213433563158063,0.0283279966169683,14.5,0,0.151152160754693,0.15,-0.0309335052609262,0.0309335052609262,retract
1.119,0,0.0228166628642598,0.0316565021549804,14.5,0,0.151121429118095,0.15,-0.0307344101995983,0.0307344101995983,retract
1.12,0,0.019557139597937,0,14.5,0,0.151090896832166,0.15,-0.0305350358978865,0.0305350358978865,retract
1.121,0,0.0241710623042198,0.051854598541917,14.5,0,0.151060564162003,0.15,-0.0303353963904307,0.0303353963904307,retract
1.122,0,0.020718053403617,0,14.5,0,0.151030431358752,0.15,-0.0301355056345036,0.0301355056345036,retract
1.123,0,0.0177583314888146,0,14.5,0,0.151000498659687,0.15,-0.0299353775098071,0.0299353775098071,retract
1.124,0,0.0248034481491055,0.0670741481108512,14.5,0,0.150970766288283,0.15,-0.0297350258182656,0.0297350258182656,retract
1.125,0,0.021260098413519,0,14.5,0,0.150941234454302,0.15,-0.0295344642838159,0.0295344642838159,retract
1.126,0,0.018222941497302,0,14.5,0,0.150911903353864,0.15,-0.0293337065521946,0.0293337065521946,retract
1.127,0,0.0195586345379161,0.027572792781601,14.5,0,0.150882773169528,0.15,-0.0291327661907224,0.0291327661907224,retract
1.128,0,0.0196373281940634,0.0201094901309471,14.5,0,0.150853844070371,0.15,-0.028931656688087,0.028931656688087,retract
1.129,0,0.0168319955949115,0,14.5,0,0.150825116212067,0.15,-0.0287303914541229,0.0287303914541229,retract
1.13,0,0.0144274247956384,0,14.5,0,0.150796589736964,0.15,-0.0285289838195898,0.0285289838195898,retract
1.131,0,0.0138539169632596,0.0104128699689864,14.5,0,0.150768264774165,0.15,-0.0283274470359501,0.0283274470359501,retract
1.132,0,0.0129032164074524,0.00719901307260932,14.5,0,0.150740141439608,0.15,-0.0281257942751433,0.0281257942751433,retract
1.133,0,0.0166674776393274,0.0392530450305775,14.5,0,0.150712219836142,0.15,-0.0279240386293614,0.0279240386293614,retract
1.134,0,0.0142864094051378,0,14.5,0,0.150684500053612,0.15,-0.0277221931108214,0.0277221931108214,retract
1.135,0,0.0168050764931896,0.0319170790215005,14.5,0,0.150656982168936,0.15,-0.0275202706515384,0.0275202706515384,retract
1.136,0,0.0215976555453505,0.0503531298583162,14.5,0,0.150629666246185,0.15,-0.0273182841030979,0.0273182841030979,retract
1.137,0,0.0262700273988443,0.0543042585198069,14.5,0,0.150602552336666,0.15,-0.0271162462364275,0.0271162462364275,retract
1.138,0,0.0319880152369509,0.0662959422655907,14.5,0,0.150575640479,0.15,-0.0269141697415686,0.0269141697415686,retract
1.139,0,0.0333062986619253,0.0412159992117713,14.5,0,0.150548930699205,0.15,-0.0267120672274486,0.0267120672274486,retract
1.14,0,0.0295378622795809,0.00692724398551444,14.5,0,0.150522423010778,0.15,-0.0265099512216535,0.0265099512216535,retract
1.141,0,0.0323361792961912,0.0491260813958531,14.5,0,0.150496117414772,0.15,-0.0263078341701997,0.0263078341701997,retract
1.142,0,0.027716725111021,0,14.5,0,0.150470013899884,0.15,-0.0261057284373089,0.0261057284373089,retract
1.143,0,0.0306743224742249,0.0484199066534479,14.5,0,0.150444112442531,0.15,-0.0259036463051811,0.0259036463051811,retract
1.144,0,0.0351994440695696,0.062350173641638,14.5,0,0.150418413006939,0.15,-0.0257015999737714,0.0257015999737714,retract
1.145,0,0.0328182089825441,0.0185307984603909,14.5,0,0.150392915545216,0.15,-0.025499601560566,0.025499601560566,retract
1.146,0,0.0281298934136092,0,14.5,0,0.150367619997445,0.15,-0.0252976631003606,0.0252976631003606,retract
1.147,0,0.024111337211665,0,14.5,0,0.150342526291758,0.15,-0.0250957965450402,0.0250957965450402,retract
1.148,0,0.0333066835881001,0.0884787618467107,14.5,0,0.150317634344426,0.15,-0.0248940137633609,0.0248940137633609,retract
1.149,0,0.0361445310328287,0.0531716157012003,14.5,0,0.150292944059936,0.15,-0.0246923265407333,0.0246923265407333,retract
1.15,0,0.0309810265995675,0,14.5,0,0.15026845533108,0.15,-0.0244907465790081,0.0244907465790081,retract
1.151,0,0.0265551656567721,0,14.5,0,0.150244168039036,0.15,-0.0242892854962643,0.0242892854962643,retract
1.152,0,0.0247042655764807,0.0135988650947321,14.5,0,0.15022008205345,0.15,-0.024087954826599,0.024087954826599,retract
1.153,0,0.0296271128219061,0.0591641962944586,14.5,0,0.150196197232524,0.15,-0.0238867660199209,0.0238867660199209,retract
1.154,0,0.0261016500027263,0.00494887308764739,14.5,0,0.1501725134231,0.15,-0.0236857304417458,0.0236857304417458,retract
1.155,0,0.0223728428594797,0,14.5,0,0.15014903046074,0.15,-0.0234848593729946,0.0234848593729946,retract
1.156,0,0.0191767224509826,0,14.5,0,0.150125748169816,0.15,-0.0232841640097954,0.0232841640097954,retract
1.157,0,0.0164371906722708,0,14.5,0,0.150102666363591,0.15,-0.0230836554632876,0.0230836554632876,retract
1.158,0,0.0140890205762321,0,14.5,0,0.150079784844309,0.15,-0.0228833447594303,0.0228833447594303,retract
1.159,0,0.0120763033510561,0,14.5,0,0.150057103403274,0.15,-0.0226832428388129,0.0226832428388129,retract
1.16,0,0.0152992363681186,0.0346368344704938,14.5,0,0.150034621820939,0.15,-0.0224833605564703,0.0224833605564703,retract
1.161,0,0.0163661506950997,0.0227676366569862,14.5,0,0.150012339866993,0.15,-0.0222837086817015,0.0222837086817015,retract
1.162,0,0.0140281291672283,0,14.5,0,0.149990257300444,0.15,-0.0220842978978912,0.0220842978978912,retract
1.163,0,0.0173508542295312,0.0372872046033485,14.5,0,0.149968373869705,0.15,-0.0218851388023364,0.0218851388023364,retract
1.164,0,0.0148721607681696,0,14.5,0,0.149946689312683,0.15,-0.021686241906076,0.021686241906076,retract
1.165,0,0.0127475663727168,0,14.5,0,0.149925203356862,0.15,-0.0214876176337255,0.0214876176337255,retract
1.166,0,0.0136248004631513,0.0188882050057584,14.5,0,0.149903915719394,0.15,-0.0212892763233146,0.0212892763233146,retract
1.167,0,0.012141467800258,0.00324147182289806,14.5,0,0.149882826107179,0.15,-0.0210912282261306,0.0210912282261306,retract
1.168,0,0.0104069724002211,0,14.5,0,0.149861934216959,0.15,-0.0208934835065648,0.0208934835065648,retract
1.169,0,0.0126789496783906,0.0263108133474073,14.5,0,0.149841239735399,0.15,-0.0206960522419646,0.0206960522419646,retract
1.17,0,0.0130120607001193,0.0150107268304916,14.5,0,0.149820742339178,0.15,-0.0204989444224893,0.0204989444224893,retract
1.171,0,0.0133860903789709,0.0156302684520804,14.5,0,0.149800441695075,0.15,-0.0203021699509711,0.0203021699509711,retract
1.172,0,0.0114737917534036,0,14.5,0,0.149780337460056,0.15,-0.0201057386427807,0.0201057386427807,retract
1.173,0,0.0111306924143453,0.00907209637999514,14.5,0,0.149760429281362,0.15,-0.0199096602256978,0.0199096602256978,retract
1.174,0,0.00954059349801023,0,14.5,0,0.149740716796597,0.15,-0.0197139443397862,0.0197139443397862,retract
1.175,0,0.00817765156972306,0,14.5,0,0.149721199633813,0.15,-0.0195186005372747,0.0195186005372747,retract
1.176,0,0.0108870524941159,0.0271434580404729,14.5,0,0.149701877411602,0.15,-0.0193236382824425,0.0193236382824425,retract
1.177,0,0.0110001064339343,0.0116784300728447,14.5,0,0.149682749739183,0.15,-0.0191290669515095,0.0191290669515095,retract
1.178,0,0.00988409865568189,0.00318805198616751,14.5,0,0.149663816216488,0.15,-0.0189348958325327,0.0189348958325327,retract
1.179,0,0.00847208456201305,0,14.5,0,0.149645076434251,0.15,-0.0187411341253074,0.0187411341253074,retract
1.18,0,0.00726178676743976,0,14.5,0,0.149626529974098,0.15,-0.0185477909412732,0.0185477909412732,retract
1.181,0,0.0183133978113896,0.0846230640750889,14.5,0,0.149608176408631,0.15,-0.0183548753034268,0.0183548753034268,retract
1.182,0,0.0254608691265889,0.0683456970177844,14.5,0,0.149590015301524,0.15,-0.018162396146239,0.018162396146239,retract
1.183,0,0.0306826840637752,0.0620135736868929,14.5,0,0.149572046207604,0.15,-0.017970362315578,0.017970362315578,retract
1.184,0,0.0262994434832359,0,14.5,0,0.149554268672943,0.15,-0.0177787825686378,0.0177787825686378,retract
1.185,0,0.0225423801284879,0,14.5,0,0.149536682234948,0.15,-0.0175876655738729,0.0175876655738729,retract
1.186,0,0.0193220401101325,0,14.5,0,0.149519286422445,0.15,-0.0173970199109378,0.0173970199109378,retract
1.187,0,0.0206943989328226,0.0289285518689633,14.5,0,0.149502080755774,0.15,-0.0172068540706332,0.0172068540706332,retract
1.188,0,0.0177380562281336,0,14.5,0,0.149485064746873,0.15,-0.0170171764548572,0.0170171764548572,retract
1.189,0,0.0152040481955431,0,14.5,0,0.149468237899369,0.15,-0.0168279953765627,0.0168279953765627,retract
1.19,0,0.0130320413104655,0,14.5,0,0.149451599708666,0.15,-0.0166393190597207,0.0166393190597207,retract
1.191,0,0.0154801053570272,0.0301684896363971,14.5,0,0.149435149662035,0.15,-0.0164511556392895,0.0164511556392895,retract
1.192,0,0.0142067123480839,0.0065663542944241,14.5,0,0.149418887238702,0.15,-0.0162635131611893,0.0162635131611893,retract
1.193,0,0.024516201492368,0.0863731363580729,14.5,0,0.149402811909938,0.15,-0.0160763995822838,0.0160763995822838,retract
1.194,0,0.0210138869934583,0,14.5,0,0.149386923139146,0.15,-0.0158898227703669,0.0158898227703669,retract
1.195,0,0.01801190313725,0,14.5,0,0.149371220381954,0.15,-0.0157037905041556,0.0157037905041556,retract
1.196,0,0.0272157793651083,0.0824390367322582,14.5,0,0.149355703086299,0.15,-0.0155183104732894,0.0155183104732894,retract
1.197,0,0.0233278108843785,0,14.5,0,0.149340370692519,0.15,-0.0153333902783352,0.0153333902783352,retract
1.198,0,0.0242152653593445,0.0295399922091403,14.5,0,0.149325222633441,0.15,-0.0151490374307986,0.0151490374307986,retract
1.199,0,0.0245640663778924,0.0266568724891798,14.5,0,0.149310258334474,0.15,-0.0149652593531411,0.0149652593531411,retract
1.2,0,0.0210549140381935,0,14.5,0,0.149295477213688,0.15,-0.0147820633788039,0.0147820633788039,retract
1.201,0,0.0180470691755944,0,14.5,0,0.149280878681916,0.15,-0.014599456752237,0.014599456752237,retract
1.202,0,0.0205656209802256,0.0356769318080127,14.5,0,0.149266462142831,0.15,-0.0144174466289356,0.0144174466289356,retract
1.203,0,0.0176276751259077,0,14.5,0,0.149252226993043,0.15,-0.014236040075481,0.014236040075481,retract
1.204,0,0.033948787263486,0.131875460088956,14.5,0,0.149238172622184,0.15,-0.0140552440695898,0.0140552440695898,retract
1.205,0,0.0290989605115594,0,14.5,0,0.149224298412999,0.15,-0.0138750655001672,0.0138750655001672,retract
1.206,0,0.0249419661527652,0,14.5,0,0.14921060374143,0.15,-0.0136955111673679,0.0136955111673679,retract
1.207,0,0.0251176808795732,0.0261719692404213,14.5,0,0.149197087976712,0.15,-0.0135165877826625,0.0135165877826625,retract
1.208,0,0.0215294407539199,0,14.5,0,0.149183750481454,0.15,-0.0133383019689102,0.0133383019689102,retract
1.209,0,0.0184538063605028,0,14.5,0,0.149170590611734,0.15,-0.0131606602604379,0.0131606602604379,retract
1.21,0,0.0158175483090024,0,14.5,0,0.149157607717183,0.15,-0.0129836691031251,0.0129836691031251,retract
1.211,0,0.0140617233957101,0.0035267739159562,14.5,0,0.149144801141075,0.15,-0.0128073348544951,0.0128073348544951,retract
1.212,0,0.0201389224621824,0.0566021168610162,14.5,0,0.149132170220414,0.15,-0.0126316637838128,0.0126316637838128,retract
1.213,0,0.0172619335390135,0,14.5,0,0.149119714286024,0.15,-0.0124566620721877,0.0124566620721877,retract
1.214,0,0.0147959430334401,0,14.5,0,0.149107432662637,0.15,-0.0122823358126841,0.0122823358126841,retract
1.215,0,0.0145167975834504,0.0128419248835119,14.5,0,0.149095324668978,0.15,-0.0121086910104365,0.0121086910104365,retract
1.216,0,0.0131657187968944,0.00505924607755868,14.5,0,0.149083389617856,0.15,-0.0119357335827717,0.0119357335827717,retract
1.217,0,0.0163125074957812,0.0351932396891017,14.5,0,0.149071626816249,0.15,-0.0117634693593369,0.0117634693593369,retract
1.218,0,0.0139821492820981,0,14.5,0,0.149060035565395,0.15,-0.0115919040822337,0.0115919040822337,retract
1.219,0,0.0119846993846556,0,14.5,0,0.149048615160875,0.15,-0.0114210434061585,0.0114210434061585,retract
1.22,0,0.0168848245284496,0.0462855753912135,14.5,0,0.149037364892703,0.15,-0.011250892898548,0.011250892898548,retract
1.221,0,0.021858709198138,0.0517020172162684,14.5,0,0.149026284045414,0.15,-0.0110814580397322,0.0110814580397322,retract
1.222,0,0.0187360364555468,0,14.5,0,0.149015371898148,0.15,-0.0109127442230923,0.0109127442230923,retract
1.223,0,0.0311263637705412,0.105468327660507,14.5,0,0.149004627724738,0.15,-0.0107447567552248,0.0107447567552248,retract
1.224,0,0.0266797403747496,0,14.5,0,0.148994050793796,0.15,-0.0105775008561119,0.0105775008561119,retract
1.225,0,0.0319320237413318,0.0634457239408254,14.5,0,0.148983640368802,0.15,-0.010410981659297,0.010410981659297,retract
1.226,0,0.0392587922601736,0.0832194033732239,14.5,0,0.148973395708188,0.15,-0.0102452042120673,0.0102452042120673,retract
1.227,0,0.0348075514905802,0.00810010687302034,14.5,0,0.148963316065424,0.15,-0.0100801734756413,0.0100801734756413,retract
1.228,0,0.0326513135159909,0.019713885668455,14.5,0,0.148953400689102,0.15,-0.00991589432536213,0.00991589432536213,retract
1.229,0,0.0279868401565636,0,14.5,0,0.148943648823028,0.15,-0.00975237155089757,0.00975237155089757,retract
1.23,0,0.0321823393800985,0.0573553347213077,14.5,0,0.1489340597063,0.15,-0.00958960985644476,0.00958960985644476,retract
1.231,0,0.0287296804502769,0.00801372687134742,14.5,0,0.148924632573398,0.15,-0.00942761386094131,0.00942761386094131,retract
1.232,0,0.0253810955967868,0.00528958647584581,14.5,0,0.148915366654267,0.15,-0.00926638809828183,0.00926638809828183,retract
1.233,0,0.0239253597191953,0.0151909444536465,14.5,0,0.148906261174402,0.15,-0.00910593701754033,0.00910593701754033,retract
1.234,0,0.0205074511878817,0,14.5,0,0.148897315354934,0.15,-0.00894626498319787,0.00894626498319787,retract
1.235,0,0.0311358819923475,0.0949064668191423,14.5,0,0.148888528412711,0.15,-0.00878737627537626,0.00878737627537626,retract
1.236,0,0.0271562339823522,0.00327834592238031,14.5,0,0.148879899560388,0.15,-0.00862927509007692,0.00862927509007692,retract
1.237,0,0.0268393749948578,0.0249382210698915,14.5,0,0.148871428006502,0.15,-0.00847196553942545,0.00847196553942545,retract
1.238,0,0.023005178567021,0,14.5,0,0.148863112955566,0.15,-0.00831545165192152,0.00831545165192152,retract
1.239,0,0.0230977532109912,0.0236532010748127,14.5,0,0.148854953608143,0.15,-0.00815973737269426,0.00815973737269426,retract
1.24,0,0.0197980741808496,0,14.5,0,0.148846949160935,0.15,-0.00800482656376301,0.00800482656376301,retract
1.241,0,0.0219954170101468,0.0351794739859301,14.5,0,0.148839098806864,0.15,-0.00785072300430344,0.00785072300430344,retract
1.242,0,0.0188532145801258,0,14.5,0,0.148831401735154,0.15,-0.00769743039091867,0.00769743039091867,retract
1.243,0,0.0161598982115364,0,14.5,0,0.148823857131413,0.15,-0.00754495233791613,0.00754495233791613,retract
1.244,0,0.0138513413241741,0,14.5,0,0.148816464177719,0.15,-0.00739329237758901,0.00739329237758901,retract
1.245,0,0.0118725782778635,0,14.5,0,0.148809222052694,0.15,-0.00724245396050344,0.00724245396050344,retract
1.246,0,0.0177375166329259,0.0529271467633001,14.5,0,0.148802129931592,0.15,-0.00709244045579023,0.00709244045579023,retract
1.247,0,0.015203585685365,0,14.5,0,0.148795186986379,0.15,-0.00694325515144202,0.00694325515144202,retract
1.248,0,0.0139369766761529,0.00633732262087993,14.5,0,0.148788392385811,0.15,-0.0067949012546152,0.0067949012546152,retract
1.249,0,0.011945980008131,0,14.5,0,0.148781745295518,0.15,-0.00664738189193685,0.00664738189193685,retract
1.25,0,0.0102394114355409,0,14.5,0,0.148775244878081,0.15,-0.00650070010981659,0.00650070010981659,retract
1.251,0,0.00877663837332077,0,14.5,0,0.148768890293114,0.15,-0.00635485887476318,0.00635485887476318,retract
1.252,0,0.0075228328914178,0,14.5,0,0.148762680697343,0.15,-0.00620986107370595,0.00620986107370595,retract
1.253,0,0.00644814247835811,0,14.5,0,0.148756615244685,0.15,-0.0060657095143209,0.0060657095143209,retract
1.254,0,0.0055269792671641,0,14.5,0,0.148750693086327,0.15,-0.00592240692536157,0.00592240692536157,retract
1.255,0,0.00473741080042637,0,14.5,0,0.148744913370805,0.15,-0.00577995595699431,0.00577995595699431,retract
1.256,0,0.00783598868083863,0.0264274559633122,14.5,0,0.148739275244082,0.15,-0.00563835918113846,0.00563835918113846,retract
1.257,0,0.00671656172643311,0,14.5,0,0.148733777849625,0.15,-0.00549761909181058,0.00549761909181058,retract
1.258,0,0.012356808321619,0.0461982878927346,14.5,0,0.148728420328484,0.15,-0.00535773810547359,0.00535773810547359,retract
1.259,0,0.0105915499899592,0,14.5,0,0.148723201819369,0.15,-0.00521871856138983,0.00521871856138983,retract
1.26,0,0.0205147825926082,0.0800541782085022,14.5,0,0.148718121458724,0.15,-0.00508056272197889,0.00508056272197889,retract
1.261,0,0.0175840993650927,0,14.5,0,0.148713178380808,0.15,-0.00494327277317932,0.00494327277317932,retract
1.262,0,0.0242919825676106,0.0645392817827179,14.5,0,0.148708371717769,0.15,-0.0048068508248148,0.0048068508248148,retract
1.263,0,0.0208216993436662,0,14.5,0,0.148703700599718,0.15,-0.00467129891096446,0.00467129891096446,retract
1.264,0,0.0178471708659996,0,14.5,0,0.148699164154807,0.15,-0.00453661899033708,0.00453661899033708,retract
1.265,0,0.0152975750279997,0,14.5,0,0.148694761509303,0.15,-0.00440281294664956,0.00440281294664956,retract
1.266,0,0.0178384145614524,0.0330834517621685,14.5,0,0.148690491787663,0.15,-0.00426988258900923,0.00426988258900923,retract
1.267,0,0.015290069624102,0,14.5,0,0.148686354112605,0.15,-0.0041378296523,0.0041378296523,retract
1.268,0,0.013105773963516,0,14.5,0,0.148682347605189,0.15,-0.00400665579757256,0.00400665579757256,retract
1.269,0,0.0166533201478394,0.0379385972537793,14.5,0,0.148678471384883,0.15,-0.00387636261243828,0.00387636261243828,retract
1.27,0,0.0142742744124337,0,14.5,0,0.148674724569639,0.15,-0.00374695161146669,0.00374695161146669,retract
1.271,0,0.0137013719828232,0.0102639574051603,14.5,0,0.148671106275968,0.15,-0.00361842423658682,0.00361842423658682,retract
1.272,0,0.0117440331281342,0,14.5,0,0.148667615619006,0.15,-0.00349078185749212,0.00349078185749212,retract
1.273,0,0.0100663141098293,0,14.5,0,0.148664251712594,0.15,-0.0033640257720487,0.0033640257720487,retract
1.274,0,0.0194866673185347,0.0760087865707668,14.5,0,0.148661013669343,0.15,-0.0032381572067074,0.0032381572067074,retract
1.275,0,0.0167028577016012,0,14.5,0,0.148657900600707,0.15,-0.00311317731691897,0.00311317731691897,retract
1.276,0,0.014316735172801,0,14.5,0,0.148654911617054,0.15,-0.00298908718755278,0.00298908718755278,retract
1.277,0,0.0122714872909723,0,14.5,0,0.148652045827735,0.15,-0.00286588783331865,0.00286588783331865,retract
1.278,0,0.0105184176779762,0,14.5,0,0.148649302341158,0.15,-0.00274358019919209,0.00274358019919209,retract
1.279,0,0.0186191260905451,0.067223376565958,14.5,0,0.148646680264848,0.15,-0.00262216516084264,0.00262216516084264,retract
1.28,0,0.0159592509347529,0,14.5,0,0.148644178705528,0.15,-0.00250164352506516,0.00250164352506516,retract
1.281,0,0.0149348079470055,0.00878815002052099,14.5,0,0.148641796769177,0.15,-0.00238201603021438,0.00238201603021438,retract
1.282,0,0.0128012639545761,0,14.5,0,0.148639533561104,0.15,-0.00226328334664226,0.00226328334664226,retract
1.283,0,0.0199263818606811,0.0626770892973108,14.5,0,0.148637388186013,0.15,-0.00214544607713834,0.00214544607713834,retract
1.284,0,0.0170797558805838,0,14.5,0,0.148635359748072,0.15,-0.00202850475737281,0.00202850475737281,retract
1.285,0,0.017212842275657,0.0180113606460966,14.5,0,0.148633447350976,0.15,-0.0019124598563426,0.0019124598563426,retract
1.286,0,0.0152310972273568,0.0033406269375556,14.5,0,0.148631650098018,0.15,-0.00179731177681995,0.00179731177681995,retract
1.287,0,0.0130552261948773,0,14.5,0,0.148629967092153,0.15,-0.00168306085580359,0.00168306085580359,retract
1.288,0,0.011471932802958,0.00197217245144204,14.5,0,0.148628397436061,0.15,-0.00156970736497288,0.00156970736497288,retract
1.289,0,0.0161965769396167,0.044544441759569,14.5,0,0.148626940232215,0.15,-0.00145725151114395,0.00145725151114395,retract
1.29,0,0.0149992320654551,0.00781516282048592,14.5,0,0.148625594582943,0.15,-0.00134569343672875,0.00134569343672875,retract
1.291,0,0.012856484627533,0,14.5,0,0.148624359590494,0.15,-0.00123503322019623,0.00123503322019623,retract
1.292,0,0.0110198439664568,0,14.5,0,0.148623234357101,0.15,-0.00112527087653596,0.00112527087653596,retract
1.293,0,0.0162089930252786,0.0473438873782094,14.5,0,0.148622217985042,0.15,-0.00101640635772397,0.00101640635772397,retract
1.294,0,0.013893422593096,0,14.5,0,0.148621309576705,0.15,-0.000908439553190741,0.000908439553190741,retract
1.295,0,0.0119086479369394,0,14.5,0,0.14862050823465,0.15,-0.000801370290291533,0.000801370290291533,retract
1.296,0,0.0102074125173766,0,14.5,0,0.148619813061668,0.15,-0.000695198334778589,0.000695198334778589,retract
1.297,0,0.00874921072917997,0,14.5,0,0.148619223160845,0.15,-0.000589923391275439,0.000589923391275439,retract
1.298,0,0.00749932348215426,0,14.5,0,0.148618737635621,0.15,-0.000485545103753104,0.000485545103753104,retract
1.299,0,0.00642799155613222,0,14.5,0,0.148618355589852,0.15,-0.00038206305600827,0.00038206305600827,retract
1.3,0,0.00550970704811333,0,14.5,0,0.148618076127868,0.15,-0.000279476772143195,0.000279476772143195,retract
1.301,0,0.00472260604124,0,14.5,0,0.14861789835453,0.15,-0.00017778571704751,0.00017778571704751,retract
1.302,0,0.00404794803534857,0,14.5,0,0.148617821375296,0.15,-7.69892968814792e-05,7.69892968814792e-05,retract
1.303,0,0.00346966974458449,0,14.5,0,0.148617844296272,0.15,2.29131404388824e-05,0,retract
1.304,0,0.0119041577260057,0.0625110856145333,14.5,0,0.148617966224272,0.15,0.00012192230475511,0,retract
1.305,0,0.0102035637651478,0,14.5,0,0.148618186266877,0.15,0.000220038963178212,0,retract
1.306,0,0.00942017468206978,0.00471984018360175,14.5,0,0.148618503532489,0.15,0.000317263939599145,0,retract
1.307,0,0.0156512976532762,0.0530380354805147,14.5,0,0.14861891713039,0.15,0.000413598114197723,0,retract
1.308,0,0.0196534543320746,0.043666394404865,14.5,0,0.148619426170797,0.15,0.000509042422950402,0,retract
1.309,0,0.0209529787724549,0.0287501254147367,14.5,0,0.148620029764915,0.15,0.000603597857136665,0,retract
1.31,0,0.019063301756346,0.00772523965969274,14.5,0,0.148620727024995,0.15,0.000697265462844292,0,retract
1.311,0,0.0190042822356592,0.0186501651115386,14.5,0,0.148621517064388,0.15,0.000790046340473245,0,retract
1.312,0,0.0162893847734222,0,14.5,0,0.148622398997595,0.15,0.000881941644238919,0,retract
1.313,0,0.0139623298057905,0,14.5,0,0.148623371940325,0.15,0.000972952581673884,0,retract
1.314,0,0.0119677112621061,0,14.5,0,0.148624435009546,0.15,0.00106308041312897,0,retract
1.315,0,0.0102580382246624,0,14.5,0,0.148625587323538,0.15,0.00115232645127335,0,retract
1.316,0,0.0106772975683417,0.0131928536304174,14.5,0,0.148626828001942,0.15,0.00124069206059365,0,retract
1.317,0,0.0102178116705091,0.00746089628351348,14.5,0,0.148628156165815,0.15,0.00132817865689256,0,retract
1.318,0,0.00875812428900778,0,14.5,0,0.148629570937679,0.15,0.00141478770678639,0,retract
1.319,0,0.0127686679622761,0.0368319300018862,14.5,0,0.148631071441572,0.15,0.00150052072720215,0,retract
1.32,0,0.0109445725390938,0,14.5,0,0.148632656803095,0.15,0.00158537928487399,0,retract
1.321,0,0.0104684276971993,0.00761155864583198,14.5,0,0.148634326149468,0.15,0.00166936499583899,0,retract
1.322,0,0.0089729380261708,0,14.5,0,0.148636078609571,0.15,0.00175247952493248,0,retract
1.323,0,0.0202851698004612,0.0881585604462037,14.5,0,0.148637913313996,0.15,0.00183472458528296,0,retract
1.324,0,0.0173872884003953,0,14.5,0,0.148639829395098,0.15,0.00191610193780668,0,retract
1.325,0,0.0149033900574817,0,14.5,0,0.148641825987035,0.15,0.0019966133907016,0,retract
1.326,0,0.0127743343349843,0,14.5,0,0.14864390222582,0.15,0.00207626079894145,0,retract
1.327,0,0.0109494294299866,0,14.5,0,0.148646057249367,0.15,0.00215504606376938,0,retract
1.328,0,0.00971777105234408,0.00232782078648916,14.5,0,0.148648290197535,0.15,0.0022329711321913,0,retract
1.329,0,0.0236483542838424,0.107231853672833,14.5,0,0.148650600212174,0.15,0.00231003799646937,0,retract
1.33,0,0.0202700179575792,0,14.5,0,0.148652986437169,0.15,0.00238624869361516,0,retract
1.331,0,0.0221025452319536,0.0330977088781999,14.5,0,0.148655448018487,0.15,0.00246160530488313,0,retract
1.332,0,0.018945038770246,0,14.5,0,0.148657984104216,0.15,0.00253610995526378,0,retract
1.333,0,0.0279837633889572,0.0822161111012244,14.5,0,0.148660593844615,0.15,0.00260976481297709,0,retract
1.334,0,0.027873842491514,0.0272143171068547,14.5,0,0.148663276392148,0.15,0.00268257208896622,0,retract
1.335,0,0.0348006372244326,0.0763614056219448,14.5,0,0.148666030901535,0.15,0.00275453403639102,0,retract
1.336,0,0.0380149338957645,0.0573007139237559,14.5,0,0.148668856529788,0.15,0.00282565295012224,0,retract
1.337,0,0.0409297858427277,0.0584188975245069,14.5,0,0.148671752436253,0.15,0.00289593116623581,0,retract
1.338,0,0.0350826735794809,0,14.5,0,0.148674717782653,0.15,0.00296537106150745,0,retract
1.339,0,0.0320139830039214,0.013601839550564,14.5,0,0.148677751733128,0.15,0.0030339750529077,0,retract
1.34,0,0.0312294070390801,0.0265219512500325,14.5,0,0.148680853454269,0.15,0.00310174559709736,0,retract
1.341,0,0.0311805572050747,0.0308874582010427,14.5,0,0.148684022115168,0.15,0.0031686851899237,0,retract
1.342,0,0.0356412694009495,0.0624055425761977,14.5,0,0.148687256887445,0.15,0.00323479636591667,0,retract
1.343,0,0.0305496594865281,0,14.5,0,0.148690556945295,0.15,0.00330008169778626,0,retract
1.344,0,0.0261854224170241,0,14.5,0,0.14869392146552,0.15,0.0033645437959202,0,retract
1.345,0,0.0224446477860206,0,14.5,0,0.148697349627571,0.15,0.0034281853078824,0,retract
1.346,0,0.0226512716301095,0.0238910146946425,14.5,0,0.14870084061358,0.15,0.00349100891791207,0,retract
1.347,0,0.019415375682951,0,14.5,0,0.148704393608399,0.15,0.00355301734642375,0,retract
1.348,0,0.0166417505853866,0,14.5,0,0.148708007799636,0.15,0.00361421334950811,0,retract
1.349,0,0.0195163699680841,0.0367640862642692,14.5,0,0.148711682377688,0.15,0.00367459971843345,0,retract
1.35,0,0.0167283171155006,0,14.5,0,0.148715416535778,0.15,0.00373417927914837,0,retract
1.351,0,0.014338557527572,0,14.5,0,0.148719209469988,0.15,0.0037929548917853,0,retract
1.352,0,0.0122901921664903,0,14.5,0,0.148723060379291,0.15,0.00385092945016484,0,retract
1.353,0,0.0255097619840499,0.104827180889408,14.5,0,0.148726968465588,0.15,0.00390810588130158,0,retract
1.354,0,0.0264460648831719,0.032063882277904,14.5,0,0.148730932933739,0.15,0.00396448714491047,0,retract
1.355,0,0.0270910037069256,0.0309606366494476,14.5,0,0.148734952991594,0.15,0.0040200762329147,0,retract
1.356,0,0.0236008215149559,0.00265972836313759,14.5,0,0.148739027850026,0.15,0.00407487616895459,0,retract
1.357,0,0.0326638876518839,0.0870422844734523,14.5,0,0.148743156722961,0.15,0.00412889000789772,0,retract
1.358,0,0.0279976179873291,0,14.5,0,0.148747338827412,0.15,0.00418212083535031,0,retract
1.359,0,0.0261628903882099,0.0151545247934946,14.5,0,0.148751573383505,0.15,0.00423457176716993,0,retract
1.36,0,0.0224253346184656,0,14.5,0,0.148755859614511,0.15,0.00428624594897941,0,retract
1.361,0,0.0224708601101535,0.0227440130602808,14.5,0,0.148760196746876,0.15,0.00433714655568225,0,retract
1.362,0,0.0192607372372744,0,14.5,0,0.148764584010248,0.15,0.00438727679097935,0,retract
1.363,0,0.0165092033462352,0,14.5,0,0.148769020637506,0.15,0.00443663988688719,0,retract
1.364,0,0.026567434969732,0.0869168247107129,14.5,0,0.148773505864789,0.15,0.00448523910325762,0,retract
1.365,0,0.0227720871169132,0,14.5,0,0.148778038931521,0.15,0.0045330777272989,0,retract
1.366,0,0.0298950175826574,0.0726326003771229,14.5,0,0.14878261908044,0.15,0.00458015907309853,0,retract
1.367,0,0.0319414761840755,0.044220227792584,14.5,0,0.148787245557626,0.15,0.00462648648114758,0,retract
1.368,0,0.0306020040807786,0.0225651714609971,14.5,0,0.14879191761252,0.15,0.00467206331786654,0,retract
1.369,0,0.0308235871543287,0.0321530855956292,14.5,0,0.148796634497957,0.15,0.00471689297513304,0,retract
1.37,0,0.0316889145367032,0.0368808788309506,14.5,0,0.148801395470189,0.15,0.00476097886981112,0,retract
1.371,0,0.0364087368521962,0.0647276707451537,14.5,0,0.148806199788905,0.15,0.00480432444328218,0,retract
1.372,0,0.0312074887304539,0,14.5,0,0.148811046717263,0.15,0.00484693316097792,0,retract
1.373,0,0.0267492760546747,0,14.5,0,0.148815935521906,0.15,0.00488880851191469,0,retract
1.374,0,0.0345069563993202,0.0810530384671933,14.5,0,0.148820865472991,0.15,0.00492995400823001,0,retract
1.375,0,0.0295773911994174,0,14.5,0,0.148825835844207,0.15,0.00497037318472076,0,retract
1.376,0,0.0253520495995006,0,14.5,0,0.148830845912799,0.15,0.00501006959838336,0,retract
1.377,0,0.0328876239467752,0.0781010700304232,14.5,0,0.148835894959594,0.15,0.0050490468279557,0,retract
1.378,0,0.0281893919543788,0,14.5,0,0.148840982269012,0.15,0.00508730847346122,0,retract
1.379,0,0.0284863329717121,0.0302679790757122,14.5,0,0.1488461071291,0.15,0.00512485815575478,0,retract
1.38,0,0.0262615829748309,0.0129130829935433,14.5,0,0.148851268831541,0.15,0.00516169951607067,0,retract
1.381,0,0.025985696241639,0.0243303758424876,14.5,0,0.148856466671679,0.15,0.00519783621557252,0,retract
1.382,0,0.0272196042725205,0.0346230524578098,14.5,0,0.14886169994854,0.15,0.00523327193490544,0,retract
1.383,0,0.0233310893764462,0,14.5,0,0.148866967964848,0.15,0.00526801037375005,0,retract
1.384,0,0.0388014467088273,0.131623590703114,14.5,0,0.148872270027045,0.15,0.00530205525037885,0,retract
1.385,0,0.0403327603453349,0.049520642164381,14.5,0,0.148877605445307,0.15,0.00533541030121428,0,retract
1.386,0,0.0345709374388585,0,14.5,0,0.148882973533567,0.15,0.00536807928038965,0,retract
1.387,0,0.0421740288273303,0.087792577158161,14.5,0,0.148888373609525,0.15,0.00540006595931162,0,retract
1.388,0,0.0495184949642978,0.0935852917861027,14.5,0,0.148893804994673,0.15,0.00543137412622526,0,retract
1.389,0,0.0424444242551124,0,14.5,0,0.148899267014303,0.15,0.00546200758578108,0,retract
1.39,0,0.0429857171028364,0.0462334741891805,14.5,0,0.148904758997529,0.15,0.00549197015860463,0,retract
1.391,0,0.0482858853502159,0.0800868948344931,14.5,0,0.148910280277301,0.15,0.00552126568086813,0,retract
1.392,0,0.0501846136897039,0.0615769837266321,14.5,0,0.148915830190419,0.15,0.00554989800386454,0,retract
1.393,0,0.0430153831626034,0,14.5,0,0.14892140807755,0.15,0.00557787099358383,0,retract
1.394,0,0.0368703284250886,0,14.5,0,0.148927013283238,0.15,0.00560518853029188,0,retract
1.395,0,0.0328659080837093,0.00883938603543323,14.5,0,0.148932645155923,0.15,0.00563185450811141,0,retract
1.396,0,0.0281707783574651,0,14.5,0,0.148938303047951,0.15,0.00565787283460552,0,retract
1.397,0,0.0241463814492558,0,14.5,0,0.148943986315589,0.15,0.00568324743036346,0,retract
1.398,0,0.0206968983850764,0,14.5,0,0.148949694319037,0.15,0.00570798222858916,0,retract
1.399,0,0.0177401986157798,0,14.5,0,0.148955426422438,0.15,0.00573208117469187,0,retract
1.4,0,0.0152058845278112,0,14.5,0,0.148961181993893,0.15,0.00575554822587951,0,retract
