t_s,force_normal_N,force_filtered_N,force_measured_N,force_desired_N,penetration_mm,ee_z_m,cmd_z_m,ee_z_velocity_mps,closing_velocity_mps,phase
0,0,0,0,29,0,0.149999994323105,0.15,0,0,approach
0.001,0,0,0,29,0,0.149999994324321,0.149996601239669,1.21532500625011e-09,0,approach
0.002,0,0.0035136302494089,0.0245954117458623,29,0,0.149999912457286,0.149986446280992,-8.18670277252592e-05,8.18670277252592e-05,approach
0.003,0,0.00337762504844086,0.00256159384263265,29,0,0.149999667735275,0.149969597107438,-0.000244721947339053,0.000244721947339053,approach
0.004,0,0.00289510718437788,0,29,0,0.14999918006911,0.149946115702479,-0.000487665913440574,0.000487665913440574,approach
0.005,0,0.00248152044375247,0,29,0,0.149998370281582,0.149916064049587,-0.000809786836157594,0.000809786836157594,approach
0.006,0,0.00844979225976309,0.0442594231558268,29,0,0.149997160121488,0.149879504132231,-0.00121015855251272,0.00121015855251272,approach
0.007,0,0.00789873782753365,0.00459241123415699,29,0,0.149995472277285,0.149836497933884,-0.00168784121142765,0.00168784121142765,approach
0.008,0,0.0123696979478234,0.0391954586695621,29,0,0.149993230390361,0.149787107438017,-0.00224188165712307,0.00224188165712307,approach
0.009,0,0.0205044992922732,0.0693133073589719,29,0,0.149990359067931,0.149731394628099,-0.0028713138109895,0.0028713138109895,approach
0.01,0,0.0250411458114546,0.052261024926543,29,0,0.149986783895548,0.149669421487603,-0.00357515905199724,0.00357515905199724,approach
0.011,0,0.0214638392669611,0,29,0,0.149982431449238,0.14960125,-0.00435242659570651,0.00435242659570651,approach
0.012,0,0.0183975765145381,0,29,0,0.14997722930727,0.14952694214876,-0.00520211387193141,0.00520211387193141,approach
0.013,0,0.0179368687804802,0.0151726223761331,29,0,0.14997110606153,0.149446559917355,-0.00612320690110461,0.00612320690110461,approach
0.014,0,0.0153744589546973,0,29,0,0.149963991328548,0.149360165289256,-0.00711468066938228,0.00711468066938228,approach
0.015,0,0.0189787609124695,0.0406045726591022,29,0,0.149955815760129,0.149267820247934,-0.00817549950252178,0.00817549950252178,approach
0.016,0,0.0254729480436015,0.0644380708303938,29,0,0.149946511053629,0.14916958677686,-0.00930461743855794,0.00930461743855794,approach
0.017,0,0.0309435929036311,0.0637674620638089,29,0,0.149936009961856,0.149065526859504,-0.0105009785992966,0.0105009785992966,approach
0.018,0,0.0265230796316838,0,29,0,0.1499242463026,0.148955702479339,-0.0117635175606382,0.0117635175606382,approach
0.019,0,0.0338179582918301,0.0775872302527077,29,0,0.149911154967802,0.148840175619835,-0.0130911597217368,0.0130911597217368,approach
0.02,0,0.0289868213929972,0,29,0,0.149896671932346,0.148719008264463,-0.0144828216729943,0.0144828216729943,approach
0.021,0,0.0248458469082833,0,29,0,0.149880734262503,0.148592262396694,-0.0159374115628832,0.0159374115628832,approach
0.022,0,0.0212964402071,0,29,0,0.14986328012399,0.14846,-0.0174538294635852,0.0174538294635852,approach
0.023,0,0.0257023558084468,0.0521378494165273,29,0,0.149844248789683,0.148322283057851,-0.0190309677354277,0.0190309677354277,approach
0.024,0,0.0220305906929544,0,29,0,0.149823580646962,0.148179173553719,-0.0206677113900946,0.0206677113900946,approach
0.025,0,0.0188833634511037,0,29,0,0.149801217204694,0.148030733471074,-0.0223629384525812,0.0223629384525812,approach
0.026,0,0.0161857401009461,0,29,0,0.149777101099858,0.147877024793388,-0.0241155203218601,0.0241155203218601,approach
0.027,0,0.0138734915150966,0,29,0,0.149751176103814,0.147718109504132,-0.0259243221302188,0.0259243221302188,approach
0.028,0,0.0118915641557971,0,29,0,0.149723387128216,0.147554049586777,-0.0277882031012243,0.0277882031012243,approach
0.029,0,0.0101927692763975,0,29,0,0.149693680230563,0.147384907024793,-0.0297060169062673,0.0297060169062673,approach
0.03,0,0.00873665937976931,0,29,0,0.149662002619405,0.147210743801653,-0.031676612019634,0.031676612019634,approach
0.031,0,0.00748856518265941,0,29,0,0.149628302659193,0.147031621900826,-0.0336988320720467,0.0336988320720467,approach
0.032,0,0.0157686141577703,0.065448908008436,29,0,0.149592529874775,0.146847603305785,-0.0357715162026166,0.0357715162026166,approach
0.033,0,0.019731600223219,0.0435095166159108,29,0,0.149554634955549,0.14665875,-0.0378934994091407,0.0378934994091407,approach
0.034,0,0.0171665664177021,0.00177636358460098,29,0,0.149514569759265,0.146465123966942,-0.0400636128966799,0.0400636128966799,approach
0.035,0,0.0147141997866018,0,29,0,0.149472287315482,0.146266787190083,-0.0422806844243438,0.0422806844243438,approach
0.036,0,0.0187143596831497,0.0427153190624372,29,0,0.149427741828679,0.146063801652893,-0.0445435386502133,0.0445435386502133,approach
0.037,0,0.0215467841940324,0.0385413312593285,29,0,0.14938088868103,0.145856229338843,-0.0468509974743212,0.0468509974743212,approach
0.038,0,0.0244934203029728,0.0421732369566152,29,0,0.149331684434832,0.145644132231405,-0.0492018803796151,0.0492018803796151,approach
0.039,0,0.0258574387275526,0.0340415492750315,29,0,0.149280086834598,0.14542757231405,-0.0515950047708215,0.0515950047708215,approach
0.04,0,0.0288979443743463,0.0471409782551085,29,0,0.149226054808817,0.145206611570248,-0.0540291863111268,0.0540291863111268,approach
0.041,0,0.0247696666065826,0,29,0,0.149169548471374,0.144981311983471,-0.0565032392565936,0.0565032392565936,approach
0.042,0,0.0284269757015479,0.0503708302713398,29,0,0.149110529122648,0.14475173553719,-0.0590159767882231,0.0590159767882231,approach
0.043,0,0.0243659791727553,0,29,0,0.14904895925027,0.144517944214876,-0.0615662113415785,0.0615662113415785,approach
0.044,0,0.0208851250052189,0,29,0,0.148984802529563,0.14428,-0.0641527549338788,0.0641527549338788,approach
0.045,0,0.0236996028751339,0.0405864700946241,29,0,0.148918023823653,0.144037964876033,-0.0667744194884741,0.0667744194884741,approach
0.046,0,0.0274047341581495,0.0496355218562432,29,0,0.148848589183267,0.143791900826446,-0.06943001715661,0.06943001715661,approach
0.047,0,0.0234897721355567,0,29,0,0.148776465846201,0.143541869834711,-0.0721183606363929,0.0721183606363929,approach
0.048,0,0.0242145728733791,0.0285633773003135,29,0,0.148701622236479,0.143287933884298,-0.0748382634888584,0.0748382634888584,approach
0.049,0,0.0207553481771821,0,29,0,0.148624027963202,0.143030154958678,-0.0775885404510571,0.0775885404510571,approach
0.05,0,0.0177902984375847,0,29,0,0.148543653819082,0.142768595041322,-0.0803680077460583,0.0803680077460583,approach
0.051,0,0.0219292285487099,0.0467628092154611,29,0,0.14846047177867,0.142503316115702,-0.0831754833897841,0.0831754833897841,approach
0.052,0,0.0187964816131799,0,29,0,0.148374454996286,0.142234380165289,-0.0860097874945781,0.0860097874945781,approach
0.053,0,0.0189615898122313,0.01995223900654,29,0,0.148285577803646,0.141961849173554,-0.0888697425694168,0.0888697425694168,approach
0.054,0,0.0180427221333599,0.0125295160601316,29,0,0.148193815707187,0.141685785123967,-0.0917541738166727,0.0917541738166727,approach
0.055,0,0.0248475511540944,0.0656765252785014,29,0,0.148099145385108,0.14140625,-0.0946619094253351,0.0946619094253351,approach
0.056,0,0.0271131771193322,0.0407069329107591,29,0,0.14800154468412,0.141123305785124,-0.0975917808606,0.0975917808606,approach
0.057,0,0.0232398661022848,0,29,0,0.147900992615902,0.14083701446281,-0.100542623149738,0.100542623149738,approach
0.058,0,0.0199198852305298,0,29,0,0.147797469353287,0.140547438016529,-0.103513275164148,0.103513275164148,approach
0.059,0,0.0170741873404541,0,29,0,0.14769095622616,0.140254638429752,-0.106502579897517,0.106502579897517,approach
0.06,0,0.0146350177203893,0,29,0,0.14758143571709,0.13995867768595,-0.109509384739986,0.109509384739986,approach
0.061,0,0.0138469131629882,0.00911828581858198,29,0,0.147468891456683,0.139659617768595,-0.112532541748247,0.112532541748247,approach
0.062,0,0.0139846977683344,0.0148114054004115,29,0,0.147353308218681,0.139357520661157,-0.115570907911479,0.115570907911479,approach
0.063,0,0.0199421687395916,0.055686994567135,29,0,0.147234671914783,0.139052448347107,-0.118623345413049,0.118623345413049,approach
0.064,0,0.0232183249154066,0.0428752619702963,29,0,0.147112969589227,0.138744462809917,-0.121688721887885,0.121688721887885,approach
0.065,0,0.0199014213560628,0,29,0,0.146988189413104,0.138433626033058,-0.124765910675444,0.124765910675444,approach
0.066,0,0.0170583611623395,0,29,0,0.146860320678432,0.13812,-0.127853791068211,0.127853791068211,approach
0.067,0,0.0179135066325863,0.0230443794540666,29,0,0.146729353791981,0.137803646694215,-0.130951248555626,0.130951248555626,approach
0.068,0,0.0153544342565025,0,29,0,0.146595280268861,0.137484628099174,-0.134057175063388,0.134057175063388,approach
0.069,0,0.0131609436484307,0,29,0,0.146458092725878,0.137163006198347,-0.137170469188051,0.137170469188051,approach
0.07,0,0.0127792314590438,0.0104889583227226,29,0,0.146317784874651,0.136838842975207,-0.140290036426847,0.140290036426847,approach
0.071,0,0.0109536269648947,0,29,0,0.146174351514514,0.136512200413223,-0.14341478940266,0.14341478940266,approach
0.072,0,0.0169942878810781,0.0532382533781782,29,0,0.146027788525191,0.136183140495868,-0.146543648084098,0.146543648084098,approach
0.073,0,0.0222927488901298,0.0540835149444404,29,0,0.145878092859259,0.135851725206612,-0.14967554000058,0.14967554000058,approach
0.074,0,0.0191080704772542,0,29,0,0.145725262534396,0.135518016528926,-0.152809400452393,0.152809400452393,approach
0.075,0,0.0171359949549556,0.00530354182116453,29,0,0.145569296625432,0.135182076446281,-0.155944172715652,0.155944172715652,approach
0.076,0,0.0213746559832626,0.0468066221531043,29,0,0.14541019525619,0.134843966942149,-0.159078808242109,0.159078808242109,approach
0.077,0,0.0286048386794926,0.0719859348568726,29,0,0.145247959591138,0.13450375,-0.162212266853743,0.162212266853743,approach
0.078,0,0.0245184331538508,0,29,0,0.145082591826852,0.134161487603306,-0.165343516932106,0.165343516932106,approach
0.079,0,0.0210157998461578,0,29,0,0.144914095183289,0.133817241735537,-0.168471535602342,0.168471535602342,approach
0.08,0,0.0358812465513809,0.125073926782719,29,0,0.144742473894888,0.133471074380165,-0.171595308911861,0.171595308911861,approach
0.081,0,0.0410517666917131,0.0720748875337063,29,0,0.144567733201488,0.133123047520661,-0.174713832003603,0.174713832003603,approach
0.082,0,0.0351872285928969,0,29,0,0.144389879339088,0.132773223140496,-0.177826109283861,0.177826109283861,approach
0.083,0,0.0301604816510545,0,29,0,0.144208919530439,0.132421663223141,-0.180931154584616,0.180931154584616,approach
0.084,0,0.035041948991997,0.0643307530376518,29,0,0.144024861975473,0.132068429752066,-0.184027991320356,0.184027991320356,approach
0.085,0,0.0383649079117961,0.0583026614305911,29,0,0.143837715841594,0.131713584710744,-0.187115652639338,0.187115652639338,approach
0.086,0,0.0328842067815395,0,29,0,0.143647491253809,0.131357190082645,-0.19019318156926,0.19019318156926,approach
0.087,0,0.031378012236556,0.022340844966655,29,0,0.143454199284726,0.13099930785124,-0.193259631157321,0.193259631157321,approach
0.088,0,0.0390371028613235,0.0849916466099281,29,0,0.143257851944415,0.13064,-0.196314064604638,0.196314064604638,approach
0.089,0,0.0343597438073677,0.00629558948363283,29,0,0.143058462170138,0.130279328512397,-0.199355555395004,0.199355555395004,approach
0.09,0,0.0294512089777437,0,29,0,0.142856043815959,0.129917355371901,-0.202383187417949,0.202383187417949,approach
0.091,0,0.0252438934094946,0,29,0,0.142650611642233,0.129554142561983,-0.205396055086106,0.205396055086106,approach
0.092,0,0.021637622922424,0,29,0,0.142442181304982,0.129189752066116,-0.208393263446863,0.208393263446863,approach
0.093,0,0.0255395117751795,0.048950844891713,29,0,0.142230769345169,0.128824245867769,-0.211373928288272,0.211373928288272,approach
0.094,0,0.021891010093011,0,29,0,0.142016393177864,0.128457685950413,-0.214337176239231,0.214337176239231,approach
0.095,0,0.0187637229368666,0,29,0,0.141799071081321,0.128090134297521,-0.21728214486391,0.21728214486391,approach
0.096,0,0.0160831910887428,0,29,0,0.141578822185965,0.127721652892562,-0.220207982750434,0.220207982750434,approach
0.097,0,0.0137855923617795,0,29,0,0.14135566646329,0.127352303719008,-0.22311384959381,0.22311384959381,approach
0.098,0,0.0118162220243825,0,29,0,0.141129624714685,0.126982148760331,-0.225998916273103,0.225998916273103,approach
0.099,0,0.0101281903066135,0,29,0,0.140900718560188,0.12661125,-0.228862364922871,0.228862364922871,approach
0.1,0,0.00911881104755457,0.00306253549320077,29,0,0.140668970427164,0.126239669421488,-0.23170338899886,0.23170338899886,approach
0.101,0,0.00995300956738534,0.0149582006863699,29,0,0.140434403538939,0.125867469008264,-0.234521193337963,0.234521193337963,approach
0.102,0,0.00853115105775886,0,29,0,0.140197041903363,0.125494710743802,-0.237314994212478,0.237314994212478,approach
0.103,0,0.00731241519236474,0,29,0,0.139956910301329,0.12512145661157,-0.240084019378649,0.240084019378649,approach
0.104,0,0.00626778445059835,0,29,0,0.139714034275257,0.124747768595041,-0.242827508119532,0.242827508119532,approach
0.105,0,0.0069084282050088,0.0107522907314715,29,0,0.139468440117526,0.124373708677686,-0.2455447112822,0.2455447112822,approach
0.106,0,0.00925737785686032,0.0233510757679694,29,0,0.139220154858881,0.123999338842975,-0.248234891309302,0.248234891309302,approach
0.107,0,0.0296322465506655,0.151881458713497,29,0,0.138969206256816,0.12362472107438,-0.250897322265017,0.250897322265017,approach
0.108,0,0.025399068471999,0,29,0,0.138715622783929,0.123249917355372,-0.253531289855411,0.253531289855411,approach
0.109,0,0.0277521889544126,0.0418709118488943,29,0,0.138459433616267,0.122874989669422,-0.256136091443254,0.256136091443254,approach
0.11,0,0.0304222224772718,0.0464424236144266,29,0,0.138200668621656,0.1225,-0.258711036057305,0.258711036057305,approach
0.111,0,0.0260761906948044,0,29,0,0.137939358348033,0.122125010330579,-0.261255444396117,0.261255444396117,approach
0.112,0,0.0304299191395561,0.0565522898080663,29,0,0.137675534011772,0.121750082644628,-0.263768648826395,0.263768648826395,approach
0.113,0,0.0327789905349134,0.0468734189070574,29,0,0.13740922748602,0.12137527892562,-0.266249993375953,0.266249993375953,approach
0.114,0,0.0296289355032683,0.0107286053133977,29,0,0.137140471289046,0.121000661157025,-0.268698833721299,0.268698833721299,approach
0.115,0,0.0390718367069449,0.0957292439290048,29,0,0.136869298572602,0.120626291322314,-0.271114537169915,0.271114537169915,approach
0.116,0,0.0334901457488099,0,29,0,0.136595743110311,0.120252231404959,-0.273496482637264,0.273496482637264,approach
0.117,0,0.0287058392132657,0,29,0,0.13631983928608,0.11987854338843,-0.275844060618579,0.275844060618579,approach
0.118,0,0.024605005039942,0,29,0,0.136041622082547,0.119505289256198,-0.278156673155491,0.278156673155491,approach
0.119,0,0.0210900043199503,0,29,0,0.135761127069564,0.119132530991736,-0.280433733797543,0.280433733797543,approach
0.12,0,0.0292417005808305,0.0781518781461117,29,0,0.135478390392725,0.118760330578512,-0.282674667558656,0.282674667558656,approach
0.121,0,0.025064314783569,0,29,0,0.135193448761939,0.11838875,-0.284878910868598,0.284878910868598,approach
0.122,0,0.0245207492575689,0.0212593561015687,29,0,0.134906339440061,0.118017851239669,-0.287045911519526,0.287045911519526,approach
0.123,0,0.0210177850779162,0,29,0,0.134617100231572,0.117647696280992,-0.289175128607655,0.289175128607655,approach
0.124,0,0.0180152443524996,0,29,0,0.134325769471329,0.117278347107438,-0.291266032470129,0.291266032470129,approach
0.125,0,0.0154416380164283,0,29,0,0.134032386013382,0.116909865702479,-0.293318104617155,0.293318104617155,approach
0.126,0,0.0132356897283671,0,29,0,0.133736989219855,0.116542314049587,-0.295330837659474,0.295330837659474,approach
0.127,0,0.0116436245895973,0.00209123375697888,29,0,0.133439618949915,0.116175754132231,-0.297303735231234,0.297303735231234,approach
0.128,0,0.010887387591478,0.00634996560276177,29,0,0.133140315548811,0.115810247933884,-0.29923631190835,0.29923631190835,approach
0.129,0,0.00933204650698112,0,29,0,0.132839119837007,0.115445857438017,-0.301128093122409,0.301128093122409,approach
0.13,0,0.0144157141956956,0.0449177203279823,29,0,0.132536073099397,0.115082644628099,-0.302978615070216,0.302978615070216,approach
0.131,0,0.0123563264534533,0,29,0,0.132231217074625,0.114720671487603,-0.304787424619044,0.304787424619044,approach
0.132,0,0.0105911369601029,0,29,0,0.131924593944488,0.11436,-0.306554079207676,0.306554079207676,approach
0.133,0,0.00907811739437389,0,29,0,0.131616246323459,0.11400069214876,-0.308278146743321,0.308278146743321,approach
0.134,0,0.0077812434808919,0,29,0,0.131306217248301,0.113642809917355,-0.309959205494478,0.309959205494478,approach
0.135,0,0.00666963726933592,0,29,0,0.1309945501678,0.113286415289256,-0.311596843979852,0.311596843979852,approach
0.136,0,0.0117659383224149,0.0423437446408887,29,0,0.130681288932615,0.112931570247934,-0.313190660853387,0.313190660853387,approach
0.137,0,0.0170914509835955,0.049044526950679,29,0,0.130366477785234,0.112578336776859,-0.314740264785515,0.314740264785515,approach
0.138,0,0.0146498151287961,0,29,0,0.130050161350067,0.112226776859504,-0.316245274340705,0.316245274340705,approach
0.139,0,0.012556984396111,0,29,0,0.129732384623654,0.111876952479339,-0.317705317851415,0.317705317851415,approach
0.14,0,0.0107631294823808,0,29,0,0.129413192965003,0.111528925619835,-0.319120033288515,0.319120033288515,approach
0.141,0,0.00922553955632642,0,29,0,0.129092632086071,0.111182758264463,-0.320489068128292,0.320489068128292,approach
0.142,0,0.00790760533399408,0,29,0,0.128770748042361,0.110838512396694,-0.321812079216132,0.321812079216132,approach
0.143,0,0.00683534050168109,0.000401751507803193,29,0,0.128447587223681,0.11049625,-0.323088732626951,0.323088732626951,approach
0.144,0,0.00948784486145441,0.0254028710200943,29,0,0.128123196345028,0.110156033057851,-0.324318703522498,0.324318703522498,approach
0.145,0,0.00813243845267521,0,29,0,0.127797622437624,0.109817923553719,-0.325501676005614,0.325501676005614,approach
0.146,0,0.00916145613244066,0.0153355622110334,29,0,0.127470912840103,0.109481983471074,-0.326637342971535,0.326637342971535,approach
0.147,0,0.0136252356159852,0.0404079125172525,29,0,0.127143115189841,0.109148274793388,-0.327725405956357,0.327725405956357,approach
0.148,0,0.0116787733851302,0,29,0,0.126814277414448,0.108816859504132,-0.328765574982742,0.328765574982742,approach
0.149,0,0.0137915543805369,0.0264682403529771,29,0,0.126484447723415,0.108487799586777,-0.329757568402979,0.329757568402979,approach
0.15,0,0.0118213323261745,0,29,0,0.126153674599914,0.108161157024793,-0.330701112739493,0.330701112739493,approach
0.151,0,0.0160318900238573,0.0412952362099544,29,0,0.125822006792769,0.107836993801653,-0.331595942522895,0.331595942522895,approach
0.152,0,0.0178236678836658,0.0285743350425167,29,0,0.12548949330858,0.107515371900826,-0.332441800127696,0.332441800127696,approach
0.153,0,0.0159170310218684,0.00447720985108404,29,0,0.125156183404029,0.107196353305785,-0.333238435605758,0.333238435605758,approach
0.154,0,0.0136431694473158,0,29,0,0.124822126578335,0.10688,-0.333985606517603,0.333985606517603,approach
0.155,0,0.0152784210597872,0.025089930734616,29,0,0.124487372565896,0.106566373966942,-0.334683077761676,0.334683077761676,approach
0.156,0,0.0205131066456687,0.0519212201609575,29,0,0.124151971329094,0.106255537190083,-0.335330621401662,0.335330621401662,approach
0.157,0,0.0175826628391446,0,29,0,0.123815973051278,0.105947551652893,-0.335928016491957,0.335928016491957,approach
0.158,0,0.0173874310887376,0.0162160405862956,29,0,0.123479428129923,0.105642479338843,-0.336475048901407,0.336475048901407,approach
0.159,0,0.0149035123617751,0,29,0,0.123142387169964,0.105340382231405,-0.336971511135393,0.336971511135393,approach
0.16,0,0.0198894207811694,0.0498048712975351,29,0,0.122804900977314,0.10504132231405,-0.337417202156393,0.337417202156393,approach
0.161,0,0.0259842868028083,0.0625534829326419,29,0,0.122467020552558,0.104745361570248,-0.3378119272031,0.3378119272031,approach
0.162,0,0.0244814568198853,0.0154644769223471,29,0,0.122128797084831,0.104452561983471,-0.338155497608203,0.338155497608203,approach
0.163,0,0.0246036628322314,0.025336898906308,29,0,0.121790281945884,0.10416298553719,-0.338447730614941,0.338447730614941,approach
0.164,0,0.0210888538561983,0,29,0,0.121451526684321,0.103876694214876,-0.33868844919252,0.33868844919252,approach
0.165,0,0.01807616044817,0,29,0,0.121112583020041,0.10359375,-0.338877481850498,0.338877481850498,approach
0.166,0,0.0154938518127171,0,29,0,0.120773502838848,0.103314214876033,-0.33901466245223,0.33901466245223,approach
0.167,0,0.0158464280190752,0.0179618852572234,29,0,0.120434338187263,0.103038150826446,-0.339099830027493,0.339099830027493,approach
0.168,0,0.0135826525877787,0,29,0,0.120095141267512,0.102765619834711,-0.339132828584361,0.339132828584361,approach
0.169,0,0.0192579685617258,0.053309864405408,29,0,0.11975596443271,0.102496683884298,-0.339113506920449,0.339113506920449,approach
0.17,0,0.0165068301957649,0,29,0,0.119416860182236,0.102231404958678,-0.339041718433617,0.339041718433617,approach
0.171,0,0.0141487115963699,0,29,0,0.119077881157289,0.101969845041322,-0.338917320932226,0.338917320932226,approach
0.172,0,0.0121274670826028,0,29,0,0.118739080136645,0.101712066115702,-0.338740176445048,0.338740176445048,approach
0.173,0,0.0157706190324795,0.0376295307317393,29,0,0.118400510032595,0.101458130165289,-0.338510151030915,0.338510151030915,approach
0.174,0,0.0257675895415484,0.0857494125959619,29,0,0.118062223887081,0.101208099173554,-0.338227114588219,0.338227114588219,approach
0.175,0,0.0255325724783359,0.0241224700990609,29,0,0.117724274868016,0.100962035123967,-0.337890940664332,0.337890940664332,approach
0.176,0,0.0218850621242879,0,29,0,0.1173867162658,0.10072,-0.337501506265052,0.337501506265052,approach
0.177,0,0.0272942521417405,0.0597493922464562,29,0,0.117049601490025,0.100482055785124,-0.337058691664164,0.337058691664164,approach
0.178,0,0.023395073264349,0,29,0,0.11671298406637,0.10024826446281,-0.3365623802132,0.3365623802132,approach
0.179,0,0.0256500827468869,0.0391801396421141,29,0,0.116376917633685,0.100018688016529,-0.336012458151494,0.336012458151494,approach
0.18,0,0.0237247572498246,0.0121728042674513,29,0,0.116041455941265,0.0997933884297521,-0.335408814416603,0.335408814416603,approach
0.181,0,0.0203355062141354,0,29,0,0.115706652846319,0.0995724276859504,-0.334751340455197,0.334751340455197,approach
0.182,0,0.017530688310115,0.000701780885992809,29,0,0.115372562311617,0.099355867768595,-0.334039930034493,0.334039930034493,approach
0.183,0,0.0180814461489178,0.0213859931817344,29,0,0.115039238403337,0.099143770661157,-0.33327447905431,0.33327447905431,approach
0.184,0,0.0154983824133581,0,29,0,0.114706735289088,0.0989361983471074,-0.33245488535984,0.33245488535984,approach
0.185,0,0.0198291213806627,0.0458135551844901,29,0,0.114375107236132,0.0987332128099174,-0.331581048555193,0.331581048555193,approach
0.186,0,0.0169963897548537,0,29,0,0.114044408609778,0.0985348760330579,-0.330652869817819,0.330652869817819,approach
0.187,0,0.0191895772846876,0.0323487024636906,29,0,0.113714693871974,0.09834125,-0.32967025171386,0.32967025171386,approach
0.188,0,0.0199820695501185,0.024737023142704,29,0,0.113386017580076,0.0981523966942149,-0.328633098014519,0.328633098014519,approach
0.189,0,0.0171274881858158,0,29,0,0.113058434385798,0.0979683780991736,-0.327541313513514,0.327541313513514,approach
0.19,0,0.0170930224641175,0.0168862281339276,29,0,0.11273199903435,0.0977892561983471,-0.326394803845687,0.326394803845687,approach
0.191,0,0.0146511621121007,0,29,0,0.112406766363754,0.0976150929752066,-0.325193475306842,0.325193475306842,approach
0.192,0,0.0214834210461053,0.0624769746501328,29,0,0.112082791304334,0.0974459504132232,-0.32393723467487,0.32393723467487,approach
0.193,0,0.0190302619048258,0.00431130705714876,29,0,0.111760128878393,0.0972818904958678,-0.322625989032231,0.322625989032231,approach
0.194,0,0.0163116530612793,0,29,0,0.11143883420006,0.0971229752066116,-0.321259645589863,0.321259645589863,approach
0.195,0,0.0231574314186785,0.0642321015630739,29,0,0.111118962475314,0.0969692665289256,-0.31983811151256,0.31983811151256,approach
0.196,0,0.0198492269302959,0,29,0,0.11080056900218,0.096820826446281,-0.318361293745901,0.318361293745901,approach
0.197,0,0.0182986761849976,0.00899537171320778,29,0,0.110483709171102,0.0966777169421488,-0.316829098844771,0.316829098844771,approach
0.198,0,0.0156845795871408,0,29,0,0.110168438465477,0.09654,-0.315241432803532,0.315241432803532,approach
0.199,0,0.0134439253604064,0,29,0,0.109854812462369,0.0964077376033058,-0.313598200887902,0.313598200887902,approach
0.2,0,0.0176636977841568,0.0429823323266592,29,0,0.109542886833379,0.0962809917355372,-0.311899307468597,0.311899307468597,approach
0.201,0,0.0166293587139502,0.0104233242927108,29,0,0.109232717345685,0.0961598243801653,-0.310144655856761,0.310144655856761,approach
0.202,0,0.0242139712821612,0.069721646691427,29,0,0.10892435986325,0.0960442975206612,-0.308334148141262,0.308334148141262,approach
0.203,0,0.0234974011964683,0.019197980682311,29,0,0.10861787034818,0.0959344731404959,-0.306467685027884,0.306467685027884,approach
0.204,0,0.0201406295969728,0,29,0,0.10831330486225,0.0958304132231405,-0.304545165680445,0.304545165680445,approach
0.205,0,0.0309277970660295,0.0956508018803695,29,0,0.108010719568588,0.0957321797520661,-0.302566487563908,0.302566487563908,approach
0.206,0,0.026509540342311,0,29,0,0.107710170733503,0.0956398347107438,-0.300531546289503,0.300531546289503,approach
0.207,0,0.0227224631505523,0,29,0,0.107411714728484,0.0955534400826446,-0.298440235461898,0.298440235461898,approach
0.208,0,0.0225883110721506,0.0217833986017408,29,0,0.107115408032333,0.0954730578512397,-0.296292446528464,0.296292446528464,approach
0.209,0,0.0193614094904148,0,29,0,0.106821307233462,0.09539875,-0.294088068630651,0.294088068630651,approach
0.21,0,0.016595493848927,0,29,0,0.106529469032321,0.0953305785123967,-0.291826988457518,0.291826988457518,approach
0.211,0,0.0231144941146956,0.0622284957093069,29,0,0.106239950243988,0.0952686053719008,-0.289509090101431,0.289509090101431,approach
0.212,0,0.0198124235268819,0,29,0,0.105952807800886,0.0952128925619835,-0.287134254915962,0.287134254915962,approach
0.213,0,0.0275560776645865,0.074018002490814,29,0,0.105668098755653,0.0951635020661157,-0.28470236137601,0.28470236137601,approach
0.214,0,0.0265427480983234,0.0204627707007445,29,0,0.105385880284142,0.0951204958677686,-0.282213284940167,0.282213284940167,approach
0.215,0,0.02275092694142,0,29,0,0.105106209688558,0.0950839359504132,-0.279666897915339,0.279666897915339,approach
0.216,0,0.0195007945212172,0,29,0,0.104829144400734,0.0950538842975207,-0.277063069323645,0.277063069323645,approach
0.217,0,0.0167149667324719,0,29,0,0.104554741985529,0.095030402892562,-0.274401664771611,0.274401664771611,approach
0.218,0,0.0262145346637501,0.0832119422514195,29,0,0.104283060144364,0.0950135537190083,-0.271682546321656,0.271682546321656,approach
0.219,0,0.0224696011403572,0,29,0,0.104014156718881,0.0950033987603306,-0.268905572365898,0.268905572365898,approach
0.22,0,0.0192596581203062,0,29,0,0.103748089694724,0.095,-0.266070597502276,0.266070597502276,approach
0.221,0,0.0165082783888339,0,29,0,0.103484917205446,0.09466,-0.263177472412995,0.263177472412995,approach
0.222,0,0.0198767681794125,0.0400877069228841,29,0,0.103221068901898,0.09432,-0.263853284207557,0.263853284207557,approach
0.223,0,0.0170372298680678,0,29,0,0.102956541144485,0.09398,-0.264532731619117,0.264532731619117,approach
0.224,0,0.0236223161985852,0.0631328341816891,29,0,0.102691330571595,0.09364,-0.265215536803609,0.265215536803609,approach
0.225,0,0.0202476995987873,0,29,0,0.102425434094416,0.0933,-0.265901427101415,0.265901427101415,approach
0.226,0,0.0350233510619996,0.123677259841273,29,0,0.102158848891759,0.09296,-0.266590135027324,0.266590135027324,approach
0.227,0,0.0305305160951869,0.00357350629431121,29,0,0.101891572404898,0.09262,-0.267281398256629,0.267281398256629,approach
0.228,0,0.0261690137958745,0,29,0,0.101623602332419,0.09228,-0.267974959607645,0.267974959607645,approach
0.229,0,0.0344589577169954,0.0841986212437208,29,0,0.101354936625102,0.09194,-0.26867056702093,0.26867056702093,approach
0.23,0,0.0295362494717104,0,29,0,0.10108557348082,0.0916,-0.269367973535441,0.269367973535441,approach
0.231,0,0.0290381070568223,0.0260492525674938,29,0,0.100815511339461,0.09126,-0.270066937261872,0.270066937261872,approach
0.232,0,0.0257116852424875,0.00575315435647903,29,0,0.100544748877888,0.09092,-0.270767221353392,0.270767221353392,approach
0.233,0,0.0220385873507036,0,29,0,0.100273285004927,0.09058,-0.271468593973966,0.271468593973966,approach
0.234,0,0.0188902177291745,0,29,0,0.100001118856383,0.09024,-0.272170828264463,0.272170828264463,approach
0.235,0,0.0161916151964353,0,29,0,0.0997282497901049,0.0899,-0.272873702306724,0.272873702306724,approach
0.236,0,0.0138785273112303,0,29,0,0.0994546773810745,0.08956,-0.273576999085735,0.273576999085735,approach
0.237,0,0.0118958805524831,0,29,0,0.0991804014165446,0.08922,-0.274280506450073,0.274280506450073,approach
0.238,0,0.0101964690449855,0,29,0,0.0989054218912133,0.08888,-0.274984017070756,0.274984017070756,approach
0.239,0,0.0129731383752389,0.0296331543567597,29,0,0.0986297390024435,0.08854,-0.275687328398632,0.275687328398632,approach
0.24,0,0.011119832893062,0,29,0,0.0983533531455249,0.0882,-0.276390242620419,0.276390242620419,approach
0.241,0,0.00988138360651894,0.00245068788726082,29,0,0.0980762649089817,0.08786,-0.277092566613525,0.277092566613525,approach
0.242,0,0.00846975737701623,0,29,0,0.0977984750699268,0.08752,-0.277794111899736,0.277794111899736,approach
0.243,0,0.00725979203744249,0,29,0,0.0975199845894632,0.08718,-0.278494694597886,0.278494694597886,approach
0.244,0,0.0158030930029785,0.0670628987961946,29,0,0.0972407946081332,0.08684,-0.279194135375589,0.279194135375589,approach
0.245,0,0.0202649571951192,0.0470361423479634,29,0,0.0969609064414172,0.0865,-0.279892259400129,0.279892259400129,approach
0.246,0,0.0173699633101022,0,29,0,0.0966803215752831,0.08616,-0.280588896288585,0.280588896288585,approach
0.247,0,0.0148885399800876,0,29,0,0.0963990416617838,0.08582,-0.281283880057258,0.281283880057258,approach
0.248,0,0.0127616056972179,0,29,0,0.0961170685147095,0.08548,-0.281977049070485,0.281977049070485,approach
0.249,0,0.0119255000070624,0.00690886586612936,29,0,0.095834404105288,0.08514,-0.282668245988902,0.282668245988902,approach
0.25,0,0.0271662185482221,0.11861052979518,29,0,0.0955510505579404,0.0848,-0.283357317717205,0.283357317717205,approach
0.251,0,0.0305294582864194,0.0507088967156033,29,0,0.095267010146087,0.08446,-0.284044115351488,0.284044115351488,approach
0.252,0,0.0283993261285972,0.0156185331816641,29,0,0.0949822852880085,0.08412,-0.284728494126197,0.284728494126197,approach
0.253,0,0.0243422795387976,0,29,0,0.0946968785427581,0.08378,-0.285410313360757,0.285410313360757,approach
0.254,0,0.0305889882949453,0.0680692408318316,29,0,0.0944107926061292,0.08344,-0.286089436405922,0.286089436405922,approach
0.255,0,0.0303452848428929,0.0288830641305785,29,0,0.0941240303066767,0.0831,-0.286765730589889,0.286765730589889,approach
0.256,0,0.0361641224063887,0.0710771477873636,29,0,0.0938365946017907,0.08276,-0.287439067164225,0.287439067164225,approach
0.257,0,0.0386963969839183,0.053890044449096,29,0,0.0935484885738274,0.08242,-0.288109321249634,0.288109321249634,approach
0.258,0,0.03316834027193,0,29,0,0.0932597154262913,0.08208,-0.288776371781628,0.288776371781628,approach
0.259,0,0.0284300059473686,0,29,0,0.0929702784800736,0.08174,-0.289440101456102,0.289440101456102,approach
0.26,0,0.0243685765263159,0,29,0,0.0926801811697451,0.0814,-0.290100396674878,0.290100396674878,approach
0.261,0,0.0209938100928958,0.00074521149237498,29,0,0.0923894270399021,0.08106,-0.290757147491239,0.290757147491239,approach
0.262,0,0.022447729124797,0.0311712433162041,29,0,0.0920980197415684,0.08072,-0.29141024755547,0.29141024755547,approach
0.263,0,0.0192409106783974,0,29,0,0.0918059630286513,0.08038,-0.292059594060462,0.292059594060462,approach
0.264,0,0.0191216573756475,0.0184061375591482,29,0,0.0915132607544508,0.08004,-0.292705087687378,0.292705087687378,approach
0.265,0,0.0163899920362693,0,29,0,0.0912199168682245,0.0797,-0.293346632551425,0.293346632551425,approach
0.266,0,0.0194045331431156,0.0374917797841932,29,0,0.0909259354118058,0.07936,-0.29398413614775,0.29398413614775,approach
0.267,0,0.0166324569798133,0,29,0,0.0906313205162766,0.07902,-0.294617509297479,0.294617509297479,approach
0.268,0,0.0142563916969829,0,29,0,0.0903360763986927,0.07868,-0.295246666093935,0.295246666093935,approach
0.269,0,0.0122197643116996,0,29,0,0.0900402073588642,0.07834,-0.295871523849026,0.295871523849026,approach
0.27,0,0.0104740836957425,0,29,0,0.0897437177761883,0.078,-0.296492003039866,0.296492003039866,approach
0.271,0,0.0207047604256417,0.0820888208050366,29,0,0.0894466121065363,0.07766,-0.297108027255601,0.297108027255601,approach
0.272,0,0.0177469375076929,0,29,0,0.0891488948791912,0.07732,-0.297719523144498,0.297719523144498,approach
0.273,0,0.0253559387689977,0.0710099463368264,29,0,0.0888505706938414,0.07698,-0.298326420361282,0.298326420361282,approach
0.274,0,0.0220705884783263,0.00235848673429807,29,0,0.0885516442176243,0.07664,-0.298928651514755,0.298928651514755,approach
0.275,0,0.0189176472671368,0,29,0,0.0882521201822217,0.0763,-0.299526152115711,0.299526152115711,approach
0.276,0,0.0246936559816716,0.0593497082688801,29,0,0.0879520033810096,0.07596,-0.300118860525155,0.300118860525155,approach
0.277,0,0.0211659908414328,0,29,0,0.087651298666257,0.07562,-0.300706717902834,0.300706717902834,approach
0.278,0,0.0258283909967221,0.0538027919284579,29,0,0.0873500109463762,0.07528,-0.301289668156117,0.301289668156117,approach
0.279,0,0.0221386208543332,0,29,0,0.087048145183225,0.07494,-0.301867657889206,0.301867657889206,approach
0.28,0,0.0241828335353681,0.0364481096215776,29,0,0.0867457063894589,0.0746,-0.302440636352708,0.302440636352708,approach
0.281,0,0.0207281430303155,0,29,0,0.0864426996259319,0.07426,-0.303008555393577,0.303008555393577,approach
0.282,0,0.0177669797402705,0,29,0,0.0861391299991501,0.07392,-0.303571369405431,0.303571369405431,approach
0.283,0,0.0258271432515545,0.0741881243192584,29,0,0.0858350026587708,0.07358,-0.304129035279259,0.304129035279259,approach
0.284,0,0.0221375513584752,0,29,0,0.0855303227951538,0.07324,-0.304681512354518,0.304681512354518,approach
0.285,0,0.0235098992761289,0.031743986782051,29,0,0.0852250956369591,0.0729,-0.305228762370648,0.305228762370648,approach
0.286,0,0.0265274280226792,0.0446326005019805,29,0,0.0849193264487942,0.07256,-0.305770749418989,0.305770749418989,approach
0.287,0,0.0227377954480107,0,29,0,0.0846130205289077,0.07222,-0.306307439895128,0.306307439895128,approach
0.288,0,0.0318276167966846,0.0863665448887279,29,0,0.0843061832069305,0.07188,-0.30683880245167,0.30683880245167,approach
0.289,0,0.0392591484671628,0.083848338490032,29,0,0.0839988198416646,0.07154,-0.307364807951448,0.307364807951448,approach
0.29,0,0.0336506986861395,0,29,0,0.0836909358189179,0.0712,-0.307885429421176,0.307885429421176,approach
0.291,0,0.0304259615658481,0.0110775388440994,29,0,0.0833825365493839,0.07086,-0.308400642005551,0.308400642005551,approach
0.292,0,0.0260793956278698,0,29,0,0.0830736274665683,0.07052,-0.308910422921808,0.308910422921808,approach
0.293,0,0.0274465195219177,0.0356492628862054,29,0,0.0827642140247597,0.07018,-0.309414751414735,0.309414751414735,approach
0.294,0,0.0235255881616438,0,29,0,0.0824543016970455,0.06984,-0.309913608712158,0.309913608712158,approach
0.295,0,0.020376846584437,0.00148439712119637,29,0,0.0821438959733707,0.0695,-0.310406977980888,0.310406977980888,approach
0.296,0,0.0247408713092154,0.0509250196578859,29,0,0.0818330023586419,0.06916,-0.310894844283151,0.310894844283151,approach
0.297,0,0.0260393594422733,0.0338302882406206,29,0,0.0815216263708729,0.06882,-0.311377194533488,0.311377194533488,approach
0.298,0,0.02231945095052,0,29,0,0.0812097735393743,0.06848,-0.311854017456146,0.311854017456146,approach
0.299,0,0.0327203303341577,0.0951256066359839,29,0,0.0808974494029836,0.06814,-0.312325303542945,0.312325303542945,approach
0.3,0,0.028045997429278,0,29,0,0.080584659508339,0.0678,-0.312791045011639,0.312791045011639,approach
0.301,0,0.0313372505674011,0.0510847693961398,29,0,0.0802714094081925,0.06746,-0.313251235764769,0.313251235764769,approach
0.302,0,0.0268605004863438,0,29,0,0.0799577046597645,0.06712,-0.313705871349008,0.313705871349008,approach
0.303,0,0.0230232861311518,0,29,0,0.0796435508231388,0.06678,-0.314154948915003,0.314154948915003,approach
0.304,0,0.0238483440784839,0.0287986917624765,29,0,0.079328953459697,0.06644,-0.314598467177712,0.314598467177712,approach
0.305,0,0.0305921394491304,0.0710549116730095,29,0,0.0790139181305919,0.0661,-0.315036426377249,0.315036426377249,approach
0.306,0,0.0262218338135404,0,29,0,0.0786984503952597,0.06576,-0.315468828240222,0.315468828240222,approach
0.307,0,0.0224758575544632,0,29,0,0.0783825558099704,0.06542,-0.315895675941578,0.315895675941578,approach
0.308,0,0.0192650207609684,0,29,0,0.0780662399264165,0.06508,-0.31631697406695,0.31631697406695,approach
0.309,0,0.0181896670828531,0.0117375450141608,29,0,0.0777495082903377,0.06474,-0.316732728575513,0.316732728575513,approach
0.31,0,0.0155911432138741,0,29,0,0.0774323664401824,0.0644,-0.317142946763337,0.317142946763337,approach
0.311,0,0.0133638370404635,0,29,0,0.0771148199058069,0.06406,-0.317547637227257,0.317547637227257,approach
0.312,0,0.0114547174632544,0,29,0,0.0767968742072085,0.06372,-0.317946809829234,0.317946809829234,approach
0.313,0,0.00981832925421806,0,29,0,0.076478534853294,0.06338,-0.318340475661236,0.318340475661236,approach
0.314,0,0.00841571078932977,0,29,0,0.0761598073406844,0.06304,-0.318728647010616,0.318728647010616,approach
0.315,0,0.00721346639085409,0,29,0,0.0758406971525514,0.0627,-0.319111337325998,0.319111337325998,approach
0.316,0,0.00618297119216065,0,29,0,0.0755212097574889,0.06236,-0.319488561183664,0.319488561183664,approach
0.317,0,0.00529968959328055,0,29,0,0.0752013506084182,0.06202,-0.319860334254449,0.319860334254449,approach
0.318,0,0.0128808383397205,0.0583677308183601,29,0,0.0748811251415241,0.06168,-0.320226673271137,0.320226673271137,approach
0.319,0,0.0110407185769033,0,29,0,0.0745605387752248,0.06134,-0.320587595996354,0.320587595996354,approach
0.32,0,0.01241262090701,0.0206440348876506,29,0,0.0742395969091719,0.061,-0.320943121190972,0.320943121190972,approach
0.321,0,0.0129766603706823,0.0163608971527158,29,0,0.0739183049232832,0.06066,-0.321293268582996,0.321293268582996,approach
0.322,0,0.0111228517462991,0,29,0,0.0735966681768049,0.06032,-0.321638058836961,0.321638058836961,approach
0.323,0,0.00953387292539923,0,29,0,0.0732746920074036,0.05998,-0.321977513523817,0.321977513523817,approach
0.324,0,0.0194978719494849,0.0792818660939986,29,0,0.0729523817302901,0.05964,-0.322311655091314,0.322311655091314,approach
0.325,0,0.016712461670987,0,29,0,0.0726297426373696,0.0593,-0.322640506834865,0.322640506834865,approach
0.326,0,0.0226145753058783,0.0580272571152256,29,0,0.0723067799964223,0.05896,-0.322964092868916,0.322964092868916,approach
0.327,0,0.0230245421212328,0.0254843430133601,29,0,0.0719834990503118,0.05862,-0.323282438098781,0.323282438098781,approach
0.328,0,0.0197353218181995,0,29,0,0.071659905016221,0.05828,-0.323595568192986,0.323595568192986,approach
0.329,0,0.0401536303704886,0.162663481684223,29,0,0.0713360030849151,0.05794,-0.323903509556068,0.323903509556068,approach
0.33,0,0.034447004460167,0.000207248998236965,29,0,0.0710117984200321,0.0576,-0.324206289301874,0.324206289301874,approach
0.331,0,0.0356053042869416,0.0425551032475892,29,0,0.0706872961573984,0.05726,-0.324503935227324,0.324503935227324,approach
0.332,0,0.0305188322459499,0,29,0,0.0703625014043714,0.05692,-0.324796475786646,0.324796475786646,approach
0.333,0,0.0299586167822156,0.0265973239998096,29,0,0.0700374192392061,0.05658,-0.325083940066093,0.325083940066093,approach
0.334,0,0.0256788143847562,0,29,0,0.0697120547104477,0.05624,-0.32536635775911,0.32536635775911,approach
0.335,0,0.02965536757283,0.0535146867012729,29,0,0.0693864128363484,0.0559,-0.325643759141976,0.325643759141976,approach
0.336,0,0.0266619038677542,0.00870112163729914,29,0,0.0690604986043069,0.05556,-0.3259161750499,0.3259161750499,approach
0.337,0,0.022853060458075,0,29,0,0.0687343169703333,0.05522,-0.326183636853576,0.326183636853576,approach
0.338,0,0.0220577947894524,0.0172862007777165,29,0,0.0684078728585355,0.05488,-0.326446176436191,0.326446176436191,approach
0.339,0,0.024096219455131,0.0363267674492026,29,0,0.068081171160629,0.05454,-0.326703826170877,0.326703826170877,approach
0.34,0,0.0206539023901123,0,29,0,0.0677542167354682,0.0542,-0.326956618898619,0.326956618898619,approach
0.341,0,0.0177033449058105,0,29,0,0.0674270144086,0.05386,-0.327204587906591,0.327204587906591,approach
0.342,0,0.0151742956335519,0,29,0,0.0670995689718379,0.05352,-0.327447766906941,0.327447766906941,approach
0.343,0,0.0250637502038734,0.0844004776258026,29,0,0.0667718851828582,0.05318,-0.327686190016004,0.327686190016004,approach
0.344,0,0.0214832144604629,0,29,0,0.0664439677648147,0.05284,-0.327919891733945,0.327919891733945,approach
0.345,0,0.0260148692139868,0.0532047977351301,29,0,0.0661158214059746,0.0525,-0.328148906924833,0.328148906924833,approach
0.346,0,0.0302114500684999,0.0553909351955783,29,0,0.0657874507593741,0.05216,-0.328373270797127,0.328373270797127,approach
0.347,0,0.0258955286301427,0,29,0,0.0654588604424931,0.05182,-0.328593018884586,0.328593018884586,approach
0.348,0,0.0221961673972652,0,29,0,0.0651300550369466,0.05148,-0.328808187027593,0.328808187027593,approach
0.349,0,0.0218644612117986,0.0198742240989992,29,0,0.0648010390881976,0.05114,-0.329018811354882,0.329018811354882,approach
0.35,0,0.0266476283463439,0.0553466311536157,29,0,0.0644718171052858,0.0508,-0.329224928265676,0.329224928265676,approach
0.351,0,0.0387746866235145,0.111537036286538,29,0,0.0641423935605735,0.05046,-0.329426574412216,0.329426574412216,approach
0.352,0,0.0485357652745558,0.107102237180803,29,0,0.0638127728895107,0.05012,-0.329623786682699,0.329623786682699,approach
0.353,0,0.0416020845210478,0,29,0,0.0634829594904139,0.04978,-0.32981660218459,0.32981660218459,approach
0.354,0,0.0356589295894696,0,29,0,0.0631529577242649,0.04944,-0.33000505822834,0.33000505822834,approach
0.355,0,0.0305647967909739,0,29,0,0.0628227719145214,0.0491,-0.330189192311466,0.330189192311466,approach
0.356,0,0.0294143754372368,0.0225118473148145,29,0,0.0624924063469466,0.04876,-0.330369042103023,0.330369042103023,approach
0.357,0,0.0273086484483327,0.014674286514908,29,0,0.0621618652694521,0.04842,-0.330544645428443,0.330544645428443,approach
0.358,0,0.0234074129557138,0,29,0,0.0618311528919563,0.04808,-0.330716040254744,0.330716040254744,approach
0.359,0,0.0229089701194608,0.0199183131019434,29,0,0.0615002733862567,0.048,-0.330883264676098,0.330883264676098,approach
0.36,0,0.033238600099364,0.0952163799787831,29,0,0.0611692770442406,0.048,-0.331000222311832,0.331000222311832,approach
0.361,0,0.0481840736773361,0.137856915145169,29,0,0.0608382272696144,0.048,-0.331053807785897,0.331053807785897,approach
0.362,0,0.0582941015403458,0.118954268718404,29,0,0.0605071860870094,0.048,-0.331045399052221,0.331045399052221,approach
0.363,0,0.056305060656862,0.0443708153559592,29,0,0.0601762141611249,0.048,-0.330976354905127,0.330976354905127,approach
0.364,0.236463069764265,0.0536216871243575,0.0375214459293307,29,0.154629184122811,0.0598453708158772,0.0598048458862392,-0.330848014976025,0.330848014976025,force
0.365,1.29009780108593,0.0459614461065922,0,29,0.479358587637223,0.0595206414123628,0.0597643102322637,-0.324737395949077,0.324737395949077,force
0.366,2.76943656040473,0.0471237361163298,0.0540974761747552,29,0.797939568982116,0.0592020604310179,0.0597237762054943,-0.318592148274243,0.318592148274243,force
0.367,4.54341746679265,0.0403917738139969,0,29,1.11027340734354,0.0588897265926565,0.0596832327539776,-0.312348060287091,0.312348060287091,force
0.368,6.54229636568518,0.0646239404831827,0.210016940498297,29,1.41621924763925,0.0585837807523608,0.0596427232274943,-0.305963011486564,0.305963011486564,force
0.369,8.71869878943659,0.238835606121171,1.2841055999491,29,1.71560520928842,0.0582843947907116,0.0596024575973429,-0.299405981970331,0.299405981970331,force
0.37,11.0365161769768,0.607132693505127,2.81691521780886,29,2.00823433211603,0.057991765667884,0.0595627075831138,-0.292651892678052,0.292651892678052,force
0.371,13.4662617088995,1.17251430083348,4.5648039448036,29,2.29388993415874,0.0577061100658413,0.0595237491031349,-0.285681018065003,0.285681018065003,force
0.372,15.9827363848864,1.93743148092135,6.52693456144857,29,2.57234052196078,0.0574276594780392,0.0594858615072082,-0.27847853925775,0.27847853925775,force
0.373,18.5637170551649,2.90382192019364,8.70216455582738,29,2.84334391384806,0.0571566560861519,0.0594493268578965,-0.271033757784487,0.271033757784487,force
0.374,21.1891637498109,4.07768721242335,11.1208789658016,29,3.10665079922304,0.056893349200777,0.0594144356199939,-0.263339532202964,0.263339532202964,force
0.375,23.8407160885576,5.42385581964704,13.5008674629892,29,3.36200779124662,0.0566379922087534,0.0593814290181414,-0.255391772031111,0.255391772031111,force
0.376,26.5013726012427,6.92585227539573,15.9378310098879,29,3.60916086027655,0.0563908391397235,0.059350525211327,-0.247189818771969,0.247189818771969,force
0.377,29.1552756632554,8.58598275769028,18.5467656514576,29,3.84785814087265,0.0561521418591274,0.0593219455871877,-0.238735820070648,0.238735820070648,force
0.378,31.7875643986578,10.3823480049104,21.1605394882312,29,4.07785215977993,0.0559221478402201,0.0592958808743946,-0.230034151201472,0.230034151201472,force
0.379,34.3842824939075,12.2987591871205,23.7972262803807,29,4.29890227671414,0.0557010977232859,0.0592724991372566,-0.221091628165204,0.221091628165204,force
0.38,36.9323176986969,14.3292946095272,26.5125071439674,29,4.51077682604594,0.0554892231739541,0.0592519601497099,-0.21191720901182,0.21191720901182,force
0.381,39.4193621840615,16.4429351008958,29.1247780491079,29,4.71325489745692,0.0552867451025431,0.0592343802588512,-0.202521633208635,0.202521633208635,force
0.382,41.8338963982017,18.6370440464332,31.8016977196572,29,4.90612839131273,0.0550938716086873,0.0592198721205162,-0.192917696639258,0.192917696639258,force
0.383,44.1651754505682,20.8899503058963,34.407387862675,29,5.08920341179028,0.0549107965882097,0.0592085180509444,-0.18311958975357,0.18311958975357,force
0.384,46.4032295470103,23.1871396422293,36.9702756602273,29,5.2623018453312,0.0547376981546688,0.0592003800464435,-0.173143083146144,0.173143083146144,force
0.385,48.5388663165055,25.497316547133,39.3583779765555,29,5.42526266497171,0.0545747373350283,0.0591954762896095,-0.163005253713584,0.163005253713584,force
0.386,50.5636812314979,27.8192940711604,41.7511592153246,29,5.57794338673403,0.054422056613266,0.0591938233013092,-0.152724636952174,0.152724636952174,force
0.387,52.4700590591182,30.1524381690254,44.1513027562153,29,5.72022085559965,0.0542797791444004,0.0591954367147458,-0.142320556756191,0.142320556756191,force
0.388,54.2511764067249,32.4766090823139,46.4216345620453,29,5.85199189180264,0.0541480081081974,0.059200303967461,-0.131812985858786,0.131812985858786,force
0.389,55.9010092464333,34.7667889949956,48.5078684710853,29,5.973174152334,0.054026825847666,0.059208377472054,-0.121222761163673,0.121222761163673,force
0.39,57.4143390032208,37.0185399683068,50.5290458081745,29,6.08370694894537,0.0539162930510546,0.0592196034280097,-0.11057154034922,0.11057154034922,force
0.391,58.7867492288984,39.2203661869501,52.4313234988094,29,6.18355157888555,0.0538164484211145,0.0592339119406714,-0.0998813146113769,0.0998813146113769,force
0.392,60.0146230738503,41.364890316313,54.2320350924906,29,6.27269166178889,0.0537273083382111,0.0592512227871142,-0.0891744148137615,0.0891744148137615,force
0.393,61.0951357763385,43.4553357209928,55.9980081490718,29,6.35113328876031,0.0536488667112397,0.0592714602571236,-0.0784733236206992,0.0784733236206992,force
0.394,62.02624060841,45.4547259920874,57.451067618655,29,6.41890487536338,0.0535810951246366,0.0592944968735125,-0.0678003792620842,0.0678003792620842,force
0.395,62.8066658115917,47.3578607980886,58.7766696340955,29,6.47605761510705,0.053523942384893,0.0593201978786299,-0.0571783760711271,0.0571783760711271,force
0.396,63.4358943221033,49.1733844432081,60.0665263139256,29,6.52266526591105,0.053477334734089,0.0593484406168504,-0.0466298972037598,0.0466298972037598,force
0.397,63.9141379337963,50.8767532493834,61.0969660864349,29,6.55882359696174,0.0534411764030383,0.0593790680713995,-0.0361769747525162,0.0361769747525162,force
0.398,64.242320747197,52.4699941651128,62.0294396594891,29,6.58465032874011,0.0534153496712599,0.0594119260632306,-0.0258415828694236,0.0258415828694236,force
0.399,64.4220477592756,53.94504292317,62.7953354715131,29,6.60028451502431,0.0533997154849757,0.0594468491233231,-0.0156450793627537,0.0156450793627537,force
0.4,64.455576313839,55.3004876350012,63.4331559059885,29,6.6058860219215,0.0533941139780785,0.0594836698060121,-0.00560830251713977,0.00560830251713977,force
0.401,64.3662919580584,56.5475223651862,64.0297307462965,29,6.60163481317349,0.0533983651868265,0.0595222363373233,0.0042486229531002,0,force
0.402,64.1629938317152,57.6507229650336,64.2699265641175,29,6.58772683499529,0.0534122731650047,0.0595623473494744,0.0139096881626489,0,force
0.403,63.822105010747,58.6274948774609,64.4881263520248,29,6.56437302404466,0.0534356269759553,0.0596038258423028,0.0233598760869289,0,force
0.404,63.3476919759675,59.4534298695642,64.4090398221843,29,6.53180233270876,0.0534681976672912,0.0596464606441202,0.0325811425166182,0,force
0.405,62.7443337625068,60.1553399762291,64.3668006162185,29,6.49026123192948,0.0535097387680705,0.0596900781200869,0.0415559401621553,0,force
0.406,62.0170760825053,60.7245127338022,64.1395492792405,29,6.44001225466179,0.0535599877453382,0.0597344924379143,0.0502681787505153,0,force
0.407,61.1713930825382,61.1567688615616,63.7503056281181,29,6.38133312380227,0.0536186668761977,0.0597795119143205,0.0587026405374378,0,force
0.408,60.213146603934,61.4677318693365,63.3335099159856,29,6.31451575743728,0.0536854842425627,0.0598249667389375,0.0668451032863329,0,force
0.409,59.1485394596135,61.6447345480506,62.7067506203356,29,6.23986488928615,0.0537601351107139,0.0598706693673048,0.0746827255265943,0,force
0.41,57.9840752948644,61.6928569985926,61.9815917018444,29,6.15769716283941,0.0538423028371606,0.0599164393671028,0.0822035728096393,0,force
0.411,56.726513556751,61.6235611341642,61.2077859475939,29,6.0683398868857,0.0539316601131143,0.0599621123526907,0.0893969567101935,0,force
0.412,55.382822924769,61.4265264512198,60.2443183535535,29,5.97212966292398,0.054027870337076,0.0600075094897224,0.0962535632025055,0,force
0.413,53.9601404957459,61.1065443332043,59.186651625111,29,5.86941138977536,0.0541305886102246,0.0600524586517889,0.102765075388639,0,retract
0.414,52.458601647307,60.6440561480687,57.869127037255,29,5.76001537204879,0.0542399846279512,0.0600554502403863,0.109446423352705,0,retract
0.415,50.8913773923855,60.0749019423082,56.6599767077455,29,5.64471439511096,0.054355285604889,0.0600643983550552,0.115354499305814,0,retract
0.416,49.2649031608155,59.3902287206518,55.2821893907136,29,5.52379549603182,0.0544762045039682,0.0600792630191106,0.120975352983518,0,retract
0.417,47.5856714546583,58.6081994457331,53.9160237962204,29,5.39754954085894,0.0546024504591411,0.0601000042558674,0.126305144891344,0,retract
0.418,45.8602007611764,57.7188452786952,52.3827202764681,29,5.26627018859212,0.0547337298114079,0.0601265820886406,0.131341073196234,0,retract
0.419,44.095005739728,56.747647647591,50.9204618609659,29,5.13025286544507,0.0548697471345549,0.0601589565407451,0.136081363469487,0,retract
0.42,42.2965688758537,55.6875936483339,49.327269652791,29,4.98979375352446,0.0550102062464755,0.0601970876354959,0.140525254279332,0,retract
0.421,40.4713137836444,54.5187437761912,47.5056445433352,29,4.8451887978402,0.0551548112021598,0.060240935396208,0.144672978851987,0,retract
0.422,38.625580325405,53.2789451776103,45.8401535861247,29,4.69673273531764,0.0553032672646824,0.0602904598461962,0.148525743045652,0,retract
0.423,36.7656017060791,51.9810769940611,44.1938678927663,29,4.54471814921185,0.0554552818507882,0.0603456210087756,0.152085699906342,0,retract
0.424,34.8974836895454,50.5984947016623,42.3030009472692,29,4.38943455203553,0.0556105654479645,0.0604063789072611,0.155355921097834,0,retract
0.425,33.0271860753014,49.1505673880486,40.4630035063663,29,4.23116749980065,0.0557688325001994,0.0604726935649677,0.158340365520255,0,retract
0.426,31.1605065679303,47.6459462250676,38.6182192471819,29,4.07019774003258,0.0559298022599674,0.0605445250052103,0.161043845453283,0,retract
0.427,29.3030671694034,46.0840913314311,36.7129619696119,29,3.90680039567067,0.0560931996043293,0.0606218332513039,0.163471990580686,0,retract
0.428,27.4603032265711,44.4881255549988,34.912330896405,29,3.74124418658409,0.0562587558134159,0.0607045783265634,0.165631210273577,0,retract
0.429,25.6374552752339,42.8539445714256,33.0488586699866,29,3.57379069004064,0.0564262093099594,0.0607927202543038,0.167528654530791,0,retract
0.43,23.8395638400381,41.1839221773333,31.1637878127792,29,3.40469364104502,0.056595306358955,0.06088621905784,0.16917217399723,0,retract
0.431,22.071467379423,39.4975636006105,29.379412140274,29,3.23419827302048,0.0567658017269795,0.0609850347604871,0.170570279505957,0,retract
0.432,20.3378036114784,37.7659827632682,27.3764977392141,29,3.06254069883208,0.0569374593011679,0.0610891273855599,0.171732101619111,0,retract
0.433,18.6430145265803,36.0360231131894,25.6562652127168,29,2.88994733164238,0.0571100526683576,0.0611984569563735,0.172667350678758,0,retract
0.434,16.9913554959046,34.314505088411,23.985396939741,29,2.71663434453352,0.0572833656554665,0.0613129834962427,0.173386277924958,0,retract
0.435,15.3869090365689,32.5589468593555,22.0255974850221,29,2.54280716721383,0.0574571928327862,0.0614326670284825,0.173899638299749,0,retract
0.436,13.8336040178199,30.8130129921241,20.337409788736,29,2.36866001742327,0.0576313399825767,0.061557467576408,0.174218655639554,0,retract
0.437,12.3352414264798,29.0769471461677,18.6605520704292,29,2.19437546383682,0.0578056245361632,0.0616873451633339,0.174354991075719,0,retract
0.438,10.895528316604,27.3444713005259,16.9496162266748,29,2.02012401627614,0.0579798759837239,0.0618222598125754,0.174320715630165,0,retract
0.439,9.51812235571502,25.6571418895367,15.5331654236015,29,1.84606373781442,0.0581539362621856,0.0619621715474473,0.174128288236954,0,retract
0.44,8.20669063909293,23.9679273202835,13.8326399047648,29,1.67233987176105,0.058327660128239,0.0621070403912647,0.173790540783819,0,retract
0.441,6.96498852921685,22.3059097964518,12.3338046534611,29,1.49908447436876,0.0585009155256312,0.0622568263673424,0.173320672322852,0,retract
0.442,5.79696788166308,20.6852811170701,10.9615090407803,29,1.32641604108593,0.0586735839589141,0.0624114894989954,0.172732255473868,0,retract
0.443,4.70693057682742,19.0823925254306,9.46506097559354,29,1.15443910971941,0.0588455608902806,0.0625709898095388,0.172039259471801,0,retract
0.444,3.69975599159558,17.5428465709983,8.30557084440472,29,0.983243816997624,0.0590167561830024,0.0627352873222873,0.171256096748315,0,retract
0.445,2.78125774529432,16.0226248413338,6.90129446334667,29,0.812905373724047,0.059187094626276,0.0629043420605561,0.170397704343236,0,retract
0.446,1.95878726477193,14.5587761735961,5.77568416717011,29,0.643483403880103,0.0593565165961199,0.06307811404766,0.16947967999085,0,retract
0.447,1.24236879867602,13.1511375003964,4.70530546119796,29,0.475021054973511,0.0595249789450265,0.063256563306914,0.168518510963406,0,retract
0.448,0.647204469992054,11.800389060554,3.69589842149951,29,0.307543704536763,0.0596924562954632,0.0634396498616331,0.167531978099279,0,retract
0.449,0.201035442168152,10.5061957129764,2.74103562751071,29,0.141056874167579,0.0598589431258324,0.0636273337351322,0.166539948643569,0,retract
0.45,0,9.28269070254456,1.94166063995365,29,0,0.0600244577985003,0.0638195749507262,0.165566319291459,0,retract
0.451,0,8.13012897905206,1.21475863809703,29,0,0.0601890573278497,0.0640163335317302,0.164649761821935,0,retract
0.452,0,7.07540450895061,0.747057688341913,29,0,0.0603528297073937,0.0642175695014591,0.16382126967382,0,retract
0.453,0,6.10402447200885,0.275744250358271,29,0,0.0605158615143219,0.0644232428832279,0.163079422945944,0,retract
0.454,0,5.23268269313104,0.00463201986419811,29,0,0.0606782379165464,0.0646333137003514,0.162422808970008,0,retract
0.455,0,4.49764026913536,0.087385725161291,29,0,0.0608400426800757,0.0648477419761447,0.161850022630788,0,retract
0.456,0,3.86243489377764,0.0512026416312826,29,0,0.0610013581766988,0.0650664877339227,0.161359666667381,0,retract
0.457,0,3.31065848038083,0,29,0,0.0611622653919597,0.0652895109970004,0.160950351956066,0,retract
0.458,0,2.83770726889785,0,29,0,0.0613228439334048,0.0655167717886927,0.160620697775355,0,retract
0.459,0,2.43232051619816,0,29,0,0.061483172039086,0.0657482301323146,0.160369332053816,0,retract
0.46,0,2.09429338232388,0.0661305790782101,29,0,0.0616433265863001,0.065983846051181,0.160194891601212,0,retract
0.461,0,1.80350637773023,0.0587843501683313,29,0,0.0618033831005532,0.0662235795686069,0.160096022323523,0,retract
0.462,0,1.54669863107119,0.00585215111694982,29,0,0.0619634157647281,0.0664673907079073,0.160071379422378,0,retract
0.463,0,1.32815238204788,0.0168748879080208,29,0,0.0621234974284442,0.0667152394923971,0.160119627579446,0,retract
0.464,0,1.14199001711964,0.0250158275502181,29,0,0.0622836996175924,0.0669670859453912,0.160239441126288,0,retract
0.465,0,0.98750820173302,0.0606173094132745,29,0,0.0624440925440312,0.0672228900902047,0.160429504200205,0,retract
0.466,0,0.846435601485446,0,29,0,0.0626047451154332,0.0674826119501525,0.160688510886564,0,retract
0.467,0,0.727431493446687,0.0134068452141371,29,0,0.0627657249452622,0.0677462115485494,0.161015165348104,0,retract
0.468,0,0.623512708668589,0,29,0,0.0629270983628758,0.0680136489087106,0.161408181941698,0,retract
0.469,0,0.534439464573076,0,29,0,0.0630889304237354,0.0682848840539509,0.161866285323054,0,retract
0.47,0,0.458597586567648,0.00354631853507555,29,0,0.0632512849197147,0.0685598770075854,0.16238821053979,0,retract
0.471,0,0.393083645629412,0,29,0,0.0634142243894946,0.0688385877929288,0.162972703113358,0,retract
0.472,0,0.336928839110925,0,29,0,0.0635778101290338,0.0691209764332963,0.163618519110237,0,retract
0.473,0,0.288796147809364,0,29,0,0.0637421022021041,0.0694070029520028,0.16432442520284,0,retract
0.474,0,0.252230970907909,0.0328399094991781,29,0,0.0639071594508803,0.0696966273723632,0.16508919872053,0,retract
0.475,0,0.216197975063922,0,29,0,0.0640730395065762,0.0699898097176925,0.165911627691174,0,retract
0.476,0,0.193839354501541,0.0596876311272543,29,0,0.0642397988001167,0.0702865100113056,0.166790510873624,0,retract
0.477,0,0.176719084553557,0.0739974648656503,29,0,0.0644074925728356,0.0705866882765176,0.1677246577815,0,retract
0.478,0,0.154806665062132,0.0233321481135869,29,0,0.064576174887195,0.0708903045366432,0.168712888698673,0,retract
0.479,0,0.140847126456321,0.0570898948214552,29,0,0.0647458986375121,0.0711973188149976,0.169754034686795,0,retract
0.48,0,0.120726108391133,0,29,0,0.0649167155606918,0.0715076911348956,0.170846937585243,0,retract
0.481,0,0.103479521478114,0,29,0,0.065088676246953,0.0718213815196523,0.17199045000382,0,retract
0.482,0,0.0966538190203915,0.0556996042740589,29,0,0.0652618301505442,0.0721383499925826,0.173183435308553,0,retract
0.483,0,0.0982919373580029,0.108120647383671,29,0,0.065436225600441,0.0724585565770014,0.174424767600905,0,retract
0.484,0,0.0842502320211453,0,29,0,0.0656119098110193,0.0727819612962237,0.175713331690741,0,retract
0.485,0,0.0827156514314971,0.0735081678936076,29,0,0.0657889288926966,0.0731085241735644,0.177048023063325,0,retract
0.486,0,0.0708991297984261,0,29,0,0.0659673278625378,0.0734382052323385,0.178427747840683,0,retract
0.487,0,0.0607706826843652,0,29,0,0.0661471506548203,0.073770964495861,0.179851422737596,0,retract
0.488,0,0.0520891565865988,0,29,0,0.0663284401315498,0.0741067619874468,0.181317975012516,0,retract
0.489,0,0.0446478485027989,0,29,0,0.0665112380929258,0.0744455577304109,0.182826342413678,0,retract
0.49,0,0.0382695844309705,0,29,0,0.0666955852877498,0.0747873117480682,0.184375473120677,0,retract
0.491,0,0.0424205075731511,0.0673260464262346,29,0,0.0668815214237731,0.0751319840637338,0.185964325681757,0,retract
0.492,0,0.0363604350627009,0,29,0,0.0670690851779788,0.0754795347007224,0.187591868947072,0,retract
0.493,0,0.0311660871966008,0,29,0,0.0672583142067955,0.0758299236823491,0.18925708199815,0,retract
0.494,0,0.0267137890256578,0,29,0,0.0674492451562381,0.0761831110319289,0.190958954073804,0,retract
0.495,0,0.0228975334505639,0,29,0,0.0676419136719727,0.0765390567727768,0.192696484492707,0,retract
0.496,0,0.0196264572433404,0,29,0,0.0678363544093023,0.0768977209282075,0.194468682572852,0,retract
0.497,0,0.016822677637149,0,29,0,0.0680326010430704,0.0772590635215362,0.196274567548113,0,retract
0.498,0,0.0147408699720765,0.00225002398164142,29,0,0.0682306862774791,0.0776230445760778,0.198113168482101,0,retract
0.499,0,0.012635031404637,0,29,0,0.068430641855821,0.0779896241151473,0.199983524179523,0,retract
0.5,0,0.0108300269182602,0,29,0,0.0686324985701197,0.0783587621620595,0.201884683095229,0,retract
0.501,0,0.00928288021565164,0,29,0,0.068836286270679,0.0787304187401295,0.203815703241126,0,retract
0.502,0,0.0101203633868805,0.0151452624142536,29,0,0.0690420338755382,0.0791045538726721,0.205775652091151,0,retract
0.503,0,0.0086745971887547,0,29,0,0.069249769379831,0.0794811275830025,0.207763606484456,0,retract
0.504,0,0.0074353690189326,0,29,0,0.0694595198650471,0.0798600998944354,0.209778652526986,0,retract
0.505,0,0.00637317344479937,0,29,0,0.0696713115081943,0.080241430830286,0.211819885491594,0,retract
0.506,0,0.00546272009554232,0,29,0,0.0698851695908609,0.080625080413869,0.213886409716865,0,retract
0.507,0,0.00468233151046485,0,29,0,0.0701011185081759,0.0810110086684996,0.215977338504773,0,retract
0.508,0,0.00401342700896987,0,29,0,0.0703191817776664,0.0813991756174925,0.218091794017337,0,retract
0.509,0,0.0111722494450806,0.0541251840617447,29,0,0.0705393820480112,0.081789541284163,0.220228907172394,0,retract
0.51,0,0.00957621381006905,0,29,0,0.0707617411076914,0.0821820656918257,0.222387817538628,0,retract
0.511,0,0.0177642334983378,0.0668923516279501,29,0,0.0709862798935335,0.0825767088637958,0.224567673229989,0,retract
0.512,0,0.0152264858557181,0,29,0,0.0712130184991492,0.0829734308233881,0.226767630799603,0,retract
0.513,0,0.0130512735906155,0,29,0,0.0714419761832681,0.0833721915939177,0.22898685513331,0,retract
0.514,0,0.0154707092442551,0.0299873231660929,29,0,0.0716731713779635,0.0837729511986994,0.231224519342932,0,retract
0.515,0,0.0145122171401069,0.0087612645152178,29,0,0.0719066216967729,0.0841756696610483,0.233479804659377,0,retract
0.516,0,0.0211003370715919,0.0606290566605017,29,0,0.072142343942711,0.0845803070042793,0.23575190032569,0,retract
0.517,0,0.0180860032042216,0,29,0,0.072380354116176,0.0849868232517073,0.238040003490135,0,retract
0.518,0,0.0245207295643255,0.0631290877249487,29,0,0.0726206674227511,0.0853951784266473,0.240343319099422,0,retract
0.519,0,0.0275611961115676,0.0458039953950203,29,0,0.0728632982808966,0.0858053325524143,0.242661059792149,0,retract
0.52,0,0.0236238823813437,0,29,0,0.0731082603295385,0.0862172456523233,0.244992445792561,0,retract
0.521,0,0.0202490420411517,0,29,0,0.0733555664355512,0.0866308777496891,0.247336704804698,0,retract
0.522,0,0.0217823493748557,0.0309821933770798,29,0,0.0736052287011331,0.0870461888678267,0.249693071907018,0,retract
0.523,0,0.0186705851784478,0,29,0,0.0738572584710798,0.0874631390300511,0.252060789447565,0,retract
0.524,0,0.0276156729010307,0.081286199236528,29,0,0.074111666339952,0.0878816882596773,0.254439106939753,0,retract
0.525,0,0.0271960244821123,0.0246781339686025,29,0,0.0743684621591396,0.0883017965800202,0.256827280958844,0,retract
0.526,0,0.0259066305263029,0.0181702667914459,29,0,0.0746276550438246,0.0887234240143947,0.25922457503917,0,retract
0.527,0,0.0222056833082596,0,29,0,0.0748892533798407,0.0891465305861159,0.261630259572171,0,retract
0.528,0,0.0192458486596977,0.00148684076832613,29,0,0.0751532648304319,0.0895710763184986,0.264043611705305,0,retract
0.529,0,0.0164964417083123,0,29,0,0.0754196963429122,0.0899970212348578,0.266463915241888,0,retract
0.53,0,0.0141398071785534,0,29,0,0.0756885541552243,0.0904243253585085,0.268890460541908,0,retract
0.531,0,0.0177499676301373,0.0394109303396408,29,0,0.0759598438024019,0.0908529487127657,0.271322544423878,0,retract
0.532,0,0.020553873622542,0.0373773095769704,29,0,0.0762335701229343,0.0912828513209443,0.273759470067753,0,retract
0.533,0,0.0176176059621789,0,29,0,0.0765097372650336,0.0917139932063592,0.276200546918988,0,retract
0.534,0,0.015100805110439,0,29,0,0.0767883486928097,0.0921463343923254,0.278645090593738,0,retract
0.535,0,0.0129435472375192,0,29,0,0.0770694071923492,0.0925798349021579,0.281092422785284,0,retract
0.536,0,0.0110944690607307,0,29,0,0.0773529148777037,0.0930144547591716,0.28354187117168,0,retract
0.537,0,0.0198623728497575,0.0724697955839179,29,0,0.0776388731967852,0.0934501539866815,0.285992769324689,0,retract
0.538,0,0.0170248910140778,0,29,0,0.077927282937174,0.0938868926080026,0.288444456620024,0,retract
0.539,0,0.0145927637263524,0,29,0,0.0782181442318353,0.0943246306464497,0.290896278148925,0,retract
0.54,0,0.0126728990980344,0.00115371132812624,29,0,0.0785114565647504,0.0947633281253378,0.293347584631105,0,retract
0.541,0,0.0192527215207776,0.0587316560572369,29,0,0.0788072187764625,0.095202945067982,0.295797732329098,0,retract
0.542,0,0.0165023327320951,0,29,0,0.0791054290695366,0.0956434414976971,0.29824608296401,0,retract
0.543,0,0.0141448566275101,0,29,0,0.0794060850139372,0.0960847774377982,0.300692003632727,0,retract
0.544,0,0.0122406320810932,0.000815284802591662,29,0,0.079709183552325,0.0965269129116001,0.303134866726576,0,retract
0.545,0,0.0104919703552227,0,29,0,0.0800147210052728,0.0969698079424179,0.305574049851473,0,retract
0.546,0,0.00899311744733376,0,29,0,0.0803226930764036,0.0974134225535664,0.308008935749566,0,retract
0.547,0,0.0151410991939473,0.0520289896736287,29,0,0.0806330948574507,0.0978577167683607,0.310438912222396,0,retract
0.548,0,0.016931280477792,0.0276723681808597,29,0,0.0809459208332439,0.0983026506101157,0.312863372055588,0,retract
0.549,0,0.0145125261238217,0,29,0,0.0812611648866202,0.0987481841021463,0.315281712945081,0,retract
0.55,0,0.0128523817539532,0.00289151553474205,29,0,0.0815788203032629,0.0991942772677675,0.317693337424917,0,retract
0.551,0,0.0138862721628974,0.0200896146165627,29,0,0.0818988797764697,0.0996408901302944,0.320097652796589,0,retract
0.552,0,0.0299492667757333,0.126327234452749,29,0,0.082221335411852,0.100087982713042,0.322494071059966,0,retract
0.553,0,0.0256708000934857,0,29,0,0.0825461787319652,0.100535515039325,0.324882008845797,0,retract
0.554,0,0.0261223343589062,0.0288315399514288,29,0,0.082873400680875,0.100983447132458,0.327260887349798,0,retract
0.555,0,0.0253356493088716,0.0206155390086641,29,0,0.0832029916286569,0.101431739015756,0.329630132268338,0,retract
0.556,0,0.035042792961926,0.0932856548802529,29,0,0.0835349413758346,0.101880350712535,0.331989173735712,0,retract
0.557,0,0.0316276030946479,0.0111364638909793,29,0,0.0838692391577565,0.10232924224611,0.334337446263022,0,retract
0.558,0,0.0271093740811268,0,29,0,0.0842058736489122,0.102778373639794,0.336674388678646,0,retract
0.559,0,0.0254298115090004,0.0153524360762417,29,0,0.0845448329671906,0.103227704916904,0.338999444070319,0,retract
0.56,0,0.0217969812934289,0,29,0,0.0848861046780828,0.103677196100754,0.341312059728807,0,retract
0.561,0,0.0271431161282745,0.0592199251373479,29,0,0.0852296757988284,0.104126807214659,0.343611687093183,0,retract
0.562,0,0.0232655281099495,0,29,0,0.0855755328025102,0.104576498281934,0.345897781697703,0,retract
0.563,0,0.0199418812370996,0,29,0,0.085923661622096,0.105026229325894,0.348169803120273,0,retract
0.564,0,0.0232915067199315,0.043389259616923,29,0,0.0862740476544302,0.105475960369855,0.350427214932499,0,retract
0.565,0,0.0199641486170842,0,29,0,0.086626675764178,0.10592565143713,0.352669484651344,0,retract
0.566,0,0.0213646398437315,0.0297675872036155,29,0,0.086981530287721,0.106375262551035,0.354896083692338,0,retract
0.567,0,0.0215249597743012,0.0224868793577192,29,0,0.0873385950370091,0.106824753734885,0.357106487324386,0,retract
0.568,0,0.0204023990197572,0.013667034492493,29,0,0.0876978533033672,0.107274085011995,0.359300174626127,0,retract
0.569,0,0.0281052465205966,0.0743223315256336,29,0,0.0880592878612606,0.107723216405679,0.361476628443864,0,retract
0.57,0,0.0240902113033686,0,29,0,0.0884228809720198,0.108172107939254,0.363635335351037,0,retract
0.571,0,0.0206487525457445,0,29,0,0.0887886143875236,0.108620719636033,0.365775785609243,0,retract
0.572,0,0.0176989307534953,0,29,0,0.0891564693538492,0.109069011519331,0.36789747313079,0,retract
0.573,0,0.0151705120744245,0,29,0,0.0895264266148822,0.109516943612464,0.369999895442771,0,retract
0.574,0,0.0130032960637924,0,29,0,0.0898984664158936,0.109964475938747,0.372082553652657,0,retract
0.575,0,0.0134773030720269,0.0163213451214339,29,0,0.0902725685070835,0.110411568521495,0.374144952415382,0,retract
0.576,0,0.0115519740617374,0,29,0,0.0906487121470938,0.110858181384021,0.376186599901924,0,retract
0.577,0,0.00990169205291775,0,29,0,0.0910268761064892,0.111304274549643,0.378207007769365,0,retract
0.578,0,0.0152595305289772,0.0474065613853339,29,0,0.091407038671212,0.111749808041673,0.380205691132413,0,retract
0.579,0,0.0140212682236955,0.00659169439200519,29,0,0.0917891776460069,0.112194741883428,0.382182168536373,0,retract
0.58,0,0.0120182299060247,0,29,0,0.0921732703578221,0.112639036098222,0.384135961931567,0,retract
0.581,0,0.0184678414737071,0.0571655108798014,29,0,0.0925592936591854,0.113082650709371,0.386066596649164,0,retract
0.582,0,0.0173947963195326,0.0109565253944854,29,0,0.0929472239315579,0.113525545740189,0.38797360137843,0,retract
0.583,0,0.0149098254167422,0,29,0,0.0933370370886645,0.113967681213991,0.389856508145373,0,retract
0.584,0,0.0127798503572076,0,29,0,0.0937287085798061,0.114409017154092,0.391714852292761,0,retract
0.585,0,0.0269436174806796,0.111926220221512,29,0,0.0941222133931528,0.114849513583807,0.393548172461511,0,retract
0.586,0,0.023889918411592,0.00556772399706681,29,0,0.0945175260590185,0.115289130526451,0.395356010573425,0,retract
0.587,0,0.0204770729242218,0,29,0,0.094914620653121,0.115727828005339,0.397137911815255,0,retract
0.588,0,0.0230410098571732,0.0384246314548816,29,0,0.0953134707998256,0.116165566043786,0.39889342462409,0,retract
0.589,0,0.0197494370204341,0,29,0,0.0957140496753771,0.116602304665107,0.400622100674033,0,retract
0.59,0,0.0169280888746578,0,29,0,0.0961163300111178,0.117038003892617,0.40232349486417,0,retract
0.591,0,0.0155992985133085,0.00762655634521254,29,0,0.0965202840966963,0.117472623749631,0.403997165307792,0,retract
0.592,0,0.0133708272971216,0,29,0,0.096925883783265,0.117906124259463,0.405642673322876,0,retract
0.593,0,0.0199849488280402,0.0596696780135517,29,0,0.0973331004866709,0.11833846544543,0.407259583423781,0,retract
0.594,0,0.0215250683595578,0.0307657855486633,29,0,0.0977419051906377,0.118769607330845,0.408847463314163,0,retract
0.595,0,0.0184500585939066,0,29,0,0.0981522684499425,0.119199509939023,0.410405883881079,0,retract
0.596,0,0.0158143359376343,0,29,0,0.0985641603935874,0.11962813329328,0.411934419190264,0,retract
0.597,0,0.0135551450894008,0,29,0,0.0989775507279681,0.120055437416931,0.413432646482557,0,retract
0.598,0,0.0124504346721225,0.00582217216845302,29,0,0.0993924087400393,0.12048138233329,0.414900146171471,0,retract
0.599,0,0.0106718011475336,0,29,0,0.0998087033004788,0.120905928065673,0.416336501841867,0,retract
0.6,0,0.00966577962276426,0.00362965047414817,29,0,0.100226402866851,0.121329034637394,0.417741300249733,0,retract
0.601,0,0.0125981002315864,0.0301920238845195,29,0,0.100645475486772,0.121750662071769,0.419114131323028,0,retract
0.602,0,0.0278502637208028,0.119363244656101,29,0,0.101065888801075,0.122170770392112,0.420454588163592,0,retract
0.603,0,0.023871654617831,0,29,0,0.101487610046981,0.122589319621738,0.421762267050082,0,retract
0.604,0,0.0204614182438551,0,29,0,0.101910606061271,0.123006269783962,0.423036767441926,0,retract
0.605,0,0.017538358494733,0,29,0,0.102334843283461,0.1234215809021,0.424277691984273,0,retract
0.606,0,0.0150328787097711,0,29,0,0.102760287758994,0.123835212999466,0.425484646513913,0,retract
0.607,0,0.0128853246083752,0,29,0,0.103186905142419,0.124247126099374,0.426657240066148,0,retract
0.608,0,0.0110445639500359,0,29,0,0.103614660700598,0.124657280225142,0.427795084882598,0,retract
0.609,0,0.0171390142642431,0.0537057161494865,29,0,0.104043519315912,0.125065635400082,0.428897796419916,0,retract
0.61,0,0.0146905836550655,0,29,0,0.104473445489471,0.12547215164751,0.429964993359388,0,retract
0.611,0,0.012591928847199,0,29,0,0.104904403344348,0.125876788990741,0.4309962976174,0,retract
0.612,0,0.0107930818690277,0,29,0,0.105336356628813,0.126279507453089,0.431991334356759,0,retract
0.613,0,0.00925121303059521,0,29,0,0.105769268719585,0.126680267057871,0.432949731998825,0,retract
0.614,0,0.0141134926693003,0.0432871705015306,29,0,0.106203102625093,0.127079027828401,0.433871122236454,0,retract
0.615,0,0.0120972794308288,0,29,0,0.106637820988755,0.127475749787993,0.434755140047717,0,retract
0.616,0,0.0164757313130237,0.0427464426061933,29,0,0.107073386092267,0.127870392959963,0.435601423710377,0,retract
0.617,0,0.0213596003754366,0.0506628147499141,29,0,0.107509759858908,0.128262917367626,0.436409614817104,0,retract
0.618,0,0.0183082288932314,0,29,0,0.107946903856867,0.128653283034296,0.437179358291397,0,retract
0.619,0,0.0156927676227698,0,29,0,0.108384779302577,0.129041449983289,0.437910302404209,0,retract
0.62,0,0.019451655495001,0.0420049827283883,29,0,0.108823347064071,0.12942737823792,0.438602098791228,0,retract
0.621,0,0.0172830206285423,0.00427121142978988,29,0,0.109262567664358,0.129811027821503,0.439254402470811,0,retract
0.622,0,0.0148140176816076,0,29,0,0.109702401284815,0.130192358757353,0.439866871862547,0,retract
0.623,0,0.014675567629296,0.013844867315426,29,0,0.110142807768596,0.130571331068786,0.440439168806407,0,retract
0.624,0,0.012579057967968,0,29,0,0.110583746624066,0.130947904779117,0.440970958582487,0,retract
0.625,0,0.0176025022078552,0.0477431676471784,29,0,0.111025177028249,0.131322039911659,0.441461909931305,0,retract
0.626,0,0.0180656981495803,0.020844873799931,29,0,0.111467057830303,0.131693696489729,0.441911695074623,0,retract
0.627,0,0.0281147820443534,0.0884092854129916,29,0,0.111909347555014,0.132062834536642,0.442319989736788,0,retract
0.628,0,0.0274261183428807,0.0232941361340449,29,0,0.112352004406306,0.132429414075711,0.442686473166566,0,retract
0.629,0,0.034078235140864,0.0739909359287638,29,0,0.112794986270786,0.132793395130253,0.443010828159427,0,retract
0.63,0,0.0292099158350263,0,29,0,0.113238250721296,0.133154737723581,0.443292741080291,0,retract
0.631,0,0.0250370707157368,0,29,0,0.113681755020506,0.133513401879012,0.443531901886682,0,retract
0.632,0,0.0214603463277744,0,29,0,0.11412545612451,0.13386934761986,0.443728004152284,0,retract
0.633,0,0.0321972323696254,0.0966185486207313,29,0,0.114569310686466,0.13422253496944,0.443880745090878,0,retract
0.634,0,0.0275976277453932,0,29,0,0.115013275060247,0.134572923951066,0.443989825580625,0,retract
0.635,0,0.0245583260853664,0.00632251612520526,29,0,0.11545730530412,0.134920474588055,0.444054950188684,0,retract
0.636,0,0.0211647090532598,0.000803006860620558,29,0,0.115901357184453,0.135265146903721,0.444075827196137,0,retract
0.637,0,0.0205177113447256,0.01663572509352,29,0,0.116345386179443,0.135606900921378,0.444052168623201,0,retract
0.638,0,0.0175866097240505,0,29,0,0.116789347482873,0.135945696664342,0.443983690254703,0,retract
0.639,0,0.015074236906329,0,29,0,0.117233196007889,0.136281494155928,0.443870111665801,0,retract
0.64,0,0.0129207744911391,0,29,0,0.117676886390815,0.13661425341945,0.443711156247916,0,retract
0.641,0,0.0110749495638335,0,29,0,0.118120372994978,0.136943934478224,0.443506551234873,0,retract
0.642,0,0.00949281391185732,0,29,0,0.118563609914571,0.137270497355565,0.443256027729208,0,retract
0.643,0,0.0115651623302421,0.0239992528405508,29,0,0.119006550978541,0.137593902074787,0.442959320728636,0,retract
0.644,0,0.00991299628306466,0,29,0,0.119449149754496,0.137914108659206,0.442616169152649,0,retract
0.645,0,0.0269172418432877,0.128942715204626,29,0,0.119891359552649,0.138231077132137,0.442226315869226,0,retract
0.646,0,0.0236835529397879,0.0042814195187887,29,0,0.120333133429785,0.138544767516893,0.441789507721635,0,retract
0.647,0,0.0203001882341039,0,29,0,0.120774424193249,0.138855139836791,0.441305495555295,0,retract
0.648,0,0.0243361747731481,0.0485520940074136,29,0,0.12121518440497,0.139162154115146,0.440774034244705,0,retract
0.649,0,0.0208595783769841,0,29,0,0.121655366385508,0.139465770375271,0.440194882720374,0,retract
0.65,0,0.0178796386088435,0,29,0,0.122094922218125,0.139765948640483,0.439567803995783,0,retract
0.651,0,0.0301025550230036,0.103440053507964,29,0,0.122533803752888,0.140062648934096,0.438892565194316,0,retract
0.652,0,0.0258021900197174,0,29,0,0.1229719626108,0.140355831279426,0.438168937576166,0,retract
0.653,0,0.02630661030059,0.0293331319858261,29,0,0.123409350187946,0.140645455699786,0.437396696565182,0,retract
0.654,0,0.0225485231147915,0,29,0,0.123845917659686,0.140931482218493,0.436575621775647,0,retract
0.655,0,0.0204056062042692,0.00754810474113551,29,0,0.124281615984853,0.14121387085886,0.435705497038959,0,retract
0.656,0,0.0207458019996636,0.0227869767720299,29,0,0.124716395909995,0.141492581644204,0.434786110430201,0,retract
0.657,0,0.0177821159997116,0,29,0,0.125150207973634,0.141767574597838,0.433817254294585,0,retract
0.658,0,0.0152418137140385,0,29,0,0.125583002510553,0.142038809743078,0.432798725273732,0,retract
0.659,0,0.0142017597185963,0.00796143574594282,29,0,0.126014729656111,0.142306247103239,0.431730324331801,0,retract
0.66,0,0.0145978281956361,0.0169742390578749,29,0,0.126445339350582,0.142569846701636,0.430611856781423,0,retract
0.661,0,0.0125124241676881,0,29,0,0.126874781343525,0.142829568561584,0.429443132309424,0,retract
0.662,0,0.0139591159955378,0.0226392669626362,29,0,0.127303005198167,0.143085372706398,0.428223965002341,0,retract
0.663,0,0.0119649565676038,0,29,0,0.12772996029583,0.143337219159392,0.426954173371688,0,retract
0.664,0,0.0102556770579461,0,29,0,0.128155595840364,0.143585067943882,0.425633580378966,0,retract
0.665,0,0.00908464403820079,0.00205844591972861,29,0,0.128579860862618,0.143828879083182,0.424262013460413,0,retract
0.666,0,0.0104787696040004,0.018843522998798,29,0,0.12900270422493,0.144068612600608,0.422839304551445,0,retract
0.667,0,0.0154908067004828,0.0455630292793775,29,0,0.129424074625645,0.144304228519474,0.421365290110813,0,retract
0.668,0,0.0199410541657565,0.0466425389573984,29,0,0.129843920603648,0.144535686863096,0.419839811144427,0,retract
0.669,0,0.0216783693249368,0.0321022602800186,29,0,0.130262190542934,0.144762947654789,0.418262713228846,0,retract
0.67,0,0.0296848940851216,0.0777240426462307,29,0,0.13067883267719,0.144985970917866,0.416633846534428,0,retract
0.671,0,0.0329481138850738,0.052527432684787,29,0,0.131093795094404,0.145204716675644,0.414953065848103,0,retract
0.672,0,0.0282412404729204,0,29,0,0.131507025741497,0.145419144951438,0.413220230595778,0,retract
0.673,0,0.0294013541930961,0.0363620365141503,29,0,0.131918472428977,0.145629215768561,0.411435204864345,0,retract
0.674,0,0.0257371984613109,0.00375226407059954,29,0,0.132328082835616,0.14583488915033,0.409597857423286,0,retract
0.675,0,0.0220604558239808,0,29,0,0.132735804513141,0.146036125120059,0.407708061745865,0,retract
0.676,0,0.0189089621348407,0,29,0,0.133141584890956,0.146232883701063,0.40576569602988,0,retract
0.677,0,0.0247442357510542,0.0597558774483354,29,0,0.133545371280878,0.146425124916657,0.403770643217987,0,retract
0.678,0,0.0255039987126271,0.0300625764820646,29,0,0.133947110881896,0.146612808790156,0.401722791017558,0,retract
0.679,0,0.021860570325109,0,29,0,0.134346750784947,0.146795895344875,0.399622031920093,0,retract
0.68,0,0.0202940426118262,0.0108948763321297,29,0,0.134744237977712,0.146974344604129,0.397468263220136,0,retract
0.681,0,0.0173948936672796,0,29,0,0.13513951934943,0.147148116591233,0.395261387033728,0,retract
0.682,0,0.0149099088576682,0,29,0,0.135532541695735,0.147317171329502,0.39300131031635,0,retract
0.683,0,0.014681017541702,0.0133076696459047,29,0,0.135923251723501,0.14748146884225,0.390687944880377,0,retract
0.684,0,0.0151674354028754,0.0180859425699155,29,0,0.136311596055711,0.147640969152793,0.388321207412014,0,retract
0.685,0,0.0130006589167503,0,29,0,0.136697521236343,0.147795632284446,0.385901019487713,0,retract
0.686,0,0.0111434219286431,0,29,0,0.137080973735268,0.147945418260524,0.383427307590065,0,retract
0.687,0,0.0123416151433565,0.0195307744316365,29,0,0.137461899953166,0.148090287104342,0.380900003123159,0,retract
0.688,0,0.0181370878664171,0.0529099242047806,29,0,0.137840246226455,0.148230198839213,0.378319042427402,0,retract
0.689,0,0.0199318615121387,0.0307005033864685,29,0,0.138215958832237,0.148365113488455,0.375684366793786,0,retract
0.69,0,0.0170844527246903,0,29,0,0.138588983993256,0.148494991075381,0.372995922477617,0,retract
0.691,0,0.0155041466492784,0.00602231019680728,29,0,0.138959267882869,0.148619791623306,0.370253660711668,0,retract
0.692,0,0.0182567717741098,0.0347725225230982,29,0,0.139326756630032,0.148739475155546,0.367457537718793,0,retract
0.693,0,0.0294543712554128,0.0966399681432308,29,0,0.139691396324296,0.148854001695415,0.364607514723954,0,retract
0.694,0,0.025246603933211,0,29,0,0.140053133020812,0.148963331266229,0.361703557965695,0,retract
0.695,0,0.0276388136296737,0.0419920718084497,29,0,0.140411912745355,0.149067423891302,0.358745638707041,0,retract
0.696,0,0.0236904116825774,0,29,0,0.140767681499351,0.149166239593949,0.355733733245814,0,retract
0.697,0,0.0203060671564949,0,29,0,0.141120385264915,0.149259738397485,0.352667822924384,0,retract
0.698,0,0.0174052004198528,0,29,0,0.141469970009903,0.149347880325226,0.349547894138836,0,retract
0.699,0,0.0196273777548407,0.0329604417647677,29,0,0.141816381692967,0.149430625400485,0.346373938347561,0,retract
0.7,0,0.0227301675243381,0.0413469061413225,29,0,0.14215956626862,0.149507933646579,0.343145952079269,0,retract
0.701,0,0.0194830007351469,0,29,0,0.142499469692311,0.149579765086821,0.339863936940418,0,retract
0.702,0,0.0183359548317957,0.0114536794116883,29,0,0.142836037925503,0.149646079744528,0.336527899622071,0,retract
0.703,0,0.0157165327129677,0,29,0,0.143169216940759,0.149706837643013,0.333137851906175,0,retract
0.704,0,0.0136945610051188,0.00156273075802532,29,0,0.143498952726837,0.149761998805593,0.329693810671258,0,retract
0.705,0,0.0117381951472447,0,29,0,0.143825191293784,0.149811523255581,0.326195797897562,0,retract
0.706,0,0.0100613101262097,0,29,0,0.14414787867804,0.149855371016293,0.322643840671601,0,retract
0.707,0,0.00862398010817977,0,29,0,0.144466960947543,0.149893502111044,0.31903797119015,0,retract
0.708,0,0.0112714369471898,0.0271561779812499,29,0,0.144782384206837,0.149925876563148,0.315378226763671,0,retract
0.709,0,0.0131710844430199,0.0245689694180008,29,0,0.145094094602189,0.149952454395921,0.311664649819183,0,retract
0.71,0,0.0150944343822768,0.0266345340178178,29,0,0.1454020383267,0.149973195632678,0.307897287902572,0,retract
0.711,0,0.0189438512616294,0.0420403525377455,29,0,0.145706161625423,0.149988060296734,0.304076193680352,0,retract
0.712,0,0.0162375867956824,0,29,0,0.146006410800479,0.149997008411403,0.300201424940882,0,retract
0.713,0,0.0217543745459042,0.0548551010472348,29,0,0.146302732216181,0.15,0.296273044595044,0,retract
0.714,0,0.0204538344358666,0.0126505937756411,29,0,0.146595072304147,0.15,0.29229112067639,0,retract
0.715,0,0.0238294402263626,0.0440830749693387,29,0,0.146883464835903,0.15,0.288343018433799,0,retract
0.716,0,0.0204252344797394,0,29,0,0.147167943472402,0.15,0.284428625737152,0,retract
0.717,0,0.0233802912271125,0.0411106317113515,29,0,0.147448541760999,0.15,0.280547827467695,0,retract
0.718,0,0.0200402496232393,0,29,0,0.147725293132502,0.15,0.276700505589456,0,retract
0.719,0,0.0171773568199194,0,29,0,0.147998230898291,0.15,0.272886539220371,0,retract
0.72,0,0.025535513693152,0.0756844549325476,29,0,0.148267388247509,0.15,0.269105804703097,0,retract
0.721,0,0.0218875831655589,0,29,0,0.148532798244325,0.15,0.265358175675445,0,retract
0.722,0,0.018760785570479,0,29,0,0.14879449382527,0.15,0.261643523140415,0,retract
0.723,0,0.0181537192639268,0.0145113214246136,29,0,0.149052507796636,0.15,0.257961715535791,0,retract
0.724,0,0.0229265485447183,0.051563524229467,29,0,0.149306872831955,0.15,0.254312618803256,0,retract
0.725,0,0.0264493093515045,0.0475858741922219,29,0,0.149557621469538,0.15,0.250696096457021,0,retract
0.726,0,0.0332165892390821,0.0738202685645478,29,0,0.149804786110087,0.15,0.24711200965191,0,retract
0.727,0,0.0371805057622523,0.0609640049012735,29,0,0.150048399014375,0.15,0.243560217250909,0,retract
0.728,0,0.0318690049390734,0,29,0,0.150288492300994,0.15,0.240040575892127,0,retract
0.729,0,0.0273162899477772,0,29,0,0.150525097944169,0.15,0.236552940055178,0,retract
0.73,0,0.0234139628123805,0,29,0,0.150758247771633,0.15,0.233097162126938,0,retract
0.731,0,0.0200691109820404,0,29,0,0.150987973462583,0.15,0.229673092466682,0,retract
0.732,0,0.0194621945880773,0.0158206962242983,29,0,0.151214306545682,0.15,0.226280579470571,0,retract
0.733,0,0.0228487474397055,0.043168064549475,29,0,0.151437278397138,0.15,0.222919469635488,0,retract
0.734,0,0.0268368596712203,0.0507655330603094,29,0,0.151656920238844,0.15,0.2195896076222,0,retract
0.735,0,0.0263074401053472,0.0231309227101086,29,0,0.151873263136577,0.15,0.216290836317835,0,retract
0.736,0,0.0225492343760119,0,29,0,0.152086337998266,0.15,0.213022996897674,0,retract
0.737,0,0.0193279151794388,0,29,0,0.152296175572315,0.15,0.209785928886244,0,retract
0.738,0,0.0206631523822473,0.0286745755990986,29,0,0.152502806445988,0.15,0.206579470217691,0,retract
0.739,0,0.0193353164977356,0.011368301190665,29,0,0.152706261043862,0.15,0.203403457295449,0,retract
0.74,0,0.0165731284266305,0,29,0,0.152906569626327,0.15,0.200257725051185,0,retract
0.741,0,0.0142055386513976,0,29,0,0.153103762288153,0.15,0.197142107003008,0,retract
0.742,0,0.0121761759869122,0,29,0,0.153297868957114,0.15,0.194056435312955,0,retract
0.743,0,0.0200773605322888,0.0674844678045481,29,0,0.153488919392665,0.15,0.191000540843734,0,retract
0.744,0,0.0276291792618863,0.0729400916394713,29,0,0.15367694318468,0.15,0.187974253214732,0,retract
0.745,0,0.0391597455145442,0.108343143030492,29,0,0.153861969752246,0.15,0.184977400857269,0,retract
0.746,0,0.0383035471651643,0.0331663570688848,29,0,0.154044028342506,0.15,0.18200981106912,0,retract
0.747,0,0.0328316118558551,0,29,0,0.15422314802956,0.15,0.179071310068276,0,retract
0.748,0,0.0383176659466895,0.071233990491696,29,0,0.154399357713424,0.15,0.176161723045965,0,retract
0.749,0,0.032843713668591,0,29,0,0.154572686119032,0.15,0.173280874218913,0,retract
0.75,0,0.0332367202745567,0.0355947599103509,29,0,0.154743161795296,0.15,0.170428586880864,0,retract
0.751,0,0.0284886173781915,0,29,0,0.15491081311422,0.15,0.167604683453336,0,retract
0.752,0,0.0244188148955927,0,29,0,0.155075668270055,0.15,0.164808985535638,0,retract
0.753,0,0.0282988317868698,0.0515789331345324,29,0,0.15523775527851,0.15,0.162041313954124,0,retract
0.754,0,0.0242561415316027,0,29,0,0.155397101976015,0.15,0.159301488810704,0,retract
0.755,0,0.0350214241699,0.0996131199996841,29,0,0.155553736019023,0.15,0.156589329530603,0,retract
0.756,0,0.0318194755554756,0.0126077838689288,29,0,0.155707684883365,0.15,0.15390465490937,0,retract
0.757,0,0.0272738361904076,0,29,0,0.155858975863654,0.15,0.15124728315914,0,retract
0.758,0,0.0233775738774923,0,29,0,0.156007636072729,0.15,0.148617031954156,0,retract
0.759,0,0.0200379204664219,0,29,0,0.156153692441147,0.15,0.146013718475542,0,retract
0.76,0,0.0185494442542688,0.00961858698135014,29,0,0.156297171716719,0.15,0.143437159455335,0,retract
0.761,0,0.0204287591149932,0.0317046482793398,29,0,0.156438100464089,0.15,0.140887171219786,0,retract
0.762,0,0.0175103649557085,0,29,0,0.15657650506436,0.15,0.138363569731915,0,retract
0.763,0,0.0150088842477501,0,29,0,0.156712411714754,0.15,0.135866170633341,0,retract
0.764,0,0.0210918587870541,0.0575897060228777,29,0,0.156845846428321,0.15,0.133394789285383,0,retract
0.765,0,0.0180787361031892,0,29,0,0.156976835033683,0.15,0.130949240809424,0,retract
0.766,0,0.0274144989256599,0.0834290758604842,29,0,0.157105403174825,0.15,0.128529340126567,0,retract
0.767,0,0.0327784782743886,0.0649623543667605,29,0,0.157231576310915,0.15,0.126134901996557,0,retract
0.768,0,0.0280958385209045,0,29,0,0.157355379716173,0.15,0.123765741055998,0,retract
0.769,0,0.026894980014299,0.0196898289746661,29,0,0.15747683847977,0.15,0.121421671855855,0,retract
0.77,0,0.0230528400122563,0,29,0,0.15759597750577,0.15,0.119102508898241,0,retract
0.771,0,0.0198927607217081,0.000932284978418925,29,0,0.157712821513101,0.15,0.116808066672512,0,retract
0.772,0,0.0223777688264887,0.037287817455172,29,0,0.15782739503557,0.15,0.114538159690655,0,retract
0.773,0,0.0191809447084189,0,29,0,0.157939722421907,0.15,0.112292602521979,0,retract
0.774,0,0.0164408097500733,0,29,0,0.158049827835845,0.15,0.110071209827125,0,retract
0.775,0,0.01409212264292,0,29,0,0.158157735256236,0.15,0.107873796391376,0,retract
0.776,0,0.01207896226536,0,29,0,0.158263468477194,0.15,0.105700177157297,0,retract
0.777,0,0.0103533962274514,0,29,0,0.158367051108276,0.15,0.103550167256693,0,retract
0.778,0,0.0164620630360882,0.0531140638879091,29,0,0.158468506574693,0.15,0.1014235820419,0,retract
0.779,0,0.0141103397452185,0,29,0,0.158567858117547,0.15,0.0993202371163996,0,retract
0.78,0,0.0130008245599678,0.00634373344846343,29,0,0.158665128794108,0.15,0.0972399483647815,0,retract
0.781,0,0.0111435639085438,0,29,0,0.158760341478112,0.15,0.0951825319820468,0,retract
0.782,0,0.00955162620732325,0,29,0,0.158853518860088,0.15,0.0931478045022576,0,retract
0.783,0,0.00904157494914096,0.00598126740004722,29,0,0.15894468344772,0.15,0.0911355828265432,0,retract
0.784,0,0.016995508096929,0.0647191069836572,29,0,0.159033857566231,0.15,0.0891456842504652,0,retract
0.785,0,0.0145675783687963,0,29,0,0.159121063358796,0.15,0.0871779264907465,0,retract
0.786,0,0.0124864957446825,0,29,0,0.159206322786977,0.15,0.0852321277113726,0,retract
0.787,0,0.0134071912702972,0.0189313644239855,29,0,0.159289657631192,0.15,0.0833081065490673,0,retract
0.788,0,0.0194982963848791,0.0560449270723703,29,0,0.159371089491201,0.15,0.0814056821381517,0,retract
0.789,0,0.0167128254727535,0,29,0,0.159450639786624,0.15,0.0795246741347897,0,retract
0.79,0,0.0143252789766459,0,29,0,0.159528329757471,0.15,0.0776649027406272,0,retract
0.791,0,0.0142045396113221,0.0134801034193793,29,0,0.159604180464712,0.15,0.0758261887258301,0,retract
0.792,0,0.0121753196668475,0,29,0,0.159678212790852,0.15,0.0740083534515282,0,retract
0.793,0,0.0148848350969553,0.0311419276776021,29,0,0.159750447440543,0.15,0.0722112188916692,0,retract
0.794,0,0.0257691141465869,0.0910747884443766,29,0,0.159820904941207,0.15,0.07043460765429,0,retract
0.795,0,0.0220878121256459,0,29,0,0.159889605643683,0.15,0.0686783430022113,0,retract
0.796,0,0.0189324103934108,0,29,0,0.159956569722901,0.15,0.0669422488731611,0,retract
0.797,0,0.0162277803372093,0,29,0,0.160021817178561,0.15,0.0652261498993329,0,retract
0.798,0,0.0146076665746876,0.00488698399955795,29,0,0.160085367835847,0.15,0.0635298714263861,0,retract
0.799,0,0.0236071555362676,0.0776040893057471,29,0,0.160147241346149,0.15,0.0618532395318936,0,retract
0.8,0,0.020963677448562,0.00510280892232829,29,0,0.160207457187808,0.15,0.0601960810432425,0,retract
0.801,0,0.0179688663844817,0,29,0,0.160266034666875,0.15,0.0585582235549961,0,retract
0.802,0,0.0154018854724129,0,29,0,0.160322992917892,0.15,0.0569394954457207,0,retract
0.803,0,0.0155130636357263,0.016180132615607,29,0,0.160378350904684,0.15,0.0553397258942857,0,retract
0.804,0,0.0227124247738822,0.0659085916028179,29,0,0.160432127421169,0.15,0.0537587448956428,0,retract
0.805,0,0.0194677926633276,0,29,0,0.160484341092187,0.15,0.0521963832760896,0,retract
0.806,0,0.0166866794257094,0,29,0,0.160535010374338,0.15,0.0506524727080252,0,retract
0.807,0,0.0191798179492321,0.0341386490903679,29,0,0.160584153556837,0.15,0.0491268457242035,0,retract
0.808,0,0.0164398439564846,0,29,0,0.160631788762384,0.15,0.047619335731491,0,retract
0.809,0,0.0227347134049996,0.0605039300960893,29,0,0.160677933948046,0.15,0.0461297770241347,0,retract
0.81,0,0.0194868972042853,0,29,0,0.160722606906153,0.15,0.0446580047965477,0,retract
0.811,0,0.0167030547465303,0,29,0,0.160765825265202,0.15,0.0432038551556179,0,retract
0.812,0,0.0246213778128363,0.0721313162106722,29,0,0.160807606490784,0.15,0.0417671651325459,0,retract
0.813,0,0.0211040381252882,0,29,0,0.160847967886505,0.15,0.0403477726942205,0,retract
0.814,0,0.0180891755359614,0,29,0,0.16088692659494,0.15,0.038945516754136,0,retract
0.815,0,0.0155050076022526,0,29,0,0.160924499598574,0.15,0.0375602371828588,0,retract
0.816,0,0.0164616135225608,0.02220124904441,29,0,0.160960703720774,0.15,0.0361917748180487,0,retract
0.817,0,0.0141099544479092,0,29,0,0.160995555626756,0.15,0.0348399714740442,0,retract
0.818,0,0.0120942466696365,0,29,0,0.16102907182457,0.15,0.033504669951013,0,retract
0.819,0,0.0103664971454027,0,29,0,0.161061268666089,0.15,0.0321857140436806,0,retract
0.82,0,0.0100398774502204,0.00808015927912652,29,0,0.161092162348009,0.15,0.030882948549637,0,retract
0.821,0,0.00860560924304606,0,29,0,0.161121768912855,0.15,0.0295962192772326,0,retract
0.822,0,0.0171356311758088,0.0683157627723855,29,0,0.161150104249996,0.15,0.0283253730530677,0,retract
0.823,0,0.0234964785174362,0.0616615625672006,29,0,0.16117718409667,0.15,0.0270702577290812,0,retract
0.824,0,0.0201398387292311,0,29,0,0.161203024039006,0.15,0.0258307221892471,0,retract
0.825,0,0.0172627189107695,0,29,0,0.161227639513067,0.15,0.024606616355883,0,retract
0.826,0,0.0156822870228714,0.00619969569548299,29,0,0.161251045805883,0.15,0.0233977911955775,0,retract
0.827,0,0.0210681578996759,0.0533833831605032,29,0,0.161273258056504,0.15,0.022204098724744,0,retract
0.828,0,0.0180584210568651,0,29,0,0.161294291257051,0.15,0.0210253920148048,0,retract
0.829,0,0.0182891311696532,0.0196733918463817,29,0,0.16131416025377,0.15,0.019861525197014,0,retract
0.83,0,0.0219362687172961,0.0438190940031536,29,0,0.161332879748096,0.15,0.0187123534669245,0,retract
0.831,0,0.0217304939496436,0.0204958453437289,29,0,0.161350464297718,0.15,0.0175777330885042,0,retract
0.832,0,0.0186261376711231,0,29,0,0.161366928317646,0.15,0.01645752139791,0,retract
0.833,0,0.0229823040034948,0.0491193019977248,29,0,0.161382286081292,0.15,0.0153515768069233,0,retract
0.834,0,0.0207964103549169,0.00768104846344942,29,0,0.161396551721535,0.15,0.0142597588060547,0,retract
0.835,0,0.0178254945899288,0,29,0,0.16140973923181,0.15,0.0131819279673231,0,retract
0.836,0,0.0152789953627961,0,29,0,0.161421862467183,0.15,0.0121179459467152,0,retract
0.837,0,0.0154799768977216,0.016685866107275,29,0,0.16143293514544,0.15,0.0110676754863327,0,retract
0.838,0,0.0151378411029272,0.0130850263341607,29,0,0.161442970848168,0.15,0.0100309804162315,0,retract
0.839,0,0.0253086733087925,0.0863336665439844,29,0,0.161451983021845,0.15,0.00900772565595915,0,retract
0.84,0,0.0322821114782529,0.0741227404950148,29,0,0.161459984978931,0.15,0.00799777721579783,0,retract
0.841,0,0.0276703812670739,0,29,0,0.16146698989895,0.15,0.00700100219771702,0,retract
0.842,0,0.0237174696574919,0,29,0,0.161473010829591,0.15,0.00601726879604232,0,retract
0.843,0,0.0285663344263602,0.0576595230395703,29,0,0.161478060687791,0.15,0.00504644629784684,0,retract
0.844,0,0.0244854295083088,0,29,0,0.161482152260827,0.15,0.00408840508306976,0,retract
0.845,0,0.0209875110071218,0,29,0,0.161485298207412,0.15,0.00314301662436843,0,retract
0.846,0,0.0280902858529271,0.0707069349277588,29,0,0.16148751105878,0.15,0.00221015348670944,0,retract
0.847,0,0.0240773878739375,0,29,0,0.161488803219781,0.15,0.00128968932670515,0,retract
0.848,0,0.0206377610348036,0,29,0,0.161489186969965,0.15,0.000381498891699257,0,retract
0.849,0,0.0179386268308627,0.00174382160721778,29,0,0.161488674464674,0.15,-0.000514541981390757,0.000514541981390757,retract
0.85,0,0.0153759658550252,0,29,0,0.161487277736128,0.15,-0.00139855636747069,0.00139855636747069,retract
0.851,0,0.0131793993043073,0,29,0,0.16148500869451,0.15,-0.00227066625489934,0.00227066625489934,retract
0.852,0,0.0154310132966953,0.0289406972510228,29,0,0.161481879129049,0.15,-0.00313099254734633,0.00313099254734633,retract
0.853,0,0.0238974752908335,0.0746962472556631,29,0,0.161477900709102,0.15,-0.0039796550658728,0.0039796550658728,retract
0.854,0,0.0204835502492859,0,29,0,0.161473084985234,0.15,-0.00481677255122902,0.00481677255122902,retract
0.855,0,0.0175573287851022,0,29,0,0.161467443390291,0.15,-0.00564246266636397,0.00564246266636397,retract
0.856,0,0.015049138958659,0,29,0,0.16146098724048,0.15,-0.00645684199914177,0.00645684199914177,retract
0.857,0,0.0128992619645649,0,29,0,0.161453727736435,0.15,-0.00726002606526001,0.00726002606526001,retract
0.858,0,0.0110565102553413,0,29,0,0.161445675964288,0.15,-0.00805212931136427,0.00805212931136427,retract
0.859,0,0.00947700879029255,0,29,0,0.161436842896731,0.15,-0.00883326511835452,0.00883326511835452,retract
0.86,0,0.0131052585754575,0.0348747572864472,29,0,0.161427239394082,0.15,-0.00960354580487747,0.00960354580487747,retract
0.861,0,0.0112330787789636,0,29,0,0.161416876205339,0.15,-0.0103630826310012,0.0103630826310012,retract
0.862,0,0.00962835323911164,0,29,0,0.161405763969236,0.15,-0.0111119858020659,0.0111119858020659,retract
0.863,0,0.015846566067877,0.0531558430404694,29,0,0.161393913215289,0.15,-0.0118503644727066,0.0118503644727066,retract
0.864,0,0.0149975542484295,0.00990348333174414,29,0,0.161381334364849,0.15,-0.012578326751043,0.012578326751043,retract
0.865,0,0.0128550464986538,0,29,0,0.161368037732138,0.15,-0.0132959797030317,0.0132959797030317,retract
0.866,0,0.0110186112845604,0,29,0,0.161354033525287,0.15,-0.0140034293569754,0.0140034293569754,retract
0.867,0,0.0109249174067261,0.0103627541397201,29,0,0.161339331847371,0.15,-0.0147007807081862,0.0147007807081862,retract
0.868,0,0.0184465031909948,0.0635760178966067,29,0,0.161323942697431,0.15,-0.015388137723796,0.015388137723796,retract
0.869,0,0.0158112884494241,0,29,0,0.161307875971505,0.15,-0.016065603347712,0.016065603347712,retract
0.87,0,0.0142566014116596,0.00492847918507257,29,0,0.16129114146364,0.15,-0.0167332795057108,0.0167332795057108,retract
0.871,0,0.0122199440671368,0,29,0,0.161273748866903,0.15,-0.0173912671106677,0.0173912671106677,retract
0.872,0,0.0137068960084746,0.0226286076565013,29,0,0.161255707774396,0.15,-0.0180396660679166,0.0180396660679166,retract
0.873,0,0.0117487680072639,0,29,0,0.161237027680248,0.15,-0.0186785752807369,0.0186785752807369,retract
0.874,0,0.0100703725776548,0,29,0,0.161217717980619,0.15,-0.0193080926559608,0.0193080926559608,retract
0.875,0,0.0114259063306513,0.0195591088486305,29,0,0.161197787974687,0.15,-0.0199283151097007,0.0199283151097007,retract
0.876,0,0.0103833718779579,0.00412816516179735,29,0,0.161177246865633,0.15,-0.0205393385731885,0.0205393385731885,retract
0.877,0,0.00890003303824962,0,29,0,0.161156103761619,0.15,-0.0211412579987257,0.0211412579987257,retract
0.878,0,0.0076285997470711,0,29,0,0.161134367676763,0.15,-0.0217341673657382,0.0217341673657382,retract
0.879,0,0.0163310009109528,0.0685454078942432,29,0,0.161112047532103,0.15,-0.0223181596869339,0.0223181596869339,retract
0.88,0,0.0187453616879886,0.0332315263502033,29,0,0.161089152156559,0.15,-0.022893327014557,0.022893327014557,retract
0.881,0,0.0163005497603364,0.00163167819442281,29,0,0.161065690287889,0.15,-0.0234597604467365,0.0234597604467365,retract
0.882,0,0.0153120356144789,0.00938095073933417,29,0,0.161041670573631,0.15,-0.0240175501339253,0.0240175501339253,retract
0.883,0,0.0131246019552676,0,29,0,0.161017101572049,0.15,-0.0245667852854248,0.0245667852854248,retract
0.884,0,0.0112496588188008,0,29,0,0.160991991753067,0.15,-0.0251075541759926,0.0251075541759926,retract
0.885,0,0.0137342505906699,0.0286418012218841,29,0,0.160966349499194,0.15,-0.0256399441525291,0.0256399441525291,retract
0.886,0,0.0117722147920027,0,29,0,0.160940183106449,0.15,-0.0261640416408394,0.0261640416408394,retract
0.887,0,0.0218124960795622,0.0820541838049189,29,0,0.160913500785274,0.15,-0.026679932152467,0.026679932152467,retract
0.888,0,0.0310103572280603,0.0861975241190492,29,0,0.160886310661438,0.15,-0.0271877002915961,0.0271877002915961,retract
0.889,0,0.0305014497093984,0.0274480045974267,29,0,0.160858620776945,0.15,-0.0276874297620188,0.0276874297620188,retract
0.89,0,0.0261440997509129,0,29,0,0.160830439090919,0.15,-0.0281792033741639,0.0281792033741639,retract
0.891,0,0.0224092283579253,0,29,0,0.160801773480498,0.15,-0.0286631030521836,0.0286631030521836,retract
0.892,0,0.0192079100210789,0,29,0,0.160772631741707,0.15,-0.0291392098410957,0.0291392098410957,retract
0.893,0,0.0203392167037257,0.027127056799607,29,0,0.160743021590336,0.15,-0.0296076039139774,0.0296076039139774,retract
0.894,0,0.0174336143174792,0,29,0,0.160712950662801,0.15,-0.030068364579208,0.030068364579208,retract
0.895,0,0.0199077831104448,0.0347527958682384,29,0,0.160682426517003,0.15,-0.0305215702877566,0.0305215702877566,retract
0.896,0,0.017063814094667,0,29,0,0.160651456633176,0.15,-0.0309672986405129,0.0309672986405129,retract
0.897,0,0.016880527794058,0.0157808099904039,29,0,0.160620048414737,0.15,-0.0314056263956573,0.0314056263956573,retract
0.898,0,0.0227552511775476,0.0580035914784857,29,0,0.160588209189112,0.15,-0.0318366294760674,0.0318366294760674,retract
0.899,0,0.0242281285394353,0.0330653927107615,29,0,0.160555946208572,0.15,-0.0322603829767585,0.0322603829767585,retract
0.9,0,0.020766967319516,0,29,0,0.160523266651049,0.15,-0.0326769611723552,0.0326769611723552,retract
0.901,0,0.0178002577024423,0,29,0,0.160490177620954,0.15,-0.0330864375245901,0.0330864375245901,retract
0.902,0,0.0152573637449505,0,29,0,0.160456686149977,0.15,-0.033488884689829,0.033488884689829,retract
0.903,0,0.0130777403528147,0,29,0,0.160422799197889,0.15,-0.0338843745266182,0.0338843745266182,retract
0.904,0,0.0192908548576023,0.0565695418863275,29,0,0.160388523653332,0.15,-0.034272978103252,0.034272978103252,retract
0.905,0,0.0165350184493734,0,29,0,0.160353866334602,0.15,-0.0346547657053573,0.0346547657053573,retract
0.906,0,0.0205879706868482,0.0449056841116969,29,0,0.160318833990425,0.15,-0.0350298068434941,0.0350298068434941,retract
0.907,0,0.0176468320172984,0,29,0,0.160283433300723,0.15,-0.0353981702607676,0.0353981702607676,retract
0.908,0,0.0151258560148272,0,29,0,0.160247670877375,0.15,-0.0357599239404504,0.0357599239404504,retract
0.909,0,0.0278121693477973,0.103930049345618,29,0,0.160211553264974,0.15,-0.036115135113613,0.036115135113613,retract
0.91,0,0.0457489266770025,0.153369470652233,29,0,0.160175086941564,0.15,-0.0364638702667594,0.0364638702667594,retract
0.911,0,0.0441557204495476,0.0345964830848185,29,0,0.160138278319385,0.15,-0.0368061951494652,0.0368061951494652,retract
0.912,0,0.0391509052246773,0.00912201387545494,29,0,0.160101133745598,0.15,-0.0371421747820176,0.0371421747820176,retract
0.913,0,0.0335579187640091,0,29,0,0.160063659503009,0.15,-0.0374718734630532,0.0374718734630532,retract
0.914,0,0.0287639303691506,0,29,0,0.160025861810785,0.15,-0.0377953547771926,0.0377953547771926,retract
0.915,0,0.0287904651242764,0.0289496736550308,29,0,0.159987746825157,0.15,-0.0381126816026702,0.0381126816026702,retract
0.916,0,0.0279835164534298,0.0231418244283507,29,0,0.159949320640123,0.15,-0.0384239161189546,0.0384239161189546,retract
0.917,0,0.023985871245797,0,29,0,0.159910589288137,0.15,-0.0387291198143617,0.0387291198143617,retract
0.918,0,0.0236905970247343,0.0219189516983578,29,0,0.159871558740797,0.15,-0.0390283534936546,0.0390283534936546,retract
0.919,0,0.0203062260212008,0,29,0,0.159832234909516,0.15,-0.0393216772856306,0.0393216772856306,retract
0.92,0,0.0338384549701898,0.115031828664124,29,0,0.159792623646197,0.15,-0.0396091506506935,0.0396091506506935,retract
0.921,0,0.0316790860934556,0.0187228728330504,29,0,0.159752730743889,0.15,-0.0398908323884077,0.0398908323884077,retract
0.922,0,0.027971169945737,0.00572367305942523,29,0,0.159712561937445,0.15,-0.0401667806450344,0.0401667806450344,retract
0.923,0,0.0239752885249174,0,29,0,0.159672122904165,0.15,-0.0404370529210468,0.0404370529210468,retract
0.924,0,0.0205502473070721,0,29,0,0.159631419264438,0.15,-0.0407017060786231,0.0407017060786231,retract
0.925,0,0.0189797364979846,0.00955667164345936,29,0,0.159590456582372,0.15,-0.0409607963491159,0.0409607963491159,retract
0.926,0,0.016268345569701,0,29,0,0.159549240366418,0.15,-0.0412143793404954,0.0412143793404954,retract
0.927,0,0.0220220192618512,0.0565440614147524,29,0,0.159507776069985,0.15,-0.0414625100447665,0.0414625100447665,retract
0.928,0,0.0188760165101582,0,29,0,0.159466069092054,0.15,-0.0417052428453567,0.0417052428453567,retract
0.929,0,0.0161794427229927,0,29,0,0.159424124777773,0.15,-0.0419426315244743,0.0419426315244743,retract
0.93,0,0.0138680937625652,0,29,0,0.159381948419059,0.15,-0.042174729270435,0.042174729270435,retract
0.931,0,0.0119649787777295,0.000546288868715255,29,0,0.159339545255179,0.15,-0.0424015886849557,0.0424015886849557,retract
0.932,0,0.0209527951037624,0.0748796930599597,29,0,0.159296920473333,0.15,-0.0426232617904146,0.0426232617904146,retract
0.933,0,0.0179595386603678,0,29,0,0.159254079209226,0.15,-0.0428398000370748,0.0428398000370748,retract
0.934,0,0.0240913332326815,0.060882100666564,29,0,0.159211026547635,0.15,-0.0430512543102721,0.0430512543102721,retract
0.935,0,0.0206497141994413,0,29,0,0.159167767522963,0.15,-0.0432576749375645,0.0432576749375645,retract
0.936,0,0.0295845611254703,0.0831936426816443,29,0,0.159124307119798,0.15,-0.0434591116958425,0.0434591116958425,retract
0.937,0,0.0256110564856238,0.00177002864654481,29,0,0.15908065027345,0.15,-0.0436556138183989,0.0436556138183989,retract
0.938,0,0.0219523341305347,0,29,0,0.159036801870491,0.15,-0.043847230001958,0.043847230001958,retract
0.939,0,0.022964584767186,0.029038088587094,29,0,0.158992766749285,0.15,-0.0440340084136607,0.0440340084136607,retract
0.94,0,0.0318037814962465,0.0848389618706097,29,0,0.158948549700513,0.15,-0.0442159966980076,0.0442159966980076,retract
0.941,0,0.0272603841396399,0,29,0,0.158904155467687,0.15,-0.0443932419837566,0.0443932419837566,retract
0.942,0,0.0233660435482628,0,29,0,0.158859588747661,0.15,-0.0445657908907756,0.0445657908907756,retract
0.943,0,0.0200280373270824,0,29,0,0.158814854191131,0.15,-0.0447336895368476,0.0447336895368476,retract
0.944,0,0.0173407837343154,0.00121726217771321,29,0,0.158769956403135,0.15,-0.04489698354443,0.04489698354443,retract
0.945,0,0.0209953334072964,0.0429226314451828,29,0,0.158724899943541,0.15,-0.0450557180473641,0.0450557180473641,retract
0.946,0,0.026509613430804,0.0595952935718497,29,0,0.158679689327528,0.15,-0.0452099376975361,0.0452099376975361,retract
0.947,0,0.022722525797832,0,29,0,0.158634329026062,0.15,-0.0453596866714887,0.0453596866714887,retract
0.948,0,0.019476450683856,0,29,0,0.158588823466369,0.15,-0.0455050086769809,0.0455050086769809,retract
0.949,0,0.0197341148650411,0.0212800999521518,29,0,0.158543177032392,0.15,-0.0456459469594975,0.0456459469594975,retract
0.95,0,0.0189296244744309,0.0141026821307693,29,0,0.158497394065255,0.15,-0.0457825443087052,0.0457825443087052,retract
0.951,0,0.016225392406655,0,29,0,0.158451478863704,0.15,-0.0459148430648572,0.0459148430648572,retract
0.952,0,0.0163525081061141,0.0171152023028689,29,0,0.158405435684559,0.15,-0.0460428851251431,0.0460428851251431,retract
0.953,0,0.0219103751335806,0.0552575772983794,29,0,0.158359268743147,0.15,-0.0461667119499857,0.0461667119499857,retract
0.954,0,0.0187803215430691,0,29,0,0.158312982213735,0.15,-0.0462863645692822,0.0462863645692822,retract
0.955,0,0.0160974184654878,0,29,0,0.158266580229951,0.15,-0.0464018835885909,0.0464018835885909,retract
0.956,0,0.0232971912035047,0.0664958276316063,29,0,0.15822006688521,0.15,-0.0465133091952613,0.0465133091952613,retract
0.957,0,0.0199690210315755,0,29,0,0.15817344623312,0.15,-0.046620681164509,0.046620681164509,retract
0.958,0,0.0171163037413504,0,29,0,0.158126722287893,0.15,-0.0467240388654325,0.0467240388654325,retract
0.959,0,0.0146711174925861,0,29,0,0.158079899024742,0.15,-0.0468234212669738,0.0468234212669738,retract
0.96,0,0.0183086687195218,0.0401339760811366,29,0,0.158032980380279,0.15,-0.0469188669438205,0.0469188669438205,retract
0.961,0,0.015693144616733,0,29,0,0.157985970252906,0.15,-0.0470104140822508,0.0470104140822508,retract
0.962,0,0.0134512668143426,0,29,0,0.157938872503191,0.15,-0.0470981004859191,0.0470981004859191,retract
0.963,0,0.013504078962383,0.0138209518506258,29,0,0.157891690954252,0.15,-0.0471819635815834,0.0471819635815834,retract
0.964,0,0.0151112272702832,0.0247541171176843,29,0,0.157844429392126,0.15,-0.0472620404247735,0.0472620404247735,retract
0.965,0,0.0149635245629178,0.0140773083187256,29,0,0.157797091566137,0.15,-0.0473383677053992,0.0473383677053992,retract
0.966,0,0.0128258781967867,0,29,0,0.157749681189254,0.15,-0.0474109817533002,0.0474109817533002,retract
0.967,0,0.020703988223748,0.0679726483855158,29,0,0.157702201938449,0.15,-0.0474799185437339,0.0474799185437339,retract
0.968,0,0.0177462756203554,0,29,0,0.157654657455044,0.15,-0.0475452137028056,0.0475452137028056,retract
0.969,0,0.0152110933888761,0,29,0,0.157607051345059,0.15,-0.047606902512836,0.047606902512836,retract
0.97,0,0.0130380800476081,0,29,0,0.157559387179546,0.15,-0.0476650199176695,0.0476650199176695,retract
0.971,0,0.0120822897133032,0.00634754770747368,29,0,0.157511668494928,0.15,-0.0477196005279215,0.0477196005279215,retract
0.972,0,0.0103562483256884,0,29,0,0.157463898793324,0.15,-0.0477706786261646,0.0477706786261646,retract
0.973,0,0.00887678427916151,0,29,0,0.157416081542875,0.15,-0.0478182881720537,0.0478182881720537,retract
0.974,0,0.0185401782174691,0.0765205418473146,29,0,0.157368220178059,0.15,-0.0478624628073909,0.0478624628073909,retract
0.975,0,0.0158915813292592,0,29,0,0.157320318100009,0.15,-0.0479032358611277,0.0479032358611277,retract
0.976,0,0.0136213554250793,0,29,0,0.157272378676818,0.15,-0.0479406403543076,0.0479406403543076,retract
0.977,0,0.0201265537983828,0.0591577440382034,29,0,0.157224405243843,0.15,-0.0479747090049464,0.0479747090049464,retract
0.978,0,0.0172513318271852,0,29,0,0.157176401104004,0.15,-0.0480054742328511,0.0480054742328511,retract
0.979,0,0.014786855851873,0,29,0,0.15712836952808,0.15,-0.0480329681643785,0.0480329681643785,retract
0.98,0,0.0141339238943096,0.0102163321489288,29,0,0.157080313754996,0.15,-0.0480572226371313,0.0480572226371313,retract
0.981,0,0.0121147919094082,0,29,0,0.157032236992107,0.15,-0.048078269204594,0.048078269204594,retract
0.982,0,0.0103841073509213,0,29,0,0.15698414241548,0.15,-0.0480961391407068,0.0480961391407068,retract
0.983,0,0.0122555343358121,0.0234840962451564,29,0,0.156936033170171,0.15,-0.0481108634443786,0.0481108634443786,retract
0.984,0,0.0105047437164103,0,29,0,0.156887912370489,0.15,-0.0481224728439396,0.0481224728439396,retract
0.985,0,0.00900406604263743,0,29,0,0.156839783100273,0.15,-0.0481309978015315,0.0481309978015315,retract
0.986,0,0.00771777089368922,0,29,0,0.156791648413145,0.15,-0.0481364685174383,0.0481364685174383,retract
0.987,0,0.00858631078253558,0.0137975501156137,29,0,0.156743511332773,0.15,-0.0481389149343557,0.0481389149343557,retract
0.988,0,0.0147034434153412,0.051406239212175,29,0,0.156695374853126,0.15,-0.0481383667415997,0.0481383667415997,retract
0.989,0,0.0127691385945818,0.00116330967002538,29,0,0.156647241938718,0.15,-0.0481348533792553,0.0481348533792553,retract
0.99,0,0.010944975938213,0,29,0,0.156599115524861,0.15,-0.0481284040422651,0.0481284040422651,retract
0.991,0,0.0149111430013494,0.0387081453801683,29,0,0.156550998517899,0.15,-0.0481190476844566,0.0481190476844566,retract
0.992,0,0.0127809797154424,0,29,0,0.156502893795452,0.15,-0.0481068130225114,0.0481068130225114,retract
0.993,0,0.0159008815014985,0.0346202922178352,29,0,0.156454804206646,0.15,-0.0480917285398734,0.0480917285398734,retract
0.994,0,0.0136293270012844,0,29,0,0.156406732572344,0.15,-0.0480738224905982,0.0480738224905982,retract
0.995,0,0.0226712203269265,0.0769225802807792,29,0,0.156358681685373,0.15,-0.0480531229031432,0.0480531229031432,retract
0.996,0,0.023828356630436,0.0307711744514928,29,0,0.156310654310743,0.15,-0.0480296575840988,0.0480296575840988,retract
0.997,0,0.0204694545618095,0.000316042150050383,29,0,0.15626265318587,0.15,-0.0480034541218607,0.0480034541218607,retract
0.998,0,0.0175452467672653,0,29,0,0.156214681020788,0.15,-0.0479745398902442,0.0479745398902442,retract
0.999,0,0.0159088158616235,0.0060902304277727,29,0,0.156166740498361,0.15,-0.0479429420520402,0.0479429420520402,retract
1,0,0.019549105203699,0.0413908412561519,29,0,0.156118834274491,0.15,-0.0479086875625131,0.0479086875625131,retract
1.001,0,0.0179204610233254,0.0081485959410839,29,0,0.156070964978323,0.15,-0.047871803172842,0.047871803172842,retract
1.002,0,0.0194107045482094,0.0283521656975135,29,0,0.156023135212447,0.15,-0.0478323154335035,0.0478323154335035,retract
1.003,0,0.0166377467556081,0,29,0,0.155975347553094,0.15,-0.047790250697599,0.047790250697599,retract
1.004,0,0.0142609257905212,0,29,0,0.155927604550329,0.15,-0.0477456351241244,0.0477456351241244,retract
1.005,0,0.0173940652986252,0.0361929023472491,29,0,0.155879908728247,0.15,-0.0476984946811842,0.0476984946811842,retract
1.006,0,0.014909198827393,0,29,0,0.155832262585157,0.15,-0.0476488551491496,0.0476488551491496,retract
1.007,0,0.0184571715120427,0.0397450076199405,29,0,0.155784668593769,0.15,-0.0475967421237609,0.0475967421237609,retract
1.008,0,0.0166400702987241,0.00573746301881306,29,0,0.155737129201376,0.15,-0.0475421810191753,0.0475421810191753,retract
1.009,0,0.0142629173989064,0,29,0,0.15568964683003,0.15,-0.04748519707096,0.04748519707096,retract
1.01,0,0.0173223856998647,0.0356791955056141,29,0,0.155642223876723,0.15,-0.0474258153390301,0.0474258153390301,retract
1.011,0,0.0148477591713126,0,29,0,0.155594862713555,0.15,-0.0473640607105337,0.0473640607105337,retract
1.012,0,0.0137129358481057,0.00690399590886461,29,0,0.155547565687909,0.15,-0.0472999579026828,0.0472999579026828,retract
1.013,0,0.0153570347484247,0.0252216281503389,29,0,0.155500335122615,0.15,-0.0472335314655311,0.0472335314655311,retract
1.014,0,0.0245929419631141,0.0800083852512499,29,0,0.155453173316117,0.15,-0.0471648057846996,0.0471648057846996,retract
1.015,0,0.021079664539812,0,29,0,0.155406082542631,0.15,-0.0470938050840495,0.0470938050840495,retract
1.016,0,0.0226296607031645,0.0319296376832791,29,0,0.155359065052311,0.15,-0.0470205534283032,0.0470205534283032,retract
1.017,0,0.0212055543986102,0.0126609165712844,29,0,0.155312123071401,0.15,-0.0469450747256141,0.0469450747256141,retract
1.018,0,0.018176189484523,0,29,0,0.15526525880239,0.15,-0.0468673927300854,0.0468673927300854,retract
1.019,0,0.015579590986734,0,29,0,0.155218474424166,0.15,-0.0467875310442383,0.0467875310442383,retract
1.02,0,0.0370938785745436,0.166179604101401,29,0,0.155171772092163,0.15,-0.0467055131214303,0.0467055131214303,retract
1.021,0,0.0326595023958303,0.00605324532355032,29,0,0.155125153938508,0.15,-0.0466213622682237,0.0466213622682237,retract
1.022,0,0.027993859196426,0,29,0,0.15507862207217,0.15,-0.0465351016467045,0.0465351016467045,retract
1.023,0,0.0300323213605846,0.0422630943455361,29,0,0.155032178579097,0.15,-0.046446754276754,0.046446754276754,retract
1.024,0,0.0257419897376439,0,29,0,0.154985825522358,0.15,-0.0463563430382707,0.0463563430382707,retract
1.025,0,0.0220645626322662,0,29,0,0.154939564942284,0.15,-0.0462638906733452,0.0462638906733452,retract
1.026,0,0.0189124822562282,0,29,0,0.154893398856599,0.15,-0.0461694197883876,0.0461694197883876,retract
1.027,0,0.0167544164117992,0.00380602134522516,29,0,0.154847329260559,0.15,-0.0460729528562084,0.0460729528562084,retract
1.028,0,0.0143609283529707,0,29,0,0.154801358127079,0.15,-0.0459745122180525,0.0459745122180525,retract
1.029,0,0.0123093671596892,0,29,0,0.154755487406867,0.15,-0.0458741200855882,0.0458741200855882,retract
1.03,0,0.0105508861368765,0,29,0,0.154709719028547,0.15,-0.0457717985428502,0.0457717985428502,retract
1.031,0,0.00904361668875124,0,29,0,0.154664054898791,0.15,-0.0456675695481382,0.0456675695481382,retract
1.032,0,0.00775167144750107,0,29,0,0.154618496902439,0.15,-0.0455614549358706,0.0455614549358706,retract
1.033,0,0.00664428981214377,0,29,0,0.15457304690262,0.15,-0.0454534764183956,0.0454534764183956,retract
1.034,0,0.00569510555326609,0,29,0,0.154527706740879,0.15,-0.0453436555877571,0.0453436555877571,retract
1.035,0,0.0151665419998481,0.0719951606793401,29,0,0.154482478237288,0.15,-0.0452320139174197,0.0452320139174197,retract
1.036,0,0.0129998931427269,0,29,0,0.154437363190568,0.15,-0.0451185727639498,0.0451185727639498,retract
1.037,0,0.0111427655509088,0,29,0,0.154392363378202,0.15,-0.045003353368656,0.045003353368656,retract
1.038,0,0.0106966812240728,0.00802017526305657,29,0,0.154347480556552,0.15,-0.0448863768591877,0.0448863768591877,retract
1.039,0,0.0129516096220065,0.0264811800096089,29,0,0.154302716460968,0.15,-0.0447676642510929,0.0447676642510929,retract
1.04,0,0.0111013796760056,0,29,0,0.154258072805899,0.15,-0.0446472364493357,0.0446472364493357,retract
1.041,0,0.00951546829371907,0,29,0,0.154213551285005,0.15,-0.0445251142497743,0.0445251142497743,retract
1.042,0,0.0121163846478117,0.0277218827723677,29,0,0.154169153571262,0.15,-0.0444013183405996,0.0444013183405996,retract
1.043,0,0.0117972486183983,0.00988243244191783,29,0,0.154124881317071,0.15,-0.0442758693037345,0.0442758693037345,retract
1.044,0,0.0143009338775014,0.0293230454321196,29,0,0.154080736154359,0.15,-0.0441487876161963,0.0441487876161963,retract
1.045,0,0.0122579433235726,0,29,0,0.154036719694687,0.15,-0.0440200936514198,0.0440200936514198,retract
1.046,0,0.0105068085630622,0,29,0,0.15399283352935,0.15,-0.0438898076805442,0.0438898076805442,retract
1.047,0,0.00900583591119619,0,29,0,0.153949079229481,0.15,-0.0437579498736633,0.0437579498736633,retract
1.048,0,0.0162128447894012,0.0594548980586311,29,0,0.153905458346146,0.15,-0.0436245403010388,0.0436245403010388,retract
1.049,0,0.0161651116384423,0.0158787127326889,29,0,0.153861972410447,0.15,-0.0434895989342791,0.0434895989342791,retract
1.05,0,0.0138558099758077,0,29,0,0.153818622933619,0.15,-0.0433531456474814,0.0433531456474814,retract
1.051,0,0.0118764085506923,0,29,0,0.153775411407125,0.15,-0.0432152002183407,0.0432152002183407,retract
1.052,0,0.0101797787577362,0,29,0,0.153732339302751,0.15,-0.0430757823292238,0.0430757823292238,retract
1.053,0,0.0131857452453504,0.0312215441710355,29,0,0.153689408072706,0.15,-0.0429349115682099,0.0429349115682099,retract
1.054,0,0.0113020673531575,0,29,0,0.153646619149707,0.15,-0.0427926074300978,0.0427926074300978,retract
1.055,0,0.00968748630270643,0,29,0,0.153603973947075,0.15,-0.0426488893173818,0.0426488893173818,retract
1.056,0,0.00830355968803408,0,29,0,0.153561473858832,0.15,-0.042503776541193,0.042503776541193,retract
1.057,0,0.00711733687545779,0,29,0,0.15351912025978,0.15,-0.0423572883222118,0.0423572883222118,retract
1.058,0,0.0104605688430324,0.0305199606484801,29,0,0.153476914505603,0.15,-0.0422094437915477,0.0422094437915477,retract
1.059,0,0.00989561101304668,0.00650586403313231,29,0,0.153434857932946,0.15,-0.0420602619915888,0.0420602619915888,retract
1.06,0,0.00848195229689715,0,29,0,0.153392951859508,0.15,-0.0419097618768215,0.0419097618768215,retract
1.061,0,0.0209841388119252,0.0959972579020932,29,0,0.15335119758413,0.15,-0.0417579623146203,0.0417579623146203,retract
1.062,0,0.0303332208006156,0.0864277127327586,29,0,0.153309596386877,0.15,-0.0416048820860092,0.0416048820860092,retract
1.063,0,0.0259999035433848,0,29,0,0.153268149529128,0.15,-0.0414505398863936,0.0414505398863936,retract
1.064,0,0.0222856316086156,0,29,0,0.153226858253658,0.15,-0.041294954326265,0.041294954326265,retract
1.065,0,0.0191019699502419,0,29,0,0.153185723784725,0.15,-0.0411381439318775,0.0411381439318775,retract
1.066,0,0.0163731171002074,0,29,0,0.153144747328151,0.15,-0.0409801271458977,0.0409801271458977,retract
1.067,0,0.0219055390301244,0.0551000706096267,29,0,0.153103930071406,0.15,-0.0408209223280274,0.0408209223280274,retract
1.068,0,0.0266825826362055,0.0553448442726921,29,0,0.153063273183693,0.15,-0.0406605477556011,0.0406605477556011,retract
1.069,0,0.0228707851167476,0,29,0,0.153022777816024,0.15,-0.0404990216241571,0.0404990216241571,retract
1.07,0,0.0267377309703599,0.0499394060920339,29,0,0.152982445101307,0.15,-0.0403363620479835,0.0403363620479835,retract
1.071,0,0.0250345705935294,0.0148156083325465,29,0,0.152942276154424,0.15,-0.0401725870606404,0.0401725870606404,retract
1.072,0,0.0214582033658824,0,29,0,0.152902272072313,0.15,-0.0400077146154565,0.0400077146154565,retract
1.073,0,0.0215558851453322,0.0221419758220316,29,0,0.152862433934045,0.15,-0.0398417625860036,0.0398417625860036,retract
1.074,0,0.025520112131728,0.0493054740501027,29,0,0.152822762800905,0.15,-0.0396747487665464,0.0396747487665464,retract
1.075,0,0.0302049873581555,0.0583142387167203,29,0,0.152783259716472,0.15,-0.0395066908724703,0.0395066908724703,retract
1.076,0,0.032017375119437,0.0428917016871264,29,0,0.152743925706696,0.15,-0.0393376065406873,0.0393376065406873,retract
1.077,0,0.0352074653831259,0.0543480069652592,29,0,0.152704761779975,0.15,-0.0391675133300188,0.0391675133300188,retract
1.078,0,0.0301778274712508,0,29,0,0.152665768927236,0.15,-0.0389964287215582,0.0389964287215582,retract
1.079,0,0.0258667092610721,0,29,0,0.152626948122011,0.15,-0.038824370119012,0.038824370119012,retract
1.08,0,0.0221714650809189,0,29,0,0.152588300320512,0.15,-0.0386513548490207,0.0386513548490207,retract
1.081,0,0.019004112926502,0,29,0,0.15254982646171,0.15,-0.0384774001614593,0.0384774001614593,retract
1.082,0,0.0162892396512874,0,29,0,0.152511527467411,0.15,-0.0383025232297187,0.0383025232297187,retract
1.083,0,0.0139622054153892,0,29,0,0.152473404242334,0.15,-0.0381267411509675,0.0381267411509675,retract
1.084,0,0.0254073080095768,0.0940779235747023,29,0,0.152435457674182,0.15,-0.0379500709463954,0.0379500709463954,retract
1.085,0,0.0217776925796372,0,29,0,0.152397688633723,0.15,-0.0377725295614383,0.0377725295614383,retract
1.086,0,0.0186665936396891,0,29,0,0.152360097974863,0.15,-0.0375941338659857,0.0375941338659857,retract
1.087,0,0.0185561155465381,0.0178932469876321,29,0,0.152322686534722,0.15,-0.0374149006545701,0.0374149006545701,retract
1.088,0,0.0165653519543569,0.00462077040126973,29,0,0.152285455133709,0.15,-0.0372348466465403,0.0372348466465403,retract
1.089,0,0.0141988731037345,0,29,0,0.152248404575596,0.15,-0.0370539884862174,0.0370539884862174,retract
1.09,0,0.0174616068301486,0.0370380091886333,29,0,0.152211535647595,0.15,-0.0368723427430351,0.0368723427430351,retract
1.091,0,0.0149670915686988,0,29,0,0.152174849120431,0.15,-0.0366899259116643,0.0366899259116643,retract
1.092,0,0.0128289356303132,0,29,0,0.152138345748419,0.15,-0.0365067544121219,0.0365067544121219,retract
1.093,0,0.0111226394562617,0.000884862411952363,29,0,0.152102026269534,0.15,-0.0363228445898653,0.0363228445898653,retract
1.094,0,0.00953369096251002,0,29,0,0.152065891405491,0.15,-0.0361382127158721,0.0361382127158721,retract
1.095,0,0.0109248951730857,0.0192721204365394,29,0,0.152029941861814,0.15,-0.0359528749867054,0.0359528749867054,retract
1.096,0,0.0148492150989058,0.0383951346538269,29,0,0.151994178327914,0.15,-0.0357668475245661,0.0357668475245661,retract
1.097,0,0.0235239527626987,0.075572378745456,29,0,0.151958601477164,0.15,-0.0355801463773314,0.0355801463773314,retract
1.098,0,0.024970005165525,0.0336463195824828,29,0,0.151923211966968,0.15,-0.0353927875185801,0.0353927875185801,retract
1.099,0,0.02140286157045,0,29,0,0.151888010438843,0.15,-0.0352047868476062,0.0352047868476062,retract
1.1,0,0.0183453099175286,0,29,0,0.151852997518486,0.15,-0.0350161601894195,0.0350161601894195,retract
1.101,0,0.0348368346802872,0.133785983256839,29,0,0.151818173815852,0.15,-0.0348269232947348,0.0348269232947348,retract
1.102,0,0.039430486244958,0.0669923956329831,29,0,0.151783539925227,0.15,-0.0346370918399495,0.0346370918399495,retract
1.103,0,0.0361981540577236,0.0168041609343169,29,0,0.151749096425306,0.15,-0.0344466814271104,0.0344466814271104,retract
1.104,0,0.0366505081195269,0.0393646324903469,29,0,0.151714843879259,0.15,-0.0342557075838696,0.0342557075838696,retract
1.105,0,0.0314147212453088,0,29,0,0.151680782834816,0.15,-0.03406418576343,0.03406418576343,retract
1.106,0,0.0269269039245504,0,29,0,0.151646913824331,0.15,-0.0338721313444806,0.0338721313444806,retract
1.107,0,0.0230802033639003,0,29,0,0.151613237364867,0.15,-0.0336795596311232,0.0336795596311232,retract
1.108,0,0.0328291704907013,0.0913229732515072,29,0,0.15157975395826,0.15,-0.0334864858527883,0.0334864858527883,retract
1.109,0,0.0281392889920297,0,29,0,0.151546464091204,0.15,-0.0332929251641433,0.0332929251641433,retract
1.11,0,0.0334584065476363,0.0653731118812757,29,0,0.151513368235315,0.15,-0.0330988926449912,0.0330988926449912,retract
1.111,0,0.0286786341836882,0,29,0,0.151480466847218,0.15,-0.0329044033001619,0.0329044033001619,retract
1.112,0,0.0297571776891315,0.0362284387217912,29,0,0.151447760368611,0.15,-0.0327094720593944,0.0327094720593944,retract
1.113,0,0.0260398272828033,0.00373572484483392,29,0,0.151415249226346,0.15,-0.0325141137772125,0.0325141137772125,retract
1.114,0,0.0223198519566885,0,29,0,0.151382933832506,0.15,-0.0323183432327928,0.0323183432327928,retract
1.115,0,0.0218893726109056,0.0193064965362078,29,0,0.151350814584473,0.15,-0.0321221751298251,0.0321221751298251,retract
1.116,0,0.0193848536987985,0.004357740226156,29,0,0.151318891865011,0.15,-0.0319256240963671,0.0319256240963671,retract
1.117,0,0.020179249598946,0.0249456249998312,29,0,0.151287166042339,0.15,-0.0317287046846919,0.0317287046846919,retract
1.118,0,0.0213433563158063,0.0283279966169683,29,0,0.151255637470206,0.15,-0.0315314313711303,0.0315314313711303,retract
1.119,0,0.0228166628642598,0.0316565021549804,29,0,0.151224306487967,0.15,-0.0313338185559062,0.0313338185559062,retract
1.12,0,0.019557139597937,0,29,0,0.151193173420663,0.15,-0.0311358805629677,0.0311358805629677,retract
1.121,0,0.0241710623042198,0.051854598541917,29,0,0.15116223857909,0.15,-0.0309376316398122,0.0309376316398122,retract
1.122,0,0.020718053403617,0,29,0,0.151131502259884,0.15,-0.0307390859573068,0.0307390859573068,retract
1.123,0,0.0177583314888146,0,29,0,0.151100964745592,0.15,-0.030540257609504,0.030540257609504,retract
1.124,0,0.0248034481491055,0.0670741481108512,29,0,0.15107062630475,0.15,-0.0303411606134539,0.0303411606134539,retract
1.125,0,0.021260098413519,0,29,0,0.151040487191961,0.15,-0.030141808909011,0.030141808909011,retract
1.126,0,0.018222941497302,0,29,0,0.151010547647974,0.15,-0.0299422163586381,0.0299422163586381,retract
1.127,0,0.0195586345379161,0.027572792781601,29,0,0.150980807899758,0.15,-0.0297423967472061,0.0297423967472061,retract
1.128,0,0.0196373281940634,0.0201094901309471,29,0,0.150951268160581,0.15,-0.0295423637817916,0.0295423637817916,retract
1.129,0,0.0168319955949115,0,29,0,0.150921928630089,0.15,-0.02934213109147,0.02934213109147,retract
1.13,0,0.0144274247956384,0,29,0,0.150892789494384,0.15,-0.0291417122271069,0.0291417122271069,retract
1.131,0,0.0138539169632596,0.0104128699689864,29,0,0.150863850926099,0.15,-0.0289411206611469,0.0289411206611469,retract
1.132,0,0.0129032164074524,0.00719901307260932,29,0,0.150835113084483,0.15,-0.0287403697873995,0.0287403697873995,retract
1.133,0,0.0166674776393274,0.0392530450305775,29,0,0.150806576115474,0.15,-0.0285394729208238,0.0285394729208238,retract
1.134,0,0.0142864094051378,0,29,0,0.150778240151779,0.15,-0.0283384432973108,0.0283384432973108,retract
1.135,0,0.0168050764931896,0.0319170790215005,29,0,0.150750105312958,0.15,-0.0281372940734645,0.0281372940734645,retract
1.136,0,0.0215976555453505,0.0503531298583162,29,0,0.150722171705496,0.15,-0.0279360383263813,0.0279360383263813,retract
1.137,0,0.0262700273988443,0.0543042585198069,29,0,0.150694439422888,0.15,-0.0277346890534293,0.0277346890534293,retract
1.138,0,0.0319880152369509,0.0662959422655907,29,0,0.150666908545716,0.15,-0.0275332591720248,0.0275332591720248,retract
1.139,0,0.0333062986619253,0.0412159992117713,29,0,0.150639579141734,0.15,-0.0273317615194105,0.0273317615194105,retract
1.14,0,0.0295378622795809,0.00692724398551444,29,0,0.150612451265939,0.15,-0.0271302088524315,0.0271302088524315,retract
1.141,0,0.0323361792961912,0.0491260813958531,29,0,0.150585524960662,0.15,-0.0269286138473116,0.0269286138473116,retract
1.142,0,0.027716725111021,0,29,0,0.150558800255641,0.15,-0.0267269890994297,0.0267269890994297,retract
1.143,0,0.0306743224742249,0.0484199066534479,29,0,0.150532277168106,0.15,-0.0265253471230965,0.0265253471230965,retract
1.144,0,0.0351994440695696,0.062350173641638,29,0,0.150505955702861,0.15,-0.0263237003513311,0.0263237003513311,retract
1.145,0,0.0328182089825441,0.0185307984603909,29,0,0.15047983585236,0.15,-0.0261220611356384,0.0261220611356384,retract
1.146,0,0.0281298934136092,0,29,0,0.150453917596794,0.15,-0.0259204417457876,0.0259204417457876,retract
1.147,0,0.024111337211665,0,29,0,0.150428200904172,0.15,-0.0257188543695908,0.0257188543695908,retract
1.148,0,0.0333066835881001,0.0884787618467107,29,0,0.150402685730401,0.15,-0.0255173111126834,0.0255173111126834,retract
1.149,0,0.0361445310328287,0.0531716157012003,29,0,0.15037737201937,0.15,-0.0253158239983058,0.0253158239983058,retract
1.15,0,0.0309810265995675,0,29,0,0.150352259703031,0.15,-0.0251144049670861,0.0251144049670861,retract
1.151,0,0.0265551656567721,0,29,0,0.150327348701486,0.15,-0.0249130658768249,0.0249130658768249,retract
1.152,0,0.0247042655764807,0.0135988650947321,29,0,0.150302638923062,0.15,-0.0247118185022815,0.0247118185022815,retract
1.153,0,0.0296271128219061,0.0591641962944586,29,0,0.150278130264403,0.15,-0.0245106745349623,0.0245106745349623,retract
1.154,0,0.0261016500027263,0.00494887308764739,29,0,0.150253822610547,0.15,-0.0243096455829118,0.0243096455829118,retract
1.155,0,0.0223728428594797,0,29,0,0.150229715835013,0.15,-0.0241087431705044,0.0241087431705044,retract
1.156,0,0.0191767224509826,0,29,0,0.150205809799883,0.15,-0.0239079787382407,0.0239079787382407,retract
1.157,0,0.0164371906722708,0,29,0,0.150182104355888,0.15,-0.0237073636425444,0.0237073636425444,retract
1.158,0,0.0140890205762321,0,29,0,0.150158599342489,0.15,-0.0235069091555634,0.0235069091555634,retract
1.159,0,0.0120763033510561,0,29,0,0.150135294587965,0.15,-0.023306626464973,0.023306626464973,retract
1.16,0,0.0152992363681186,0.0346368344704938,29,0,0.150112189909494,0.15,-0.0231065266737824,0.0231065266737824,retract
1.161,0,0.0163661506950997,0.0227676366569862,29,0,0.150089285113242,0.15,-0.0229066208001441,0.0229066208001441,retract
1.162,0,0.0140281291672283,0,29,0,0.150066579994445,0.15,-0.0227069197771667,0.0227069197771667,retract
1.163,0,0.0173508542295312,0.0372872046033485,29,0,0.150044074337492,0.15,-0.0225074344527315,0.0225074344527315,retract
1.164,0,0.0148721607681696,0,29,0,0.150021767916017,0.15,-0.0223081755893118,0.0223081755893118,retract
1.165,0,0.0127475663727168,0,29,0,0.149999660492978,0.15,-0.0221091538637963,0.0221091538637963,retract
1.166,0,0.0136248004631513,0.0188882050057584,29,0,0.149977751820747,0.15,-0.0219103798673167,0.0219103798673167,retract
1.167,0,0.012141467800258,0.00324147182289806,29,0,0.149956041641192,0.15,-0.0217118641050783,0.0217118641050783,retract
1.168,0,0.0104069724002211,0,29,0,0.149934529685767,0.15,-0.0215136169961952,0.0215136169961952,retract
1.169,0,0.0126789496783906,0.0263108133474073,29,0,0.149913215675596,0.15,-0.0213156488735295,0.0213156488735295,retract
1.17,0,0.0130120607001193,0.0150107268304916,29,0,0.14989209932156,0.15,-0.0211179699835342,0.0211179699835342,retract
1.171,0,0.0133860903789709,0.0156302684520804,29,0,0.149871180324381,0.15,-0.0209205904861015,0.0209205904861015,retract
1.172,0,0.0114737917534036,0,29,0,0.149850458374712,0.15,-0.0207235204544144,0.0207235204544144,retract
1.173,0,0.0111306924143453,0.00907209637999514,29,0,0.149829933153225,0.15,-0.0205267698748031,0.0205267698748031,retract
1.174,0,0.00954059349801023,0,29,0,0.149809604330691,0.15,-0.0203303486466064,0.0203303486466064,retract
1.175,0,0.00817765156972306,0,29,0,0.149789471568076,0.15,-0.0201342665820375,0.0201342665820375,retract
1.176,0,0.0108870524941159,0.0271434580404729,29,0,0.149769534516619,0.15,-0.0199385334060541,0.0199385334060541,retract
1.177,0,0.0110001064339343,0.0116784300728447,29,0,0.149749792817927,0.15,-0.0197431587562346,0.0197431587562346,retract
1.178,0,0.00988409865568189,0.00318805198616751,29,0,0.149730246104061,0.15,-0.0195481521826575,0.0195481521826575,retract
1.179,0,0.00847208456201305,0,29,0,0.149710893997617,0.15,-0.0193535231477875,0.0193535231477875,retract
1.18,0,0.00726178676743976,0,29,0,0.149691736111823,0.15,-0.0191592810263653,0.0191592810263653,retract
1.181,0,0.0183133978113896,0.0846230640750889,29,0,0.149672772050621,0.15,-0.0189654351053037,0.0189654351053037,retract
1.182,0,0.0254608691265889,0.0683456970177844,29,0,0.149654001408755,0.15,-0.0187719945835879,0.0187719945835879,retract
1.183,0,0.0306826840637752,0.0620135736868929,29,0,0.149635423771862,0.15,-0.018578968572182,0.018578968572182,retract
1.184,0,0.0262994434832359,0,29,0,0.149617038716557,0.15,-0.0183863660939399,0.0183863660939399,retract
1.185,0,0.0225423801284879,0,29,0,0.149598845810523,0.15,-0.0181941960835227,0.0181941960835227,retract
1.186,0,0.0193220401101325,0,29,0,0.149580844612598,0.15,-0.0180024673873203,0.0180024673873203,retract
1.187,0,0.0206943989328226,0.0289285518689633,29,0,0.149563034672865,0.15,-0.0178111887633799,0.0178111887633799,retract
1.188,0,0.0177380562281336,0,29,0,0.149545415532737,0.15,-0.0176203688813388,0.0176203688813388,retract
1.189,0,0.0152040481955431,0,29,0,0.149527986725049,0.15,-0.0174300163223637,0.0174300163223637,retract
1.19,0,0.0130320413104655,0,29,0,0.149510747774146,0.15,-0.0172401395790954,0.0172401395790954,retract
1.191,0,0.0154801053570272,0.0301684896363971,29,0,0.149493698195969,0.15,-0.0170507470555991,0.0170507470555991,retract
1.192,0,0.0142067123480839,0.0065663542944241,29,0,0.149476837498144,0.15,-0.0168618470673203,0.0168618470673203,retract
1.193,0,0.024516201492368,0.0863731363580729,29,0,0.149460165180076,0.15,-0.0166734478410472,0.0166734478410472,retract
1.194,0,0.0210138869934583,0,29,0,0.149443680733028,0.15,-0.0164855575148781,0.0164855575148781,retract
1.195,0,0.01801190313725,0,29,0,0.149427383640218,0.15,-0.0162981841381953,0.0162981841381953,retract
1.196,0,0.0272157793651083,0.0824390367322582,29,0,0.149411273376905,0.15,-0.0161113356716445,0.0161113356716445,retract
1.197,0,0.0233278108843785,0,29,0,0.149395349410475,0.15,-0.0159250199871201,0.0159250199871201,retract
1.198,0,0.0242152653593445,0.0295399922091403,29,0,0.149379611200535,0.15,-0.0157392448677572,0.0157392448677572,retract
1.199,0,0.0245640663778924,0.0266568724891798,29,0,0.149364058198996,0.15,-0.0155540180079283,0.0155540180079283,retract
1.2,0,0.0210549140381935,0,29,0,0.149348689850166,0.15,-0.0153693470132475,0.0153693470132475,retract
1.201,0,0.0180470691755944,0,29,0,0.149333505590837,0.15,-0.0151852394005792,0.0151852394005792,retract
1.202,0,0.0205656209802256,0.0356769318080127,29,0,0.149318504850372,0.15,-0.0150017025980542,0.0150017025980542,retract
1.203,0,0.0176276751259077,0,29,0,0.149303687050798,0.15,-0.0148187439450911,0.0148187439450911,retract
1.204,0,0.033948787263486,0.131875460088956,29,0,0.149289051606891,0.15,-0.0146363706924239,0.0146363706924239,retract
1.205,0,0.0290989605115594,0,29,0,0.149274597926266,0.15,-0.0144545900021358,0.0144545900021358,retract
1.206,0,0.0249419661527652,0,29,0,0.149260325409464,0.15,-0.0142734089476992,0.0142734089476992,retract
1.207,0,0.0251176808795732,0.0261719692404213,29,0,0.149246233450043,0.15,-0.0140928345140215,0.0140928345140215,retract
1.208,0,0.0215294407539199,0,29,0,0.149232321434665,0.15,-0.0139128735974973,0.0139128735974973,retract
1.209,0,0.0184538063605028,0,29,0,0.149218588743184,0.15,-0.0137335330060669,0.0137335330060669,retract
1.21,0,0.0158175483090024,0,29,0,0.149205034748735,0.15,-0.0135548194592799,0.0135548194592799,retract
1.211,0,0.0140617233957101,0.0035267739159562,29,0,0.149191658817823,0.15,-0.0133767395883668,0.0133767395883668,retract
1.212,0,0.0201389224621824,0.0566021168610162,29,0,0.149178460310411,0.15,-0.0131992999363147,0.0131992999363147,retract
1.213,0,0.0172619335390135,0,29,0,0.149165438580004,0.15,-0.0130225069579505,0.0130225069579505,retract
1.214,0,0.0147959430334401,0,29,0,0.149152592973745,0.15,-0.0128463670200297,0.0128463670200297,retract
1.215,0,0.0145167975834504,0.0128419248835119,29,0,0.149139922832495,0.15,-0.0126708864013314,0.0126708864013314,retract
1.216,0,0.0131657187968944,0.00505924607755868,29,0,0.149127427490927,0.15,-0.0124960712927596,0.0124960712927596,retract
1.217,0,0.0163125074957812,0.0351932396891017,29,0,0.149115106277608,0.15,-0.0123219277974499,0.0123219277974499,retract
1.218,0,0.0139821492820981,0,29,0,0.149102958515092,0.15,-0.0121484619308836,0.0121484619308836,retract
1.219,0,0.0119846993846556,0,29,0,0.149090983520005,0.15,-0.0119756796210063,0.0119756796210063,retract
1.22,0,0.0168848245284496,0.0462855753912135,29,0,0.149079180603132,0.15,-0.0118035867083538,0.0118035867083538,retract
1.221,0,0.021858709198138,0.0517020172162684,29,0,0.149067549069503,0.15,-0.0116321889461835,0.0116321889461835,retract
1.222,0,0.0187360364555468,0,29,0,0.149056088218484,0.15,-0.0114614920006119,0.0114614920006119,retract
1.223,0,0.0311263637705412,0.105468327660507,29,0,0.149044797343861,0.15,-0.0112915014507582,0.0112915014507582,retract
1.224,0,0.0266797403747496,0,29,0,0.149033675733928,0.15,-0.0111222227888936,0.0111222227888936,retract
1.225,0,0.0319320237413318,0.0634457239408254,29,0,0.149022722671573,0.15,-0.0109536614205973,0.0109536614205973,retract
1.226,0,0.0392587922601736,0.0832194033732239,29,0,0.149011937434364,0.15,-0.0107858226649173,0.0107858226649173,retract
1.227,0,0.0348075514905802,0.00810010687302034,29,0,0.149001319294637,0.15,-0.0106187117545382,0.0106187117545382,retract
1.228,0,0.0326513135159909,0.019713885668455,29,0,0.14899086751958,0.15,-0.0104523338359544,0.0104523338359544,retract
1.229,0,0.0279868401565636,0,29,0,0.148980581371322,0.15,-0.0102866939696489,0.0102866939696489,retract
1.23,0,0.0321823393800985,0.0573553347213077,29,0,0.148970460107014,0.15,-0.0101217971302787,0.0101217971302787,retract
1.231,0,0.0287296804502769,0.00801372687134742,29,0,0.148960502978921,0.15,-0.00995764820686548,0.00995764820686548,retract
1.232,0,0.0253810955967868,0.00528958647584581,29,0,0.148950709234502,0.15,-0.00979425200299176,0.00979425200299176,retract
1.233,0,0.0239253597191953,0.0151909444536465,29,0,0.148941078116496,0.15,-0.00963161323700359,0.00963161323700359,retract
1.234,0,0.0205074511878817,0,29,0,0.148931608863011,0.15,-0.00946973654221854,0.00946973654221854,retract
1.235,0,0.0311358819923475,0.0949064668191423,29,0,0.148922300707604,0.15,-0.00930862646713901,0.00930862646713901,retract
1.236,0,0.0271562339823522,0.00327834592238031,29,0,0.148913152879369,0.15,-0.00914828747567203,0.00914828747567203,retract
1.237,0,0.0268393749948578,0.0249382210698915,29,0,0.148904164603016,0.15,-0.00898872394735387,0.00898872394735387,retract
1.238,0,0.023005178567021,0,29,0,0.148895335098964,0.15,-0.00882994017758055,0.00882994017758055,retract
1.239,0,0.0230977532109912,0.0236532010748127,29,0,0.148886663583417,0.15,-0.00867194037784399,0.00867194037784399,retract
1.24,0,0.0197980741808496,0,29,0,0.148878149268451,0.15,-0.00851472867597333,0.00851472867597333,retract
1.241,0,0.0219954170101468,0.0351794739859301,29,0,0.148869791362096,0.15,-0.00835830911638193,0.00835830911638193,retract
1.242,0,0.0188532145801258,0,29,0,0.14886158906842,0.15,-0.00820268566031982,0.00820268566031982,retract
1.243,0,0.0161598982115364,0,29,0,0.148853541587615,0.15,-0.0080478621861312,0.0080478621861312,retract
1.244,0,0.0138513413241741,0,29,0,0.148845648116071,0.15,-0.00789384248951763,0.00789384248951763,retract
1.245,0,0.0118725782778635,0,29,0,0.148837907846469,0.15,-0.00774063028380613,0.00774063028380613,retract
1.246,0,0.0177375166329259,0.0529271467633001,29,0,0.148830319967854,0.15,-0.00758822920022286,0.00758822920022286,retract
1.247,0,0.015203585685365,0,29,0,0.148822883665724,0.15,-0.00743664278817169,0.00743664278817169,retract
1.248,0,0.0139369766761529,0.00633732262087993,29,0,0.148815598122104,0.15,-0.00728587451551806,0.00728587451551806,retract
1.249,0,0.011945980008131,0,29,0,0.148808462515636,0.15,-0.00713592776887779,0.00713592776887779,retract
1.25,0,0.0102394114355409,0,29,0,0.148801476021651,0.15,-0.00698680585391109,0.00698680585391109,retract
1.251,0,0.00877663837332077,0,29,0,0.148794637812259,0.15,-0.00683851199562145,0.00683851199562145,retract
1.252,0,0.0075228328914178,0,29,0,0.148787947056419,0.15,-0.00669104933865937,0.00669104933865937,retract
1.253,0,0.00644814247835811,0,29,0,0.148781402920027,0.15,-0.00654442094763123,0.00654442094763123,retract
1.254,0,0.0055269792671641,0,29,0,0.148775004565994,0.15,-0.00639862980741258,0.00639862980741258,retract
1.255,0,0.00473741080042637,0,29,0,0.148768751154322,0.15,-0.00625367882346667,0.00625367882346667,retract
1.256,0,0.00783598868083863,0.0264274559633122,29,0,0.148762641842188,0.15,-0.00610957082216739,0.00610957082216739,retract
1.257,0,0.00671656172643311,0,29,0,0.148756675784017,0.15,-0.00596630855112699,0.00596630855112699,retract
1.258,0,0.012356808321619,0.0461982878927346,29,0,0.148750852131567,0.15,-0.00582389467952837,0.00582389467952837,retract
1.259,0,0.0105915499899592,0,29,0,0.148745170034002,0.15,-0.00568233179846187,0.00568233179846187,retract
1.26,0,0.0205147825926082,0.0800541782085022,29,0,0.148739628637972,0.15,-0.00554162242126676,0.00554162242126676,retract
1.261,0,0.0175840993650927,0,29,0,0.148734227087689,0.15,-0.00540176898387693,0.00540176898387693,retract
1.262,0,0.0242919825676106,0.0645392817827179,29,0,0.148728964525006,0.15,-0.0052627738451712,0.0052627738451712,retract
1.263,0,0.0208216993436662,0,29,0,0.148723840089492,0.15,-0.00512463928732772,0.00512463928732772,retract
1.264,0,0.0178471708659996,0,29,0,0.148718852918508,0.15,-0.00498736751618285,0.00498736751618285,retract
1.265,0,0.0152975750279997,0,29,0,0.148714002147287,0.15,-0.00485096066159404,0.00485096066159404,retract
1.266,0,0.0178384145614524,0.0330834517621685,29,0,0.148709286909002,0.15,-0.00471542077780718,0.00471542077780718,retract
1.267,0,0.015290069624102,0,29,0,0.148704706334849,0.15,-0.00458074984382769,0.00458074984382769,retract
1.268,0,0.013105773963516,0,29,0,0.148700259554117,0.15,-0.00444694976379592,0.00444694976379592,retract
1.269,0,0.0166533201478394,0.0379385972537793,29,0,0.148695945694266,0.15,-0.00431402236736637,0.00431402236736637,retract
1.27,0,0.0142742744124337,0,29,0,0.148691763880996,0.15,-0.00418196941009092,0.00418196941009092,retract
1.271,0,0.0137013719828232,0.0102639574051603,29,0,0.148687713238326,0.15,-0.00405079257380576,0.00405079257380576,retract
1.272,0,0.0117440331281342,0,29,0,0.148683792888665,0.15,-0.00392049346702235,0.00392049346702235,retract
1.273,0,0.0100663141098293,0,29,0,0.148680001952884,0.15,-0.00379107362532194,0.00379107362532194,retract
1.274,0,0.0194866673185347,0.0760087865707668,29,0,0.148676339550391,0.15,-0.00366253451175377,0.00366253451175377,retract
1.275,0,0.0167028577016012,0,29,0,0.1486728047992,0.15,-0.00353487751723697,0.00353487751723697,retract
1.276,0,0.014316735172801,0,29,0,0.148669396816006,0.15,-0.00340810396096598,0.00340810396096598,retract
1.277,0,0.0122714872909723,0,29,0,0.148666114716253,0.15,-0.00328221509081933,0.00328221509081933,retract
1.278,0,0.0105184176779762,0,29,0,0.14866295761421,0.15,-0.00315721208377207,0.00315721208377207,retract
1.279,0,0.0186191260905451,0.067223376565958,29,0,0.148659924623033,0.15,-0.00303309604631142,0.00303309604631142,retract
1.28,0,0.0159592509347529,0,29,0,0.148657014854845,0.15,-0.00290986801485562,0.00290986801485562,retract
1.281,0,0.0149348079470055,0.00878815002052099,29,0,0.148654227420797,0.15,-0.0027875289561763,0.0027875289561763,retract
1.282,0,0.0128012639545761,0,29,0,0.148651561431144,0.15,-0.00266607976782377,0.00266607976782377,retract
1.283,0,0.0199263818606811,0.0626770892973108,29,0,0.148649015995309,0.15,-0.00254552127855545,0.00254552127855545,retract
1.284,0,0.0170797558805838,0,29,0,0.148646590221954,0.15,-0.00242585424876752,0.00242585424876752,retract
1.285,0,0.017212842275657,0.0180113606460966,29,0,0.148644283219046,0.15,-0.00230707937092936,0.00230707937092936,retract
1.286,0,0.0152310972273568,0.0033406269375556,29,0,0.148642094093928,0.15,-0.00218919727002098,0.00218919727002098,retract
1.287,0,0.0130552261948773,0,29,0,0.14864002195338,0.15,-0.00207220850397332,0.00207220850397332,retract
1.288,0,0.011471932802958,0.00197217245144204,29,0,0.148638065903692,0.15,-0.00195611356411133,0.00195611356411133,retract
1.289,0,0.0161965769396167,0.044544441759569,29,0,0.148636225050727,0.15,-0.00184091287559986,0.00184091287559986,retract
1.29,0,0.0149992320654551,0.00781516282048592,29,0,0.148634498499986,0.15,-0.00172660679789196,0.00172660679789196,retract
1.291,0,0.012856484627533,0,29,0,0.148632885356676,0.15,-0.00161319562518011,0.00161319562518011,retract
1.292,0,0.0110198439664568,0,29,0,0.148631384725771,0.15,-0.00150067958684982,0.00150067958684982,retract
1.293,0,0.0162089930252786,0.0473438873782094,29,0,0.148629995712081,0.15,-0.00138905884793559,0.00138905884793559,retract
1.294,0,0.013893422593096,0,29,0,0.148628717420311,0.15,-0.0012783335095795,0.0012783335095795,retract
1.295,0,0.0119086479369394,0,29,0,0.148627548955128,0.15,-0.00116850360949209,0.00116850360949209,retract
1.296,0,0.0102074125173766,0,29,0,0.148626489421223,0.15,-0.00105956912241543,0.00105956912241543,retract
1.297,0,0.00874921072917997,0,29,0,0.148625537923372,0.15,-0.000951529960588519,0.000951529960588519,retract
1.298,0,0.00749932348215426,0,29,0,0.148624693566503,0.15,-0.000844385974214697,0.000844385974214697,retract
1.299,0,0.00642799155613222,0,29,0,0.148623955455748,0.15,-0.00073813695193136,0.00073813695193136,retract
1.3,0,0.00550970704811333,0,29,0,0.148623322696516,0.15,-0.000632782621281511,0.000632782621281511,retract
1.301,0,0.00472260604124,0,29,0,0.148622794394543,0.15,-0.000528322649187406,0.000528322649187406,retract
1.302,0,0.00404794803534857,0,29,0,0.14862236965596,0.15,-0.000424756642426071,0.000424756642426071,retract
1.303,0,0.00346966974458449,0,29,0,0.148622047587347,0.15,-0.000322084148106609,0.000322084148106609,retract
1.304,0,0.0119041577260057,0.0625110856145333,29,0,0.148621827295796,0.15,-0.000220304654149338,0.000220304654149338,retract
1.305,0,0.0102035637651478,0,29,0,0.148621707888969,0.15,-0.000119417589766711,0.000119417589766711,retract
1.306,0,0.00942017468206978,0.00471984018360175,29,0,0.148621688475154,0.15,-1.94223259457509e-05,1.94223259457509e-05,retract
1.307,0,0.0156512976532762,0.0530380354805147,29,0,0.148621768163325,0.15,7.96818240678601e-05,0,retract
1.308,0,0.0196534543320746,0.043666394404865,29,0,0.148621946063199,0.15,0.000177895604284092,0,retract
1.309,0,0.0209529787724549,0.0287501254147367,29,0,0.148622221285292,0.15,0.000275219815481478,0,retract
1.31,0,0.019063301756346,0.00772523965969274,29,0,0.148622592940975,0.15,0.000371655314718609,0,retract
1.311,0,0.0190042822356592,0.0186501651115386,29,0,0.148623060142532,0.15,0.000467203014844289,0,retract
1.312,0,0.0162893847734222,0,29,0,0.148623622003211,0.15,0.000561863884006228,0,retract
1.313,0,0.0139623298057905,0,29,0,0.148624277637286,0.15,0.000655638945158904,0,retract
1.314,0,0.0119677112621061,0,29,0,0.148625026160102,0.15,0.000748529275569858,0,retract
1.315,0,0.0102580382246624,0,29,0,0.148625866688138,0.15,0.000840536006325022,0,retract
1.316,0,0.0106772975683417,0.0131928536304174,29,0,0.148626798339052,0.15,0.000931660321833067,0,retract
1.317,0,0.0102178116705091,0.00746089628351348,29,0,0.148627820231741,0.15,0.00102190345932866,0,retract
1.318,0,0.00875812428900778,0,29,0,0.148628931486388,0.15,0.00111126670837487,0,retract
1.319,0,0.0127686679622761,0.0368319300018862,29,0,0.148630131224519,0.15,0.0011997514103646,0,retract
1.32,0,0.0109445725390938,0,29,0,0.148631418569048,0.15,0.00128735895802135,0,retract
1.321,0,0.0104684276971993,0.00761155864583198,29,0,0.148632792644334,0.15,0.00137409079489907,0,retract
1.322,0,0.0089729380261708,0,29,0,0.148634252576225,0.15,0.00145994841488147,0,retract
1.323,0,0.0202851698004612,0.0881585604462037,29,0,0.148635797492116,0.15,0.00154493336168047,0,retract
1.324,0,0.0173872884003953,0,29,0,0.148637426520991,0.15,0.00162904722833434,0,retract
1.325,0,0.0149033900574817,0,29,0,0.148639138793474,0.15,0.00171229165670511,0,retract
1.326,0,0.0127743343349843,0,29,0,0.148640933441879,0.15,0.00179466833697563,0,retract
1.327,0,0.0109494294299866,0,29,0,0.148642809600257,0.15,0.0018761790071461,0,retract
1.328,0,0.00971777105234408,0.00232782078648916,29,0,0.148644766404442,0.15,0.00195682545253034,0,retract
1.329,0,0.0236483542838424,0.107231853672833,29,0,0.1486468029921,0.15,0.00203660950525161,0,retract
1.33,0,0.0202700179575792,0,29,0,0.148648918502774,0.15,0.00211553304373846,0,retract
1.331,0,0.0221025452319536,0.0330977088781999,29,0,0.148651112077929,0.15,0.00219359799222008,0,retract
1.332,0,0.018945038770246,0,29,0,0.148653382860999,0.15,0.00227080632022165,0,retract
1.333,0,0.0279837633889572,0.0822161111012244,29,0,0.148655729997431,0.15,0.00234716004205966,0,retract
1.334,0,0.027873842491514,0.0272143171068547,29,0,0.148658152634729,0.15,0.0024226612163371,0,retract
1.335,0,0.0348006372244326,0.0763614056219448,29,0,0.148660649922499,0.15,0.00249731194543863,0,retract
1.336,0,0.0380149338957645,0.0573007139237559,29,0,0.148663221012492,0.15,0.00257111437502593,0,retract
1.337,0,0.0409297858427277,0.0584188975245069,29,0,0.148665865058643,0.15,0.00264407069353316,0,retract
1.338,0,0.0350826735794809,0,29,0,0.148668581217121,0.15,0.00271618313166244,0,retract
1.339,0,0.0320139830039214,0.013601839550564,29,0,0.148671368646362,0.15,0.00278745396187984,0,retract
1.34,0,0.0312294070390801,0.0265219512500325,29,0,0.148674226507119,0.15,0.00285788549791136,0,retract
1.341,0,0.0311805572050747,0.0308874582010427,29,0,0.148677153962495,0.15,0.00292748009423933,0,retract
1.342,0,0.0356412694009495,0.0624055425761977,29,0,0.148680150177986,0.15,0.00299624014559929,0,retract
1.343,0,0.0305496594865281,0,29,0,0.148683214321526,0.15,0.00306416808647716,0,retract
1.344,0,0.0261854224170241,0,29,0,0.148686345563517,0.15,0.00313126639060692,0,retract
1.345,0,0.0224446477860206,0,29,0,0.148689543076873,0.15,0.00319753757046885,0,retract
1.346,0,0.0226512716301095,0.0238910146946425,29,0,0.148692806037061,0.15,0.0032629841767883,0,retract
1.347,0,0.019415375682951,0,29,0,0.148696133622131,0.15,0.00332760879803503,0,retract
1.348,0,0.0166417505853866,0,29,0,0.148699525012761,0.15,0.00339141405992332,0,retract
1.349,0,0.0195163699680841,0.0367640862642692,29,0,0.148702979392289,0.15,0.00345440262491271,0,retract
1.35,0,0.0167283171155006,0,29,0,0.14870649594675,0.15,0.00351657719170953,0,retract
1.351,0,0.014338557527572,0,29,0,0.148710073864914,0.15,0.0035779404947692,0,retract
1.352,0,0.0122901921664903,0,29,0,0.148713712338318,0.15,0.00363849530379942,0,retract
1.353,0,0.0255097619840499,0.104827180889408,29,0,0.148717410561305,0.15,0.00369824442326414,0,retract
1.354,0,0.0264460648831719,0.032063882277904,29,0,0.148721167731052,0.15,0.00375719069188859,0,retract
1.355,0,0.0270910037069256,0.0309606366494476,29,0,0.148724983047611,0.15,0.00381533698216528,0,retract
1.356,0,0.0236008215149559,0.00265972836313759,29,0,0.148728855713937,0.15,0.00387268619986085,0,retract
1.357,0,0.0326638876518839,0.0870422844734523,29,0,0.148732784935924,0.15,0.00392924128352416,0,retract
1.358,0,0.0279976179873291,0,29,0,0.148736769922434,0.15,0.00398500520399545,0,retract
1.359,0,0.0261628903882099,0.0151545247934946,29,0,0.148740809885331,0.15,0.00403998096391664,0,retract
1.36,0,0.0224253346184656,0,29,0,0.148744904039514,0.15,0.00409417159724271,0,retract
1.361,0,0.0224708601101535,0.0227440130602808,29,0,0.148749051602943,0.15,0.00414758016875446,0,retract
1.362,0,0.0192607372372744,0,29,0,0.148753251796676,0.15,0.00420020977357238,0,retract
1.363,0,0.0165092033462352,0,29,0,0.148757503844891,0.15,0.00425206353667197,0,retract
1.364,0,0.026567434969732,0.0869168247107129,29,0,0.148761806974922,0.15,0.00430314461240031,0,retract
1.365,0,0.0227720871169132,0,29,0,0.148766160417285,0.15,0.00435345618399404,0,retract
1.366,0,0.0298950175826574,0.0726326003771229,29,0,0.148770563405706,0.15,0.0044030014630988,0,retract
1.367,0,0.0319414761840755,0.044220227792584,29,0,0.148775015177151,0.15,0.00445178368929002,0,retract
1.368,0,0.0306020040807786,0.0225651714609971,29,0,0.148779514971851,0.15,0.0044998061295953,0,retract
1.369,0,0.0308235871543287,0.0321530855956292,29,0,0.14878406203333,0.15,0.00454707207801818,0,retract
1.37,0,0.0316889145367032,0.0368808788309506,29,0,0.148788655608434,0.15,0.00459358485506384,0,retract
1.371,0,0.0364087368521962,0.0647276707451537,29,0,0.148793294947351,0.15,0.00463934780726586,0,retract
1.372,0,0.0312074887304539,0,29,0,0.148797979303645,0.15,0.00468436430671498,0,retract
1.373,0,0.0267492760546747,0,29,0,0.148802707934273,0.15,0.00472863775058948,0,retract
1.374,0,0.0345069563993202,0.0810530384671933,29,0,0.148807480099613,0.15,0.0047721715606872,0,retract
1.375,0,0.0295773911994174,0,29,0,0.14881229506349,0.15,0.00481496918295927,0,retract
1.376,0,0.0253520495995006,0,29,0,0.148817152093197,0.15,0.0048570340870458,0,retract
1.377,0,0.0328876239467752,0.0781010700304232,29,0,0.148822050459519,0.15,0.00489836976581299,0,retract
1.378,0,0.0281893919543788,0,29,0,0.148826989436756,0.15,0.00493897973489252,0,retract
1.379,0,0.0284863329717121,0.0302679790757122,29,0,0.148831968302746,0.15,0.00497886753222245,0,retract
1.38,0,0.0262615829748309,0.0129130829935433,29,0,0.148836986338885,0.15,0.00501803671759024,0,retract
1.381,0,0.025985696241639,0.0243303758424876,29,0,0.148842042830151,0.15,0.00505649087217747,0,retract
1.382,0,0.0272196042725205,0.0346230524578098,29,0,0.148847137065122,0.15,0.00509423359810673,0,retract
1.383,0,0.0233310893764462,0,29,0,0.148852268335998,0.15,0.00513126851799049,0,retract
1.384,0,0.0388014467088273,0.131623590703114,29,0,0.148857435938622,0.15,0.00516759927448171,0,retract
1.385,0,0.0403327603453349,0.049520642164381,29,0,0.148862639172498,0.15,0.00520322952982682,0,retract
1.386,0,0.0345709374388585,0,29,0,0.148867877340811,0.15,0.00523816296542057,0,retract
1.387,0,0.0421740288273303,0.087792577158161,29,0,0.148873149750446,0.15,0.00527240328136288,0,retract
1.388,0,0.0495184949642978,0.0935852917861027,29,0,0.148878455712005,0.15,0.00530595419601824,0,retract
1.389,0,0.0424444242551124,0,29,0,0.148883794539825,0.15,0.0053388194455766,0,retract
1.39,0,0.0429857171028364,0.0462334741891805,29,0,0.148889165551998,0.15,0.00537100278361707,0,retract
1.391,0,0.0482858853502159,0.0800868948344931,29,0,0.148894568070385,0.15,0.00540250798067335,0,retract
1.392,0,0.0501846136897039,0.0615769837266321,29,0,0.148900001420633,0.15,0.00543333882380172,0,retract
1.393,0,0.0430153831626034,0,29,0,0.148905464932191,0.15,0.00546349911615097,0,retract
1.394,0,0.0368703284250886,0,29,0,0.148910957938329,0.15,0.00549299267653482,0,retract
1.395,0,0.0328659080837093,0.00883938603543323,29,0,0.148916479776148,0.15,0.0055218233390065,0,retract
1.396,0,0.0281707783574651,0,29,0,0.148922029786599,0.15,0.0055499949524357,0,retract
1.397,0,0.0241463814492558,0,29,0,0.148927607314494,0.15,0.00557751138008784,0,retract
1.398,0,0.0206968983850764,0,29,0,0.148933211708524,0.15,0.00560437649920562,0,retract
1.399,0,0.0177401986157798,0,29,0,0.148938842321268,0.15,0.00563059420059318,0,retract
1.4,0,0.0152058845278112,0,29,0,0.148944498509211,0.15,0.0056561683882023,0,retract
