t_s,force_normal_N,force_filtered_N,force_measured_N,force_desired_N,penetration_mm,ee_z_m,cmd_z_m,ee_z_velocity_mps,closing_velocity_mps,phase
0,0,0,0,11.6,0,0.149999994323105,0.15,0,0,approach
0.001,0,0,0,11.6,0,0.149999994324321,0.149996601239669,1.21532500625011e-09,0,approach
0.002,0,0.0035136302494089,0.0245954117458623,11.6,0,0.149999912457286,0.149986446280992,-8.18670277252592e-05,8.18670277252592e-05,approach
0.003,0,0.00337762504844086,0.00256159384263265,11.6,0,0.149999667735275,0.149969597107438,-0.000244721947339053,0.000244721947339053,approach
0.004,0,0.00289510718437788,0,11.6,0,0.14999918006911,0.149946115702479,-0.000487665913440574,0.000487665913440574,approach
0.005,0,0.00248152044375247,0,11.6,0,0.149998370281582,0.149916064049587,-0.000809786836157594,0.000809786836157594,approach
0.006,0,0.00844979225976309,0.0442594231558268,11.6,0,0.149997160121488,0.149879504132231,-0.00121015855251272,0.00121015855251272,approach
0.007,0,0.00789873782753365,0.00459241123415699,11.6,0,0.149995472277285,0.149836497933884,-0.00168784121142765,0.00168784121142765,approach
0.008,0,0.0123696979478234,0.0391954586695621,11.6,0,0.149993230390361,0.149787107438017,-0.00224188165712307,0.00224188165712307,approach
0.009,0,0.0205044992922732,0.0693133073589719,11.6,0,0.149990359067931,0.149731394628099,-0.0028713138109895,0.0028713138109895,approach
0.01,0,0.0250411458114546,0.052261024926543,11.6,0,0.149986783895548,0.149669421487603,-0.00357515905199724,0.00357515905199724,approach
0.011,0,0.0214638392669611,0,11.6,0,0.149982431449238,0.14960125,-0.00435242659570651,0.00435242659570651,approach
0.012,0,0.0183975765145381,0,11.6,0,0.14997722930727,0.14952694214876,-0.00520211387193141,0.00520211387193141,approach
0.013,0,0.0179368687804802,0.0151726223761331,11.6,0,0.14997110606153,0.149446559917355,-0.00612320690110461,0.00612320690110461,approach
0.014,0,0.0153744589546973,0,11.6,0,0.149963991328548,0.149360165289256,-0.00711468066938228,0.00711468066938228,approach
0.015,0,0.0189787609124695,0.0406045726591022,11.6,0,0.149955815760129,0.149267820247934,-0.00817549950252178,0.00817549950252178,approach
0.016,0,0.0254729480436015,0.0644380708303938,11.6,0,0.149946511053629,0.14916958677686,-0.00930461743855794,0.00930461743855794,approach
0.017,0,0.0309435929036311,0.0637674620638089,11.6,0,0.149936009961856,0.149065526859504,-0.0105009785992966,0.0105009785992966,approach
0.018,0,0.0265230796316838,0,11.6,0,0.1499242463026,0.148955702479339,-0.0117635175606382,0.0117635175606382,approach
0.019,0,0.0338179582918301,0.0775872302527077,11.6,0,0.149911154967802,0.148840175619835,-0.0130911597217368,0.0130911597217368,approach
0.02,0,0.0289868213929972,0,11.6,0,0.149896671932346,0.148719008264463,-0.0144828216729943,0.0144828216729943,approach
0.021,0,0.0248458469082833,0,11.6,0,0.149880734262503,0.148592262396694,-0.0159374115628832,0.0159374115628832,approach
0.022,0,0.0212964402071,0,11.6,0,0.14986328012399,0.14846,-0.0174538294635852,0.0174538294635852,approach
0.023,0,0.0257023558084468,0.0521378494165273,11.6,0,0.149844248789683,0.148322283057851,-0.0190309677354277,0.0190309677354277,approach
0.024,0,0.0220305906929544,0,11.6,0,0.149823580646962,0.148179173553719,-0.0206677113900946,0.0206677113900946,approach
0.025,0,0.0188833634511037,0,11.6,0,0.149801217204694,0.148030733471074,-0.0223629384525812,0.0223629384525812,approach
0.026,0,0.0161857401009461,0,11.6,0,0.149777101099858,0.147877024793388,-0.0241155203218601,0.0241155203218601,approach
0.027,0,0.0138734915150966,0,11.6,0,0.149751176103814,0.147718109504132,-0.0259243221302188,0.0259243221302188,approach
0.028,0,0.0118915641557971,0,11.6,0,0.149723387128216,0.147554049586777,-0.0277882031012243,0.0277882031012243,approach
0.029,0,0.0101927692763975,0,11.6,0,0.149693680230563,0.147384907024793,-0.0297060169062673,0.0297060169062673,approach
0.03,0,0.00873665937976931,0,11.6,0,0.149662002619405,0.147210743801653,-0.031676612019634,0.031676612019634,approach
0.031,0,0.00748856518265941,0,11.6,0,0.149628302659193,0.147031621900826,-0.0336988320720467,0.0336988320720467,approach
0.032,0,0.0157686141577703,0.065448908008436,11.6,0,0.149592529874775,0.146847603305785,-0.0357715162026166,0.0357715162026166,approach
0.033,0,0.019731600223219,0.0435095166159108,11.6,0,0.149554634955549,0.14665875,-0.0378934994091407,0.0378934994091407,approach
0.034,0,0.0171665664177021,0.00177636358460098,11.6,0,0.149514569759265,0.146465123966942,-0.0400636128966799,0.0400636128966799,approach
0.035,0,0.0147141997866018,0,11.6,0,0.149472287315482,0.146266787190083,-0.0422806844243438,0.0422806844243438,approach
0.036,0,0.0187143596831497,0.0427153190624372,11.6,0,0.149427741828679,0.146063801652893,-0.0445435386502133,0.0445435386502133,approach
0.037,0,0.0215467841940324,0.0385413312593285,11.6,0,0.14938088868103,0.145856229338843,-0.0468509974743212,0.0468509974743212,approach
0.038,0,0.0244934203029728,0.0421732369566152,11.6,0,0.149331684434832,0.145644132231405,-0.0492018803796151,0.0492018803796151,approach
0.039,0,0.0258574387275526,0.0340415492750315,11.6,0,0.149280086834598,0.14542757231405,-0.0515950047708215,0.0515950047708215,approach
0.04,0,0.0288979443743463,0.0471409782551085,11.6,0,0.149226054808817,0.145206611570248,-0.0540291863111268,0.0540291863111268,approach
0.041,0,0.0247696666065826,0,11.6,0,0.149169548471374,0.144981311983471,-0.0565032392565936,0.0565032392565936,approach
0.042,0,0.0284269757015479,0.0503708302713398,11.6,0,0.149110529122648,0.14475173553719,-0.0590159767882231,0.0590159767882231,approach
0.043,0,0.0243659791727553,0,11.6,0,0.14904895925027,0.144517944214876,-0.0615662113415785,0.0615662113415785,approach
0.044,0,0.0208851250052189,0,11.6,0,0.148984802529563,0.14428,-0.0641527549338788,0.0641527549338788,approach
0.045,0,0.0236996028751339,0.0405864700946241,11.6,0,0.148918023823653,0.144037964876033,-0.0667744194884741,0.0667744194884741,approach
0.046,0,0.0274047341581495,0.0496355218562432,11.6,0,0.148848589183267,0.143791900826446,-0.06943001715661,0.06943001715661,approach
0.047,0,0.0234897721355567,0,11.6,0,0.148776465846201,0.143541869834711,-0.0721183606363929,0.0721183606363929,approach
0.048,0,0.0242145728733791,0.0285633773003135,11.6,0,0.148701622236479,0.143287933884298,-0.0748382634888584,0.0748382634888584,approach
0.049,0,0.0207553481771821,0,11.6,0,0.148624027963202,0.143030154958678,-0.0775885404510571,0.0775885404510571,approach
0.05,0,0.0177902984375847,0,11.6,0,0.148543653819082,0.142768595041322,-0.0803680077460583,0.0803680077460583,approach
0.051,0,0.0219292285487099,0.0467628092154611,11.6,0,0.14846047177867,0.142503316115702,-0.0831754833897841,0.0831754833897841,approach
0.052,0,0.0187964816131799,0,11.6,0,0.148374454996286,0.142234380165289,-0.0860097874945781,0.0860097874945781,approach
0.053,0,0.0189615898122313,0.01995223900654,11.6,0,0.148285577803646,0.141961849173554,-0.0888697425694168,0.0888697425694168,approach
0.054,0,0.0180427221333599,0.0125295160601316,11.6,0,0.148193815707187,0.141685785123967,-0.0917541738166727,0.0917541738166727,approach
0.055,0,0.0248475511540944,0.0656765252785014,11.6,0,0.148099145385108,0.14140625,-0.0946619094253351,0.0946619094253351,approach
0.056,0,0.0271131771193322,0.0407069329107591,11.6,0,0.14800154468412,0.141123305785124,-0.0975917808606,0.0975917808606,approach
0.057,0,0.0232398661022848,0,11.6,0,0.147900992615902,0.14083701446281,-0.100542623149738,0.100542623149738,approach
0.058,0,0.0199198852305298,0,11.6,0,0.147797469353287,0.140547438016529,-0.103513275164148,0.103513275164148,approach
0.059,0,0.0170741873404541,0,11.6,0,0.14769095622616,0.140254638429752,-0.106502579897517,0.106502579897517,approach
0.06,0,0.0146350177203893,0,11.6,0,0.14758143571709,0.13995867768595,-0.109509384739986,0.109509384739986,approach
0.061,0,0.0138469131629882,0.00911828581858198,11.6,0,0.147468891456683,0.139659617768595,-0.112532541748247,0.112532541748247,approach
0.062,0,0.0139846977683344,0.0148114054004115,11.6,0,0.147353308218681,0.139357520661157,-0.115570907911479,0.115570907911479,approach
0.063,0,0.0199421687395916,0.055686994567135,11.6,0,0.147234671914783,0.139052448347107,-0.118623345413049,0.118623345413049,approach
0.064,0,0.0232183249154066,0.0428752619702963,11.6,0,0.147112969589227,0.138744462809917,-0.121688721887885,0.121688721887885,approach
0.065,0,0.0199014213560628,0,11.6,0,0.146988189413104,0.138433626033058,-0.124765910675444,0.124765910675444,approach
0.066,0,0.0170583611623395,0,11.6,0,0.146860320678432,0.13812,-0.127853791068211,0.127853791068211,approach
0.067,0,0.0179135066325863,0.0230443794540666,11.6,0,0.146729353791981,0.137803646694215,-0.130951248555626,0.130951248555626,approach
0.068,0,0.0153544342565025,0,11.6,0,0.146595280268861,0.137484628099174,-0.134057175063388,0.134057175063388,approach
0.069,0,0.0131609436484307,0,11.6,0,0.146458092725878,0.137163006198347,-0.137170469188051,0.137170469188051,approach
0.07,0,0.0127792314590438,0.0104889583227226,11.6,0,0.146317784874651,0.136838842975207,-0.140290036426847,0.140290036426847,approach
0.071,0,0.0109536269648947,0,11.6,0,0.146174351514514,0.136512200413223,-0.14341478940266,0.14341478940266,approach
0.072,0,0.0169942878810781,0.0532382533781782,11.6,0,0.146027788525191,0.136183140495868,-0.146543648084098,0.146543648084098,approach
0.073,0,0.0222927488901298,0.0540835149444404,11.6,0,0.145878092859259,0.135851725206612,-0.14967554000058,0.14967554000058,approach
0.074,0,0.0191080704772542,0,11.6,0,0.145725262534396,0.135518016528926,-0.152809400452393,0.152809400452393,approach
0.075,0,0.0171359949549556,0.00530354182116453,11.6,0,0.145569296625432,0.135182076446281,-0.155944172715652,0.155944172715652,approach
0.076,0,0.0213746559832626,0.0468066221531043,11.6,0,0.14541019525619,0.134843966942149,-0.159078808242109,0.159078808242109,approach
0.077,0,0.0286048386794926,0.0719859348568726,11.6,0,0.145247959591138,0.13450375,-0.162212266853743,0.162212266853743,approach
0.078,0,0.0245184331538508,0,11.6,0,0.145082591826852,0.134161487603306,-0.165343516932106,0.165343516932106,approach
0.079,0,0.0210157998461578,0,11.6,0,0.144914095183289,0.133817241735537,-0.168471535602342,0.168471535602342,approach
0.08,0,0.0358812465513809,0.125073926782719,11.6,0,0.144742473894888,0.133471074380165,-0.171595308911861,0.171595308911861,approach
0.081,0,0.0410517666917131,0.0720748875337063,11.6,0,0.144567733201488,0.133123047520661,-0.174713832003603,0.174713832003603,approach
0.082,0,0.0351872285928969,0,11.6,0,0.144389879339088,0.132773223140496,-0.177826109283861,0.177826109283861,approach
0.083,0,0.0301604816510545,0,11.6,0,0.144208919530439,0.132421663223141,-0.180931154584616,0.180931154584616,approach
0.084,0,0.035041948991997,0.0643307530376518,11.6,0,0.144024861975473,0.132068429752066,-0.184027991320356,0.184027991320356,approach
0.085,0,0.0383649079117961,0.0583026614305911,11.6,0,0.143837715841594,0.131713584710744,-0.187115652639338,0.187115652639338,approach
0.086,0,0.0328842067815395,0,11.6,0,0.143647491253809,0.131357190082645,-0.19019318156926,0.19019318156926,approach
0.087,0,0.031378012236556,0.022340844966655,11.6,0,0.143454199284726,0.13099930785124,-0.193259631157321,0.193259631157321,approach
0.088,0,0.0390371028613235,0.0849916466099281,11.6,0,0.143257851944415,0.13064,-0.196314064604638,0.196314064604638,approach
0.089,0,0.0343597438073677,0.00629558948363283,11.6,0,0.143058462170138,0.130279328512397,-0.199355555395004,0.199355555395004,approach
0.09,0,0.0294512089777437,0,11.6,0,0.142856043815959,0.129917355371901,-0.202383187417949,0.202383187417949,approach
0.091,0,0.0252438934094946,0,11.6,0,0.142650611642233,0.129554142561983,-0.205396055086106,0.205396055086106,approach
0.092,0,0.021637622922424,0,11.6,0,0.142442181304982,0.129189752066116,-0.208393263446863,0.208393263446863,approach
0.093,0,0.0255395117751795,0.048950844891713,11.6,0,0.142230769345169,0.128824245867769,-0.211373928288272,0.211373928288272,approach
0.094,0,0.021891010093011,0,11.6,0,0.142016393177864,0.128457685950413,-0.214337176239231,0.214337176239231,approach
0.095,0,0.0187637229368666,0,11.6,0,0.141799071081321,0.128090134297521,-0.21728214486391,0.21728214486391,approach
0.096,0,0.0160831910887428,0,11.6,0,0.141578822185965,0.127721652892562,-0.220207982750434,0.220207982750434,approach
0.097,0,0.0137855923617795,0,11.6,0,0.14135566646329,0.127352303719008,-0.22311384959381,0.22311384959381,approach
0.098,0,0.0118162220243825,0,11.6,0,0.141129624714685,0.126982148760331,-0.225998916273103,0.225998916273103,approach
0.099,0,0.0101281903066135,0,11.6,0,0.140900718560188,0.12661125,-0.228862364922871,0.228862364922871,approach
0.1,0,0.00911881104755457,0.00306253549320077,11.6,0,0.140668970427164,0.126239669421488,-0.23170338899886,0.23170338899886,approach
0.101,0,0.00995300956738534,0.0149582006863699,11.6,0,0.140434403538939,0.125867469008264,-0.234521193337963,0.234521193337963,approach
0.102,0,0.00853115105775886,0,11.6,0,0.140197041903363,0.125494710743802,-0.237314994212478,0.237314994212478,approach
0.103,0,0.00731241519236474,0,11.6,0,0.139956910301329,0.12512145661157,-0.240084019378649,0.240084019378649,approach
0.104,0,0.00626778445059835,0,11.6,0,0.139714034275257,0.124747768595041,-0.242827508119532,0.242827508119532,approach
0.105,0,0.0069084282050088,0.0107522907314715,11.6,0,0.139468440117526,0.124373708677686,-0.2455447112822,0.2455447112822,approach
0.106,0,0.00925737785686032,0.0233510757679694,11.6,0,0.139220154858881,0.123999338842975,-0.248234891309302,0.248234891309302,approach
0.107,0,0.0296322465506655,0.151881458713497,11.6,0,0.138969206256816,0.12362472107438,-0.250897322265017,0.250897322265017,approach
0.108,0,0.025399068471999,0,11.6,0,0.138715622783929,0.123249917355372,-0.253531289855411,0.253531289855411,approach
0.109,0,0.0277521889544126,0.0418709118488943,11.6,0,0.138459433616267,0.122874989669422,-0.256136091443254,0.256136091443254,approach
0.11,0,0.0304222224772718,0.0464424236144266,11.6,0,0.138200668621656,0.1225,-0.258711036057305,0.258711036057305,approach
0.111,0,0.0260761906948044,0,11.6,0,0.137939358348033,0.122125010330579,-0.261255444396117,0.261255444396117,approach
0.112,0,0.0304299191395561,0.0565522898080663,11.6,0,0.137675534011772,0.121750082644628,-0.263768648826395,0.263768648826395,approach
0.113,0,0.0327789905349134,0.0468734189070574,11.6,0,0.13740922748602,0.12137527892562,-0.266249993375953,0.266249993375953,approach
0.114,0,0.0296289355032683,0.0107286053133977,11.6,0,0.137140471289046,0.121000661157025,-0.268698833721299,0.268698833721299,approach
0.115,0,0.0390718367069449,0.0957292439290048,11.6,0,0.136869298572602,0.120626291322314,-0.271114537169915,0.271114537169915,approach
0.116,0,0.0334901457488099,0,11.6,0,0.136595743110311,0.120252231404959,-0.273496482637264,0.273496482637264,approach
0.117,0,0.0287058392132657,0,11.6,0,0.13631983928608,0.11987854338843,-0.275844060618579,0.275844060618579,approach
0.118,0,0.024605005039942,0,11.6,0,0.136041622082547,0.119505289256198,-0.278156673155491,0.278156673155491,approach
0.119,0,0.0210900043199503,0,11.6,0,0.135761127069564,0.119132530991736,-0.280433733797543,0.280433733797543,approach
0.12,0,0.0292417005808305,0.0781518781461117,11.6,0,0.135478390392725,0.118760330578512,-0.282674667558656,0.282674667558656,approach
0.121,0,0.025064314783569,0,11.6,0,0.135193448761939,0.11838875,-0.284878910868598,0.284878910868598,approach
0.122,0,0.0245207492575689,0.0212593561015687,11.6,0,0.134906339440061,0.118017851239669,-0.287045911519526,0.287045911519526,approach
0.123,0,0.0210177850779162,0,11.6,0,0.134617100231572,0.117647696280992,-0.289175128607655,0.289175128607655,approach
0.124,0,0.0180152443524996,0,11.6,0,0.134325769471329,0.117278347107438,-0.291266032470129,0.291266032470129,approach
0.125,0,0.0154416380164283,0,11.6,0,0.134032386013382,0.116909865702479,-0.293318104617155,0.293318104617155,approach
0.126,0,0.0132356897283671,0,11.6,0,0.133736989219855,0.116542314049587,-0.295330837659474,0.295330837659474,approach
0.127,0,0.0116436245895973,0.00209123375697888,11.6,0,0.133439618949915,0.116175754132231,-0.297303735231234,0.297303735231234,approach
0.128,0,0.010887387591478,0.00634996560276177,11.6,0,0.133140315548811,0.115810247933884,-0.29923631190835,0.29923631190835,approach
0.129,0,0.00933204650698112,0,11.6,0,0.132839119837007,0.115445857438017,-0.301128093122409,0.301128093122409,approach
0.13,0,0.0144157141956956,0.0449177203279823,11.6,0,0.132536073099397,0.115082644628099,-0.302978615070216,0.302978615070216,approach
0.131,0,0.0123563264534533,0,11.6,0,0.132231217074625,0.114720671487603,-0.304787424619044,0.304787424619044,approach
0.132,0,0.0105911369601029,0,11.6,0,0.131924593944488,0.11436,-0.306554079207676,0.306554079207676,approach
0.133,0,0.00907811739437389,0,11.6,0,0.131616246323459,0.11400069214876,-0.308278146743321,0.308278146743321,approach
0.134,0,0.0077812434808919,0,11.6,0,0.131306217248301,0.113642809917355,-0.309959205494478,0.309959205494478,approach
0.135,0,0.00666963726933592,0,11.6,0,0.1309945501678,0.113286415289256,-0.311596843979852,0.311596843979852,approach
0.136,0,0.0117659383224149,0.0423437446408887,11.6,0,0.130681288932615,0.112931570247934,-0.313190660853387,0.313190660853387,approach
0.137,0,0.0170914509835955,0.049044526950679,11.6,0,0.130366477785234,0.112578336776859,-0.314740264785515,0.314740264785515,approach
0.138,0,0.0146498151287961,0,11.6,0,0.130050161350067,0.112226776859504,-0.316245274340705,0.316245274340705,approach
0.139,0,0.012556984396111,0,11.6,0,0.129732384623654,0.111876952479339,-0.317705317851415,0.317705317851415,approach
0.14,0,0.0107631294823808,0,11.6,0,0.129413192965003,0.111528925619835,-0.319120033288515,0.319120033288515,approach
0.141,0,0.00922553955632642,0,11.6,0,0.129092632086071,0.111182758264463,-0.320489068128292,0.320489068128292,approach
0.142,0,0.00790760533399408,0,11.6,0,0.128770748042361,0.110838512396694,-0.321812079216132,0.321812079216132,approach
0.143,0,0.00683534050168109,0.000401751507803193,11.6,0,0.128447587223681,0.11049625,-0.323088732626951,0.323088732626951,approach
0.144,0,0.00948784486145441,0.0254028710200943,11.6,0,0.128123196345028,0.110156033057851,-0.324318703522498,0.324318703522498,approach
0.145,0,0.00813243845267521,0,11.6,0,0.127797622437624,0.109817923553719,-0.325501676005614,0.325501676005614,approach
0.146,0,0.00916145613244066,0.0153355622110334,11.6,0,0.127470912840103,0.109481983471074,-0.326637342971535,0.326637342971535,approach
0.147,0,0.0136252356159852,0.0404079125172525,11.6,0,0.127143115189841,0.109148274793388,-0.327725405956357,0.327725405956357,approach
0.148,0,0.0116787733851302,0,11.6,0,0.126814277414448,0.108816859504132,-0.328765574982742,0.328765574982742,approach
0.149,0,0.0137915543805369,0.0264682403529771,11.6,0,0.126484447723415,0.108487799586777,-0.329757568402979,0.329757568402979,approach
0.15,0,0.0118213323261745,0,11.6,0,0.126153674599914,0.108161157024793,-0.330701112739493,0.330701112739493,approach
0.151,0,0.0160318900238573,0.0412952362099544,11.6,0,0.125822006792769,0.107836993801653,-0.331595942522895,0.331595942522895,approach
0.152,0,0.0178236678836658,0.0285743350425167,11.6,0,0.12548949330858,0.107515371900826,-0.332441800127696,0.332441800127696,approach
0.153,0,0.0159170310218684,0.00447720985108404,11.6,0,0.125156183404029,0.107196353305785,-0.333238435605758,0.333238435605758,approach
0.154,0,0.0136431694473158,0,11.6,0,0.124822126578335,0.10688,-0.333985606517603,0.333985606517603,approach
0.155,0,0.0152784210597872,0.025089930734616,11.6,0,0.124487372565896,0.106566373966942,-0.334683077761676,0.334683077761676,approach
0.156,0,0.0205131066456687,0.0519212201609575,11.6,0,0.124151971329094,0.106255537190083,-0.335330621401662,0.335330621401662,approach
0.157,0,0.0175826628391446,0,11.6,0,0.123815973051278,0.105947551652893,-0.335928016491957,0.335928016491957,approach
0.158,0,0.0173874310887376,0.0162160405862956,11.6,0,0.123479428129923,0.105642479338843,-0.336475048901407,0.336475048901407,approach
0.159,0,0.0149035123617751,0,11.6,0,0.123142387169964,0.105340382231405,-0.336971511135393,0.336971511135393,approach
0.16,0,0.0198894207811694,0.0498048712975351,11.6,0,0.122804900977314,0.10504132231405,-0.337417202156393,0.337417202156393,approach
0.161,0,0.0259842868028083,0.0625534829326419,11.6,0,0.122467020552558,0.104745361570248,-0.3378119272031,0.3378119272031,approach
0.162,0,0.0244814568198853,0.0154644769223471,11.6,0,0.122128797084831,0.104452561983471,-0.338155497608203,0.338155497608203,approach
0.163,0,0.0246036628322314,0.025336898906308,11.6,0,0.121790281945884,0.10416298553719,-0.338447730614941,0.338447730614941,approach
0.164,0,0.0210888538561983,0,11.6,0,0.121451526684321,0.103876694214876,-0.33868844919252,0.33868844919252,approach
0.165,0,0.01807616044817,0,11.6,0,0.121112583020041,0.10359375,-0.338877481850498,0.338877481850498,approach
0.166,0,0.0154938518127171,0,11.6,0,0.120773502838848,0.103314214876033,-0.33901466245223,0.33901466245223,approach
0.167,0,0.0158464280190752,0.0179618852572234,11.6,0,0.120434338187263,0.103038150826446,-0.339099830027493,0.339099830027493,approach
0.168,0,0.0135826525877787,0,11.6,0,0.120095141267512,0.102765619834711,-0.339132828584361,0.339132828584361,approach
0.169,0,0.0192579685617258,0.053309864405408,11.6,0,0.11975596443271,0.102496683884298,-0.339113506920449,0.339113506920449,approach
0.17,0,0.0165068301957649,0,11.6,0,0.119416860182236,0.102231404958678,-0.339041718433617,0.339041718433617,approach
0.171,0,0.0141487115963699,0,11.6,0,0.119077881157289,0.101969845041322,-0.338917320932226,0.338917320932226,approach
0.172,0,0.0121274670826028,0,11.6,0,0.118739080136645,0.101712066115702,-0.338740176445048,0.338740176445048,approach
0.173,0,0.0157706190324795,0.0376295307317393,11.6,0,0.118400510032595,0.101458130165289,-0.338510151030915,0.338510151030915,approach
0.174,0,0.0257675895415484,0.0857494125959619,11.6,0,0.118062223887081,0.101208099173554,-0.338227114588219,0.338227114588219,approach
0.175,0,0.0255325724783359,0.0241224700990609,11.6,0,0.117724274868016,0.100962035123967,-0.337890940664332,0.337890940664332,approach
0.176,0,0.0218850621242879,0,11.6,0,0.1173867162658,0.10072,-0.337501506265052,0.337501506265052,approach
0.177,0,0.0272942521417405,0.0597493922464562,11.6,0,0.117049601490025,0.100482055785124,-0.337058691664164,0.337058691664164,approach
0.178,0,0.023395073264349,0,11.6,0,0.11671298406637,0.10024826446281,-0.3365623802132,0.3365623802132,approach
0.179,0,0.0256500827468869,0.0391801396421141,11.6,0,0.116376917633685,0.100018688016529,-0.336012458151494,0.336012458151494,approach
0.18,0,0.0237247572498246,0.0121728042674513,11.6,0,0.116041455941265,0.0997933884297521,-0.335408814416603,0.335408814416603,approach
0.181,0,0.0203355062141354,0,11.6,0,0.115706652846319,0.0995724276859504,-0.334751340455197,0.334751340455197,approach
0.182,0,0.017530688310115,0.000701780885992809,11.6,0,0.115372562311617,0.099355867768595,-0.334039930034493,0.334039930034493,approach
0.183,0,0.0180814461489178,0.0213859931817344,11.6,0,0.115039238403337,0.099143770661157,-0.33327447905431,0.33327447905431,approach
0.184,0,0.0154983824133581,0,11.6,0,0.114706735289088,0.0989361983471074,-0.33245488535984,0.33245488535984,approach
0.185,0,0.0198291213806627,0.0458135551844901,11.6,0,0.114375107236132,0.0987332128099174,-0.331581048555193,0.331581048555193,approach
0.186,0,0.0169963897548537,0,11.6,0,0.114044408609778,0.0985348760330579,-0.330652869817819,0.330652869817819,approach
0.187,0,0.0191895772846876,0.0323487024636906,11.6,0,0.113714693871974,0.09834125,-0.32967025171386,0.32967025171386,approach
0.188,0,0.0199820695501185,0.024737023142704,11.6,0,0.113386017580076,0.0981523966942149,-0.328633098014519,0.328633098014519,approach
0.189,0,0.0171274881858158,0,11.6,0,0.113058434385798,0.0979683780991736,-0.327541313513514,0.327541313513514,approach
0.19,0,0.0170930224641175,0.0168862281339276,11.6,0,0.11273199903435,0.0977892561983471,-0.326394803845687,0.326394803845687,approach
0.191,0,0.0146511621121007,0,11.6,0,0.112406766363754,0.0976150929752066,-0.325193475306842,0.325193475306842,approach
0.192,0,0.0214834210461053,0.0624769746501328,11.6,0,0.112082791304334,0.0974459504132232,-0.32393723467487,0.32393723467487,approach
0.193,0,0.0190302619048258,0.00431130705714876,11.6,0,0.111760128878393,0.0972818904958678,-0.322625989032231,0.322625989032231,approach
0.194,0,0.0163116530612793,0,11.6,0,0.11143883420006,0.0971229752066116,-0.321259645589863,0.321259645589863,approach
0.195,0,0.0231574314186785,0.0642321015630739,11.6,0,0.111118962475314,0.0969692665289256,-0.31983811151256,0.31983811151256,approach
0.196,0,0.0198492269302959,0,11.6,0,0.11080056900218,0.096820826446281,-0.318361293745901,0.318361293745901,approach
0.197,0,0.0182986761849976,0.00899537171320778,11.6,0,0.110483709171102,0.0966777169421488,-0.316829098844771,0.316829098844771,approach
0.198,0,0.0156845795871408,0,11.6,0,0.110168438465477,0.09654,-0.315241432803532,0.315241432803532,approach
0.199,0,0.0134439253604064,0,11.6,0,0.109854812462369,0.0964077376033058,-0.313598200887902,0.313598200887902,approach
0.2,0,0.0176636977841568,0.0429823323266592,11.6,0,0.109542886833379,0.0962809917355372,-0.311899307468597,0.311899307468597,approach
0.201,0,0.0166293587139502,0.0104233242927108,11.6,0,0.109232717345685,0.0961598243801653,-0.310144655856761,0.310144655856761,approach
0.202,0,0.0242139712821612,0.069721646691427,11.6,0,0.10892435986325,0.0960442975206612,-0.308334148141262,0.308334148141262,approach
0.203,0,0.0234974011964683,0.019197980682311,11.6,0,0.10861787034818,0.0959344731404959,-0.306467685027884,0.306467685027884,approach
0.204,0,0.0201406295969728,0,11.6,0,0.10831330486225,0.0958304132231405,-0.304545165680445,0.304545165680445,approach
0.205,0,0.0309277970660295,0.0956508018803695,11.6,0,0.108010719568588,0.0957321797520661,-0.302566487563908,0.302566487563908,approach
0.206,0,0.026509540342311,0,11.6,0,0.107710170733503,0.0956398347107438,-0.300531546289503,0.300531546289503,approach
0.207,0,0.0227224631505523,0,11.6,0,0.107411714728484,0.0955534400826446,-0.298440235461898,0.298440235461898,approach
0.208,0,0.0225883110721506,0.0217833986017408,11.6,0,0.107115408032333,0.0954730578512397,-0.296292446528464,0.296292446528464,approach
0.209,0,0.0193614094904148,0,11.6,0,0.106821307233462,0.09539875,-0.294088068630651,0.294088068630651,approach
0.21,0,0.016595493848927,0,11.6,0,0.106529469032321,0.0953305785123967,-0.291826988457518,0.291826988457518,approach
0.211,0,0.0231144941146956,0.0622284957093069,11.6,0,0.106239950243988,0.0952686053719008,-0.289509090101431,0.289509090101431,approach
0.212,0,0.0198124235268819,0,11.6,0,0.105952807800886,0.0952128925619835,-0.287134254915962,0.287134254915962,approach
0.213,0,0.0275560776645865,0.074018002490814,11.6,0,0.105668098755653,0.0951635020661157,-0.28470236137601,0.28470236137601,approach
0.214,0,0.0265427480983234,0.0204627707007445,11.6,0,0.105385880284142,0.0951204958677686,-0.282213284940167,0.282213284940167,approach
0.215,0,0.02275092694142,0,11.6,0,0.105106209688558,0.0950839359504132,-0.279666897915339,0.279666897915339,approach
0.216,0,0.0195007945212172,0,11.6,0,0.104829144400734,0.0950538842975207,-0.277063069323645,0.277063069323645,approach
0.217,0,0.0167149667324719,0,11.6,0,0.104554741985529,0.095030402892562,-0.274401664771611,0.274401664771611,approach
0.218,0,0.0262145346637501,0.0832119422514195,11.6,0,0.104283060144364,0.0950135537190083,-0.271682546321656,0.271682546321656,approach
0.219,0,0.0224696011403572,0,11.6,0,0.104014156718881,0.0950033987603306,-0.268905572365898,0.268905572365898,approach
0.22,0,0.0192596581203062,0,11.6,0,0.103748089694724,0.095,-0.266070597502276,0.266070597502276,approach
0.221,0,0.0165082783888339,0,11.6,0,0.103484917205446,0.09466,-0.263177472412995,0.263177472412995,approach
0.222,0,0.0198767681794125,0.0400877069228841,11.6,0,0.103221068901898,0.09432,-0.263853284207557,0.263853284207557,approach
0.223,0,0.0170372298680678,0,11.6,0,0.102956541144485,0.09398,-0.264532731619117,0.264532731619117,approach
0.224,0,0.0236223161985852,0.0631328341816891,11.6,0,0.102691330571595,0.09364,-0.265215536803609,0.265215536803609,approach
0.225,0,0.0202476995987873,0,11.6,0,0.102425434094416,0.0933,-0.265901427101415,0.265901427101415,approach
0.226,0,0.0350233510619996,0.123677259841273,11.6,0,0.102158848891759,0.09296,-0.266590135027324,0.266590135027324,approach
0.227,0,0.0305305160951869,0.00357350629431121,11.6,0,0.101891572404898,0.09262,-0.267281398256629,0.267281398256629,approach
0.228,0,0.0261690137958745,0,11.6,0,0.101623602332419,0.09228,-0.267974959607645,0.267974959607645,approach
0.229,0,0.0344589577169954,0.0841986212437208,11.6,0,0.101354936625102,0.09194,-0.26867056702093,0.26867056702093,approach
0.23,0,0.0295362494717104,0,11.6,0,0.10108557348082,0.0916,-0.269367973535441,0.269367973535441,approach
0.231,0,0.0290381070568223,0.0260492525674938,11.6,0,0.100815511339461,0.09126,-0.270066937261872,0.270066937261872,approach
0.232,0,0.0257116852424875,0.00575315435647903,11.6,0,0.100544748877888,0.09092,-0.270767221353392,0.270767221353392,approach
0.233,0,0.0220385873507036,0,11.6,0,0.100273285004927,0.09058,-0.271468593973966,0.271468593973966,approach
0.234,0,0.0188902177291745,0,11.6,0,0.100001118856383,0.09024,-0.272170828264463,0.272170828264463,approach
0.235,0,0.0161916151964353,0,11.6,0,0.0997282497901049,0.0899,-0.272873702306724,0.272873702306724,approach
0.236,0,0.0138785273112303,0,11.6,0,0.0994546773810745,0.08956,-0.273576999085735,0.273576999085735,approach
0.237,0,0.0118958805524831,0,11.6,0,0.0991804014165446,0.08922,-0.274280506450073,0.274280506450073,approach
0.238,0,0.0101964690449855,0,11.6,0,0.0989054218912133,0.08888,-0.274984017070756,0.274984017070756,approach
0.239,0,0.0129731383752389,0.0296331543567597,11.6,0,0.0986297390024435,0.08854,-0.275687328398632,0.275687328398632,approach
0.24,0,0.011119832893062,0,11.6,0,0.0983533531455249,0.0882,-0.276390242620419,0.276390242620419,approach
0.241,0,0.00988138360651894,0.00245068788726082,11.6,0,0.0980762649089817,0.08786,-0.277092566613525,0.277092566613525,approach
0.242,0,0.00846975737701623,0,11.6,0,0.0977984750699268,0.08752,-0.277794111899736,0.277794111899736,approach
0.243,0,0.00725979203744249,0,11.6,0,0.0975199845894632,0.08718,-0.278494694597886,0.278494694597886,approach
0.244,0,0.0158030930029785,0.0670628987961946,11.6,0,0.0972407946081332,0.08684,-0.279194135375589,0.279194135375589,approach
0.245,0,0.0202649571951192,0.0470361423479634,11.6,0,0.0969609064414172,0.0865,-0.279892259400129,0.279892259400129,approach
0.246,0,0.0173699633101022,0,11.6,0,0.0966803215752831,0.08616,-0.280588896288585,0.280588896288585,approach
0.247,0,0.0148885399800876,0,11.6,0,0.0963990416617838,0.08582,-0.281283880057258,0.281283880057258,approach
0.248,0,0.0127616056972179,0,11.6,0,0.0961170685147095,0.08548,-0.281977049070485,0.281977049070485,approach
0.249,0,0.0119255000070624,0.00690886586612936,11.6,0,0.095834404105288,0.08514,-0.282668245988902,0.282668245988902,approach
0.25,0,0.0271662185482221,0.11861052979518,11.6,0,0.0955510505579404,0.0848,-0.283357317717205,0.283357317717205,approach
0.251,0,0.0305294582864194,0.0507088967156033,11.6,0,0.095267010146087,0.08446,-0.284044115351488,0.284044115351488,approach
0.252,0,0.0283993261285972,0.0156185331816641,11.6,0,0.0949822852880085,0.08412,-0.284728494126197,0.284728494126197,approach
0.253,0,0.0243422795387976,0,11.6,0,0.0946968785427581,0.08378,-0.285410313360757,0.285410313360757,approach
0.254,0,0.0305889882949453,0.0680692408318316,11.6,0,0.0944107926061292,0.08344,-0.286089436405922,0.286089436405922,approach
0.255,0,0.0303452848428929,0.0288830641305785,11.6,0,0.0941240303066767,0.0831,-0.286765730589889,0.286765730589889,approach
0.256,0,0.0361641224063887,0.0710771477873636,11.6,0,0.0938365946017907,0.08276,-0.287439067164225,0.287439067164225,approach
0.257,0,0.0386963969839183,0.053890044449096,11.6,0,0.0935484885738274,0.08242,-0.288109321249634,0.288109321249634,approach
0.258,0,0.03316834027193,0,11.6,0,0.0932597154262913,0.08208,-0.288776371781628,0.288776371781628,approach
0.259,0,0.0284300059473686,0,11.6,0,0.0929702784800736,0.08174,-0.289440101456102,0.289440101456102,approach
0.26,0,0.0243685765263159,0,11.6,0,0.0926801811697451,0.0814,-0.290100396674878,0.290100396674878,approach
0.261,0,0.0209938100928958,0.00074521149237498,11.6,0,0.0923894270399021,0.08106,-0.290757147491239,0.290757147491239,approach
0.262,0,0.022447729124797,0.0311712433162041,11.6,0,0.0920980197415684,0.08072,-0.29141024755547,0.29141024755547,approach
0.263,0,0.0192409106783974,0,11.6,0,0.0918059630286513,0.08038,-0.292059594060462,0.292059594060462,approach
0.264,0,0.0191216573756475,0.0184061375591482,11.6,0,0.0915132607544508,0.08004,-0.292705087687378,0.292705087687378,approach
0.265,0,0.0163899920362693,0,11.6,0,0.0912199168682245,0.0797,-0.293346632551425,0.293346632551425,approach
0.266,0,0.0194045331431156,0.0374917797841932,11.6,0,0.0909259354118058,0.07936,-0.29398413614775,0.29398413614775,approach
0.267,0,0.0166324569798133,0,11.6,0,0.0906313205162766,0.07902,-0.294617509297479,0.294617509297479,approach
0.268,0,0.0142563916969829,0,11.6,0,0.0903360763986927,0.07868,-0.295246666093935,0.295246666093935,approach
0.269,0,0.0122197643116996,0,11.6,0,0.0900402073588642,0.07834,-0.295871523849026,0.295871523849026,approach
0.27,0,0.0104740836957425,0,11.6,0,0.0897437177761883,0.078,-0.296492003039866,0.296492003039866,approach
0.271,0,0.0207047604256417,0.0820888208050366,11.6,0,0.0894466121065363,0.07766,-0.297108027255601,0.297108027255601,approach
0.272,0,0.0177469375076929,0,11.6,0,0.0891488948791912,0.07732,-0.297719523144498,0.297719523144498,approach
0.273,0,0.0253559387689977,0.0710099463368264,11.6,0,0.0888505706938414,0.07698,-0.298326420361282,0.298326420361282,approach
0.274,0,0.0220705884783263,0.00235848673429807,11.6,0,0.0885516442176243,0.07664,-0.298928651514755,0.298928651514755,approach
0.275,0,0.0189176472671368,0,11.6,0,0.0882521201822217,0.0763,-0.299526152115711,0.299526152115711,approach
0.276,0,0.0246936559816716,0.0593497082688801,11.6,0,0.0879520033810096,0.07596,-0.300118860525155,0.300118860525155,approach
0.277,0,0.0211659908414328,0,11.6,0,0.087651298666257,0.07562,-0.300706717902834,0.300706717902834,approach
0.278,0,0.0258283909967221,0.0538027919284579,11.6,0,0.0873500109463762,0.07528,-0.301289668156117,0.301289668156117,approach
0.279,0,0.0221386208543332,0,11.6,0,0.087048145183225,0.07494,-0.301867657889206,0.301867657889206,approach
0.28,0,0.0241828335353681,0.0364481096215776,11.6,0,0.0867457063894589,0.0746,-0.302440636352708,0.302440636352708,approach
0.281,0,0.0207281430303155,0,11.6,0,0.0864426996259319,0.07426,-0.303008555393577,0.303008555393577,approach
0.282,0,0.0177669797402705,0,11.6,0,0.0861391299991501,0.07392,-0.303571369405431,0.303571369405431,approach
0.283,0,0.0258271432515545,0.0741881243192584,11.6,0,0.0858350026587708,0.07358,-0.304129035279259,0.304129035279259,approach
0.284,0,0.0221375513584752,0,11.6,0,0.0855303227951538,0.07324,-0.304681512354518,0.304681512354518,approach
0.285,0,0.0235098992761289,0.031743986782051,11.6,0,0.0852250956369591,0.0729,-0.305228762370648,0.305228762370648,approach
0.286,0,0.0265274280226792,0.0446326005019805,11.6,0,0.0849193264487942,0.07256,-0.305770749418989,0.305770749418989,approach
0.287,0,0.0227377954480107,0,11.6,0,0.0846130205289077,0.07222,-0.306307439895128,0.306307439895128,approach
0.288,0,0.0318276167966846,0.0863665448887279,11.6,0,0.0843061832069305,0.07188,-0.30683880245167,0.30683880245167,approach
0.289,0,0.0392591484671628,0.083848338490032,11.6,0,0.0839988198416646,0.07154,-0.307364807951448,0.307364807951448,approach
0.29,0,0.0336506986861395,0,11.6,0,0.0836909358189179,0.0712,-0.307885429421176,0.307885429421176,approach
0.291,0,0.0304259615658481,0.0110775388440994,11.6,0,0.0833825365493839,0.07086,-0.308400642005551,0.308400642005551,approach
0.292,0,0.0260793956278698,0,11.6,0,0.0830736274665683,0.07052,-0.308910422921808,0.308910422921808,approach
0.293,0,0.0274465195219177,0.0356492628862054,11.6,0,0.0827642140247597,0.07018,-0.309414751414735,0.309414751414735,approach
0.294,0,0.0235255881616438,0,11.6,0,0.0824543016970455,0.06984,-0.309913608712158,0.309913608712158,approach
0.295,0,0.020376846584437,0.00148439712119637,11.6,0,0.0821438959733707,0.0695,-0.310406977980888,0.310406977980888,approach
0.296,0,0.0247408713092154,0.0509250196578859,11.6,0,0.0818330023586419,0.06916,-0.310894844283151,0.310894844283151,approach
0.297,0,0.0260393594422733,0.0338302882406206,11.6,0,0.0815216263708729,0.06882,-0.311377194533488,0.311377194533488,approach
0.298,0,0.02231945095052,0,11.6,0,0.0812097735393743,0.06848,-0.311854017456146,0.311854017456146,approach
0.299,0,0.0327203303341577,0.0951256066359839,11.6,0,0.0808974494029836,0.06814,-0.312325303542945,0.312325303542945,approach
0.3,0,0.028045997429278,0,11.6,0,0.080584659508339,0.0678,-0.312791045011639,0.312791045011639,approach
0.301,0,0.0313372505674011,0.0510847693961398,11.6,0,0.0802714094081925,0.06746,-0.313251235764769,0.313251235764769,approach
0.302,0,0.0268605004863438,0,11.6,0,0.0799577046597645,0.06712,-0.313705871349008,0.313705871349008,approach
0.303,0,0.0230232861311518,0,11.6,0,0.0796435508231388,0.06678,-0.314154948915003,0.314154948915003,approach
0.304,0,0.0238483440784839,0.0287986917624765,11.6,0,0.079328953459697,0.06644,-0.314598467177712,0.314598467177712,approach
0.305,0,0.0305921394491304,0.0710549116730095,11.6,0,0.0790139181305919,0.0661,-0.315036426377249,0.315036426377249,approach
0.306,0,0.0262218338135404,0,11.6,0,0.0786984503952597,0.06576,-0.315468828240222,0.315468828240222,approach
0.307,0,0.0224758575544632,0,11.6,0,0.0783825558099704,0.06542,-0.315895675941578,0.315895675941578,approach
0.308,0,0.0192650207609684,0,11.6,0,0.0780662399264165,0.06508,-0.31631697406695,0.31631697406695,approach
0.309,0,0.0181896670828531,0.0117375450141608,11.6,0,0.0777495082903377,0.06474,-0.316732728575513,0.316732728575513,approach
0.31,0,0.0155911432138741,0,11.6,0,0.0774323664401824,0.0644,-0.317142946763337,0.317142946763337,approach
0.311,0,0.0133638370404635,0,11.6,0,0.0771148199058069,0.06406,-0.317547637227257,0.317547637227257,approach
0.312,0,0.0114547174632544,0,11.6,0,0.0767968742072085,0.06372,-0.317946809829234,0.317946809829234,approach
0.313,0,0.00981832925421806,0,11.6,0,0.076478534853294,0.06338,-0.318340475661236,0.318340475661236,approach
0.314,0,0.00841571078932977,0,11.6,0,0.0761598073406844,0.06304,-0.318728647010616,0.318728647010616,approach
0.315,0,0.00721346639085409,0,11.6,0,0.0758406971525514,0.0627,-0.319111337325998,0.319111337325998,approach
0.316,0,0.00618297119216065,0,11.6,0,0.0755212097574889,0.06236,-0.319488561183664,0.319488561183664,approach
0.317,0,0.00529968959328055,0,11.6,0,0.0752013506084182,0.06202,-0.319860334254449,0.319860334254449,approach
0.318,0,0.0128808383397205,0.0583677308183601,11.6,0,0.0748811251415241,0.06168,-0.320226673271137,0.320226673271137,approach
0.319,0,0.0110407185769033,0,11.6,0,0.0745605387752248,0.06134,-0.320587595996354,0.320587595996354,approach
0.32,0,0.01241262090701,0.0206440348876506,11.6,0,0.0742395969091719,0.061,-0.320943121190972,0.320943121190972,approach
0.321,0,0.0129766603706823,0.0163608971527158,11.6,0,0.0739183049232832,0.06066,-0.321293268582996,0.321293268582996,approach
0.322,0,0.0111228517462991,0,11.6,0,0.0735966681768049,0.06032,-0.321638058836961,0.321638058836961,approach
0.323,0,0.00953387292539923,0,11.6,0,0.0732746920074036,0.05998,-0.321977513523817,0.321977513523817,approach
0.324,0,0.0194978719494849,0.0792818660939986,11.6,0,0.0729523817302901,0.05964,-0.322311655091314,0.322311655091314,approach
0.325,0,0.016712461670987,0,11.6,0,0.0726297426373696,0.0593,-0.322640506834865,0.322640506834865,approach
0.326,0,0.0226145753058783,0.0580272571152256,11.6,0,0.0723067799964223,0.05896,-0.322964092868916,0.322964092868916,approach
0.327,0,0.0230245421212328,0.0254843430133601,11.6,0,0.0719834990503118,0.05862,-0.323282438098781,0.323282438098781,approach
0.328,0,0.0197353218181995,0,11.6,0,0.071659905016221,0.05828,-0.323595568192986,0.323595568192986,approach
0.329,0,0.0401536303704886,0.162663481684223,11.6,0,0.0713360030849151,0.05794,-0.323903509556068,0.323903509556068,approach
0.33,0,0.034447004460167,0.000207248998236965,11.6,0,0.0710117984200321,0.0576,-0.324206289301874,0.324206289301874,approach
0.331,0,0.0356053042869416,0.0425551032475892,11.6,0,0.0706872961573984,0.05726,-0.324503935227324,0.324503935227324,approach
0.332,0,0.0305188322459499,0,11.6,0,0.0703625014043714,0.05692,-0.324796475786646,0.324796475786646,approach
0.333,0,0.0299586167822156,0.0265973239998096,11.6,0,0.0700374192392061,0.05658,-0.325083940066093,0.325083940066093,approach
0.334,0,0.0256788143847562,0,11.6,0,0.0697120547104477,0.05624,-0.32536635775911,0.32536635775911,approach
0.335,0,0.02965536757283,0.0535146867012729,11.6,0,0.0693864128363484,0.0559,-0.325643759141976,0.325643759141976,approach
0.336,0,0.0266619038677542,0.00870112163729914,11.6,0,0.0690604986043069,0.05556,-0.3259161750499,0.3259161750499,approach
0.337,0,0.022853060458075,0,11.6,0,0.0687343169703333,0.05522,-0.326183636853576,0.326183636853576,approach
0.338,0,0.0220577947894524,0.0172862007777165,11.6,0,0.0684078728585355,0.05488,-0.326446176436191,0.326446176436191,approach
0.339,0,0.024096219455131,0.0363267674492026,11.6,0,0.068081171160629,0.05454,-0.326703826170877,0.326703826170877,approach
0.34,0,0.0206539023901123,0,11.6,0,0.0677542167354682,0.0542,-0.326956618898619,0.326956618898619,approach
0.341,0,0.0177033449058105,0,11.6,0,0.0674270144086,0.05386,-0.327204587906591,0.327204587906591,approach
0.342,0,0.0151742956335519,0,11.6,0,0.0670995689718379,0.05352,-0.327447766906941,0.327447766906941,approach
0.343,0,0.0250637502038734,0.0844004776258026,11.6,0,0.0667718851828582,0.05318,-0.327686190016004,0.327686190016004,approach
0.344,0,0.0214832144604629,0,11.6,0,0.0664439677648147,0.05284,-0.327919891733945,0.327919891733945,approach
0.345,0,0.0260148692139868,0.0532047977351301,11.6,0,0.0661158214059746,0.0525,-0.328148906924833,0.328148906924833,approach
0.346,0,0.0302114500684999,0.0553909351955783,11.6,0,0.0657874507593741,0.05216,-0.328373270797127,0.328373270797127,approach
0.347,0,0.0258955286301427,0,11.6,0,0.0654588604424931,0.05182,-0.328593018884586,0.328593018884586,approach
0.348,0,0.0221961673972652,0,11.6,0,0.0651300550369466,0.05148,-0.328808187027593,0.328808187027593,approach
0.349,0,0.0218644612117986,0.0198742240989992,11.6,0,0.0648010390881976,0.05114,-0.329018811354882,0.329018811354882,approach
0.35,0,0.0266476283463439,0.0553466311536157,11.6,0,0.0644718171052858,0.0508,-0.329224928265676,0.329224928265676,approach
0.351,0,0.0387746866235145,0.111537036286538,11.6,0,0.0641423935605735,0.05046,-0.329426574412216,0.329426574412216,approach
0.352,0,0.0485357652745558,0.107102237180803,11.6,0,0.0638127728895107,0.05012,-0.329623786682699,0.329623786682699,approach
0.353,0,0.0416020845210478,0,11.6,0,0.0634829594904139,0.04978,-0.32981660218459,0.32981660218459,approach
0.354,0,0.0356589295894696,0,11.6,0,0.0631529577242649,0.04944,-0.33000505822834,0.33000505822834,approach
0.355,0,0.0305647967909739,0,11.6,0,0.0628227719145214,0.0491,-0.330189192311466,0.330189192311466,approach
0.356,0,0.0294143754372368,0.0225118473148145,11.6,0,0.0624924063469466,0.04876,-0.330369042103023,0.330369042103023,approach
0.357,0,0.0273086484483327,0.014674286514908,11.6,0,0.0621618652694521,0.04842,-0.330544645428443,0.330544645428443,approach
0.358,0,0.0234074129557138,0,11.6,0,0.0618311528919563,0.04808,-0.330716040254744,0.330716040254744,approach
0.359,0,0.0229089701194608,0.0199183131019434,11.6,0,0.0615002733862567,0.048,-0.330883264676098,0.330883264676098,approach
0.36,0,0.033238600099364,0.0952163799787831,11.6,0,0.0611692770442406,0.048,-0.331000222311832,0.331000222311832,approach
0.361,0,0.0481840736773361,0.137856915145169,11.6,0,0.0608382272696144,0.048,-0.331053807785897,0.331053807785897,approach
0.362,0,0.0582941015403458,0.118954268718404,11.6,0,0.0605071860870094,0.048,-0.331045399052221,0.331045399052221,approach
0.363,0,0.056305060656862,0.0443708153559592,11.6,0,0.0601762141611249,0.048,-0.330976354905127,0.330976354905127,approach
0.364,0.236463069764265,0.0536216871243575,0.0375214459293307,11.6,0.154629184122811,0.0598453708158772,0.0598292058862392,-0.330848014976025,0.330848014976025,force
0.365,1.28882094892148,0.0459614461065922,0,11.6,0.479049468738189,0.0595209505312618,0.0598130302322637,-0.324428429154461,0.324428429154461,force
0.366,2.764515701939,0.0471237361163298,0.0540974761747552,11.6,0.797017908746457,0.0592029820912535,0.0597968562054943,-0.317979894278117,0.317979894278117,force
0.367,4.53187641454316,0.0403917738139969,0,11.6,1.10844168340587,0.0588915583165941,0.0597806727539776,-0.311438402489218,0.311438402489218,force
0.368,6.52071596722802,0.0646239404831827,0.210016940498297,11.6,1.41318612705438,0.0585868138729456,0.0597645232274943,-0.304762122676424,0.304762122676424,force
0.369,8.68332443454564,0.238653198669106,1.28282874778465,11.6,1.7110858954861,0.0582889141045139,0.0597486173419724,-0.297920381858318,0.297920381858318,force
0.37,10.9833384310914,0.606273364479682,2.81199435934314,11.6,2.00195095448465,0.0579980490455154,0.0597332261246827,-0.290888490493051,0.290888490493051,force
0.371,13.3910821989115,1.17012901134746,4.55326289255412,11.6,2.28557196907649,0.0577144280309235,0.0597186243052986,-0.28364714400746,0.28364714400746,force
0.372,15.881224582562,1.93230403301088,6.5053541629914,11.6,2.56172523528076,0.0574382747647192,0.0597050895309448,-0.276181965992989,0.276181965992989,force
0.373,18.4314609332728,2.89437348557167,8.66679020093643,11.6,2.83017681610103,0.057169823183899,0.0596929016538246,-0.268482713223757,0.268482713223757,force
0.374,21.0217159923654,4.06199173333517,11.0677012199162,11.6,3.0906861057715,0.0569093138942285,0.0596823484422513,-0.260542704538958,0.260542704538958,force
0.375,23.6336368452413,5.39966262185889,13.4256879530012,11.6,3.34300888040031,0.0566569911195997,0.0596736679699219,-0.252358307797019,0.252358307797019,force
0.376,26.2502693334273,6.89061356267383,15.8363192075635,11.6,3.58690072310566,0.0564130992768943,0.0596670748289096,-0.243929314656483,0.243929314656483,force
0.377,28.855840426194,8.53688441508692,18.4145095295654,11.6,3.8221198169811,0.0561778801830189,0.0596627864670908,-0.235258309002392,0.235258309002392,force
0.378,31.4356087546967,10.3163426030439,20.9930917307857,11.6,4.04842915380383,0.0559515708461962,0.059660989346735,-0.22635008319848,0.22635008319848,force
0.379,33.9757701057125,12.2126003793325,23.5901470370644,11.6,4.26559895087476,0.0557344010491252,0.0596618469872661,-0.217211846521679,0.217211846521679,force
0.38,36.4633946259044,14.2195723074496,26.261403876152,11.6,4.47340876451004,0.05552659123549,0.0596655143884965,-0.207852922235207,0.207852922235207,force
0.381,38.8863848725937,16.3061109509634,28.8253428120466,11.6,4.67164923867858,0.0553283507613214,0.0596721029438279,-0.198284383125233,0.198284383125233,force
0.382,41.2334572701351,18.4694868259252,31.4497420756961,11.6,4.86012412507281,0.0551398758749272,0.0596817202253842,-0.18851932321291,0.18851932321291,force
0.383,43.494126094901,20.6879709185759,33.9988754744799,11.6,5.03865163790907,0.0549613483620909,0.0596944433846702,-0.178572192866824,0.178572192866824,force
0.384,45.6587014052961,22.9470254426986,36.5013525874348,11.6,5.20706599159155,0.0547929340084085,0.0597103292202899,-0.168458981909333,0.168458981909333,force
0.385,47.7182888335049,25.2153647601828,38.8254006650877,11.6,5.36521866210917,0.0546347813378908,0.0597293907309542,-0.158196943615615,0.158196943615615,force
0.386,49.6647973815809,27.4918440926221,41.1507200872579,11.6,5.51297979885073,0.0544870202011493,0.0597516393126839,-0.147804745358383,0.147804745358383,force
0.387,51.490938304137,29.7759025651829,43.4802534005481,11.6,5.65023896453109,0.0543497610354689,0.0597770855762751,-0.137301796908288,0.137301796908288,force
0.388,53.1902250582802,32.0475031159184,45.6771064203312,11.6,5.77690573443591,0.0542230942655641,0.0598057120806374,-0.126708109858083,0.126708109858083,force
0.389,54.756978183725,34.2817585262279,47.6872909880847,11.6,5.89291051036515,0.0541070894896349,0.0598374665425741,-0.116044512425661,0.116044512425661,force
0.39,56.1863287692575,36.4743875879464,49.6301619582575,11.6,5.99820529085771,0.0540017947091423,0.0598722906851973,-0.105332605824734,0.105332605824734,force
0.391,57.474212618669,38.6140754673581,51.4522027438282,11.6,6.09276395410267,0.0539072360458973,0.0599101103908516,-0.09459427693652,0.09459427693652,force
0.392,58.6173652307514,40.6936480783135,53.1710837440459,11.6,6.17658254743494,0.0538234174525651,0.0599508414981612,-0.0838517048731727,0.0838517048731727,force
0.393,59.6133119015307,42.7165522223206,54.8539770863635,11.6,6.24967938968591,0.0537503206103141,0.0599944046712724,-0.0731271737550242,0.0731271737550242,force
0.394,60.4603514196449,44.6460529598022,56.2230573846916,11.6,6.3120948783263,0.0536879051216737,0.0600406691454162,-0.062442777341438,0.062442777341438,force
0.395,61.1575506838141,46.4772072546684,57.4641330238661,11.6,6.36389189868042,0.0536361081013196,0.0600894972355727,-0.051821021136702,0.051821021136702,force
0.396,61.7047224290859,48.2189302855482,58.6692684708267,11.6,6.40515556738998,0.05359484443261,0.0601384972355727,-0.0412841563583964,0.0412841563583964,force
0.397,62.1029399547162,49.8469605607023,59.6151422116272,11.6,6.43602100303334,0.0535639789969667,0.0601874972355727,-0.0308822164495627,0.0308822164495627,force
0.398,62.3538413169627,51.363616262134,60.4635504707241,11.6,6.45664452844704,0.053543355471553,0.0602364972355727,-0.0206364315119072,0.0206364315119072,force
0.399,62.4596814784119,52.7611311309342,61.1462203437355,11.6,6.46720085773198,0.053532799142268,0.0602854972355727,-0.0105652191382074,0.0105652191382074,force
0.4,62.4233068557309,54.0383958283681,61.7019840129711,11.6,6.46788239598021,0.0535321176040198,0.0603344972355727,-0.000686297481585212,0.000686297481585212,force
0.401,62.2900863416461,55.2069868196321,62.2185327672164,11.6,6.45889847187309,0.0535411015281269,0.0603834972355727,0.0089833821475646,0,force
0.402,62.0236614642053,56.231909721668,62.3814471338832,11.6,6.4404681418787,0.0535595318581213,0.0604324972355727,0.0184340668911137,0,force
0.403,61.6247804986313,57.131031200167,62.5257600711611,11.6,6.412825555635,0.053587174444365,0.0604814972355727,0.0276506360361048,0,force
0.404,61.0978802210738,57.8804225092969,62.3767703640761,11.6,6.37621957814551,0.0536237804218545,0.0605304972355727,0.0366183466275331,0,force
0.405,60.4478349166369,58.5104471507982,62.2905949998061,11.6,6.33091286360037,0.0536690871363996,0.0605794972355727,0.0453233823112038,0,force
0.406,59.6799171333644,59.0089856880742,62.0002169117305,11.6,6.27718088517635,0.0537228191148237,0.0606284972355727,0.0537528976027426,0,force
0.407,58.7997575434869,59.3724136063497,61.5529811160025,11.6,6.21531092662232,0.0537846890733777,0.0606774972355727,0.0618950563375647,0,force
0.408,57.8133041851194,59.6168828284557,61.0836981610918,11.6,6.14560104147344,0.0538543989585266,0.0607264972355727,0.0697390642632638,0,retract
0.409,56.7203089840795,59.7302212493143,60.4102517744656,11.6,6.0678973878394,0.0539321026121606,0.0607294664061461,0.0777370659401193,0,retract
0.41,55.5337590105807,59.7179657497985,59.6444327527035,11.6,5.98297539551747,0.0540170246044825,0.0607383474664582,0.0849592369574671,0,retract
0.411,54.2593264199739,59.591992129619,58.8361504085426,11.6,5.89108697583746,0.0541089130241625,0.0607531007393965,0.0919293839413259,0,retract
0.412,52.9029017595967,59.3423469589219,57.8444759347389,11.6,5.79249274687104,0.054207507253129,0.0607736865478488,0.098638782890384,0,retract
0.413,51.4705602300978,58.9732147004441,56.7584211495771,11.6,5.68746101608893,0.0543125389839111,0.0608000652147027,0.105079728358716,0,retract
0.414,49.968528160276,58.4654427079479,55.4188107529712,11.6,5.57626675098231,0.0544237332490177,0.0608321970628458,0.111245545611674,0,retract
0.415,48.4031499384015,57.8550636883794,54.1927895709684,11.6,5.45919054239217,0.0545408094576078,0.0608700424151658,0.11713059802208,0,retract
0.416,46.7808556357832,57.1332357651169,52.8022682255414,11.6,5.33651756519817,0.0546634824348018,0.0609135615945505,0.122730289793035,0,retract
0.417,45.1081295500114,56.3179797316105,51.4264435305723,11.6,5.20853654090766,0.0547914634590923,0.0609627149238874,0.128041064123436,0,retract
0.418,43.3914798858433,55.4000750255857,49.8926467894371,11.6,5.07553870653642,0.0549244612934636,0.0610174627260642,0.133060396961659,0,retract
0.419,41.6374097816045,54.404669222928,48.4322344069819,11.6,4.93781679399844,0.0550621832060016,0.0610777653239685,0.137786786521736,0,retract
0.42,39.8523898786377,53.3244624950467,46.8432221277588,11.6,4.79566402402246,0.0552043359759775,0.0611435830404881,0.142219738764477,0,retract
0.421,38.0428326210712,52.1392682298527,45.0281026386883,11.6,4.64937311838282,0.0553506268816172,0.0612148761985106,0.146359749073402,0,retract
0.422,36.2150684635939,50.8867202985582,43.3714327107916,11.6,4.4992353339744,0.0555007646660256,0.0612916051209236,0.150208280381938,0,retract
0.423,34.3753241567018,49.5795133894275,41.7362719346428,11.6,4.34553952198474,0.0556544604780153,0.0613737301306148,0.153767738034135,0,retract
0.424,32.5297032726208,48.1908431838026,39.8588219500533,11.6,4.18857121510719,0.0558114287848928,0.0614612115504719,0.157041441686301,0,retract
0.425,30.6841691318949,46.7399402066584,38.0345223437931,11.6,4.02861174540734,0.0559713882545927,0.0615540097033825,0.160033594581606,0,retract
0.426,28.8445302917066,45.235335517903,36.2077073853708,11.6,3.86593739510572,0.0561340626048943,0.0616520849122343,0.162749250554288,0,retract
0.427,27.0164287637327,43.6763853610932,34.3226844202346,11.6,3.7008185821512,0.0562991814178488,0.0617553974999149,0.165194279145036,0,retract
0.428,25.2053311442265,42.0861232351485,32.5445504794804,11.6,3.53351908206178,0.0564664809179382,0.0618639077893121,0.167375329235295,0,retract
0.429,23.4165228646569,40.4603687339245,30.70584172658,11.6,3.36429528706964,0.0566357047129304,0.0619775761033134,0.169299791636658,0,retract
0.43,21.6551058119933,38.8014319914432,28.8478115365555,11.6,3.19339550314245,0.0568066044968576,0.0620963627648065,0.170975761103742,0,retract
0.431,19.9259996294897,37.1287665261803,27.0927737346032,11.6,3.02105928494868,0.0569789407150513,0.0622202280966792,0.172411998277189,0,retract
0.432,18.2339471003565,35.4134464019931,25.1215256568695,11.6,2.84751680828143,0.0571524831917186,0.0623491324218189,0.173617892110702,0,retract
0.433,16.5835241513142,33.7022873162998,23.4353328021399,11.6,2.67298827884239,0.0573270117211576,0.0624830360631135,0.174603423396819,0,retract
0.434,14.9791552111639,32.0020946870707,21.8009389116962,11.6,2.49768337559377,0.0575023166244062,0.0626218993434506,0.175379130086886,0,retract
0.435,13.4251349536717,30.2703854082161,19.8801297350889,11.6,2.32180072608231,0.0576781992739177,0.0627656825857178,0.175956075210904,0,retract
0.436,11.9256578972613,28.5508379609873,18.2335532776141,11.6,2.14552741018075,0.0578544725898193,0.0629143461128027,0.176345818357344,0,retract
0.437,10.4848580155096,26.8437270658695,16.6010616951631,11.6,1.96903848751086,0.0580309615124891,0.0630678502475931,0.17656039189413,0,retract
0.438,9.10686158809856,25.1428254767359,14.9374159419342,11.6,1.79249654231119,0.0582075034576888,0.0632261553129767,0.176612283436418,0,retract
0.439,7.79585827481171,23.4897634573028,13.5713913407044,11.6,1.61605123751663,0.0583839487624834,0.063389221631841,0.176514426554773,0,retract
0.44,6.55619836529014,21.8376106468605,11.9246937842062,11.6,1.43983886707515,0.0585601611329249,0.0635570095270737,0.176280202473189,0,retract
0.441,5.39252943232901,20.2155835890934,10.4834212424909,11.6,1.26398189156026,0.0587360181084397,0.0637294793215625,0.175923456717647,0,retract
0.442,4.30999554181466,18.6380491209765,9.17284231227488,11.6,1.08858843616513,0.0589114115638349,0.0639065913381951,0.175458536699038,0,retract
0.443,3.31454223783699,17.0815845172213,7.74279689469023,11.6,0.913751720626611,0.0590862482793734,0.064088305899859,0.174900359770266,0,retract
0.444,2.4134149969443,15.5920836677042,6.65507857060193,11.6,0.739549374427738,0.0592604506255723,0.0642745833294421,0.174264527962807,0,retract
0.445,1.6160503094175,14.1259053389549,5.32883536645883,11.6,0.566042560859646,0.0594339574391404,0.0644653839498319,0.173567519188822,0,retract
0.446,0.935891233589344,12.7205919801501,4.28871182732169,11.6,0.39327477280051,0.0596067252271995,0.064660668083916,0.172827015665386,0,retract
0.447,0.394970906504552,11.3766384290155,3.31291712220753,11.6,0.221270019330956,0.059778729980669,0.0648603960545823,0.172062513366376,0,retract
0.448,0.0424642012529499,10.0956268572773,2.40955742684823,11.6,0.0500296896637567,0.0599499703103362,0.0650645281847182,0.171296645386329,0,retract
0.449,0,8.87851276218539,1.57582819163389,11.6,0,0.0601204748150175,0.0652730247972115,0.170559416288192,0,retract
0.45,0,7.7414058831262,0.918764608771065,11.6,0,0.060290320778057,0.0654858462149498,0.169899536439371,0,retract
0.451,0,6.68797086352611,0.367360745925559,11.6,0,0.060459590952854,0.0657029527608209,0.16932247642818,0,retract
0.452,0,5.75287751439421,0.142317419602809,11.6,0,0.0606283667242465,0.0659243047577123,0.16882686446536,0,retract
0.453,0,4.94171055636505,0.074708808190119,11.6,0,0.06079672811587,0.0661498625285117,0.168411336288213,0,retract
0.454,0,4.23641362257922,0.00463201986419811,11.6,0,0.0609647537977948,0.0663795863961067,0.168074535430341,0,retract
0.455,0,3.64369535151951,0.087385725161291,11.6,0,0.0611325210944224,0.0666134366833851,0.167815113474651,0,retract
0.456,0,3.13048210724977,0.0512026416312826,11.6,0,0.061300105992627,0.0668513737132345,0.167631730290141,0,retract
0.457,0,2.68327037764266,0,11.6,0,0.0614675831501247,0.0670933578085426,0.167523054252979,0,retract
0.458,0,2.29994603797942,0,11.6,0,0.0616350259040548,0.067339349292197,0.167487762452381,0,retract
0.459,0,1.97138231826807,0,11.6,0,0.0618025062797587,0.0675893084870853,0.167524540881778,0,retract
0.46,0,1.69920349838381,0.0661305790782101,11.6,0,0.0619700949997427,0.0678431957160953,0.16763208461576,0,retract
0.461,0,1.4648579057816,0.0587843501683313,11.6,0,0.0621378614928085,0.0681009713021145,0.16780909797329,0,retract
0.462,0,1.25642851225808,0.00585215111694982,11.6,0,0.0623058739033405,0.0683625955680308,0.168054294667646,0,retract
0.463,0,1.07934942306521,0.0168748879080208,11.6,0,0.0624741991007349,0.0686280288367316,0.168366397943566,0,retract
0.464,0,0.928730337991641,0.0250158275502181,11.6,0,0.0626429026889591,0.0688972314311047,0.168744140702047,0,retract
0.465,0,0.804714191051874,0.0606173094132745,11.6,0,0.0628120490162289,0.0691701636740378,0.169186265613248,0,retract
0.466,0,0.689755020901606,0,11.6,0,0.0629817011847917,0.0694467858884184,0.169691525217941,0,retract
0.467,0,0.593133852946254,0.0134068452141371,11.6,0,0.0631519210608048,0.0697270583971343,0.170258682017925,0,retract
0.468,0,0.508400445382503,0,11.6,0,0.0633227692842983,0.0700109415230731,0.170886508555839,0,retract
0.469,0,0.43577181032786,0,11.6,0,0.063494305279211,0.0702983955891225,0.171573787484774,0,retract
0.47,0,0.374025311500319,0.00354631853507555,11.6,0,0.0636665872634909,0.0705893809181702,0.172319311628095,0,retract
0.471,0,0.320593124143131,0,11.6,0,0.0638396722592491,0.0708838578331037,0.173121884029854,0,retract
0.472,0,0.274794106408398,0,11.6,0,0.0640136161029602,0.0711817866568108,0.173980317996191,0,retract
0.473,0,0.235537805492912,0,11.6,0,0.0641884734556969,0.0714831277121791,0.174893437128086,0,retract
0.474,0,0.206580963208093,0.0328399094991781,11.6,0,0.0643642978133944,0.0717878413220963,0.175860075345828,0,retract
0.475,0,0.177069397035509,0,11.6,0,0.0645411415171336,0.07209588780945,0.176879076905566,0,retract
0.476,0,0.160300573334329,0.0596876311272543,11.6,0,0.0647190557634362,0.072407227497128,0.177949296408275,0,retract
0.477,0,0.147971557838804,0.0739974648656503,11.6,0,0.0648980906145649,0.0727218207080177,0.179069598801479,0,retract
0.478,0,0.130165927878058,0.0233321481135869,11.6,0,0.0650782950088214,0.0730396277650071,0.180238859374067,0,retract
0.479,0,0.119726494584258,0.0570898948214552,11.6,0,0.065259716770834,0.0733606089909835,0.181455963744513,0,retract
0.48,0,0.10262270964365,0,11.6,0,0.0654424026218321,0.0736847247088348,0.182719807842803,0,retract
0.481,0,0.0879623225516998,0,11.6,0,0.0656263981898963,0.0740119352414487,0.184029297886395,0,retract
0.482,0,0.0833533627977511,0.0556996042740589,11.6,0,0.0658117480201831,0.0743422009117126,0.185383350350483,0,retract
0.483,0,0.0868915463100254,0.108120647383671,11.6,0,0.0659984955851158,0.0746754820425145,0.186780891932851,0,retract
0.484,0,0.074478468265736,0,11.6,0,0.0661866832945377,0.0750117389567417,0.188220859513615,0,retract
0.485,0,0.0743398539268605,0.0735081678936076,11.6,0,0.0663763525058216,0.0753509319772822,0.189702200110093,0,retract
0.486,0,0.0637198747944519,0,11.6,0,0.0665675435339316,0.0756930214270234,0.191223870827086,0,retract
0.487,0,0.0546170355381016,0,11.6,0,0.0667602956614339,0.0760379676288531,0.192784838802806,0,retract
0.488,0,0.0468146018898014,0,11.6,0,0.0669546471484489,0.0763857309056589,0.19438408115071,0,retract
0.489,0,0.0401268016198298,0,11.6,0,0.0671506352425452,0.0767362715803285,0.196020584897468,0,retract
0.49,0,0.0343944013884255,0,11.6,0,0.0673482961885673,0.0770895499757495,0.197693346917298,0,retract
0.491,0,0.0390989221081125,0.0673260464262346,11.6,0,0.0675476652383977,0.0774455264148097,0.199401373862886,0,retract
0.492,0,0.0335133618069536,0,11.6,0,0.067748776660647,0.0778041612203966,0.201143682093115,0,retract
0.493,0,0.0287257386916745,0,11.6,0,0.0679516637502701,0.0781654147153979,0.20291929759781,0,retract
0.494,0,0.024622061735721,0,11.6,0,0.0681563588381061,0.0785292472227013,0.204727255919684,0,retract
0.495,0,0.0211046243449037,0,11.6,0,0.0683628933003381,0.0788956190651945,0.206566602073708,0,retract
0.496,0,0.0180896780099175,0,11.6,0,0.068571297567872,0.079264490565765,0.208436390464072,0,retract
0.497,0,0.015505438294215,0,11.6,0,0.0687816011356298,0.0796358220473006,0.210335684798918,0,retract
0.498,0,0.013611807678133,0.00225002398164142,11.6,0,0.0689938325717582,0.080009573832689,0.212263558003042,0,retract
0.499,0,0.011667263724114,0,11.6,0,0.069208019526747,0.0803857062448177,0.21421909212871,0,retract
0.5,0,0.0100005117635263,0,11.6,0,0.0694241887424594,0.0807641796065745,0.216201378264763,0,retract
0.501,0,0.0085718672258797,0,11.6,0,0.0696423660610696,0.081144954240847,0.218209516444172,0,retract
0.502,0,0.00951092368136168,0.0151452624142536,11.6,0,0.0698625764339074,0.0815279904705228,0.220242615550186,0,retract
0.503,0,0.00815222029831001,0,11.6,0,0.0700848439302088,0.0819132486184897,0.222299793221223,0,retract
0.504,0,0.00698761739855144,0,11.6,0,0.0703091917457707,0.0823006890076353,0.224380175754655,0,retract
0.505,0,0.00598938634161552,0,11.6,0,0.070535642211509,0.0826902719608472,0.226482898009601,0,retract
0.506,0,0.00513375972138473,0,11.6,0,0.0707642168019197,0.0830819578010131,0.22860710330888,0,retract
0.507,0,0.00440036547547263,0,11.6,0,0.0709949361434412,0.0834757068510207,0.230751943340243,0,retract
0.508,0,0.0037717418361194,0,11.6,0,0.071227820022718,0.0838714794337576,0.232916578056993,0,retract
0.509,0,0.0109650907254944,0.0541251840617447,11.6,0,0.0714628873947656,0.0842692358721115,0.235100175578131,0,retract
0.51,0,0.00939864919328095,0,11.6,0,0.071700156391034,0.08466893648897,0.237301912088122,0,retract
0.511,0,0.0176120352553765,0.0668923516279501,11.6,0,0.0719396443273727,0.0850705416072208,0.23952097173639,0,retract
0.512,0,0.0150960302188942,0,11.6,0,0.072181367711895,0.0854740115497516,0.241756546536659,0,retract
0.513,0,0.0129394544733379,0,11.6,0,0.0724253422527413,0.0858793066394501,0.244007836266218,0,retract
0.514,0,0.0153748642865886,0.0299873231660929,11.6,0,0.0726715828657425,0.0862863871992038,0.246274048365219,0,retract
0.515,0,0.0144300643192499,0.0087612645152178,11.6,0,0.072920103681983,0.0866952135519005,0.248554397836093,0,retract
0.516,0,0.0210299203680002,0.0606290566605017,11.6,0,0.0731709180552634,0.0871057460204278,0.25084810714317,0,retract
0.517,0,0.0180256460297144,0,11.6,0,0.0734240385694639,0.0875179449276734,0.253154406112589,0,retract
0.518,0,0.0244689948433193,0.0631290877249487,11.6,0,0.0736794770458073,0.0879317705965248,0.255472531832569,0,retract
0.519,0,0.0275168520649909,0.0458039953950203,11.6,0,0.0739372445500235,0.0883471833498699,0.257801728554133,0,retract
0.52,0,0.0235858731985636,0,11.6,0,0.0741973513994153,0.0887641435105962,0.260141247592335,0,retract
0.521,0,0.020216462741626,0,11.6,0,0.0744598071698259,0.0891826114015915,0.262490347228074,0,retract
0.522,0,0.0217544242609765,0.0309821933770798,11.6,0,0.0747246207025091,0.0896025473457433,0.264848292610558,0,retract
0.523,0,0.0186466493665513,0,11.6,0,0.0749918001109034,0.0900239116659393,0.26721435566048,0,retract
0.524,0,0.0275951564908337,0.081286199236528,11.6,0,0.075261352787308,0.0904466646850673,0.269587814973958,0,retract
0.525,0,0.0271784389876578,0.0246781339686025,11.6,0,0.0755332854094672,0.0908707667260148,0.271967955727303,0,retract
0.526,0,0.0258915572453418,0.0181702667914459,11.6,0,0.0758076039470562,0.0912961781116695,0.274354069582671,0,retract
0.527,0,0.0221927633531501,0,11.6,0,0.0760843136680772,0.091722859164919,0.276745454594643,0,retract
0.528,0,0.019234774412461,0.00148684076832613,11.6,0,0.076363419145161,0.0921507702086511,0.279141415117778,0,retract
0.529,0,0.0164869494963951,0,11.6,0,0.076644924261778,0.0925798715657534,0.281541261715199,0,retract
0.53,0,0.0141316709969101,0,11.6,0,0.0769288322183582,0.0930101235591136,0.283944311068237,0,retract
0.531,0,0.0177429937601573,0.0394109303396408,11.6,0,0.0772151455383224,0.0934414865116192,0.286349885887186,0,retract
0.532,0,0.0205478960197021,0.0373773095769704,11.6,0,0.077503866074025,0.093873920746158,0.288757314823206,0,retract
0.533,0,0.0176124823026018,0,11.6,0,0.07779499501261,0.0943073865856177,0.291165932381397,0,retract
0.534,0,0.0150964134022301,0,11.6,0,0.0780885328817812,0.0947418443528859,0.293575078835102,0,retract
0.535,0,0.0129397829161972,0,11.6,0,0.0783844795554882,0.0951772543708502,0.29598410014144,0,retract
0.536,0,0.0110912424995976,0,11.6,0,0.0786828342595277,0.0956135769623983,0.29839234785813,0,retract
0.537,0,0.0198596072259291,0.0724697955839179,11.6,0,0.0789835955770649,0.0960507724504179,0.300799179061606,0,retract
0.538,0,0.0170225204793678,0,11.6,0,0.0792867614540728,0.0964888011577966,0.303203956266467,0,retract
0.539,0,0.0145907318394581,0,11.6,0,0.0795923292046925,0.0969276234074222,0.305606047346279,0,retract
0.54,0,0.0126711574806964,0.00115371132812624,11.6,0,0.079900295516516,0.0973671995221821,0.308004825455746,0,retract
0.541,0,0.0192512287059165,0.0587316560572369,11.6,0,0.0802106564557914,0.0978074898249642,0.310399668954287,0,retract
0.542,0,0.0165010531764998,0,11.6,0,0.0805234074725548,0.0982484546386561,0.312789961331008,0,retract
0.543,0,0.0141437598655713,0,11.6,0,0.080838543405686,0.0986900542861454,0.315175091131128,0,retract
0.544,0,0.0122396919994314,0.000815284802591662,11.6,0,0.0811560584878946,0.0991322490903198,0.317554451883826,0,retract
0.545,0,0.0104911645709412,0,11.6,0,0.0814759463506328,0.099574999374067,0.319927442031565,0,retract
0.546,0,0.00899242677509242,0,11.6,0,0.0817982000289404,0.100018265460275,0.322293464860882,0,retract
0.547,0,0.015140507189169,0.0520289896736287,11.6,0,0.0821228119662215,0.10046200767183,0.32465192843466,0,retract
0.548,0,0.0169307730451249,0.0276723681808597,11.6,0,0.0824497740189548,0.100906186331622,0.327002245525892,0,retract
0.549,0,0.0145120911815356,0,11.6,0,0.0827790774613391,0.101350761762536,0.329343833552952,0,retract
0.55,0,0.0128520089462794,0.00289151553474205,11.6,0,0.0831107129898749,0.101795694287462,0.33167611451637,0,retract
0.551,0,0.0138859526134627,0.0200896146165627,11.6,0,0.0834446707278849,0.102240944229287,0.333998514937125,0,retract
0.552,0,0.0299489928762179,0.126327234452749,11.6,0,0.0837809402299738,0.102686471910898,0.33631046579645,0,retract
0.553,0,0.0256705653224725,0,11.6,0,0.084119510486429,0.103132237655183,0.338611402477174,0,retract
0.554,0,0.0261221331266091,0.0288315399514288,11.6,0,0.0844603699275644,0.103578201785029,0.340900764706578,0,retract
0.555,0,0.0253354768240455,0.0206155390086641,11.6,0,0.0848035064280084,0.104024324623325,0.343177996500783,0,retract
0.556,0,0.0350426451177894,0.0932856548802529,11.6,0,0.0851489073109368,0.104470566492959,0.345442546110673,0,retract
0.557,0,0.0316274763711023,0.0111364638909793,11.6,0,0.0854965593522546,0.104916887716816,0.347693865969336,0,retract
0.558,0,0.0271092654609448,0,11.6,0,0.0858464487847251,0.105363248617786,0.349931412641038,0,retract
0.559,0,0.0254297184059872,0.0153524360762417,11.6,0,0.0861985613020501,0.105809609518756,0.352154646771728,0,retract
0.56,0,0.0217969014908462,0,11.6,0,0.0865528820629017,0.106255930742614,0.35436303304105,0,retract
0.561,0,0.0271430477260607,0.0592199251373479,11.6,0,0.0869093956949071,0.106702172612247,0.356556040115896,0,retract
0.562,0,0.0232654694794806,0,11.6,0,0.0872680862985896,0.107148295450543,0.35873314060545,0,retract
0.563,0,0.019941830982412,0,11.6,0,0.0876289374512647,0.10759425958039,0.360893811017759,0,retract
0.564,0,0.023291463644485,0.043389259616923,11.6,0,0.0879919322108934,0.108040025324675,0.363037531717803,0,retract
0.565,0,0.0199641116952728,0,11.6,0,0.0883570531198975,0.108485553006286,0.365163786887054,0,retract
0.566,0,0.0213646081964646,0.0297675872036155,11.6,0,0.0887242822089336,0.10893080294811,0.367272064484534,0,retract
0.567,0,0.0215249326480724,0.0224868793577192,11.6,0,0.0890936010006302,0.109375735473036,0.369361856209354,0,retract
0.568,0,0.020402375768704,0.013667034492493,11.6,0,0.089464990513288,0.109820310903951,0.371432657464716,0,retract
0.569,0,0.0281052265911225,0.0743223315256336,11.6,0,0.0898384312645474,0.110264489563743,0.373483967323395,0,retract
0.57,0,0.0240901942209621,0,11.6,0,0.0902139032750198,0.110708231775298,0.375515288494658,0,retract
0.571,0,0.0206487379036818,0,11.6,0,0.0905913860718896,0.111151497861506,0.37752612729264,0,retract
0.572,0,0.0176989182031559,0,11.6,0,0.0909708586924852,0.111594248145253,0.379515993606145,0,retract
0.573,0,0.0151705013169907,0,11.6,0,0.09135229968782,0.112036442949427,0.381484400869876,0,retract
0.574,0,0.0130032868431349,0,11.6,0,0.0917356871261077,0.112478042596917,0.383430866037065,0,retract
0.575,0,0.0134772951686062,0.0163213451214339,11.6,0,0.0921209985962494,0.112919007410609,0.385354909553509,0,retract
0.576,0,0.0115519672873767,0,11.6,0,0.0925082112112978,0.113359297713391,0.387256055332985,0,retract
0.577,0,0.00990168624632292,0,11.6,0,0.0928973016118969,0.113798873828151,0.389133830734044,0,retract
0.578,0,0.0152595255518959,0.0474065613853339,11.6,0,0.0932882459697004,0.114237696077776,0.390987766538151,0,retract
0.579,0,0.0140212639576258,0.00659169439200519,11.6,0,0.0936810199907685,0.114675724785155,0.392817396929182,0,retract
0.58,0,0.0120182262493936,0,11.6,0,0.0940755989189469,0.115112920273174,0.394622259474238,0,retract
0.581,0,0.0184678383394518,0.0571655108798014,11.6,0,0.0944719575392256,0.115549242864723,0.396401895105785,0,retract
0.582,0,0.017394793633028,0.0109565253944854,11.6,0,0.0948700701810838,0.115984652882687,0.398155848105081,0,retract
0.583,0,0.014909823114024,0,11.6,0,0.0952699107218159,0.116419110649955,0.399883666086899,0,retract
0.584,0,0.0127798483834492,0,11.6,0,0.0956714525898473,0.116852576489415,0.401584899985509,0,retract
0.585,0,0.0269436157888867,0.111926220221512,11.6,0,0.0960746687680338,0.117285010723954,0.403259104041915,0,retract
0.586,0,0.0238899169614838,0.00556772399706681,11.6,0,0.0964795317969515,0.117716373676459,0.404905835792325,0,retract
0.587,0,0.0204770716812718,0,11.6,0,0.0968860137781752,0.118146625669819,0.406524656057846,0,retract
0.588,0,0.0230410087917875,0.0384246314548816,11.6,0,0.0972940863775482,0.118575727026922,0.408115128935365,0,retract
0.589,0,0.0197494361072464,0,11.6,0,0.0977037208284436,0.119003638070654,0.409676821789634,0,retract
0.59,0,0.0169280880919255,0,11.6,0,0.0981148879350191,0.119430319123903,0.411209305246501,0,retract
0.591,0,0.0155992978423951,0.00762655634521254,11.6,0,0.0985275580754656,0.119855730509558,0.412712153187305,0,retract
0.592,0,0.0133708267220529,0,11.6,0,0.0989417012052516,0.120279832550505,0.414184942744387,0,retract
0.593,0,0.0199849483351242,0.0596696780135517,11.6,0,0.0993572868603637,0.120702585569633,0.415627254297723,0,retract
0.594,0,0.0215250679370584,0.0307657855486633,11.6,0,0.0997742841605458,0.121123949889829,0.417038671472644,0,retract
0.595,0,0.0184500582317643,0,11.6,0,0.100192661812535,0.121543885833981,0.418418781138632,0,retract
0.596,0,0.0158143356272266,0,11.6,0,0.100612388113299,0.121962353724976,0.419767173409164,0,retract
0.597,0,0.013555144823337,0,11.6,0,0.101033430953273,0.122379313885703,0.421083441642603,0,retract
0.598,0,0.0124504344440679,0.00582217216845302,11.6,0,0.101455757819602,0.122794726639048,0.422367182444093,0,retract
0.599,0,0.0106718009520582,0,11.6,0,0.101879335799379,0.123208552307899,0.423617995668455,0,retract
0.6,0,0.00966577945521391,0.00362965047414817,11.6,0,0.102304131582892,0.123620751215145,0.424835484424059,0,retract
0.601,0,0.0125981000879719,0.0301920238845195,11.6,0,0.102730111466877,0.124031283683672,0.426019255077652,0,retract
0.602,0,0.0278502635977046,0.119363244656101,11.6,0,0.103157241357772,0.124440110036369,0.427168917260112,0,retract
0.603,0,0.0238716545123182,0,11.6,0,0.10358548677498,0.124847190596123,0.428284083873136,0,retract
0.604,0,0.0204614181534156,0,11.6,0,0.104014812854142,0.125252485685821,0.429364371096806,0,retract
0.605,0,0.0175383584172134,0,11.6,0,0.104445184350412,0.125655955628352,0.430409398398029,0,retract
0.606,0,0.0150328786433258,0,11.6,0,0.104876565641747,0.126057560746603,0.431418788539843,0,retract
0.607,0,0.0128853245514221,0,11.6,0,0.105308920732206,0.126457261363461,0.432392167591538,0,retract
0.608,0,0.0110445639012189,0,11.6,0,0.105742213255259,0.126855017801815,0.433329164939601,0,retract
0.609,0,0.0171390142224,0.0537057161494865,11.6,0,0.106176406477103,0.127250790384552,0.434229413299442,0,retract
0.61,0,0.0146905836192,0,11.6,0,0.106611463300003,0.12764453943456,0.435092548727888,0,retract
0.611,0,0.0125919288164571,0,11.6,0,0.10704734626563,0.128036225274726,0.43591821063643,0,retract
0.612,0,0.0107930818426776,0,11.6,0,0.107484017558427,0.128425808227937,0.436706041805185,0,retract
0.613,0,0.00925121300800933,0,11.6,0,0.107921439008982,0.128813248617083,0.437455688397572,0,retract
0.614,0,0.0141134926499409,0.0432871705015306,11.6,0,0.108359572097416,0.12919850676505,0.438166799975657,0,retract
0.615,0,0.0120972794142351,0,11.6,0,0.108798377956793,0.129581542994726,0.438839029516168,0,retract
0.616,0,0.0164757312988005,0.0427464426061933,11.6,0,0.109237817376538,0.129962317628998,0.439472033427144,0,retract
0.617,0,0.0213596003632453,0.0506628147499141,11.6,0,0.10967785080588,0.130340790990755,0.440065471565194,0,retract
0.618,0,0.0183082288827817,0,11.6,0,0.110118438357311,0.130716923402884,0.440619007253357,0,retract
0.619,0,0.0156927676138129,0,11.6,0,0.110559539810056,0.131090675188272,0.441132307299535,0,retract
0.62,0,0.0194516554873237,0.0420049827283883,11.6,0,0.111001114613575,0.131462006669808,0.441605042015462,0,retract
0.621,0,0.0172830206219617,0.00427121142978988,11.6,0,0.111443121891072,0.131830878170378,0.442036885236218,0,retract
0.622,0,0.0148140176759672,0,11.6,0,0.111885520443032,0.132197250012871,0.442427514340234,0,retract
0.623,0,0.0146755676244613,0.013844867315426,11.6,0,0.112328268750778,0.132561082520175,0.442776610269789,0,retract
0.624,0,0.012579057963824,0,11.6,0,0.112771324980042,0.132922336015176,0.443083857551962,0,retract
0.625,0,0.0176025022043032,0.0477431676471784,11.6,0,0.113214646984564,0.133280970820763,0.443348944320024,0,retract
0.626,0,0.0180656981465357,0.020844873799931,11.6,0,0.113658192309714,0.133636947259823,0.443571562335251,0,retract
0.627,0,0.0281147820417437,0.0884092854129916,11.6,0,0.114101918196129,0.133990225655244,0.443751407009123,0,retract
0.628,0,0.0274261183406439,0.0232941361340449,11.6,0,0.114545781583378,0.134340766329914,0.443888177425904,0,retract
0.629,0,0.0340782351389467,0.0739909359287638,11.6,0,0.114989739113653,0.13468852960672,0.443981576365564,0,retract
0.63,0,0.0292099158333829,0,11.6,0,0.115433747135469,0.135033475808549,0.444031310327037,0,retract
0.631,0,0.0250370707143282,0,11.6,0,0.115877761707409,0.135375565258291,0.444037089551775,0,retract
0.632,0,0.021460346326567,0,11.6,0,0.116321738601874,0.135714758278831,0.443998628047601,0,retract
0.633,0,0.0321972323685905,0.0966185486207313,11.6,0,0.116765633308864,0.136051015193058,0.44391564361281,0,retract
0.634,0,0.0275976277445061,0,11.6,0,0.117209401039791,0.13638429632386,0.443787857860517,0,retract
0.635,0,0.024558326084606,0.00632251612520526,11.6,0,0.117652996731299,0.136714561994124,0.443614996243226,0,retract
0.636,0,0.0211647090526081,0.000803006860620558,11.6,0,0.118096375049129,0.137041772526738,0.443396788077591,0,retract
0.637,0,0.0205177113441669,0.01663572509352,11.6,0,0.118539490391992,0.137365888244589,0.44313296656936,0,retract
0.638,0,0.0175866097235717,0,11.6,0,0.118982296895479,0.137686869470566,0.442823268838463,0,retract
0.639,0,0.0150742369059186,0,11.6,0,0.119424748435988,0.138004676527555,0.44246743594425,0,retract
0.64,0,0.0129207744907873,0,11.6,0,0.11986679863468,0.138319269738445,0.442065212910822,0,retract
0.641,0,0.011074949563532,0,11.6,0,0.120308400861466,0.138630609426123,0.441616348752467,0,retract
0.642,0,0.00949281391159887,0,11.6,0,0.120749508239003,0.138938655913476,0.441120596499165,0,retract
0.643,0,0.0115651623300206,0.0239992528405508,11.6,0,0.121190073646737,0.139243369523394,0.440577713222136,0,retract
0.644,0,0.00991299628287477,0,11.6,0,0.121630049724956,0.139544710578762,0.439987460059429,0,retract
0.645,0,0.026917241843125,0.128942715204626,11.6,0,0.122069388878874,0.139842639402469,0.439349602241505,0,retract
0.646,0,0.0236835529396484,0.0042814195187887,11.6,0,0.12250804328274,0.140137116317403,0.438663909116829,0,retract
0.647,0,0.0203001882339843,0,11.6,0,0.122945964883973,0.14042810164645,0.437930154177412,0,retract
0.648,0,0.0243361747730457,0.0485520940074136,11.6,0,0.123383105407326,0.1407155557125,0.437148115084317,0,retract
0.649,0,0.0208595783768963,0,11.6,0,0.123819416359064,0.140999438838438,0.43631757369309,0,retract
0.65,0,0.0178796386087682,0,11.6,0,0.124254849031184,0.141279711347154,0.435438316079103,0,retract
0.651,0,0.0301025550229391,0.103440053507964,11.6,0,0.124689354505646,0.141556333561535,0.43451013256279,0,retract
0.652,0,0.0258021900196621,0,11.6,0,0.125122883658634,0.141829265804468,0.433532817734755,0,retract
0.653,0,0.0263066103005426,0.0293331319858261,11.6,0,0.12555538716485,0.142098468398841,0.432506170480741,0,retract
0.654,0,0.0225485231147508,0,11.6,0,0.125986815501817,0.142363901667542,0.431429994006426,0,retract
0.655,0,0.0204056062042344,0.00754810474113551,11.6,0,0.126417118954219,0.142625525933458,0.430304095862055,0,retract
0.656,0,0.0207458019996337,0.0227869767720299,11.6,0,0.126846247618262,0.142883301519477,0.429128287966856,0,retract
0.657,0,0.017782115999686,0,11.6,0,0.127274151406061,0.143137188748487,0.427902386633251,0,retract
0.658,0,0.0152418137140166,0,11.6,0,0.127700780050043,0.143387147943376,0.426626212590838,0,retract
0.659,0,0.0142017597185775,0.00796143574594282,11.6,0,0.128126083107386,0.14363313942703,0.425299591010115,0,retract
0.66,0,0.01459782819562,0.0169742390578749,11.6,0,0.128550009964473,0.143875123522338,0.423922351525943,0,retract
0.661,0,0.0125124241676743,0,11.6,0,0.128972509841371,0.144113060552188,0.422494328260736,0,retract
0.662,0,0.013959115995526,0.0226392669626362,11.6,0,0.129393531796335,0.144346910839466,0.421015359847339,0,retract
0.663,0,0.0119649565675937,0,11.6,0,0.129813024730333,0.144576634707061,0.41948528945161,0,retract
0.664,0,0.0102556770579374,0,11.6,0,0.130230937391592,0.14480219247786,0.417903964794666,0,retract
0.665,0,0.00908464403819333,0.00205844591972861,11.6,0,0.13064721838017,0.145023544474752,0.416271238174793,0,retract
0.666,0,0.010478769603994,0.018843522998798,11.6,0,0.131061816152545,0.145240651020623,0.414586966488995,0,retract
0.667,0,0.0154908067004774,0.0455630292793775,11.6,0,0.131474679026232,0.145453472438361,0.412851011254189,0,retract
0.668,0,0.0199410541657518,0.0466425389573984,11.6,0,0.131885755184408,0.145661969050855,0.411063238627996,0,retract
0.669,0,0.0216783693249328,0.0321022602800186,11.6,0,0.132294992680575,0.14586610118099,0.409223519429161,0,retract
0.67,0,0.0296848940851182,0.0777240426462307,11.6,0,0.132702339443227,0.146065829151657,0.407331729157546,0,retract
0.671,0,0.0329481138850709,0.052527432684787,11.6,0,0.133107743280549,0.146261113285741,0.40538774801372,0,retract
0.672,0,0.0282412404729179,0,11.6,0,0.133511151885125,0.146451913906131,0.403391460918107,0,retract
0.673,0,0.029401354193094,0.0363620365141503,11.6,0,0.133912512838674,0.146638191335714,0.401342757529696,0,retract
0.674,0,0.025737198461309,0.00375226407059954,11.6,0,0.134311773616798,0.146819905897378,0.399241532264306,0,retract
0.675,0,0.0220604558239792,0,11.6,0,0.134708881593749,0.14699701791401,0.397087684312374,0,retract
0.676,0,0.0189089621348393,0,11.6,0,0.135103784047214,0.147169487708499,0.394881117656281,0,retract
0.677,0,0.024744235751053,0.0597558774483354,11.6,0,0.135496428163123,0.147337275603732,0.392621741087197,0,retract
0.678,0,0.0255039987126261,0.0300625764820646,11.6,0,0.135886761040459,0.147500341922596,0.390309468221427,0,retract
0.679,0,0.0218605703251081,0,11.6,0,0.136274729696098,0.14765864698798,0.387944217516269,0,retract
0.68,0,0.0202940426118255,0.0108948763321297,11.6,0,0.136660281069661,0.14781215112277,0.385525912285354,0,retract
0.681,0,0.017394893667279,0,11.6,0,0.137043362028371,0.147960814649855,0.383054480713483,0,retract
0.682,0,0.0149099088576677,0,11.6,0,0.137423919371941,0.148104597892122,0.380529855870934,0,retract
0.683,0,0.0146810175417016,0.0133076696459047,11.6,0,0.137801899837464,0.148243461172459,0.377951975727246,0,retract
0.684,0,0.015167435402875,0.0180859425699155,11.6,0,0.138177250104317,0.148377364813754,0.37532078316447,0,retract
0.685,0,0.01300065891675,0,11.6,0,0.138549916799084,0.148506269138894,0.372636225989879,0,retract
0.686,0,0.0111434219286428,0,11.6,0,0.138919846500488,0.148630134470766,0.369898256948136,0,retract
0.687,0,0.0123416151433562,0.0195307744316365,11.6,0,0.139286985744332,0.148748921132259,0.367106833732914,0,retract
0.688,0,0.0181370878664168,0.0529099242047806,11.6,0,0.139651281028454,0.148862589446261,0.364261918997959,0,retract
0.689,0,0.0199318615121385,0.0307005033864685,11.6,0,0.140012678817694,0.148971099735658,0.361363480367608,0,retract
0.69,0,0.0170844527246901,0,11.6,0,0.140371125548867,0.149074412323338,0.358411490446739,0,retract
0.691,0,0.0155041466492783,0.00602231019680728,11.6,0,0.140726567635749,0.14917248753219,0.355405926830164,0,retract
0.692,0,0.0182567717741097,0.0347725225230982,11.6,0,0.141078951474071,0.149265285685101,0.352346772111462,0,retract
0.693,0,0.0294543712554127,0.0966399681432308,11.6,0,0.141428223446522,0.149352767104958,0.34923401389124,0,retract
0.694,0,0.0252466039332109,0,11.6,0,0.141774329927755,0.149434892114649,0.346067644784842,0,retract
0.695,0,0.0276388136296736,0.0419920718084497,11.6,0,0.142117217289408,0.149511621037062,0.342847662429478,0,retract
0.696,0,0.0236904116825774,0,11.6,0,0.142456831905124,0.149582914195085,0.3395740694908,0,retract
0.697,0,0.0203060671564949,0,11.6,0,0.142793120155586,0.149648731911604,0.33624687366891,0,retract
0.698,0,0.0174052004198528,0,11.6,0,0.143126028433547,0.149709034509509,0.3328660877038,0,retract
0.699,0,0.0196273777548406,0.0329604417647677,11.6,0,0.143455503148875,0.149763782311685,0.329431729380235,0,retract
0.7,0,0.022730167524338,0.0413469061413225,11.6,0,0.143781490733593,0.149812935641022,0.32594382153208,0,retract
0.701,0,0.0194830007351469,0,11.6,0,0.144103937646932,0.149856454820407,0.322402392046061,0,retract
0.702,0,0.0183359548317957,0.0114536794116883,11.6,0,0.14442279038038,0.149894300172727,0.31880747386498,0,retract
0.703,0,0.0157165327129677,0,11.6,0,0.144737995462738,0.14992643202087,0.315159104990377,0,retract
0.704,0,0.0136945610051188,0.00156273075802532,11.6,0,0.145049499465176,0.149952810687724,0.311457328484645,0,retract
0.705,0,0.0117381951472447,0,11.6,0,0.145357249006292,0.149973396496176,0.307702192472608,0,retract
0.706,0,0.0100613101262097,0,11.6,0,0.145661190757173,0.149988149769115,0.303893750142553,0,retract
0.707,0,0.00862398010817976,0,11.6,0,0.145961271446453,0.149997030829427,0.300032059746744,0,retract
0.708,0,0.0112714369471898,0.0271561779812499,11.6,0,0.146257437865373,0.15,0.296117184601397,0,retract
0.709,0,0.0131710844430199,0.0245689694180008,11.6,0,0.146549636872845,0.15,0.292149193086147,0,retract
0.71,0,0.0150944343822768,0.0266345340178178,11.6,0,0.146837902009682,0.15,0.288214792118698,0,retract
0.711,0,0.0189438512616294,0.0420403525377455,11.6,0,0.147122266707572,0.15,0.284313871026767,0,retract
0.712,0,0.0162375867956824,0,11.6,0,0.147402764286078,0.15,0.280446316178724,0,retract
0.713,0,0.0217543745459042,0.0548551010472348,11.6,0,0.147679427949718,0.15,0.276612011053871,0,retract
0.714,0,0.0204538344358666,0.0126505937756411,11.6,0,0.147952290785116,0.15,0.272810836312449,0,retract
0.715,0,0.0238294402263626,0.0440830749693387,11.6,0,0.148221385758212,0.15,0.269042669865343,0,retract
0.716,0,0.0204252344797394,0,11.6,0,0.148486745711555,0.15,0.265307386943436,0,retract
0.717,0,0.0233802912271125,0.0411106317113515,11.6,0,0.148748403361662,0.15,0.261604860166574,0,retract
0.718,0,0.0200402496232393,0,11.6,0,0.149006391296442,0.15,0.257934959612109,0,retract
0.719,0,0.0171773568199194,0,11.6,0,0.149260741972692,0.15,0.254297552882989,0,retract
0.72,0,0.025535513693152,0.0756844549325476,11.6,0,0.149511487713661,0.15,0.250692505175367,0,retract
0.721,0,0.0218875831655589,0,11.6,0,0.149758660706682,0.15,0.247119679345699,0,retract
0.722,0,0.018760785570479,0,11.6,0,0.150002293000869,0.15,0.243578935977307,0,retract
0.723,0,0.0181537192639268,0.0145113214246136,11.6,0,0.150242416504884,0.15,0.240070133446388,0,retract
0.724,0,0.0229265485447183,0.051563524229467,11.6,0,0.150479062984768,0.15,0.236593127987453,0,retract
0.725,0,0.0264493093515045,0.0475858741922219,11.6,0,0.150712264061834,0.15,0.233147773758158,0,retract
0.726,0,0.0332165892390821,0.0738202685645478,11.6,0,0.150942051210634,0.15,0.229733922903536,0,retract
0.727,0,0.0371805057622523,0.0609640049012735,11.6,0,0.151168455756979,0.15,0.226351425619602,0,retract
0.728,0,0.0318690049390734,0,11.6,0,0.151391508876032,0.15,0.223000130216306,0,retract
0.729,0,0.0273162899477772,0,11.6,0,0.151611241590456,0.15,0.21967988317985,0,retract
0.73,0,0.0234139628123805,0,11.6,0,0.15182768476863,0.15,0.216390529234332,0,retract
0.731,0,0.0200691109820404,0,11.6,0,0.152040869122924,0.15,0.213131911402709,0,retract
0.732,0,0.0194621945880773,0.0158206962242983,11.6,0,0.152250825208034,0.15,0.209903871067094,0,retract
0.733,0,0.0228487474397055,0.043168064549475,11.6,0,0.152457583419378,0.15,0.206706248028345,0,retract
0.734,0,0.0268368596712203,0.0507655330603094,11.6,0,0.152661173991553,0.15,0.203538880564963,0,retract
0.735,0,0.0263074401053472,0.0231309227101086,11.6,0,0.152861626996847,0.15,0.200401605491281,0,retract
0.736,0,0.0225492343760119,0,11.6,0,0.153058972343811,0.15,0.197294258214946,0,retract
0.737,0,0.0193279151794388,0,11.6,0,0.153253239775892,0.15,0.194216672793679,0,retract
0.738,0,0.0206631523822473,0.0286745755990986,11.6,0,0.15344445887011,0.15,0.191168681991317,0,retract
0.739,0,0.0193353164977356,0.011368301190665,11.6,0,0.153632659035808,0.15,0.188150117333131,0,retract
0.74,0,0.0165731284266305,0,11.6,0,0.153817869513442,0.15,0.185160809160413,0,retract
0.741,0,0.0142055386513976,0,11.6,0,0.154000119373437,0.15,0.182200586684338,0,retract
0.742,0,0.0121761759869122,0,11.6,0,0.154179437515086,0.15,0.179269278039085,0,retract
0.743,0,0.0200773605322888,0.0674844678045481,11.6,0,0.154355852665507,0.15,0.176366710334229,0,retract
0.744,0,0.0276291792618863,0.0729400916394713,11.6,0,0.154529393378656,0.15,0.173492709706401,0,retract
0.745,0,0.0391597455145442,0.108343143030492,11.6,0,0.154700088034384,0.15,0.170647101370199,0,retract
0.746,0,0.0383035471651643,0.0331663570688848,11.6,0,0.154867964837546,0.15,0.167829709668375,0,retract
0.747,0,0.0328316118558551,0,11.6,0,0.155033051817164,0.15,0.165040358121276,0,retract
0.748,0,0.0383176659466895,0.071233990491696,11.6,0,0.155195376825636,0.15,0.162278869475553,0,retract
0.749,0,0.032843713668591,0,11.6,0,0.155354967537993,0.15,0.159545065752129,0,retract
0.75,0,0.0332367202745567,0.0355947599103509,11.6,0,0.155511851451203,0.15,0.156838768293435,0,retract
0.751,0,0.0284886173781915,0,11.6,0,0.155666055883526,0.15,0.154159797809908,0,retract
0.752,0,0.0244188148955927,0,11.6,0,0.15581760797391,0.15,0.151507974425761,0,retract
0.753,0,0.0282988317868698,0.0515789331345324,11.6,0,0.155966534681435,0.15,0.148883117724013,0,retract
0.754,0,0.0242561415316027,0,11.6,0,0.1561128627848,0.15,0.146285046790797,0,retract
0.755,0,0.0350214241699,0.0996131199996841,11.6,0,0.156256618881858,0.15,0.143713580258937,0,retract
0.756,0,0.0318194755554756,0.0126077838689288,11.6,0,0.156397829389187,0.15,0.141168536350798,0,retract
0.757,0,0.0272738361904076,0,11.6,0,0.15653652054171,0.15,0.138649732920417,0,retract
0.758,0,0.0233775738774923,0,11.6,0,0.156672718392355,0.15,0.136156987494909,0,retract
0.759,0,0.0200379204664219,0,11.6,0,0.156806448811753,0.15,0.133690117315158,0,retract
0.76,0,0.0185494442542688,0.00961858698135014,11.6,0,0.156937737487979,0.15,0.131248939375798,0,retract
0.761,0,0.0204287591149932,0.0317046482793398,11.6,0,0.157066609926333,0.15,0.128833270464471,0,retract
0.762,0,0.0175103649557085,0,11.6,0,0.157193091449157,0.15,0.126442927200392,0,retract
0.763,0,0.0150088842477501,0,11.6,0,0.157317207195694,0.15,0.124077726072199,0,retract
0.764,0,0.0210918587870541,0.0575897060228777,11.6,0,0.157438982121981,0.15,0.121737483475106,0,retract
0.765,0,0.0180787361031892,0,11.6,0,0.157558441000779,0.15,0.119422015747359,0,retract
0.766,0,0.0274144989256599,0.0834290758604842,11.6,0,0.157675608421543,0.15,0.117131139206002,0,retract
0.767,0,0.0327784782743886,0.0649623543667605,11.6,0,0.15779050879042,0.15,0.114864670181948,0,retract
0.768,0,0.0280958385209045,0,11.6,0,0.15790316633029,0.15,0.112622425054374,0,retract
0.769,0,0.026894980014299,0.0196898289746661,11.6,0,0.158013605080835,0.15,0.110404220284425,0,retract
0.77,0,0.0230528400122563,0,11.6,0,0.158121848898644,0.15,0.108209872448254,0,retract
0.771,0,0.0198927607217081,0.000932284978418925,11.6,0,0.158227921457348,0.15,0.10603919826938,0,retract
0.772,0,0.0223777688264887,0.037287817455172,11.6,0,0.158331846247791,0.15,0.10389201465039,0,retract
0.773,0,0.0191809447084189,0,11.6,0,0.158433646578226,0.15,0.101768138703969,0,retract
0.774,0,0.0164408097500733,0,11.6,0,0.15853334557455,0.15,0.0996673877832758,0,retract
0.775,0,0.01409212264292,0,11.6,0,0.158630966180564,0.15,0.0975895795116753,0,retract
0.776,0,0.01207896226536,0,11.6,0,0.158726531158259,0.15,0.0955345318118101,0,retract
0.777,0,0.0103533962274514,0,11.6,0,0.158820063088137,0.15,0.0935020629340395,0,retract
0.778,0,0.0164620630360882,0.0531140638879091,11.6,0,0.158911584369556,0.15,0.0914919914842372,0,retract
0.779,0,0.0141103397452185,0,11.6,0,0.159001117221108,0.15,0.0895041364509603,0,retract
0.78,0,0.0130008245599678,0.00634373344846343,11.6,0,0.159088683681011,0.15,0.0875383172319892,0,retract
0.781,0,0.0111435639085438,0,11.6,0,0.159174305607545,0.15,0.0855943536602479,0,retract
0.782,0,0.00955162620732325,0,11.6,0,0.159258004679498,0.15,0.0836720660291095,0,retract
0.783,0,0.00904157494914096,0.00598126740004722,11.6,0,0.159339802396643,0.15,0.0817712751170897,0,retract
0.784,0,0.016995508096929,0.0647191069836572,11.6,0,0.159419720080243,0.15,0.0798918022119377,0,retract
0.785,0,0.0145675783687963,0,11.6,0,0.159497778873573,0.15,0.0780334691341276,0,retract
0.786,0,0.0124864957446825,0,11.6,0,0.159573999742467,0.15,0.0761960982597567,0,retract
0.787,0,0.0134071912702972,0.0189313644239855,11.6,0,0.159648403475891,0.15,0.0743795125428564,0,retract
0.788,0,0.0194982963848791,0.0560449270723703,11.6,0,0.159721010686535,0.15,0.0725835355371215,0,retract
0.789,0,0.0167128254727535,0,11.6,0,0.159791841811425,0.15,0.0708079914170643,0,retract
0.79,0,0.0143252789766459,0,11.6,0,0.159860917112556,0.15,0.0690527049985983,0,retract
0.791,0,0.0142045396113221,0.0134801034193793,11.6,0,0.159928256677553,0.15,0.0673175017590576,0,retract
0.792,0,0.0121753196668475,0,11.6,0,0.159993880420337,0.15,0.0656022078566596,0,retract
0.793,0,0.0148848350969553,0.0311419276776021,11.6,0,0.160057808081824,0.15,0.0639066501494151,0,retract
0.794,0,0.0257691141465869,0.0910747884443766,11.6,0,0.160120059230635,0.15,0.0622306562134912,0,retract
0.795,0,0.0220878121256459,0,11.6,0,0.160180653263824,0.15,0.0605740543610367,0,retract
0.796,0,0.0189324103934108,0,11.6,0,0.160239609407629,0.15,0.0589366736574723,0,retract
0.797,0,0.0162277803372093,0,11.6,0,0.160296946718232,0.15,0.0573183439382529,0,retract
0.798,0,0.0146076665746876,0.00488698399955795,11.6,0,0.160352684082541,0.15,0.0557188958251095,0,retract
0.799,0,0.0236071555362676,0.0776040893057471,11.6,0,0.160406840218988,0.15,0.0541381607417751,0,retract
0.8,0,0.020963677448562,0.00510280892232829,11.6,0,0.160459433678338,0.15,0.0525759709292014,0,retract
0.801,0,0.0179688663844817,0,11.6,0,0.160510482844517,0.15,0.0510321594602731,0,retract
0.802,0,0.0154018854724129,0,11.6,0,0.160560005935452,0.15,0.0495065602540247,0,retract
0.803,0,0.0155130636357263,0.016180132615607,11.6,0,0.160608021003928,0.15,0.0479990080893681,0,retract
0.804,0,0.0227124247738822,0.0659085916028179,11.6,0,0.160654545938453,0.15,0.0465093386183349,0,retract
0.805,0,0.0194677926633276,0,11.6,0,0.160699598464139,0.15,0.0450373883788414,0,retract
0.806,0,0.0166866794257094,0,11.6,0,0.160743196143601,0.15,0.0435829948069816,0,retract
0.807,0,0.0191798179492321,0.0341386490903679,11.6,0,0.160785356377853,0.15,0.0421459962488552,0,retract
0.808,0,0.0164398439564846,0,11.6,0,0.160826096407234,0.15,0.0407262319719363,0,retract
0.809,0,0.0227347134049996,0.0605039300960893,11.6,0,0.16086543331233,0.15,0.0393235421759898,0,retract
0.81,0,0.0194868972042853,0,11.6,0,0.160903384014912,0.15,0.0379377680035408,0,retract
0.811,0,0.0167030547465303,0,11.6,0,0.160939965278892,0.15,0.0365687515499035,0,retract
0.812,0,0.0246213778128363,0.0721313162106722,11.6,0,0.160975193711272,0.15,0.0352163358727778,0,retract
0.813,0,0.0211040381252882,0,11.6,0,0.161009085763117,0.15,0.0338803650014163,0,retract
0.814,0,0.0180891755359614,0,11.6,0,0.161041657730531,0.15,0.0325606839453713,0,retract
0.815,0,0.0155050076022526,0,11.6,0,0.161072925755639,0.15,0.0312571387028264,0,retract
0.816,0,0.0164616135225608,0.02220124904441,11.6,0,0.161102905827584,0.15,0.0299695762685195,0,retract
0.817,0,0.0141099544479092,0,11.6,0,0.161131613783524,0.15,0.0286978446412624,0,retract
0.818,0,0.0120942466696365,0,11.6,0,0.161159065309641,0.15,0.0274417928310657,0,retract
0.819,0,0.0103664971454027,0,11.6,0,0.161185275942157,0.15,0.026201270865872,0,retract
0.82,0,0.0100398774502204,0.00808015927912652,11.6,0,0.161210261068354,0.15,0.0249761297979063,0,retract
0.821,0,0.00860560924304606,0,11.6,0,0.161234035927599,0.15,0.0237662217096484,0,retract
0.822,0,0.0171356311758088,0.0683157627723855,11.6,0,0.16125661561238,0.15,0.0225713997194339,0,retract
0.823,0,0.0234964785174362,0.0616615625672006,11.6,0,0.161278015069343,0.15,0.0213915179866895,0,retract
0.824,0,0.0201398387292311,0,11.6,0,0.161298249100333,0.15,0.0202264317168098,0,retract
0.825,0,0.0172627189107695,0,11.6,0,0.161317332363445,0.15,0.0190759971656806,0,retract
0.826,0,0.0156822870228714,0.00619969569548299,11.6,0,0.161335279374074,0.15,0.0179400716438548,0,retract
0.827,0,0.0210681578996759,0.0533833831605032,11.6,0,0.161352104505972,0.15,0.0168185135203884,0,retract
0.828,0,0.0180584210568651,0,11.6,0,0.161367821992306,0.15,0.0157111822263407,0,retract
0.829,0,0.0182891311696532,0.0196733918463817,11.6,0,0.161382445926722,0.15,0.0146179382579458,0,retract
0.83,0,0.0219362687172961,0.0438190940031536,11.6,0,0.161395990264408,0.15,0.0135386431794616,0,retract
0.831,0,0.0217304939496436,0.0204958453437289,11.6,0,0.161408468823169,0.15,0.0124731596257014,0,retract
0.832,0,0.0186261376711231,0,11.6,0,0.161419895284487,0.15,0.0114213513042543,0,retract
0.833,0,0.0229823040034948,0.0491193019977248,11.6,0,0.161430283194603,0.15,0.0103830829974012,0,retract
0.834,0,0.0207964103549169,0.00768104846344942,11.6,0,0.161439645965589,0.15,0.00935822056373073,0,retract
0.835,0,0.0178254945899288,0,11.6,0,0.161447996876417,0.15,0.00834663093946169,0,retract
0.836,0,0.0152789953627961,0,11.6,0,0.161455349074047,0.15,0.00734818213947851,0,retract
0.837,0,0.0154799768977216,0.016685866107275,11.6,0,0.161461715574494,0.15,0.00636274325808378,0,retract
0.838,0,0.0151378411029272,0.0130850263341607,11.6,0,0.161467109263912,0.15,0.00539018446947522,0,retract
0.839,0,0.0253086733087925,0.0863336665439844,11.6,0,0.161471542899673,0.15,0.0044303770279517,0,retract
0.84,0,0.0322821114782529,0.0741227404950148,11.6,0,0.161475029111439,0.15,0.00348319326785414,0,retract
0.841,0,0.0276703812670739,0,11.6,0,0.161477580402249,0.15,0.00254850660324743,0,retract
0.842,0,0.0237174696574919,0,11.6,0,0.16147920914959,0.15,0.00162619152734814,0,retract
0.843,0,0.0285663344263602,0.0576595230395703,11.6,0,0.161479927606474,0.15,0.000716123611704088,0,retract
0.844,0,0.0244854295083088,0,11.6,0,0.16147974790252,0.15,-0.000181820494869214,0.000181820494869214,retract
0.845,0,0.0209875110071218,0,11.6,0,0.16147868204502,0.15,-0.0010677630675893,0.0010677630675893,retract
0.846,0,0.0280902858529271,0.0707069349277588,11.6,0,0.161476741920019,0.15,-0.00194182530723982,0.00194182530723982,retract
0.847,0,0.0240773878739375,0,11.6,0,0.161473939293384,0.15,-0.00280412734193037,0.00280412734193037,retract
0.848,0,0.0206377610348036,0,11.6,0,0.161470285811872,0.15,-0.00365478822907774,0.00365478822907774,retract
0.849,0,0.0179386268308627,0.00174382160721778,11.6,0,0.1614657930042,0.15,-0.00449392595760339,0.00449392595760339,retract
0.85,0,0.0153759658550252,0,11.6,0,0.161460472282108,0.15,-0.0053216574503422,0.0053216574503422,retract
0.851,0,0.0131793993043073,0,11.6,0,0.161454334941423,0.15,-0.00613809856665687,0.00613809856665687,retract
0.852,0,0.0154310132966953,0.0289406972510228,11.6,0,0.161447392163117,0.15,-0.00694336410525355,0.00694336410525355,retract
0.853,0,0.0238974752908335,0.0746962472556631,11.6,0,0.161439655014364,0.15,-0.00773756780719281,0.00773756780719281,retract
0.854,0,0.0204835502492859,0,11.6,0,0.161431134449596,0.15,-0.00852082235909169,0.00852082235909169,retract
0.855,0,0.0175573287851022,0,11.6,0,0.161421841311551,0.15,-0.00929323939651181,0.00929323939651181,retract
0.856,0,0.015049138958659,0,11.6,0,0.161411786332318,0.15,-0.010054929507528,0.010054929507528,retract
0.857,0,0.0128992619645649,0,11.6,0,0.161400980134385,0.15,-0.0108060022364733,0.0108060022364733,retract
0.858,0,0.0110565102553413,0,11.6,0,0.161389433231672,0.15,-0.0115465660878554,0.0115465660878554,retract
0.859,0,0.00947700879029255,0,11.6,0,0.161377156030573,0.15,-0.0122767285304395,0.0122767285304395,retract
0.86,0,0.0131052585754575,0.0348747572864472,11.6,0,0.16136415883098,0.15,-0.012996596001493,0.012996596001493,retract
0.861,0,0.0112330787789636,0,11.6,0,0.161350451827314,0.15,-0.0137062739111878,0.0137062739111878,retract
0.862,0,0.00962835323911164,0,11.6,0,0.161336045109546,0.15,-0.0144058666471549,0.0144058666471549,retract
0.863,0,0.015846566067877,0.0531558430404694,11.6,0,0.161320948664213,0.15,-0.0150954775791873,0.0150954775791873,retract
0.864,0,0.0149975542484295,0.00990348333174414,11.6,0,0.161305172375433,0.15,-0.0157752090640868,0.0157752090640868,retract
0.865,0,0.0128550464986538,0,11.6,0,0.161288726025911,0.15,-0.0164451624506495,0.0164451624506495,retract
0.866,0,0.0110186112845604,0,11.6,0,0.16127161929794,0.15,-0.0171054380847869,0.0171054380847869,retract
0.867,0,0.0109249174067261,0.0103627541397201,11.6,0,0.161253861774401,0.15,-0.0177561353147767,0.0177561353147767,retract
0.868,0,0.0184465031909948,0.0635760178966067,11.6,0,0.161235462939755,0.15,-0.0183973524966407,0.0183973524966407,retract
0.869,0,0.0158112884494241,0,11.6,0,0.161216432181027,0.15,-0.0190291869996443,0.0190291869996443,retract
0.87,0,0.0142566014116596,0.00492847918507257,11.6,0,0.161196778788789,0.15,-0.0196517352119139,0.0196517352119139,retract
0.871,0,0.0122199440671368,0,11.6,0,0.161176511958136,0.15,-0.0202650925461683,0.0202650925461683,retract
0.872,0,0.0137068960084746,0.0226286076565013,11.6,0,0.16115564078965,0.15,-0.0208693534455601,0.0208693534455601,retract
0.873,0,0.0117487680072639,0,11.6,0,0.161134174290371,0.15,-0.0214646113896219,0.0214646113896219,retract
0.874,0,0.0100703725776548,0,11.6,0,0.161112121374749,0.15,-0.0220509589003159,0.0220509589003159,retract
0.875,0,0.0114259063306513,0.0195591088486305,11.6,0,0.1610894908656,0.15,-0.0226284875481795,0.0226284875481795,retract
0.876,0,0.0103833718779579,0.00412816516179735,11.6,0,0.161066291495044,0.15,-0.023197287958567,0.023197287958567,retract
0.877,0,0.00890003303824962,0,11.6,0,0.161042531905452,0.15,-0.02375744981798,0.02375744981798,retract
0.878,0,0.0076285997470711,0,11.6,0,0.161018220650373,0.15,-0.0243090618804855,0.0243090618804855,retract
0.879,0,0.0163310009109528,0.0685454078942432,11.6,0,0.160993366195462,0.15,-0.0248522119742162,0.0248522119742162,retract
0.88,0,0.0187453616879886,0.0332315263502033,11.6,0,0.160967976919397,0.15,-0.0253869870079508,0.0253869870079508,retract
0.881,0,0.0163005497603364,0.00163167819442281,11.6,0,0.160942061114798,0.15,-0.025913472977769,0.025913472977769,retract
0.882,0,0.0153120356144789,0.00938095073933417,11.6,0,0.160915626989126,0.15,-0.0264317549737805,0.0264317549737805,retract
0.883,0,0.0131246019552676,0,11.6,0,0.160888682665585,0.15,-0.0269419171869209,0.0269419171869209,retract
0.884,0,0.0112496588188008,0,11.6,0,0.160861236184015,0.15,-0.0274440429158142,0.0274440429158142,retract
0.885,0,0.0137342505906699,0.0286418012218841,11.6,0,0.160833295501779,0.15,-0.0279382145736969,0.0279382145736969,retract
0.886,0,0.0117722147920027,0,11.6,0,0.160804868494637,0.15,-0.0284245136954013,0.0284245136954013,retract
0.887,0,0.0218124960795622,0.0820541838049189,11.6,0,0.160775962957622,0.15,-0.0289030209443935,0.0289030209443935,retract
0.888,0,0.0310103572280603,0.0861975241190492,11.6,0,0.160746586605904,0.15,-0.0293738161198649,0.0293738161198649,retract
0.889,0,0.0305014497093984,0.0274480045974267,11.6,0,0.160716747075643,0.15,-0.0298369781638715,0.0298369781638715,retract
0.89,0,0.0261440997509129,0,11.6,0,0.160686451924846,0.15,-0.0302925851685211,0.0302925851685211,retract
0.891,0,0.0224092283579253,0,11.6,0,0.160655708634205,0.15,-0.0307407143832018,0.0307407143832018,retract
0.892,0,0.0192079100210789,0,11.6,0,0.160624524607933,0.15,-0.0311814422218517,0.0311814422218517,retract
0.893,0,0.0203392167037257,0.027127056799607,11.6,0,0.160592907174596,0.15,-0.0316148442702658,0.0316148442702658,retract
0.894,0,0.0174336143174792,0,11.6,0,0.160560863587931,0.15,-0.0320409952934371,0.0320409952934371,retract
0.895,0,0.0199077831104448,0.0347527958682384,11.6,0,0.160528401027661,0.15,-0.0324599692429287,0.0324599692429287,retract
0.896,0,0.017063814094667,0,11.6,0,0.160495526600302,0.15,-0.0328718392642756,0.0328718392642756,retract
0.897,0,0.016880527794058,0.0157808099904039,11.6,0,0.160462247339958,0.15,-0.0332766777044118,0.0332766777044118,retract
0.898,0,0.0227552511775476,0.0580035914784857,11.6,0,0.160428570209118,0.15,-0.0336745561191214,0.0336745561191214,retract
0.899,0,0.0242281285394353,0.0330653927107615,11.6,0,0.160394502099439,0.15,-0.0340655452805097,0.0340655452805097,retract
0.9,0,0.020766967319516,0,11.6,0,0.160360049832519,0.15,-0.0344497151844935,0.0344497151844935,retract
0.901,0,0.0178002577024423,0,11.6,0,0.16032522016067,0.15,-0.0348271350583062,0.0348271350583062,retract
0.902,0,0.0152573637449505,0,11.6,0,0.160290019767677,0.15,-0.0351978733680167,0.0351978733680167,retract
0.903,0,0.0130777403528147,0,11.6,0,0.160254455269555,0.15,-0.0355619978260587,0.0355619978260587,retract
0.904,0,0.0192908548576023,0.0565695418863275,11.6,0,0.160218533215292,0.15,-0.035919575398769,0.035919575398769,retract
0.905,0,0.0165350184493734,0,11.6,0,0.160182260087592,0.15,-0.0362706723139316,0.0362706723139316,retract
0.906,0,0.0205879706868482,0.0449056841116969,11.6,0,0.160145642303602,0.15,-0.0366153540683252,0.0366153540683252,retract
0.907,0,0.0176468320172984,0,11.6,0,0.160108686215639,0.15,-0.0369536854352738,0.0369536854352738,retract
0.908,0,0.0151258560148272,0,11.6,0,0.160071398111909,0.15,-0.037285730472195,0.037285730472195,retract
0.909,0,0.0278121693477973,0.103930049345618,11.6,0,0.160033784217208,0.15,-0.0376115525281471,0.0376115525281471,retract
0.91,0,0.0457489266770025,0.153369470652233,11.6,0,0.159995850693632,0.15,-0.0379312142513705,0.0379312142513705,retract
0.911,0,0.0441557204495476,0.0345964830848185,11.6,0,0.159957603641263,0.15,-0.0382447775968229,0.0382447775968229,retract
0.912,0,0.0391509052246773,0.00912201387545494,11.6,0,0.159919049098864,0.15,-0.0385523038337058,0.0385523038337058,retract
0.913,0,0.0335579187640091,0,11.6,0,0.15988019304455,0.15,-0.0388538535529797,0.0388538535529797,retract
0.914,0,0.0287639303691506,0,11.6,0,0.159841041396462,0.15,-0.0391494866748677,0.0391494866748677,retract
0.915,0,0.0287904651242764,0.0289496736550308,11.6,0,0.159801600013433,0.15,-0.0394392624563436,0.0394392624563436,retract
0.916,0,0.0279835164534298,0.0231418244283507,11.6,0,0.159761874695641,0.15,-0.0397232394986047,0.0397232394986047,retract
0.917,0,0.023985871245797,0,11.6,0,0.159721871185262,0.15,-0.040001475754526,0.040001475754526,retract
0.918,0,0.0236905970247343,0.0219189516983578,11.6,0,0.159681595167106,0.15,-0.040274028536095,0.040274028536095,retract
0.919,0,0.0203062260212008,0,11.6,0,0.159641052269255,0.15,-0.040540954521825,0.040540954521825,retract
0.92,0,0.0338384549701898,0.115031828664124,11.6,0,0.15960024806369,0.15,-0.0408023097641453,0.0408023097641453,retract
0.921,0,0.0316790860934556,0.0187228728330504,11.6,0,0.159559188066908,0.15,-0.0410581496967669,0.0410581496967669,retract
0.922,0,0.027971169945737,0.00572367305942523,11.6,0,0.159517877740536,0.15,-0.0413085291420224,0.0413085291420224,retract
0.923,0,0.0239752885249174,0,11.6,0,0.159476322491933,0.15,-0.0415535023181772,0.0415535023181772,retract
0.924,0,0.0205502473070721,0,11.6,0,0.159434527674792,0.15,-0.0417931228467127,0.0417931228467127,retract
0.925,0,0.0189797364979846,0.00955667164345936,11.6,0,0.159392498589723,0.15,-0.0420274437595782,0.0420274437595782,retract
0.926,0,0.016268345569701,0,11.6,0,0.159350240484846,0.15,-0.0422565175064113,0.0422565175064113,retract
0.927,0,0.0220220192618512,0.0565440614147524,11.6,0,0.159307758556357,0.15,-0.0424803959617248,0.0424803959617248,retract
0.928,0,0.0188760165101582,0,11.6,0,0.159265057949102,0.15,-0.0426991304320585,0.0426991304320585,retract
0.929,0,0.0161794427229927,0,11.6,0,0.159222143757137,0.15,-0.0429127716630965,0.0429127716630965,retract
0.93,0,0.0138680937625652,0,11.6,0,0.159179021024282,0.15,-0.0431213698467457,0.0431213698467457,retract
0.931,0,0.0119649787777295,0.000546288868715255,11.6,0,0.159135694744671,0.15,-0.0433249746281773,0.0433249746281773,retract
0.932,0,0.0209527951037624,0.0748796930599597,11.6,0,0.159092169863288,0.15,-0.0435236351128281,0.0435236351128281,retract
0.933,0,0.0179595386603678,0,11.6,0,0.159048451276505,0.15,-0.0437173998733615,0.0437173998733615,retract
0.934,0,0.0240913332326815,0.060882100666564,11.6,0,0.159004543832604,0.15,-0.043906316956587,0.043906316956587,retract
0.935,0,0.0206497141994413,0,11.6,0,0.158960452332301,0.15,-0.0440904338903364,0.0440904338903364,retract
0.936,0,0.0295845611254703,0.0831936426816443,11.6,0,0.158916181529255,0.15,-0.0442697976902971,0.0442697976902971,retract
0.937,0,0.0256110564856238,0.00177002864654481,11.6,0,0.158871736130578,0.15,-0.0444444548667999,0.0444444548667999,retract
0.938,0,0.0219523341305347,0,11.6,0,0.15882712079733,0.15,-0.0446144514315614,0.0446144514315614,retract
0.939,0,0.022964584767186,0.029038088587094,11.6,0,0.158782340145014,0.15,-0.0447798329043805,0.0447798329043805,retract
0.94,0,0.0318037814962465,0.0848389618706097,11.6,0,0.158737398744061,0.15,-0.0449406443197863,0.0449406443197863,retract
0.941,0,0.0272603841396399,0,11.6,0,0.158692301120312,0.15,-0.0450969302336387,0.0450969302336387,retract
0.942,0,0.0233660435482628,0,11.6,0,0.158647051755486,0.15,-0.0452487347296793,0.0452487347296793,retract
0.943,0,0.0200280373270824,0,11.6,0,0.158601655087651,0.15,-0.0453961014260326,0.0453961014260326,retract
0.944,0,0.0173407837343154,0.00121726217771321,11.6,0,0.158556115511679,0.15,-0.045539073481657,0.045539073481657,retract
0.945,0,0.0209953334072964,0.0429226314451828,11.6,0,0.158510437379705,0.15,-0.0456776936027436,0.0456776936027436,retract
0.946,0,0.026509613430804,0.0595952935718497,11.6,0,0.15846462500157,0.15,-0.0458120040490637,0.0458120040490637,retract
0.947,0,0.022722525797832,0,11.6,0,0.158418682645261,0.15,-0.0459420466402634,0.0459420466402634,retract
0.948,0,0.019476450683856,0,11.6,0,0.15837261453735,0.15,-0.0460678627621046,0.0460678627621046,retract
0.949,0,0.0197341148650411,0.0212800999521518,11.6,0,0.158326424863419,0.15,-0.0461894933726529,0.0461894933726529,retract
0.95,0,0.0189296244744309,0.0141026821307693,11.6,0,0.158280117768482,0.15,-0.0463069790084099,0.0463069790084099,retract
0.951,0,0.016225392406655,0,11.6,0,0.158233697357403,0.15,-0.0464203597903912,0.0464203597903912,retract
0.952,0,0.0163525081061141,0.0171152023028689,11.6,0,0.158187167695306,0.15,-0.0465296754301491,0.0465296754301491,retract
0.953,0,0.0219103751335806,0.0552575772983794,11.6,0,0.158140532807976,0.15,-0.0466349652357386,0.0466349652357386,retract
0.954,0,0.0187803215430691,0,11.6,0,0.158093796682261,0.15,-0.0467362681176271,0.0467362681176271,retract
0.955,0,0.0160974184654878,0,11.6,0,0.158046963266462,0.15,-0.0468336225945478,0.0468336225945478,retract
0.956,0,0.0232971912035047,0.0664958276316063,11.6,0,0.158000036470722,0.15,-0.0469270667992948,0.0469270667992948,retract
0.957,0,0.0199690210315755,0,11.6,0,0.157953020167403,0.15,-0.0470166384844617,0.0470166384844617,retract
0.958,0,0.0171163037413504,0,11.6,0,0.157905918191464,0.15,-0.0471023750281209,0.0471023750281209,retract
0.959,0,0.0146711174925861,0,11.6,0,0.157858734340832,0.15,-0.0471843134394452,0.0471843134394452,retract
0.96,0,0.0183086687195218,0.0401339760811366,11.6,0,0.157811472376759,0.15,-0.047262490364271,0.047262490364271,retract
0.961,0,0.015693144616733,0,11.6,0,0.157764136024191,0.15,-0.0473369420906019,0.0473369420906019,retract
0.962,0,0.0134512668143426,0,11.6,0,0.15771672897211,0.15,-0.0474077045540534,0.0474077045540534,retract
0.963,0,0.013504078962383,0.0138209518506258,11.6,0,0.15766925487389,0.15,-0.047474813343238,0.047474813343238,retract
0.964,0,0.0151112272702832,0.0247541171176843,11.6,0,0.157621717347635,0.15,-0.0475383037050909,0.0475383037050909,retract
0.965,0,0.0149635245629178,0.0140773083187256,11.6,0,0.157574119976517,0.15,-0.0475982105501354,0.0475982105501354,retract
0.966,0,0.0128258781967867,0,11.6,0,0.157526466309106,0.15,-0.0476545684576889,0.0476545684576889,retract
0.967,0,0.020703988223748,0.0679726483855158,11.6,0,0.157478759859703,0.15,-0.0477074116810077,0.0477074116810077,retract
0.968,0,0.0177462756203554,0,11.6,0,0.157431004108652,0.15,-0.0477567741523728,0.0477567741523728,retract
0.969,0,0.0152110933888761,0,11.6,0,0.157383202502665,0.15,-0.0478026894881141,0.0478026894881141,retract
0.97,0,0.0130380800476081,0,11.6,0,0.157335358455127,0.15,-0.0478451909935748,0.0478451909935748,retract
0.971,0,0.0120822897133032,0.00634754770747368,11.6,0,0.157287475346407,0.15,-0.0478843116680151,0.0478843116680151,retract
0.972,0,0.0103562483256884,0,11.6,0,0.15723955652416,0.15,-0.0479200842094548,0.0479200842094548,retract
0.973,0,0.00887678427916151,0,11.6,0,0.157191605303619,0.15,-0.047952541019456,0.047952541019456,retract
0.974,0,0.0185401782174691,0.0765205418473146,11.6,0,0.157143624967894,0.15,-0.0479817142078447,0.0479817142078447,retract
0.975,0,0.0158915813292592,0,11.6,0,0.157095618768255,0.15,-0.0480076355973716,0.0480076355973716,retract
0.976,0,0.0136213554250793,0,11.6,0,0.157047589924415,0.15,-0.0480303367283128,0.0480303367283128,retract
0.977,0,0.0201265537983828,0.0591577440382034,11.6,0,0.156999541624811,0.15,-0.0480498488630092,0.0480498488630092,retract
0.978,0,0.0172513318271852,0,11.6,0,0.156951477026877,0.15,-0.0480662029903461,0.0480662029903461,retract
0.979,0,0.014786855851873,0,11.6,0,0.156903399257312,0.15,-0.0480794298301716,0.0480794298301716,retract
0.98,0,0.0141339238943096,0.0102163321489288,11.6,0,0.156855311412348,0.15,-0.0480895598376554,0.0480895598376554,retract
0.981,0,0.0121147919094082,0,11.6,0,0.156807216558007,0.15,-0.0480966232075868,0.0480966232075868,retract
0.982,0,0.0103841073509213,0,11.6,0,0.156759117730363,0.15,-0.0481006498786124,0.0481006498786124,retract
0.983,0,0.0122555343358121,0.0234840962451564,11.6,0,0.156711017935788,0.15,-0.0481016695374145,0.0481016695374145,retract
0.984,0,0.0105047437164103,0,11.6,0,0.156662920151206,0.15,-0.0480997116228291,0.0480997116228291,retract
0.985,0,0.00900406604263743,0,11.6,0,0.156614827324334,0.15,-0.0480948053299043,0.0480948053299043,retract
0.986,0,0.00771777089368922,0,11.6,0,0.156566742373923,0.15,-0.0480869796138992,0.0480869796138992,retract
0.987,0,0.00858631078253558,0.0137975501156137,11.6,0,0.156518668189996,0.15,-0.0480762631942237,0.0480762631942237,retract
0.988,0,0.0147034434153412,0.051406239212175,11.6,0,0.156470607634077,0.15,-0.0480626845583188,0.0480626845583188,retract
0.989,0,0.0127691385945818,0.00116330967002538,11.6,0,0.156422563539423,0.15,-0.0480462719654782,0.0480462719654782,retract
0.99,0,0.010944975938213,0,11.6,0,0.156374538711245,0.15,-0.0480270534506117,0.0480270534506117,retract
0.991,0,0.0149111430013494,0.0387081453801683,11.6,0,0.156326535926935,0.15,-0.048005056827949,0.048005056827949,retract
0.992,0,0.0127809797154424,0,11.6,0,0.156278557936276,0.15,-0.0479803096946867,0.0479803096946867,retract
0.993,0,0.0159008815014985,0.0346202922178352,11.6,0,0.156230607461664,0.15,-0.0479528394345765,0.0479528394345765,retract
0.994,0,0.0136293270012844,0,11.6,0,0.15618268719831,0.15,-0.0479226732214559,0.0479226732214559,retract
0.995,0,0.0226712203269265,0.0769225802807792,11.6,0,0.156134799814454,0.15,-0.0478898380227223,0.0478898380227223,retract
0.996,0,0.023828356630436,0.0307711744514928,11.6,0,0.156086947951563,0.15,-0.0478543606027488,0.0478543606027488,retract
0.997,0,0.0204694545618095,0.000316042150050383,11.6,0,0.156039134224536,0.15,-0.0478162675262445,0.0478162675262445,retract
0.998,0,0.0175452467672653,0,11.6,0,0.155991361221896,0.15,-0.0477755851615575,0.0477755851615575,retract
0.999,0,0.0159088158616235,0.0060902304277727,11.6,0,0.155943631505986,0.15,-0.0477323396839225,0.0477323396839225,retract
1,0,0.019549105203699,0.0413908412561519,11.6,0,0.155895947613161,0.15,-0.0476865570786523,0.0476865570786523,retract
1.001,0,0.0179204610233254,0.0081485959410839,11.6,0,0.155848312053971,0.15,-0.0476382631442739,0.0476382631442739,retract
1.002,0,0.0194107045482094,0.0283521656975135,11.6,0,0.155800727313347,0.15,-0.04758748349561,0.04758748349561,retract
1.003,0,0.0166377467556081,0,11.6,0,0.155753195850785,0.15,-0.0475342435668047,0.0475342435668047,retract
1.004,0,0.0142609257905212,0,11.6,0,0.155705720100518,0.15,-0.0474785686142968,0.0474785686142968,retract
1.005,0,0.0173940652986252,0.0361929023472491,11.6,0,0.155658302471697,0.15,-0.0474204837197373,0.0474204837197373,retract
1.006,0,0.014909198827393,0,11.6,0,0.155610945348559,0.15,-0.0473600137928544,0.0473600137928544,retract
1.007,0,0.0184571715120427,0.0397450076199405,11.6,0,0.1555636510906,0.15,-0.0472971835742654,0.0472971835742654,retract
1.008,0,0.0166400702987241,0.00573746301881306,11.6,0,0.155516422032738,0.15,-0.0472320176382354,0.0472320176382354,retract
1.009,0,0.0142629173989064,0,11.6,0,0.155469260485479,0.15,-0.0471645403953838,0.0471645403953838,retract
1.01,0,0.0173223856998647,0.0356791955056141,11.6,0,0.15542216873508,0.15,-0.0470947760953394,0.0470947760953394,retract
1.011,0,0.0148477591713126,0,11.6,0,0.155375149043704,0.15,-0.0470227488293434,0.0470227488293434,retract
1.012,0,0.0137129358481057,0.00690399590886461,11.6,0,0.155328203649579,0.15,-0.0469484825328015,0.0469484825328015,retract
1.013,0,0.0153570347484247,0.0252216281503389,11.6,0,0.15528133476715,0.15,-0.046872000987786,0.046872000987786,retract
1.014,0,0.0245929419631141,0.0800083852512499,11.6,0,0.155234544587231,0.15,-0.0467933278254867,0.0467933278254867,retract
1.015,0,0.021079664539812,0,11.6,0,0.155187835277154,0.15,-0.0467124865286127,0.0467124865286127,retract
1.016,0,0.0226296607031645,0.0319296376832791,11.6,0,0.155141208980914,0.15,-0.0466295004337452,0.0466295004337452,retract
1.017,0,0.0212055543986102,0.0126609165712844,11.6,0,0.155094667819315,0.15,-0.0465443927336408,0.0465443927336408,retract
1.018,0,0.018176189484523,0,11.6,0,0.155048213890111,0.15,-0.0464571864794866,0.0464571864794866,retract
1.019,0,0.015579590986734,0,11.6,0,0.155001849268145,0.15,-0.0463679045831081,0.0463679045831081,retract
1.02,0,0.0370938785745436,0.166179604101401,11.6,0,0.154955576005487,0.15,-0.0462765698191285,0.0462765698191285,retract
1.021,0,0.0326595023958303,0.00605324532355032,11.6,0,0.154909396131569,0.15,-0.0461832048270821,0.0461832048270821,retract
1.022,0,0.027993859196426,0,11.6,0,0.154863311653321,0.15,-0.0460878321134807,0.0460878321134807,retract
1.023,0,0.0300323213605846,0.0422630943455361,11.6,0,0.154817324555296,0.15,-0.045990474053834,0.045990474053834,retract
1.024,0,0.0257419897376439,0,11.6,0,0.154771436799807,0.15,-0.0458911528946246,0.0458911528946246,retract
1.025,0,0.0220645626322662,0,11.6,0,0.154725650327047,0.15,-0.0457898907552378,0.0457898907552378,retract
1.026,0,0.0189124822562282,0,11.6,0,0.154679967055221,0.15,-0.0456867096298475,0.0456867096298475,retract
1.027,0,0.0167544164117992,0.00380602134522516,11.6,0,0.154634388880665,0.15,-0.045581631389257,0.045581631389257,retract
1.028,0,0.0143609283529707,0,11.6,0,0.154588917677969,0.15,-0.0454746777826969,0.0454746777826969,retract
1.029,0,0.0123093671596892,0,11.6,0,0.154543555300098,0.15,-0.0453658704395801,0.0453658704395801,retract
1.03,0,0.0105508861368765,0,11.6,0,0.154498303578508,0.15,-0.0452552308712136,0.0452552308712136,retract
1.031,0,0.00904361668875124,0,11.6,0,0.154453164323268,0.15,-0.0451427804724688,0.0451427804724688,retract
1.032,0,0.00775167144750107,0,11.6,0,0.154408139323167,0.15,-0.0450285405234099,0.0450285405234099,retract
1.033,0,0.00664428981214377,0,11.6,0,0.154363230345834,0.15,-0.0449125321908816,0.0449125321908816,retract
1.034,0,0.00569510555326609,0,11.6,0,0.154318439137848,0.15,-0.0447947765300557,0.0447947765300557,retract
1.035,0,0.0151665419998481,0.0719951606793401,11.6,0,0.154273767424846,0.15,-0.0446752944859379,0.0446752944859379,retract
1.036,0,0.0129998931427269,0,11.6,0,0.154229216911634,0.15,-0.0445541068948358,0.0445541068948358,retract
1.037,0,0.0111427655509088,0,11.6,0,0.154184789282297,0.15,-0.0444312344857862,0.0444312344857862,retract
1.038,0,0.0106966812240728,0.00802017526305657,11.6,0,0.154140486200298,0.15,-0.0443066978819458,0.0443066978819458,retract
1.039,0,0.0129516096220065,0.0264811800096089,11.6,0,0.15409630930859,0.15,-0.0441805176019421,0.0441805176019421,retract
1.04,0,0.0111013796760056,0,11.6,0,0.154052260229715,0.15,-0.0440527140611882,0.0440527140611882,retract
1.041,0,0.00951546829371907,0,11.6,0,0.154008340565908,0.15,-0.04392330757316,0.04392330757316,retract
1.042,0,0.0121163846478117,0.0277218827723677,11.6,0,0.153964551899197,0.15,-0.0437923183506365,0.0437923183506365,retract
1.043,0,0.0117972486183983,0.00988243244191783,11.6,0,0.153920895791502,0.15,-0.043659766506905,0.043659766506905,retract
1.044,0,0.0143009338775014,0.0293230454321196,11.6,0,0.153877373784736,0.15,-0.0435256720569303,0.0435256720569303,retract
1.045,0,0.0122579433235726,0,11.6,0,0.153833987400898,0.15,-0.0433900549184889,0.0433900549184889,retract
1.046,0,0.0105068085630622,0,11.6,0,0.153790738142175,0.15,-0.0432529349132692,0.0432529349132692,retract
1.047,0,0.00900583591119619,0,11.6,0,0.153747627491031,0.15,-0.0431143317679371,0.0431143317679371,retract
1.048,0,0.0162128447894012,0.0594548980586311,11.6,0,0.153704656910307,0.15,-0.0429742651151686,0.0429742651151686,retract
1.049,0,0.0161651116384423,0.0158787127326889,11.6,0,0.153661827843309,0.15,-0.0428327544946496,0.0428327544946496,retract
1.05,0,0.0138558099758077,0,11.6,0,0.153619141713902,0.15,-0.0426898193540429,0.0426898193540429,retract
1.051,0,0.0118764085506923,0,11.6,0,0.153576599926603,0.15,-0.0425454790499234,0.0425454790499234,retract
1.052,0,0.0101797787577362,0,11.6,0,0.153534203866669,0.15,-0.042399752848682,0.042399752848682,retract
1.053,0,0.0131857452453504,0.0312215441710355,11.6,0,0.153491954900188,0.15,-0.0422526599273988,0.0422526599273988,retract
1.054,0,0.0113020673531575,0,11.6,0,0.153449854374165,0.15,-0.0421042193746851,0.0421042193746851,retract
1.055,0,0.00968748630270643,0,11.6,0,0.153407903616614,0.15,-0.0419544501914964,0.0419544501914964,retract
1.056,0,0.00830355968803408,0,11.6,0,0.15336610393664,0.15,-0.0418033712919156,0.0418033712919156,retract
1.057,0,0.00711733687545779,0,11.6,0,0.153324456624528,0.15,-0.0416510015039072,0.0416510015039072,retract
1.058,0,0.0104605688430324,0.0305199606484801,11.6,0,0.153282962951831,0.15,-0.041497359570043,0.041497359570043,retract
1.059,0,0.00989561101304668,0.00650586403313231,11.6,0,0.153241624171446,0.15,-0.0413424641482003,0.0413424641482003,retract
1.06,0,0.00848195229689715,0,11.6,0,0.153200441517711,0.15,-0.0411863338122325,0.0411863338122325,retract
1.061,0,0.0209841388119252,0.0959972579020932,11.6,0,0.153159416206475,0.15,-0.0410289870526122,0.0410289870526122,retract
1.062,0,0.0303332208006156,0.0864277127327586,11.6,0,0.153118549435192,0.15,-0.0408704422770487,0.0408704422770487,retract
1.063,0,0.0259999035433848,0,11.6,0,0.153077842382995,0.15,-0.040710717811079,0.040710717811079,retract
1.064,0,0.0222856316086156,0,11.6,0,0.153037296210784,0.15,-0.0405498318986335,0.0405498318986335,retract
1.065,0,0.0191019699502419,0,11.6,0,0.152996912061302,0.15,-0.0403878027025763,0.0403878027025763,retract
1.066,0,0.0163731171002074,0,11.6,0,0.152956691059218,0.15,-0.0402246483052217,0.0402246483052217,retract
1.067,0,0.0219055390301244,0.0551000706096267,11.6,0,0.152916634311209,0.15,-0.0400603867088256,0.0400603867088256,retract
1.068,0,0.0266825826362055,0.0553448442726921,11.6,0,0.152876742906034,0.15,-0.0398950358360546,0.0398950358360546,retract
1.069,0,0.0228707851167476,0,11.6,0,0.15283701791462,0.15,-0.0397286135304305,0.0397286135304305,retract
1.07,0,0.0267377309703599,0.0499394060920339,11.6,0,0.152797460390135,0.15,-0.0395611375567536,0.0395611375567536,retract
1.071,0,0.0250345705935294,0.0148156083325465,11.6,0,0.152758071368072,0.15,-0.0393926256015026,0.0393926256015026,retract
1.072,0,0.0214582033658824,0,11.6,0,0.152718851866319,0.15,-0.0392230952732132,0.0392230952732132,retract
1.073,0,0.0215558851453322,0.0221419758220316,11.6,0,0.152679802885245,0.15,-0.0390525641028361,0.0390525641028361,retract
1.074,0,0.025520112131728,0.0493054740501027,11.6,0,0.152640925407774,0.15,-0.0388810495440726,0.0388810495440726,retract
1.075,0,0.0302049873581555,0.0583142387167203,11.6,0,0.152602220399458,0.15,-0.0387085689736916,0.0387085689736916,retract
1.076,0,0.032017375119437,0.0428917016871264,11.6,0,0.15256368880856,0.15,-0.0385351396918252,0.0385351396918252,retract
1.077,0,0.0352074653831259,0.0543480069652592,11.6,0,0.152525331566128,0.15,-0.0383607789222456,0.0383607789222456,retract
1.078,0,0.0301778274712508,0,11.6,0,0.152487149586068,0.15,-0.0381855038126228,0.0381855038126228,retract
1.079,0,0.0258667092610721,0,11.6,0,0.152449143765226,0.15,-0.0380093314347637,0.0380093314347637,retract
1.08,0,0.0221714650809189,0,11.6,0,0.152411314983458,0.15,-0.0378322787848329,0.0378322787848329,retract
1.081,0,0.019004112926502,0,11.6,0,0.152373664103707,0.15,-0.0376543627835556,0.0376543627835556,retract
1.082,0,0.0162892396512874,0,11.6,0,0.152336191972081,0.15,-0.0374756002764037,0.0374756002764037,retract
1.083,0,0.0139622054153892,0,11.6,0,0.152298899417924,0.15,-0.0372960080337645,0.0372960080337645,retract
1.084,0,0.0254073080095768,0.0940779235747023,11.6,0,0.152261787253895,0.15,-0.037115602751093,0.037115602751093,retract
1.085,0,0.0217776925796372,0,11.6,0,0.152224856276038,0.15,-0.0369344010490485,0.0369344010490485,retract
1.086,0,0.0186665936396891,0,11.6,0,0.152188107263863,0.15,-0.036752419473615,0.036752419473615,retract
1.087,0,0.0185561155465381,0.0178932469876321,11.6,0,0.152151540980412,0.15,-0.0365696744962068,0.0365696744962068,retract
1.088,0,0.0165653519543569,0.00462077040126973,11.6,0,0.152115158172343,0.15,-0.0363861825137587,0.0363861825137587,retract
1.089,0,0.0141988731037345,0,11.6,0,0.152078959569997,0.15,-0.0362019598488029,0.0362019598488029,retract
1.09,0,0.0174616068301486,0.0370380091886333,11.6,0,0.152042945887475,0.15,-0.0360170227495299,0.0360170227495299,retract
1.091,0,0.0149670915686988,0,11.6,0,0.152007117822714,0.15,-0.0358313873898381,0.0358313873898381,retract
1.092,0,0.0128289356303132,0,11.6,0,0.151971476057558,0.15,-0.0356450698693682,0.0356450698693682,retract
1.093,0,0.0111226394562617,0.000884862411952363,11.6,0,0.151936021257834,0.15,-0.0354580862135257,0.0354580862135257,retract
1.094,0,0.00953369096251002,0,11.6,0,0.151900754073428,0.15,-0.0352704523734906,0.0352704523734906,retract
1.095,0,0.0109248951730857,0.0192721204365394,11.6,0,0.151865675138353,0.15,-0.0350821842262153,0.0350821842262153,retract
1.096,0,0.0148492150989058,0.0383951346538269,11.6,0,0.15183078507083,0.15,-0.0348932975744101,0.0348932975744101,retract
1.097,0,0.0235239527626987,0.075572378745456,11.6,0,0.15179608447336,0.15,-0.0347038081465179,0.0347038081465179,retract
1.098,0,0.024970005165525,0.0336463195824828,11.6,0,0.151761573932796,0.15,-0.0345137315966777,0.0345137315966777,retract
1.099,0,0.02140286157045,0,11.6,0,0.151727254020421,0.15,-0.0343230835046773,0.0343230835046773,retract
1.1,0,0.0183453099175286,0,11.6,0,0.151693125292019,0.15,-0.0341318793758959,0.0341318793758959,retract
1.101,0,0.0348368346802872,0.133785983256839,11.6,0,0.151659188287951,0.15,-0.0339401346412369,0.0339401346412369,retract
1.102,0,0.039430486244958,0.0669923956329831,11.6,0,0.15162544353323,0.15,-0.0337478646570504,0.0337478646570504,retract
1.103,0,0.0361981540577236,0.0168041609343169,11.6,0,0.151591891537595,0.15,-0.0335550847050474,0.0335550847050474,retract
1.104,0,0.0366505081195269,0.0393646324903469,11.6,0,0.151558532795585,0.15,-0.0333618099922041,0.0333618099922041,retract
1.105,0,0.0314147212453088,0,11.6,0,0.151525367786616,0.15,-0.0331680556506588,0.0331680556506588,retract
1.106,0,0.0269269039245504,0,11.6,0,0.151492396975052,0.15,-0.0329738367375991,0.0329738367375991,retract
1.107,0,0.0230802033639003,0,11.6,0,0.151459620810285,0.15,-0.0327791682351426,0.0327791682351426,retract
1.108,0,0.0328291704907013,0.0913229732515072,11.6,0,0.151427039726804,0.15,-0.032584065050209,0.032584065050209,retract
1.109,0,0.0281392889920297,0,11.6,0,0.151394654144278,0.15,-0.0323885420143853,0.0323885420143853,retract
1.11,0,0.0334584065476363,0.0653731118812757,11.6,0,0.151362464467625,0.15,-0.0321926138837842,0.0321926138837842,retract
1.111,0,0.0286786341836882,0,11.6,0,0.151330471087089,0.15,-0.0319962953388955,0.0319962953388955,retract
1.112,0,0.0297571776891315,0.0362284387217912,11.6,0,0.151298674378318,0.15,-0.0317996009844315,0.0317996009844315,retract
1.113,0,0.0260398272828033,0.00373572484483392,11.6,0,0.151267074702437,0.15,-0.0316025453491657,0.0316025453491657,retract
1.114,0,0.0223198519566885,0,11.6,0,0.151235672406127,0.15,-0.0314051428857672,0.0314051428857672,retract
1.115,0,0.0218893726109056,0.0193064965362078,11.6,0,0.151204467821698,0.15,-0.0312074079706274,0.0312074079706274,retract
1.116,0,0.0193848536987985,0.004357740226156,11.6,0,0.151173461267169,0.15,-0.0310093549036839,0.0310093549036839,retract
1.117,0,0.020179249598946,0.0249456249998312,11.6,0,0.15114265304634,0.15,-0.0308109979082379,0.0308109979082379,retract
1.118,0,0.0213433563158063,0.0283279966169683,11.6,0,0.151112043448872,0.15,-0.0306123511307679,0.0306123511307679,retract
1.119,0,0.0228166628642598,0.0316565021549804,11.6,0,0.151081632750366,0.15,-0.0304134286407383,0.0304134286407383,retract
1.12,0,0.019557139597937,0,11.6,0,0.151051421212434,0.15,-0.0302142444304047,0.0302142444304047,retract
1.121,0,0.0241710623042198,0.051854598541917,11.6,0,0.151021409082781,0.15,-0.0300148124146151,0.0300148124146151,retract
1.122,0,0.020718053403617,0,11.6,0,0.150991596595281,0.15,-0.0298151464306078,0.0298151464306078,retract
1.123,0,0.0177583314888146,0,11.6,0,0.150961983970056,0.15,-0.0296152602378054,0.0296152602378054,retract
1.124,0,0.0248034481491055,0.0670741481108512,11.6,0,0.150932571413552,0.15,-0.0294151675176067,0.0294151675176067,retract
1.125,0,0.021260098413519,0,11.6,0,0.150903359118619,0.15,-0.0292148818731754,0.0292148818731754,retract
1.126,0,0.018222941497302,0,11.6,0,0.150874347264586,0.15,-0.0290144168292262,0.0290144168292262,retract
1.127,0,0.0195586345379161,0.027572792781601,11.6,0,0.150845536017346,0.15,-0.028813785831809,0.028813785831809,retract
1.128,0,0.0196373281940634,0.0201094901309471,11.6,0,0.150816925529428,0.15,-0.0286130022480907,0.0286130022480907,retract
1.129,0,0.0168319955949115,0,11.6,0,0.150788515940079,0.15,-0.0284120793661358,0.0284120793661358,retract
1.13,0,0.0144274247956384,0,11.6,0,0.150760307375346,0.15,-0.0282110303946847,0.0282110303946847,retract
1.131,0,0.0138539169632596,0.0104128699689864,11.6,0,0.150732299948148,0.15,-0.0280098684629314,0.0280098684629314,retract
1.132,0,0.0129032164074524,0.00719901307260932,11.6,0,0.150704493758365,0.15,-0.0278086066202997,0.0278086066202997,retract
1.133,0,0.0166674776393274,0.0392530450305775,11.6,0,0.15067688889291,0.15,-0.027607257836219,0.027607257836219,retract
1.134,0,0.0142864094051378,0,11.6,0,0.150649485425814,0.15,-0.0274058349998984,0.0274058349998984,retract
1.135,0,0.0168050764931896,0.0319170790215005,11.6,0,0.150622283418305,0.15,-0.0272043509201021,0.0272043509201021,retract
1.136,0,0.0215976555453505,0.0503531298583162,11.6,0,0.150595282918886,0.15,-0.0270028183249224,0.0270028183249224,retract
1.137,0,0.0262700273988443,0.0543042585198069,11.6,0,0.150568483963421,0.15,-0.026801249861555,0.026801249861555,retract
1.138,0,0.0319880152369509,0.0662959422655907,11.6,0,0.150541886575212,0.15,-0.0265996580960726,0.0265996580960726,retract
1.139,0,0.0333062986619253,0.0412159992117713,11.6,0,0.150515490765081,0.15,-0.0263980555131998,0.0263980555131998,retract
1.14,0,0.0295378622795809,0.00692724398551444,11.6,0,0.150489296531453,0.15,-0.0261964545160884,0.0261964545160884,retract
1.141,0,0.0323361792961912,0.0491260813958531,11.6,0,0.150463303860436,0.15,-0.0259948674260935,0.0259948674260935,retract
1.142,0,0.027716725111021,0,11.6,0,0.150437512725904,0.15,-0.0257933064825504,0.0257933064825504,retract
1.143,0,0.0306743224742249,0.0484199066534479,11.6,0,0.150411923089577,0.15,-0.0255917838425527,0.0255917838425527,retract
1.144,0,0.0351994440695696,0.062350173641638,11.6,0,0.150386534901109,0.15,-0.0253903115807319,0.0253903115807319,retract
1.145,0,0.0328182089825441,0.0185307984603909,11.6,0,0.150361348098163,0.15,-0.025188901689038,0.025188901689038,retract
1.146,0,0.0281298934136092,0,11.6,0,0.1503363626065,0.15,-0.0249875660765224,0.0249875660765224,retract
1.147,0,0.024111337211665,0,11.6,0,0.150311578340057,0.15,-0.0247863165691218,0.0247863165691218,retract
1.148,0,0.0333066835881001,0.0884787618467107,11.6,0,0.150286995201037,0.15,-0.0245851649094451,0.0245851649094451,retract
1.149,0,0.0361445310328287,0.0531716157012003,11.6,0,0.150262613079984,0.15,-0.0243841227565612,0.0243841227565612,retract
1.15,0,0.0309810265995675,0,11.6,0,0.150238431855874,0.15,-0.0241832016857906,0.0241832016857906,retract
1.151,0,0.0265551656567721,0,11.6,0,0.150214451396194,0.15,-0.0239824131884979,0.0239824131884979,retract
1.152,0,0.0247042655764807,0.0135988650947321,11.6,0,0.150190671557029,0.15,-0.0237817686718879,0.0237817686718879,retract
1.153,0,0.0296271128219061,0.0591641962944586,11.6,0,0.150167092183144,0.15,-0.023581279458804,0.023581279458804,retract
1.154,0,0.0261016500027263,0.00494887308764739,11.6,0,0.150143713108072,0.15,-0.02338095678753,0.02338095678753,retract
1.155,0,0.0223728428594797,0,11.6,0,0.150120534154195,0.15,-0.023180811811594,0.023180811811594,retract
1.156,0,0.0191767224509826,0,11.6,0,0.150097555132829,0.15,-0.0229808555995764,0.0229808555995764,retract
1.157,0,0.0164371906722708,0,11.6,0,0.150074775844312,0.15,-0.0227810991349206,0.0227810991349206,retract
1.158,0,0.0140890205762321,0,11.6,0,0.150052196078088,0.15,-0.0225815533157474,0.0225815533157474,retract
1.159,0,0.0120763033510561,0,11.6,0,0.15002981561279,0.15,-0.0223822289546725,0.0223822289546725,retract
1.16,0,0.0152992363681186,0.0346368344704938,11.6,0,0.150007634216329,0.15,-0.0221831367786284,0.0221831367786284,retract
1.161,0,0.0163661506950997,0.0227676366569862,11.6,0,0.149985651645978,0.15,-0.0219842874286894,0.0219842874286894,retract
1.162,0,0.0140281291672283,0,11.6,0,0.149963867648459,0.15,-0.0217856914599008,0.0217856914599008,retract
1.163,0,0.0173508542295312,0.0372872046033485,11.6,0,0.149942281960027,0.15,-0.021587359341112,0.021587359341112,retract
1.164,0,0.0148721607681696,0,11.6,0,0.149920894306558,0.15,-0.0213893014548136,0.0213893014548136,retract
1.165,0,0.0127475663727168,0,11.6,0,0.149899704403637,0.15,-0.0211915280969793,0.0211915280969793,retract
1.166,0,0.0136248004631513,0.0188882050057584,11.6,0,0.14987871195664,0.15,-0.020994049476911,0.020994049476911,retract
1.167,0,0.012141467800258,0.00324147182289806,11.6,0,0.149857916660826,0.15,-0.0207968757170896,0.0207968757170896,retract
1.168,0,0.0104069724002211,0,11.6,0,0.14983731820142,0.15,-0.0206000168530291,0.0206000168530291,retract
1.169,0,0.0126789496783906,0.0263108133474073,11.6,0,0.149816916253701,0.15,-0.0204034828331365,0.0204034828331365,retract
1.17,0,0.0130120607001193,0.0150107268304916,11.6,0,0.149796710483091,0.15,-0.0202072835185752,0.0202072835185752,retract
1.171,0,0.0133860903789709,0.0156302684520804,11.6,0,0.149776700545239,0.15,-0.0200114286831341,0.0200114286831341,retract
1.172,0,0.0114737917534036,0,11.6,0,0.149756886086113,0.15,-0.0198159280131007,0.0198159280131007,retract
1.173,0,0.0111306924143453,0.00907209637999514,11.6,0,0.149737266742082,0.15,-0.0196207911071405,0.0196207911071405,retract
1.174,0,0.00954059349801023,0,11.6,0,0.149717842140009,0.15,-0.0194260274761794,0.0194260274761794,retract
1.175,0,0.00817765156972306,0,11.6,0,0.149698611897334,0.15,-0.0192316465432934,0.0192316465432934,retract
1.176,0,0.0108870524941159,0.0271434580404729,11.6,0,0.149679575622166,0.15,-0.0190376576436016,0.0190376576436016,retract
1.177,0,0.0110001064339343,0.0116784300728447,11.6,0,0.149660732913369,0.15,-0.0188440700241657,0.0188440700241657,retract
1.178,0,0.00988409865568189,0.00318805198616751,11.6,0,0.149642083360648,0.15,-0.0186508928438941,0.0186508928438941,retract
1.179,0,0.00847208456201305,0,11.6,0,0.149623626544642,0.15,-0.0184581351734516,0.0184581351734516,retract
1.18,0,0.00726178676743976,0,11.6,0,0.14960536203701,0.15,-0.0182658059951743,0.0182658059951743,retract
1.181,0,0.0183133978113896,0.0846230640750889,11.6,0,0.149587289400516,0.15,-0.0180739142029906,0.0180739142029906,retract
1.182,0,0.0254608691265889,0.0683456970177844,11.6,0,0.149569408189124,0.15,-0.0178824686023468,0.0178824686023468,retract
1.183,0,0.0306826840637752,0.0620135736868929,11.6,0,0.14955171794808,0.15,-0.0176914779101392,0.0176914779101392,retract
1.184,0,0.0262994434832359,0,11.6,0,0.149534218214005,0.15,-0.0175009507546509,0.0175009507546509,retract
1.185,0,0.0225423801284879,0,11.6,0,0.149516908514983,0.15,-0.0173108956754956,0.0173108956754956,retract
1.186,0,0.0193220401101325,0,11.6,0,0.149499788370646,0.15,-0.0171213211235653,0.0171213211235653,retract
1.187,0,0.0206943989328226,0.0289285518689633,11.6,0,0.149482857292267,0.15,-0.0169322354609857,0.0169322354609857,retract
1.188,0,0.0177380562281336,0,11.6,0,0.149466114782848,0.15,-0.0167436469610759,0.0167436469610759,retract
1.189,0,0.0152040481955431,0,11.6,0,0.149449560337207,0.15,-0.0165555638083146,0.0165555638083146,retract
1.19,0,0.0130320413104655,0,11.6,0,0.149433193442067,0.15,-0.0163679940983126,0.0163679940983126,retract
1.191,0,0.0154801053570272,0.0301684896363971,11.6,0,0.149417013576147,0.15,-0.0161809458377902,0.0161809458377902,retract
1.192,0,0.0142067123480839,0.0065663542944241,11.6,0,0.149401020210249,0.15,-0.0159944269445613,0.0159944269445613,retract
1.193,0,0.024516201492368,0.0863731363580729,11.6,0,0.149385212807347,0.15,-0.0158084452475232,0.0158084452475232,retract
1.194,0,0.0210138869934583,0,11.6,0,0.149369590822676,0.15,-0.0156230084866525,0.0156230084866525,retract
1.195,0,0.01801190313725,0,11.6,0,0.149354153703821,0.15,-0.015438124313007,0.015438124313007,retract
1.196,0,0.0272157793651083,0.0824390367322582,11.6,0,0.149338900890806,0.15,-0.0152538002887335,0.0152538002887335,retract
1.197,0,0.0233278108843785,0,11.6,0,0.149323831816184,0.15,-0.015070043887082,0.015070043887082,retract
1.198,0,0.0242152653593445,0.0295399922091403,11.6,0,0.149308945905122,0.15,-0.0148868624924255,0.0148868624924255,retract
1.199,0,0.0245640663778924,0.0266568724891798,11.6,0,0.149294242575494,0.15,-0.0147042634002863,0.0147042634002863,retract
1.2,0,0.0210549140381935,0,11.6,0,0.149279721237968,0.15,-0.0145222538173683,0.0145222538173683,retract
1.201,0,0.0180470691755944,0,11.6,0,0.149265381296094,0.15,-0.0143408408615952,0.0143408408615952,retract
1.202,0,0.0205656209802256,0.0356769318080127,11.6,0,0.149251222146395,0.15,-0.0141600315621556,0.0141600315621556,retract
1.203,0,0.0176276751259077,0,11.6,0,0.149237243178451,0.15,-0.0139798328595527,0.0139798328595527,retract
1.204,0,0.033948787263486,0.131875460088956,11.6,0,0.149223443774994,0.15,-0.0138002516056617,0.0138002516056617,retract
1.205,0,0.0290989605115594,0,11.6,0,0.149209823311992,0.15,-0.013621294563793,0.013621294563793,retract
1.206,0,0.0249419661527652,0,11.6,0,0.149196381158738,0.15,-0.0134429684087604,0.0134429684087604,retract
1.207,0,0.0251176808795732,0.0261719692404213,11.6,0,0.14918311667794,0.15,-0.0132652797269574,0.0132652797269574,retract
1.208,0,0.0215294407539199,0,11.6,0,0.149170029225808,0.15,-0.0130882350164376,0.0130882350164376,retract
1.209,0,0.0184538063605028,0,11.6,0,0.149157118152141,0.15,-0.0129118406870029,0.0129118406870029,retract
1.21,0,0.0158175483090024,0,11.6,0,0.149144382800419,0.15,-0.0127361030602969,0.0127361030602969,retract
1.211,0,0.0140617233957101,0.0035267739159562,11.6,0,0.149131822507887,0.15,-0.0125610283699044,0.0125610283699044,retract
1.212,0,0.0201389224621824,0.0566021168610162,11.6,0,0.149119436605645,0.15,-0.0123866227614578,0.0123866227614578,retract
1.213,0,0.0172619335390135,0,11.6,0,0.149107224418737,0.15,-0.0122128922927488,0.0122128922927488,retract
1.214,0,0.0147959430334401,0,11.6,0,0.149095185266233,0.15,-0.0120398429338464,0.0120398429338464,retract
1.215,0,0.0145167975834504,0.0128419248835119,11.6,0,0.149083318461324,0.15,-0.0118674805672211,0.0118674805672211,retract
1.216,0,0.0131657187968944,0.00505924607755868,11.6,0,0.149071623311404,0.15,-0.0116958109878756,0.0116958109878756,retract
1.217,0,0.0163125074957812,0.0351932396891017,11.6,0,0.149060099118162,0.15,-0.0115248399034801,0.0115248399034801,retract
1.218,0,0.0139821492820981,0,11.6,0,0.149048745177662,0.15,-0.0113545729345156,0.0113545729345156,retract
1.219,0,0.0119846993846556,0,11.6,0,0.149037560780439,0.15,-0.0111850156144214,0.0111850156144214,retract
1.22,0,0.0168848245284496,0.0462855753912135,11.6,0,0.149026545211578,0.15,-0.01101617338975,0.01101617338975,retract
1.221,0,0.021858709198138,0.0517020172162684,11.6,0,0.149015697750806,0.15,-0.010848051620327,0.010848051620327,retract
1.222,0,0.0187360364555468,0,11.6,0,0.149005017672575,0.15,-0.0106806555794172,0.0106806555794172,retract
1.223,0,0.0311263637705412,0.105468327660507,11.6,0,0.148994504246149,0.15,-0.0105139904538971,0.0105139904538971,retract
1.224,0,0.0266797403747496,0,11.6,0,0.148984156735695,0.15,-0.0103480613444325,0.0103480613444325,retract
1.225,0,0.0319320237413318,0.0634457239408254,11.6,0,0.14897397440036,0.15,-0.0101828732656622,0.0101828732656622,retract
1.226,0,0.0392587922601736,0.0832194033732239,11.6,0,0.148963956494365,0.15,-0.0100184311463884,0.0100184311463884,retract
1.227,0,0.0348075514905802,0.00810010687302034,11.6,0,0.148954102267087,0.15,-0.00985473982977108,0.00985473982977108,retract
1.228,0,0.0326513135159909,0.019713885668455,11.6,0,0.148944410963143,0.15,-0.00969180407353018,0.00969180407353018,retract
1.229,0,0.0279868401565636,0,11.6,0,0.148934881822478,0.15,-0.00952962855015186,0.00952962855015186,retract
1.23,0,0.0321823393800985,0.0573553347213077,11.6,0,0.148925514080451,0.15,-0.00936821784710151,0.00936821784710151,retract
1.231,0,0.0287296804502769,0.00801372687134742,11.6,0,0.148916306967914,0.15,-0.00920757646704184,0.00920757646704184,retract
1.232,0,0.0253810955967868,0.00528958647584581,11.6,0,0.148907259711303,0.15,-0.00904770882805687,0.00904770882805687,retract
1.233,0,0.0239253597191953,0.0151909444536465,11.6,0,0.148898371532718,0.15,-0.0088886192638813,0.0088886192638813,retract
1.234,0,0.0205074511878817,0,11.6,0,0.14888964165001,0.15,-0.00873031202413578,0.00873031202413578,retract
1.235,0,0.0311358819923475,0.0949064668191423,11.6,0,0.148881069276863,0.15,-0.00857279127456713,0.00857279127456713,retract
1.236,0,0.0271562339823522,0.00327834592238031,11.6,0,0.148872653622878,0.15,-0.00841606109729452,0.00841606109729452,retract
1.237,0,0.0268393749948578,0.0249382210698915,11.6,0,0.148864393893656,0.15,-0.00826012549106081,0.00826012549106081,retract
1.238,0,0.023005178567021,0,11.6,0,0.148856289290883,0.15,-0.00810498837148937,0.00810498837148937,retract
1.239,0,0.0230977532109912,0.0236532010748127,11.6,0,0.148848339012409,0.15,-0.00795065357134622,0.00795065357134622,retract
1.24,0,0.0197980741808496,0,11.6,0,0.148840542252336,0.15,-0.00779712484080739,0.00779712484080739,retract
1.241,0,0.0219954170101468,0.0351794739859301,11.6,0,0.148832898201095,0.15,-0.00764440584773145,0.00764440584773145,retract
1.242,0,0.0188532145801258,0,11.6,0,0.14882540604553,0.15,-0.00749250017793757,0.00749250017793757,retract
1.243,0,0.0161598982115364,0,11.6,0,0.148818064968982,0.15,-0.00734141133548831,0.00734141133548831,retract
1.244,0,0.0138513413241741,0,11.6,0,0.148810874151367,0.15,-0.00719114274297781,0.00719114274297781,retract
1.245,0,0.0118725782778635,0,11.6,0,0.148803832769259,0.15,-0.0070416977418249,0.0070416977418249,retract
1.246,0,0.0177375166329259,0.0529271467633001,11.6,0,0.14879693999597,0.15,-0.00689307959257122,0.00689307959257122,retract
1.247,0,0.015203585685365,0,11.6,0,0.148790195001632,0.15,-0.00674529147518426,0.00674529147518426,retract
1.248,0,0.0139369766761529,0.00633732262087993,11.6,0,0.148783596953275,0.15,-0.00659833648936539,0.00659833648936539,retract
1.249,0,0.011945980008131,0,11.6,0,0.148777145014908,0.15,-0.00645221765486259,0.00645221765486259,retract
1.25,0,0.0102394114355409,0,11.6,0,0.148770838347601,0.15,-0.00630693791178817,0.00630693791178817,retract
1.251,0,0.00877663837332077,0,11.6,0,0.14876467610956,0.15,-0.00616250012094108,0.00616250012094108,retract
1.252,0,0.0075228328914178,0,11.6,0,0.148758657456208,0.15,-0.00601890706413387,0.00601890706413387,retract
1.253,0,0.00644814247835811,0,11.6,0,0.148752781540265,0.15,-0.00587616144452443,0.00587616144452443,retract
1.254,0,0.0055269792671641,0,11.6,0,0.148747047511825,0.15,-0.00573426588695218,0.00573426588695218,retract
1.255,0,0.00473741080042637,0,11.6,0,0.148741454518431,0.15,-0.00559322293827883,0.00559322293827883,retract
1.256,0,0.00783598868083863,0.0264274559633122,11.6,0,0.14873600170516,0.15,-0.00545303506773363,0.00545303506773363,retract
1.257,0,0.00671656172643311,0,11.6,0,0.148730688214692,0.15,-0.00531370466726303,0.00531370466726303,retract
1.258,0,0.012356808321619,0.0461982878927346,11.6,0,0.148725513187394,0.15,-0.00517523405188445,0.00517523405188445,retract
1.259,0,0.0105915499899592,0,11.6,0,0.14872047576139,0.15,-0.00503762546004481,0.00503762546004481,retract
1.26,0,0.0205147825926082,0.0800541782085022,11.6,0,0.148715575072643,0.15,-0.00490088105398277,0.00490088105398277,retract
1.261,0,0.0175840993650927,0,11.6,0,0.148710810255027,0.15,-0.00476500292009564,0.00476500292009564,retract
1.262,0,0.0242919825676106,0.0645392817827179,11.6,0,0.148706180440405,0.15,-0.00462999306930999,0.00462999306930999,retract
1.263,0,0.0208216993436662,0,11.6,0,0.148701684758701,0.15,-0.00449585343745651,0.00449585343745651,retract
1.264,0,0.0178471708659996,0,11.6,0,0.148697322337978,0.15,-0.00436258588564887,0.00436258588564887,retract
1.265,0,0.0152975750279997,0,11.6,0,0.148693092304511,0.15,-0.00423019220066644,0.00423019220066644,retract
1.266,0,0.0178384145614524,0.0330834517621685,11.6,0,0.148688993782861,0.15,-0.00409867409534104,0.00409867409534104,retract
1.267,0,0.015290069624102,0,11.6,0,0.148685025895946,0.15,-0.00396803320894723,0.00396803320894723,retract
1.268,0,0.013105773963516,0,11.6,0,0.148681187765118,0.15,-0.0038382711075966,0.0038382711075966,retract
1.269,0,0.0166533201478394,0.0379385972537793,11.6,0,0.148677478510236,0.15,-0.00370938928463564,0.00370938928463564,retract
1.27,0,0.0142742744124337,0,11.6,0,0.148673897249735,0.15,-0.00358138916104731,0.00358138916104731,retract
1.271,0,0.0137013719828232,0.0102639574051603,11.6,0,0.148670443100699,0.15,-0.00345427208585613,0.00345427208585613,retract
1.272,0,0.0117440331281342,0,11.6,0,0.148667115178934,0.15,-0.00332803933653669,0.00332803933653669,retract
1.273,0,0.0100663141098293,0,11.6,0,0.148663912599039,0.15,-0.00320269211942574,0.00320269211942574,retract
1.274,0,0.0194866673185347,0.0760087865707668,11.6,0,0.148660834474474,0.15,-0.00307823157013755,0.00307823157013755,retract
1.275,0,0.0167028577016012,0,11.6,0,0.148657879917633,0.15,-0.00295465875398278,0.00295465875398278,retract
1.276,0,0.014316735172801,0,11.6,0,0.148655048039914,0.15,-0.00283197466639033,0.00283197466639033,retract
1.277,0,0.0122714872909723,0,11.6,0,0.148652337951788,0.15,-0.00271018023333252,0.00271018023333252,retract
1.278,0,0.0105184176779762,0,11.6,0,0.148649748762866,0.15,-0.0025892763117535,0.0025892763117535,retract
1.279,0,0.0186191260905451,0.067223376565958,11.6,0,0.148647279581969,0.15,-0.00246926369000052,0.00246926369000052,retract
1.28,0,0.0159592509347529,0,11.6,0,0.148644929517199,0.15,-0.0023501430882583,0.0023501430882583,retract
1.281,0,0.0149348079470055,0.00878815002052099,11.6,0,0.148642697676001,0.15,-0.00223191515898644,0.00223191515898644,retract
1.282,0,0.0128012639545761,0,11.6,0,0.148640583165235,0.15,-0.00211458048735941,0.00211458048735941,retract
1.283,0,0.0199263818606811,0.0626770892973108,11.6,0,0.148638585091242,0.15,-0.00199813959170967,0.00199813959170967,retract
1.284,0,0.0170797558805838,0,11.6,0,0.148636702559907,0.15,-0.00188259292397347,0.00188259292397347,retract
1.285,0,0.017212842275657,0.0180113606460966,11.6,0,0.14863493467673,0.15,-0.00176794087013913,0.00176794087013913,retract
1.286,0,0.0152310972273568,0.0033406269375556,11.6,0,0.148633280546889,0.15,-0.00165418375069815,0.00165418375069815,retract
1.287,0,0.0130552261948773,0,11.6,0,0.148631739275302,0.15,-0.0015413218210988,0.0015413218210988,retract
1.288,0,0.011471932802958,0.00197217245144204,11.6,0,0.148630309966699,0.15,-0.00142935527220213,0.00142935527220213,retract
1.289,0,0.0161965769396167,0.044544441759569,11.6,0,0.148628991725679,0.15,-0.00131828423074059,0.00131828423074059,retract
1.29,0,0.0149992320654551,0.00781516282048592,11.6,0,0.148627783656777,0.15,-0.00120810875977887,0.00120810875977887,retract
1.291,0,0.012856484627533,0,11.6,0,0.148626684864528,0.15,-0.00109882885917706,0.00109882885917706,retract
1.292,0,0.0110198439664568,0,11.6,0,0.148625694453526,0.15,-0.000990444466056112,0.000990444466056112,retract
1.293,0,0.0162089930252786,0.0473438873782094,11.6,0,0.148624811528491,0.15,-0.00088295545526539,0.00088295545526539,retract
1.294,0,0.013893422593096,0,11.6,0,0.148624035194327,0.15,-0.000776361639852395,0.000776361639852395,retract
1.295,0,0.0119086479369394,0,11.6,0,0.148623364556185,0.15,-0.000670662771534541,0.000670662771534541,retract
1.296,0,0.0102074125173766,0,11.6,0,0.148622798719525,0.15,-0.000565858541172805,0.000565858541172805,retract
1.297,0,0.00874921072917997,0,11.6,0,0.148622336790174,0.15,-0.000461948579247471,0.000461948579247471,retract
1.298,0,0.00749932348215426,0,11.6,0,0.148621977874386,0.15,-0.000358932456335691,0.000358932456335691,retract
1.299,0,0.00642799155613222,0,11.6,0,0.148621721078905,0.15,-0.000256809683590657,0.000256809683590657,retract
1.3,0,0.00550970704811333,0,11.6,0,0.148621565511019,0.15,-0.000155579713222852,0.000155579713222852,retract
1.301,0,0.00472260604124,0,11.6,0,0.148621510278621,0.15,-5.52419389825502e-05,5.52419389825502e-05,retract
1.302,0,0.00404794803534857,0,11.6,0,0.148621554490269,0.15,4.4204303355625e-05,0,retract
1.303,0,0.00346966974458449,0,11.6,0,0.148621697255239,0.15,0.000142759735506897,0,retract
1.304,0,0.0119041577260057,0.0625110856145333,11.6,0,0.148621937683586,0.15,0.000240425136189047,0,retract
1.305,0,0.0102035637651478,0,11.6,0,0.148622274886196,0.15,0.000337201340633463,0,retract
1.306,0,0.00942017468206978,0.00471984018360175,11.6,0,0.148622707974848,0.15,0.00043308924009509,0,retract
1.307,0,0.0156512976532762,0.0530380354805147,11.6,0,0.148623236062265,0.15,0.000528089781360824,0,retract
1.308,0,0.0196534543320746,0.043666394404865,11.6,0,0.14862385826217,0.15,0.000622203966256856,0,retract
1.309,0,0.0209529787724549,0.0287501254147367,11.6,0,0.148624573689342,0.15,0.000715432851154867,0,retract
1.31,0,0.019063301756346,0.00772523965969274,11.6,0,0.148625381459668,0.15,0.00080777754647689,0,retract
1.311,0,0.0190042822356592,0.0186501651115386,11.6,0,0.1486262806902,0.15,0.000899239216199161,0,retract
1.312,0,0.0162893847734222,0,11.6,0,0.148627270499202,0.15,0.000989819077355071,0,retract
1.313,0,0.0139623298057905,0,11.6,0,0.148628350006208,0.15,0.00107951839953725,0,retract
1.314,0,0.0119677112621061,0,11.6,0,0.148629518332074,0.15,0.00116833850439849,0,retract
1.315,0,0.0102580382246624,0,11.6,0,0.148630774599024,0.15,0.00125628076515202,0,retract
1.316,0,0.0106772975683417,0.0131928536304174,11.6,0,0.148632117930709,0.15,0.00134334660607092,0,retract
1.317,0,0.0102178116705091,0.00746089628351348,11.6,0,0.148633547452251,0.15,0.00142953750198693,0,retract
1.318,0,0.00875812428900778,0,11.6,0,0.148635062290295,0.15,0.00151485497778859,0,retract
1.319,0,0.0127686679622761,0.0368319300018862,11.6,0,0.148636661573063,0.15,0.0015993006079187,0,retract
1.32,0,0.0109445725390938,0,11.6,0,0.148638344430394,0.15,0.00168287601587121,0,retract
1.321,0,0.0104684276971993,0.00761155864583198,11.6,0,0.148640109993802,0.15,0.00176558287368774,0,retract
1.322,0,0.0089729380261708,0,11.6,0,0.148641957396517,0.15,0.00184742290145374,0,retract
1.323,0,0.0202851698004612,0.0881585604462037,11.6,0,0.148643885773537,0.15,0.00192839786679397,0,retract
1.324,0,0.0173872884003953,0,11.6,0,0.148645894261673,0.15,0.00200850958436795,0,retract
1.325,0,0.0149033900574817,0,11.6,0,0.148647981999596,0.15,0.00208775991536506,0,retract
1.326,0,0.0127743343349843,0,11.6,0,0.148650148127881,0.15,0.00216615076699934,0,retract
1.327,0,0.0109494294299866,0,11.6,0,0.148652391789058,0.15,0.00224368409200433,0,retract
1.328,0,0.00971777105234408,0.00232782078648916,11.6,0,0.148654712127651,0.15,0.00232036188812754,0,retract
1.329,0,0.0236483542838424,0.107231853672833,11.6,0,0.148657108290226,0.15,0.00239618619762521,0,retract
1.33,0,0.0202700179575792,0,11.6,0,0.148659579425433,0.15,0.00247115910675669,0,retract
1.331,0,0.0221025452319536,0.0330977088781999,11.6,0,0.148662124684052,0.15,0.00254528274527924,0,retract
1.332,0,0.018945038770246,0,11.6,0,0.148664743219035,0.15,0.00261855928594272,0,retract
1.333,0,0.0279837633889572,0.0822161111012244,11.6,0,0.148667434185545,0.15,0.00269099094398445,0,retract
1.334,0,0.027873842491514,0.0272143171068547,11.6,0,0.148670196741005,0.15,0.00276257997662434,0,retract
1.335,0,0.0348006372244326,0.0763614056219448,11.6,0,0.148673030045132,0.15,0.00283332868256026,0,retract
1.336,0,0.0380149338957645,0.0573007139237559,11.6,0,0.148675933259984,0.15,0.00290323940146379,0,retract
1.337,0,0.0409297858427277,0.0584188975245069,11.6,0,0.148678905549996,0.15,0.00297231451347618,0,retract
1.338,0,0.0350826735794809,0,11.6,0,0.148681946082025,0.15,0.00304055643870496,0,retract
1.339,0,0.0320139830039214,0.013601839550564,11.6,0,0.148685054025383,0.15,0.00310796763672069,0,retract
1.34,0,0.0312294070390801,0.0265219512500325,11.6,0,0.148688228551882,0.15,0.00317455060605448,0,retract
1.341,0,0.0311805572050747,0.0308874582010427,11.6,0,0.148691468835868,0.15,0.00324030788369602,0,retract
1.342,0,0.0356412694009495,0.0624055425761977,11.6,0,0.148694774054262,0.15,0.00330524204459204,0,retract
1.343,0,0.0305496594865281,0,11.6,0,0.148698143386597,0.15,0.00336935570114567,0,retract
1.344,0,0.0261854224170241,0,11.6,0,0.148701576015052,0.15,0.00343265150271633,0,retract
1.345,0,0.0224446477860206,0,11.6,0,0.148705071124493,0.15,0.0034951321351204,0,retract
1.346,0,0.0226512716301095,0.0238910146946425,11.6,0,0.148708627902507,0.15,0.00355680032013267,0,retract
1.347,0,0.019415375682951,0,11.6,0,0.148712245539434,0.15,0.00361765881498877,0,retract
1.348,0,0.0166417505853866,0,11.6,0,0.148715923228409,0.15,0.00367771041188821,0,retract
1.349,0,0.0195163699680841,0.0367640862642692,11.6,0,0.14871966016539,0.15,0.00373695793749848,0,retract
1.35,0,0.0167283171155006,0,11.6,0,0.148723455549196,0.15,0.00379540425246027,0,retract
1.351,0,0.014338557527572,0,11.6,0,0.148727308581539,0.15,0.00385305225089335,0,retract
1.352,0,0.0122901921664903,0,11.6,0,0.148731218467057,0.15,0.00390990485990387,0,retract
1.353,0,0.0255097619840499,0.104827180889408,11.6,0,0.148735184413346,0.15,0.00396596503909237,0,retract
1.354,0,0.0264460648831719,0.032063882277904,11.6,0,0.148739205630995,0.15,0.00402123578006337,0,retract
1.355,0,0.0270910037069256,0.0309606366494476,11.6,0,0.148743281333612,0.15,0.00407572010593572,0,retract
1.356,0,0.0236008215149559,0.00265972836313759,11.6,0,0.14874741073786,0.15,0.00412942107085451,0,retract
1.357,0,0.0326638876518839,0.0870422844734523,11.6,0,0.148751593063485,0.15,0.00418234175950382,0,retract
1.358,0,0.0279976179873291,0,11.6,0,0.148755827533349,0.15,0.00423448528662129,0,retract
1.359,0,0.0261628903882099,0.0151545247934946,11.6,0,0.148760113373454,0.15,0.00428585479651361,0,retract
1.36,0,0.0224253346184656,0,11.6,0,0.148764449812978,0.15,0.00433645346257347,0,retract
1.361,0,0.0224708601101535,0.0227440130602808,11.6,0,0.148768836084298,0.15,0.00438628448679807,0,retract
1.362,0,0.0192607372372744,0,11.6,0,0.14877327142302,0.15,0.00443535109930886,0,retract
1.363,0,0.0165092033462352,0,11.6,0,0.148777755068008,0.15,0.00448365655787309,0,retract
1.364,0,0.026567434969732,0.0869168247107129,11.6,0,0.14878228626141,0.15,0.00453120414742643,0,retract
1.365,0,0.0227720871169132,0,11.6,0,0.148786864248685,0.15,0.00457799717959763,0,retract
1.366,0,0.0298950175826574,0.0726326003771229,11.6,0,0.148791488278628,0.15,0.00462403899223428,0,retract
1.367,0,0.0319414761840755,0.044220227792584,11.6,0,0.148796157603399,0.15,0.00466933294893063,0,retract
1.368,0,0.0306020040807786,0.0225651714609971,11.6,0,0.148800871478544,0.15,0.00471388243855678,0,retract
1.369,0,0.0308235871543287,0.0321530855956292,11.6,0,0.148805629163022,0.15,0.00475769087478981,0,retract
1.37,0,0.0316889145367032,0.0368808788309506,11.6,0,0.14881042991923,0.15,0.00480076169564629,0,retract
1.371,0,0.0364087368521962,0.0647276707451537,11.6,0,0.148815273013026,0.15,0.004843098363017,0,retract
1.372,0,0.0312074887304539,0,11.6,0,0.148820157713754,0.15,0.00488470436220305,0,retract
1.373,0,0.0267492760546747,0,11.6,0,0.148825083294263,0.15,0.004925583201454,0,retract
1.374,0,0.0345069563993202,0.0810530384671933,11.6,0,0.148830049030933,0.15,0.00496573841150791,0,retract
1.375,0,0.0295773911994174,0,11.6,0,0.148835054203696,0.15,0.00500517354513305,0,retract
1.376,0,0.0253520495995006,0,11.6,0,0.14884009809606,0.15,0.00504389217667175,0,retract
1.377,0,0.0328876239467752,0.0781010700304232,11.6,0,0.148845179995124,0.15,0.00508189790158608,0,retract
1.378,0,0.0281893919543788,0,11.6,0,0.148850299191605,0.15,0.00511919433600543,0,retract
1.379,0,0.0284863329717121,0.0302679790757122,11.6,0,0.148855454979854,0.15,0.00515578511627639,0,retract
1.38,0,0.0262615829748309,0.0129130829935433,11.6,0,0.14886064665788,0.15,0.0051916738985143,0,retract
1.381,0,0.025985696241639,0.0243303758424876,11.6,0,0.148865873527365,0.15,0.00522686435815712,0,retract
1.382,0,0.0272196042725205,0.0346230524578098,11.6,0,0.148871134893684,0.15,0.00526136018952122,0,retract
1.383,0,0.0233310893764462,0,11.6,0,0.148876430065926,0.15,0.00529516510535941,0,retract
1.384,0,0.0388014467088273,0.131623590703114,11.6,0,0.14888175835691,0.15,0.005328282836421,0,retract
1.385,0,0.0403327603453349,0.049520642164381,11.6,0,0.148887119083201,0.15,0.00536071713101418,0,retract
1.386,0,0.0345709374388585,0,11.6,0,0.148892511565131,0.15,0.00539247175457029,0,retract
1.387,0,0.0421740288273303,0.087792577158161,11.6,0,0.148897935126812,0.15,0.0054235504892107,0,retract
1.388,0,0.0495184949642978,0.0935852917861027,11.6,0,0.148903389096155,0.15,0.00545395713331571,0,retract
1.389,0,0.0424444242551124,0,11.6,0,0.148908872804883,0.15,0.00548369550109552,0,retract
1.39,0,0.0429857171028364,0.0462334741891805,11.6,0,0.148914385588551,0.15,0.00551276942216396,0,retract
1.391,0,0.0482858853502159,0.0800868948344931,11.6,0,0.148919926786555,0.15,0.00554118274111413,0,retract
1.392,0,0.0501846136897039,0.0615769837266321,11.6,0,0.148925495742151,0.15,0.00556893931709646,0,retract
1.393,0,0.0430153831626034,0,11.6,0,0.148931091802469,0.15,0.0055960430233993,0,retract
1.394,0,0.0368703284250886,0,11.6,0,0.148936714318524,0.15,0.00562249774703163,0,retract
1.395,0,0.0328659080837093,0.00883938603543323,11.6,0,0.148942362645231,0.15,0.00564830738830831,0,retract
1.396,0,0.0281707783574651,0,11.6,0,0.148948036141418,0.15,0.00567347586043768,0,retract
1.397,0,0.0241463814492558,0,11.6,0,0.148953734169838,0.15,0.00569800708911171,0,retract
1.398,0,0.0206968983850764,0,11.6,0,0.148959456097182,0.15,0.00572190501209835,0,retract
1.399,0,0.0177401986157798,0,11.6,0,0.148965201294091,0.15,0.00574517357883663,0,retract
1.4,0,0.0152058845278112,0,11.6,0,0.148970969135163,0.15,0.00576781675003409,0,retract
