t_s,force_normal_N,force_filtered_N,force_measured_N,force_desired_N,penetration_mm,ee_z_m,cmd_z_m,ee_z_velocity_mps,closing_velocity_mps,phase
0,0,0,0,14.5,0,0.149999994323105,0.15,0,0,approach
0.001,0,0,0,14.5,0,0.149999994324321,0.149996601239669,1.21532500625011e-09,0,approach
0.002,0,0.0035136302494089,0.0245954117458623,14.5,0,0.149999912457286,0.149986446280992,-8.18670277252592e-05,8.18670277252592e-05,approach
0.003,0,0.00337762504844086,0.00256159384263265,14.5,0,0.149999667735275,0.149969597107438,-0.000244721947339053,0.000244721947339053,approach
0.004,0,0.00289510718437788,0,14.5,0,0.14999918006911,0.149946115702479,-0.000487665913440574,0.000487665913440574,approach
0.005,0,0.00248152044375247,0,14.5,0,0.149998370281582,0.149916064049587,-0.000809786836157594,0.000809786836157594,approach
0.006,0,0.00844979225976309,0.0442594231558268,14.5,0,0.149997160121488,0.149879504132231,-0.00121015855251272,0.00121015855251272,approach
0.007,0,0.00789873782753365,0.00459241123415699,14.5,0,0.149995472277285,0.149836497933884,-0.00168784121142765,0.00168784121142765,approach
0.008,0,0.0123696979478234,0.0391954586695621,14.5,0,0.149993230390361,0.149787107438017,-0.00224188165712307,0.00224188165712307,approach
0.009,0,0.0205044992922732,0.0693133073589719,14.5,0,0.149990359067931,0.149731394628099,-0.0028713138109895,0.0028713138109895,approach
0.01,0,0.0250411458114546,0.052261024926543,14.5,0,0.149986783895548,0.149669421487603,-0.00357515905199724,0.00357515905199724,approach
0.011,0,0.0214638392669611,0,14.5,0,0.149982431449238,0.14960125,-0.00435242659570651,0.00435242659570651,approach
0.012,0,0.0183975765145381,0,14.5,0,0.14997722930727,0.14952694214876,-0.00520211387193141,0.00520211387193141,approach
0.013,0,0.0179368687804802,0.0151726223761331,14.5,0,0.14997110606153,0.149446559917355,-0.00612320690110461,0.00612320690110461,approach
0.014,0,0.0153744589546973,0,14.5,0,0.149963991328548,0.149360165289256,-0.00711468066938228,0.00711468066938228,approach
0.015,0,0.0189787609124695,0.0406045726591022,14.5,0,0.149955815760129,0.149267820247934,-0.00817549950252178,0.00817549950252178,approach
0.016,0,0.0254729480436015,0.0644380708303938,14.5,0,0.149946511053629,0.14916958677686,-0.00930461743855794,0.00930461743855794,approach
0.017,0,0.0309435929036311,0.0637674620638089,14.5,0,0.149936009961856,0.149065526859504,-0.0105009785992966,0.0105009785992966,approach
0.018,0,0.0265230796316838,0,14.5,0,0.1499242463026,0.148955702479339,-0.0117635175606382,0.0117635175606382,approach
0.019,0,0.0338179582918301,0.0775872302527077,14.5,0,0.149911154967802,0.148840175619835,-0.0130911597217368,0.0130911597217368,approach
0.02,0,0.0289868213929972,0,14.5,0,0.149896671932346,0.148719008264463,-0.0144828216729943,0.0144828216729943,approach
0.021,0,0.0248458469082833,0,14.5,0,0.149880734262503,0.148592262396694,-0.0159374115628832,0.0159374115628832,approach
0.022,0,0.0212964402071,0,14.5,0,0.14986328012399,0.14846,-0.0174538294635852,0.0174538294635852,approach
0.023,0,0.0257023558084468,0.0521378494165273,14.5,0,0.149844248789683,0.148322283057851,-0.0190309677354277,0.0190309677354277,approach
0.024,0,0.0220305906929544,0,14.5,0,0.149823580646962,0.148179173553719,-0.0206677113900946,0.0206677113900946,approach
0.025,0,0.0188833634511037,0,14.5,0,0.149801217204694,0.148030733471074,-0.0223629384525812,0.0223629384525812,approach
0.026,0,0.0161857401009461,0,14.5,0,0.149777101099858,0.147877024793388,-0.0241155203218601,0.0241155203218601,approach
0.027,0,0.0138734915150966,0,14.5,0,0.149751176103814,0.147718109504132,-0.0259243221302188,0.0259243221302188,approach
0.028,0,0.0118915641557971,0,14.5,0,0.149723387128216,0.147554049586777,-0.0277882031012243,0.0277882031012243,approach
0.029,0,0.0101927692763975,0,14.5,0,0.149693680230563,0.147384907024793,-0.0297060169062673,0.0297060169062673,approach
0.03,0,0.00873665937976931,0,14.5,0,0.149662002619405,0.147210743801653,-0.031676612019634,0.031676612019634,approach
0.031,0,0.00748856518265941,0,14.5,0,0.149628302659193,0.147031621900826,-0.0336988320720467,0.0336988320720467,approach
0.032,0,0.0157686141577703,0.065448908008436,14.5,0,0.149592529874775,0.146847603305785,-0.0357715162026166,0.0357715162026166,approach
0.033,0,0.019731600223219,0.0435095166159108,14.5,0,0.149554634955549,0.14665875,-0.0378934994091407,0.0378934994091407,approach
0.034,0,0.0171665664177021,0.00177636358460098,14.5,0,0.149514569759265,0.146465123966942,-0.0400636128966799,0.0400636128966799,approach
0.035,0,0.0147141997866018,0,14.5,0,0.149472287315482,0.146266787190083,-0.0422806844243438,0.0422806844243438,approach
0.036,0,0.0187143596831497,0.0427153190624372,14.5,0,0.149427741828679,0.146063801652893,-0.0445435386502133,0.0445435386502133,approach
0.037,0,0.0215467841940324,0.0385413312593285,14.5,0,0.14938088868103,0.145856229338843,-0.0468509974743212,0.0468509974743212,approach
0.038,0,0.0244934203029728,0.0421732369566152,14.5,0,0.149331684434832,0.145644132231405,-0.0492018803796151,0.0492018803796151,approach
0.039,0,0.0258574387275526,0.0340415492750315,14.5,0,0.149280086834598,0.14542757231405,-0.0515950047708215,0.0515950047708215,approach
0.04,0,0.0288979443743463,0.0471409782551085,14.5,0,0.149226054808817,0.145206611570248,-0.0540291863111268,0.0540291863111268,approach
0.041,0,0.0247696666065826,0,14.5,0,0.149169548471374,0.144981311983471,-0.0565032392565936,0.0565032392565936,approach
0.042,0,0.0284269757015479,0.0503708302713398,14.5,0,0.149110529122648,0.14475173553719,-0.0590159767882231,0.0590159767882231,approach
0.043,0,0.0243659791727553,0,14.5,0,0.14904895925027,0.144517944214876,-0.0615662113415785,0.0615662113415785,approach
0.044,0,0.0208851250052189,0,14.5,0,0.148984802529563,0.14428,-0.0641527549338788,0.0641527549338788,approach
0.045,0,0.0236996028751339,0.0405864700946241,14.5,0,0.148918023823653,0.144037964876033,-0.0667744194884741,0.0667744194884741,approach
0.046,0,0.0274047341581495,0.0496355218562432,14.5,0,0.148848589183267,0.143791900826446,-0.06943001715661,0.06943001715661,approach
0.047,0,0.0234897721355567,0,14.5,0,0.148776465846201,0.143541869834711,-0.0721183606363929,0.0721183606363929,approach
0.048,0,0.0242145728733791,0.0285633773003135,14.5,0,0.148701622236479,0.143287933884298,-0.0748382634888584,0.0748382634888584,approach
0.049,0,0.0207553481771821,0,14.5,0,0.148624027963202,0.143030154958678,-0.0775885404510571,0.0775885404510571,approach
0.05,0,0.0177902984375847,0,14.5,0,0.148543653819082,0.142768595041322,-0.0803680077460583,0.0803680077460583,approach
0.051,0,0.0219292285487099,0.0467628092154611,14.5,0,0.14846047177867,0.142503316115702,-0.0831754833897841,0.0831754833897841,approach
0.052,0,0.0187964816131799,0,14.5,0,0.148374454996286,0.142234380165289,-0.0860097874945781,0.0860097874945781,approach
0.053,0,0.0189615898122313,0.01995223900654,14.5,0,0.148285577803646,0.141961849173554,-0.0888697425694168,0.0888697425694168,approach
0.054,0,0.0180427221333599,0.0125295160601316,14.5,0,0.148193815707187,0.141685785123967,-0.0917541738166727,0.0917541738166727,approach
0.055,0,0.0248475511540944,0.0656765252785014,14.5,0,0.148099145385108,0.14140625,-0.0946619094253351,0.0946619094253351,approach
0.056,0,0.0271131771193322,0.0407069329107591,14.5,0,0.14800154468412,0.141123305785124,-0.0975917808606,0.0975917808606,approach
0.057,0,0.0232398661022848,0,14.5,0,0.147900992615902,0.14083701446281,-0.100542623149738,0.100542623149738,approach
0.058,0,0.0199198852305298,0,14.5,0,0.147797469353287,0.140547438016529,-0.103513275164148,0.103513275164148,approach
0.059,0,0.0170741873404541,0,14.5,0,0.14769095622616,0.140254638429752,-0.106502579897517,0.106502579897517,approach
0.06,0,0.0146350177203893,0,14.5,0,0.14758143571709,0.13995867768595,-0.109509384739986,0.109509384739986,approach
0.061,0,0.0138469131629882,0.00911828581858198,14.5,0,0.147468891456683,0.139659617768595,-0.112532541748247,0.112532541748247,approach
0.062,0,0.0139846977683344,0.0148114054004115,14.5,0,0.147353308218681,0.139357520661157,-0.115570907911479,0.115570907911479,approach
0.063,0,0.0199421687395916,0.055686994567135,14.5,0,0.147234671914783,0.139052448347107,-0.118623345413049,0.118623345413049,approach
0.064,0,0.0232183249154066,0.0428752619702963,14.5,0,0.147112969589227,0.138744462809917,-0.121688721887885,0.121688721887885,approach
0.065,0,0.0199014213560628,0,14.5,0,0.146988189413104,0.138433626033058,-0.124765910675444,0.124765910675444,approach
0.066,0,0.0170583611623395,0,14.5,0,0.146860320678432,0.13812,-0.127853791068211,0.127853791068211,approach
0.067,0,0.0179135066325863,0.0230443794540666,14.5,0,0.146729353791981,0.137803646694215,-0.130951248555626,0.130951248555626,approach
0.068,0,0.0153544342565025,0,14.5,0,0.146595280268861,0.137484628099174,-0.134057175063388,0.134057175063388,approach
0.069,0,0.0131609436484307,0,14.5,0,0.146458092725878,0.137163006198347,-0.137170469188051,0.137170469188051,approach
0.07,0,0.0127792314590438,0.0104889583227226,14.5,0,0.146317784874651,0.136838842975207,-0.140290036426847,0.140290036426847,approach
0.071,0,0.0109536269648947,0,14.5,0,0.146174351514514,0.136512200413223,-0.14341478940266,0.14341478940266,approach
0.072,0,0.0169942878810781,0.0532382533781782,14.5,0,0.146027788525191,0.136183140495868,-0.146543648084098,0.146543648084098,approach
0.073,0,0.0222927488901298,0.0540835149444404,14.5,0,0.145878092859259,0.135851725206612,-0.14967554000058,0.14967554000058,approach
0.074,0,0.0191080704772542,0,14.5,0,0.145725262534396,0.135518016528926,-0.152809400452393,0.152809400452393,approach
0.075,0,0.0171359949549556,0.00530354182116453,14.5,0,0.145569296625432,0.135182076446281,-0.155944172715652,0.155944172715652,approach
0.076,0,0.0213746559832626,0.0468066221531043,14.5,0,0.14541019525619,0.134843966942149,-0.159078808242109,0.159078808242109,approach
0.077,0,0.0286048386794926,0.0719859348568726,14.5,0,0.145247959591138,0.13450375,-0.162212266853743,0.162212266853743,approach
0.078,0,0.0245184331538508,0,14.5,0,0.145082591826852,0.134161487603306,-0.165343516932106,0.165343516932106,approach
0.079,0,0.0210157998461578,0,14.5,0,0.144914095183289,0.133817241735537,-0.168471535602342,0.168471535602342,approach
0.08,0,0.0358812465513809,0.125073926782719,14.5,0,0.144742473894888,0.133471074380165,-0.171595308911861,0.171595308911861,approach
0.081,0,0.0410517666917131,0.0720748875337063,14.5,0,0.144567733201488,0.133123047520661,-0.174713832003603,0.174713832003603,approach
0.082,0,0.0351872285928969,0,14.5,0,0.144389879339088,0.132773223140496,-0.177826109283861,0.177826109283861,approach
0.083,0,0.0301604816510545,0,14.5,0,0.144208919530439,0.132421663223141,-0.180931154584616,0.180931154584616,approach
0.084,0,0.035041948991997,0.0643307530376518,14.5,0,0.144024861975473,0.132068429752066,-0.184027991320356,0.184027991320356,approach
0.085,0,0.0383649079117961,0.0583026614305911,14.5,0,0.143837715841594,0.131713584710744,-0.187115652639338,0.187115652639338,approach
0.086,0,0.0328842067815395,0,14.5,0,0.143647491253809,0.131357190082645,-0.19019318156926,0.19019318156926,approach
0.087,0,0.031378012236556,0.022340844966655,14.5,0,0.143454199284726,0.13099930785124,-0.193259631157321,0.193259631157321,approach
0.088,0,0.0390371028613235,0.0849916466099281,14.5,0,0.143257851944415,0.13064,-0.196314064604638,0.196314064604638,approach
0.089,0,0.0343597438073677,0.00629558948363283,14.5,0,0.143058462170138,0.130279328512397,-0.199355555395004,0.199355555395004,approach
0.09,0,0.0294512089777437,0,14.5,0,0.142856043815959,0.129917355371901,-0.202383187417949,0.202383187417949,approach
0.091,0,0.0252438934094946,0,14.5,0,0.142650611642233,0.129554142561983,-0.205396055086106,0.205396055086106,approach
0.092,0,0.021637622922424,0,14.5,0,0.142442181304982,0.129189752066116,-0.208393263446863,0.208393263446863,approach
0.093,0,0.0255395117751795,0.048950844891713,14.5,0,0.142230769345169,0.128824245867769,-0.211373928288272,0.211373928288272,approach
0.094,0,0.021891010093011,0,14.5,0,0.142016393177864,0.128457685950413,-0.214337176239231,0.214337176239231,approach
0.095,0,0.0187637229368666,0,14.5,0,0.141799071081321,0.128090134297521,-0.21728214486391,0.21728214486391,approach
0.096,0,0.0160831910887428,0,14.5,0,0.141578822185965,0.127721652892562,-0.220207982750434,0.220207982750434,approach
0.097,0,0.0137855923617795,0,14.5,0,0.14135566646329,0.127352303719008,-0.22311384959381,0.22311384959381,approach
0.098,0,0.0118162220243825,0,14.5,0,0.141129624714685,0.126982148760331,-0.225998916273103,0.225998916273103,approach
0.099,0,0.0101281903066135,0,14.5,0,0.140900718560188,0.12661125,-0.228862364922871,0.228862364922871,approach
0.1,0,0.00911881104755457,0.00306253549320077,14.5,0,0.140668970427164,0.126239669421488,-0.23170338899886,0.23170338899886,approach
0.101,0,0.00995300956738534,0.0149582006863699,14.5,0,0.140434403538939,0.125867469008264,-0.234521193337963,0.234521193337963,approach
0.102,0,0.00853115105775886,0,14.5,0,0.140197041903363,0.125494710743802,-0.237314994212478,0.237314994212478,approach
0.103,0,0.00731241519236474,0,14.5,0,0.139956910301329,0.12512145661157,-0.240084019378649,0.240084019378649,approach
0.104,0,0.00626778445059835,0,14.5,0,0.139714034275257,0.124747768595041,-0.242827508119532,0.242827508119532,approach
0.105,0,0.0069084282050088,0.0107522907314715,14.5,0,0.139468440117526,0.124373708677686,-0.2455447112822,0.2455447112822,approach
0.106,0,0.00925737785686032,0.0233510757679694,14.5,0,0.139220154858881,0.123999338842975,-0.248234891309302,0.248234891309302,approach
0.107,0,0.0296322465506655,0.151881458713497,14.5,0,0.138969206256816,0.12362472107438,-0.250897322265017,0.250897322265017,approach
0.108,0,0.025399068471999,0,14.5,0,0.138715622783929,0.123249917355372,-0.253531289855411,0.253531289855411,approach
0.109,0,0.0277521889544126,0.0418709118488943,14.5,0,0.138459433616267,0.122874989669422,-0.256136091443254,0.256136091443254,approach
0.11,0,0.0304222224772718,0.0464424236144266,14.5,0,0.138200668621656,0.1225,-0.258711036057305,0.258711036057305,approach
0.111,0,0.0260761906948044,0,14.5,0,0.137939358348033,0.122125010330579,-0.261255444396117,0.261255444396117,approach
0.112,0,0.0304299191395561,0.0565522898080663,14.5,0,0.137675534011772,0.121750082644628,-0.263768648826395,0.263768648826395,approach
0.113,0,0.0327789905349134,0.0468734189070574,14.5,0,0.13740922748602,0.12137527892562,-0.266249993375953,0.266249993375953,approach
0.114,0,0.0296289355032683,0.0107286053133977,14.5,0,0.137140471289046,0.121000661157025,-0.268698833721299,0.268698833721299,approach
0.115,0,0.0390718367069449,0.0957292439290048,14.5,0,0.136869298572602,0.120626291322314,-0.271114537169915,0.271114537169915,approach
0.116,0,0.0334901457488099,0,14.5,0,0.136595743110311,0.120252231404959,-0.273496482637264,0.273496482637264,approach
0.117,0,0.0287058392132657,0,14.5,0,0.13631983928608,0.11987854338843,-0.275844060618579,0.275844060618579,approach
0.118,0,0.024605005039942,0,14.5,0,0.136041622082547,0.119505289256198,-0.278156673155491,0.278156673155491,approach
0.119,0,0.0210900043199503,0,14.5,0,0.135761127069564,0.119132530991736,-0.280433733797543,0.280433733797543,approach
0.12,0,0.0292417005808305,0.0781518781461117,14.5,0,0.135478390392725,0.118760330578512,-0.282674667558656,0.282674667558656,approach
0.121,0,0.025064314783569,0,14.5,0,0.135193448761939,0.11838875,-0.284878910868598,0.284878910868598,approach
0.122,0,0.0245207492575689,0.0212593561015687,14.5,0,0.134906339440061,0.118017851239669,-0.287045911519526,0.287045911519526,approach
0.123,0,0.0210177850779162,0,14.5,0,0.134617100231572,0.117647696280992,-0.289175128607655,0.289175128607655,approach
0.124,0,0.0180152443524996,0,14.5,0,0.134325769471329,0.117278347107438,-0.291266032470129,0.291266032470129,approach
0.125,0,0.0154416380164283,0,14.5,0,0.134032386013382,0.116909865702479,-0.293318104617155,0.293318104617155,approach
0.126,0,0.0132356897283671,0,14.5,0,0.133736989219855,0.116542314049587,-0.295330837659474,0.295330837659474,approach
0.127,0,0.0116436245895973,0.00209123375697888,14.5,0,0.133439618949915,0.116175754132231,-0.297303735231234,0.297303735231234,approach
0.128,0,0.010887387591478,0.00634996560276177,14.5,0,0.133140315548811,0.115810247933884,-0.29923631190835,0.29923631190835,approach
0.129,0,0.00933204650698112,0,14.5,0,0.132839119837007,0.115445857438017,-0.301128093122409,0.301128093122409,approach
0.13,0,0.0144157141956956,0.0449177203279823,14.5,0,0.132536073099397,0.115082644628099,-0.302978615070216,0.302978615070216,approach
0.131,0,0.0123563264534533,0,14.5,0,0.132231217074625,0.114720671487603,-0.304787424619044,0.304787424619044,approach
0.132,0,0.0105911369601029,0,14.5,0,0.131924593944488,0.11436,-0.306554079207676,0.306554079207676,approach
0.133,0,0.00907811739437389,0,14.5,0,0.131616246323459,0.11400069214876,-0.308278146743321,0.308278146743321,approach
0.134,0,0.0077812434808919,0,14.5,0,0.131306217248301,0.113642809917355,-0.309959205494478,0.309959205494478,approach
0.135,0,0.00666963726933592,0,14.5,0,0.1309945501678,0.113286415289256,-0.311596843979852,0.311596843979852,approach
0.136,0,0.0117659383224149,0.0423437446408887,14.5,0,0.130681288932615,0.112931570247934,-0.313190660853387,0.313190660853387,approach
0.137,0,0.0170914509835955,0.049044526950679,14.5,0,0.130366477785234,0.112578336776859,-0.314740264785515,0.314740264785515,approach
0.138,0,0.0146498151287961,0,14.5,0,0.130050161350067,0.112226776859504,-0.316245274340705,0.316245274340705,approach
0.139,0,0.012556984396111,0,14.5,0,0.129732384623654,0.111876952479339,-0.317705317851415,0.317705317851415,approach
0.14,0,0.0107631294823808,0,14.5,0,0.129413192965003,0.111528925619835,-0.319120033288515,0.319120033288515,approach
0.141,0,0.00922553955632642,0,14.5,0,0.129092632086071,0.111182758264463,-0.320489068128292,0.320489068128292,approach
0.142,0,0.00790760533399408,0,14.5,0,0.128770748042361,0.110838512396694,-0.321812079216132,0.321812079216132,approach
0.143,0,0.00683534050168109,0.000401751507803193,14.5,0,0.128447587223681,0.11049625,-0.323088732626951,0.323088732626951,approach
0.144,0,0.00948784486145441,0.0254028710200943,14.5,0,0.128123196345028,0.110156033057851,-0.324318703522498,0.324318703522498,approach
0.145,0,0.00813243845267521,0,14.5,0,0.127797622437624,0.109817923553719,-0.325501676005614,0.325501676005614,approach
0.146,0,0.00916145613244066,0.0153355622110334,14.5,0,0.127470912840103,0.109481983471074,-0.326637342971535,0.326637342971535,approach
0.147,0,0.0136252356159852,0.0404079125172525,14.5,0,0.127143115189841,0.109148274793388,-0.327725405956357,0.327725405956357,approach
0.148,0,0.0116787733851302,0,14.5,0,0.126814277414448,0.108816859504132,-0.328765574982742,0.328765574982742,approach
0.149,0,0.0137915543805369,0.0264682403529771,14.5,0,0.126484447723415,0.108487799586777,-0.329757568402979,0.329757568402979,approach
0.15,0,0.0118213323261745,0,14.5,0,0.126153674599914,0.108161157024793,-0.330701112739493,0.330701112739493,approach
0.151,0,0.0160318900238573,0.0412952362099544,14.5,0,0.125822006792769,0.107836993801653,-0.331595942522895,0.331595942522895,approach
0.152,0,0.0178236678836658,0.0285743350425167,14.5,0,0.12548949330858,0.107515371900826,-0.332441800127696,0.332441800127696,approach
0.153,0,0.0159170310218684,0.00447720985108404,14.5,0,0.125156183404029,0.107196353305785,-0.333238435605758,0.333238435605758,approach
0.154,0,0.0136431694473158,0,14.5,0,0.124822126578335,0.10688,-0.333985606517603,0.333985606517603,approach
0.155,0,0.0152784210597872,0.025089930734616,14.5,0,0.124487372565896,0.106566373966942,-0.334683077761676,0.334683077761676,approach
0.156,0,0.0205131066456687,0.0519212201609575,14.5,0,0.124151971329094,0.106255537190083,-0.335330621401662,0.335330621401662,approach
0.157,0,0.0175826628391446,0,14.5,0,0.123815973051278,0.105947551652893,-0.335928016491957,0.335928016491957,approach
0.158,0,0.0173874310887376,0.0162160405862956,14.5,0,0.123479428129923,0.105642479338843,-0.336475048901407,0.336475048901407,approach
0.159,0,0.0149035123617751,0,14.5,0,0.123142387169964,0.105340382231405,-0.336971511135393,0.336971511135393,approach
0.16,0,0.0198894207811694,0.0498048712975351,14.5,0,0.122804900977314,0.10504132231405,-0.337417202156393,0.337417202156393,approach
0.161,0,0.0259842868028083,0.0625534829326419,14.5,0,0.122467020552558,0.104745361570248,-0.3378119272031,0.3378119272031,approach
0.162,0,0.0244814568198853,0.0154644769223471,14.5,0,0.122128797084831,0.104452561983471,-0.338155497608203,0.338155497608203,approach
0.163,0,0.0246036628322314,0.025336898906308,14.5,0,0.121790281945884,0.10416298553719,-0.338447730614941,0.338447730614941,approach
0.164,0,0.0210888538561983,0,14.5,0,0.121451526684321,0.103876694214876,-0.33868844919252,0.33868844919252,approach
0.165,0,0.01807616044817,0,14.5,0,0.121112583020041,0.10359375,-0.338877481850498,0.338877481850498,approach
0.166,0,0.0154938518127171,0,14.5,0,0.120773502838848,0.103314214876033,-0.33901466245223,0.33901466245223,approach
0.167,0,0.0158464280190752,0.0179618852572234,14.5,0,0.120434338187263,0.103038150826446,-0.339099830027493,0.339099830027493,approach
0.168,0,0.0135826525877787,0,14.5,0,0.120095141267512,0.102765619834711,-0.339132828584361,0.339132828584361,approach
0.169,0,0.0192579685617258,0.053309864405408,14.5,0,0.11975596443271,0.102496683884298,-0.339113506920449,0.339113506920449,approach
0.17,0,0.0165068301957649,0,14.5,0,0.119416860182236,0.102231404958678,-0.339041718433617,0.339041718433617,approach
0.171,0,0.0141487115963699,0,14.5,0,0.119077881157289,0.101969845041322,-0.338917320932226,0.338917320932226,approach
0.172,0,0.0121274670826028,0,14.5,0,0.118739080136645,0.101712066115702,-0.338740176445048,0.338740176445048,approach
0.173,0,0.0157706190324795,0.0376295307317393,14.5,0,0.118400510032595,0.101458130165289,-0.338510151030915,0.338510151030915,approach
0.174,0,0.0257675895415484,0.0857494125959619,14.5,0,0.118062223887081,0.101208099173554,-0.338227114588219,0.338227114588219,approach
0.175,0,0.0255325724783359,0.0241224700990609,14.5,0,0.117724274868016,0.100962035123967,-0.337890940664332,0.337890940664332,approach
0.176,0,0.0218850621242879,0,14.5,0,0.1173867162658,0.10072,-0.337501506265052,0.337501506265052,approach
0.177,0,0.0272942521417405,0.0597493922464562,14.5,0,0.117049601490025,0.100482055785124,-0.337058691664164,0.337058691664164,approach
0.178,0,0.023395073264349,0,14.5,0,0.11671298406637,0.10024826446281,-0.3365623802132,0.3365623802132,approach
0.179,0,0.0256500827468869,0.0391801396421141,14.5,0,0.116376917633685,0.100018688016529,-0.336012458151494,0.336012458151494,approach
0.18,0,0.0237247572498246,0.0121728042674513,14.5,0,0.116041455941265,0.0997933884297521,-0.335408814416603,0.335408814416603,approach
0.181,0,0.0203355062141354,0,14.5,0,0.115706652846319,0.0995724276859504,-0.334751340455197,0.334751340455197,approach
0.182,0,0.017530688310115,0.000701780885992809,14.5,0,0.115372562311617,0.099355867768595,-0.334039930034493,0.334039930034493,approach
0.183,0,0.0180814461489178,0.0213859931817344,14.5,0,0.115039238403337,0.099143770661157,-0.33327447905431,0.33327447905431,approach
0.184,0,0.0154983824133581,0,14.5,0,0.114706735289088,0.0989361983471074,-0.33245488535984,0.33245488535984,approach
0.185,0,0.0198291213806627,0.0458135551844901,14.5,0,0.114375107236132,0.0987332128099174,-0.331581048555193,0.331581048555193,approach
0.186,0,0.0169963897548537,0,14.5,0,0.114044408609778,0.0985348760330579,-0.330652869817819,0.330652869817819,approach
0.187,0,0.0191895772846876,0.0323487024636906,14.5,0,0.113714693871974,0.09834125,-0.32967025171386,0.32967025171386,approach
0.188,0,0.0199820695501185,0.024737023142704,14.5,0,0.113386017580076,0.0981523966942149,-0.328633098014519,0.328633098014519,approach
0.189,0,0.0171274881858158,0,14.5,0,0.113058434385798,0.0979683780991736,-0.327541313513514,0.327541313513514,approach
0.19,0,0.0170930224641175,0.0168862281339276,14.5,0,0.11273199903435,0.0977892561983471,-0.326394803845687,0.326394803845687,approach
0.191,0,0.0146511621121007,0,14.5,0,0.112406766363754,0.0976150929752066,-0.325193475306842,0.325193475306842,approach
0.192,0,0.0214834210461053,0.0624769746501328,14.5,0,0.112082791304334,0.0974459504132232,-0.32393723467487,0.32393723467487,approach
0.193,0,0.0190302619048258,0.00431130705714876,14.5,0,0.111760128878393,0.0972818904958678,-0.322625989032231,0.322625989032231,approach
0.194,0,0.0163116530612793,0,14.5,0,0.11143883420006,0.0971229752066116,-0.321259645589863,0.321259645589863,approach
0.195,0,0.0231574314186785,0.0642321015630739,14.5,0,0.111118962475314,0.0969692665289256,-0.31983811151256,0.31983811151256,approach
0.196,0,0.0198492269302959,0,14.5,0,0.11080056900218,0.096820826446281,-0.318361293745901,0.318361293745901,approach
0.197,0,0.0182986761849976,0.00899537171320778,14.5,0,0.110483709171102,0.0966777169421488,-0.316829098844771,0.316829098844771,approach
0.198,0,0.0156845795871408,0,14.5,0,0.110168438465477,0.09654,-0.315241432803532,0.315241432803532,approach
0.199,0,0.0134439253604064,0,14.5,0,0.109854812462369,0.0964077376033058,-0.313598200887902,0.313598200887902,approach
0.2,0,0.0176636977841568,0.0429823323266592,14.5,0,0.109542886833379,0.0962809917355372,-0.311899307468597,0.311899307468597,approach
0.201,0,0.0166293587139502,0.0104233242927108,14.5,0,0.109232717345685,0.0961598243801653,-0.310144655856761,0.310144655856761,approach
0.202,0,0.0242139712821612,0.069721646691427,14.5,0,0.10892435986325,0.0960442975206612,-0.308334148141262,0.308334148141262,approach
0.203,0,0.0234974011964683,0.019197980682311,14.5,0,0.10861787034818,0.0959344731404959,-0.306467685027884,0.306467685027884,approach
0.204,0,0.0201406295969728,0,14.5,0,0.10831330486225,0.0958304132231405,-0.304545165680445,0.304545165680445,approach
0.205,0,0.0309277970660295,0.0956508018803695,14.5,0,0.108010719568588,0.0957321797520661,-0.302566487563908,0.302566487563908,approach
0.206,0,0.026509540342311,0,14.5,0,0.107710170733503,0.0956398347107438,-0.300531546289503,0.300531546289503,approach
0.207,0,0.0227224631505523,0,14.5,0,0.107411714728484,0.0955534400826446,-0.298440235461898,0.298440235461898,approach
0.208,0,0.0225883110721506,0.0217833986017408,14.5,0,0.107115408032333,0.0954730578512397,-0.296292446528464,0.296292446528464,approach
0.209,0,0.0193614094904148,0,14.5,0,0.106821307233462,0.09539875,-0.294088068630651,0.294088068630651,approach
0.21,0,0.016595493848927,0,14.5,0,0.106529469032321,0.0953305785123967,-0.291826988457518,0.291826988457518,approach
0.211,0,0.0231144941146956,0.0622284957093069,14.5,0,0.106239950243988,0.0952686053719008,-0.289509090101431,0.289509090101431,approach
0.212,0,0.0198124235268819,0,14.5,0,0.105952807800886,0.0952128925619835,-0.287134254915962,0.287134254915962,approach
0.213,0,0.0275560776645865,0.074018002490814,14.5,0,0.105668098755653,0.0951635020661157,-0.28470236137601,0.28470236137601,approach
0.214,0,0.0265427480983234,0.0204627707007445,14.5,0,0.105385880284142,0.0951204958677686,-0.282213284940167,0.282213284940167,approach
0.215,0,0.02275092694142,0,14.5,0,0.105106209688558,0.0950839359504132,-0.279666897915339,0.279666897915339,approach
0.216,0,0.0195007945212172,0,14.5,0,0.104829144400734,0.0950538842975207,-0.277063069323645,0.277063069323645,approach
0.217,0,0.0167149667324719,0,14.5,0,0.104554741985529,0.095030402892562,-0.274401664771611,0.274401664771611,approach
0.218,0,0.0262145346637501,0.0832119422514195,14.5,0,0.104283060144364,0.0950135537190083,-0.271682546321656,0.271682546321656,approach
0.219,0,0.0224696011403572,0,14.5,0,0.104014156718881,0.0950033987603306,-0.268905572365898,0.268905572365898,approach
0.22,0,0.0192596581203062,0,14.5,0,0.103748089694724,0.095,-0.266070597502276,0.266070597502276,approach
0.221,0,0.0165082783888339,0,14.5,0,0.103484917205446,0.09466,-0.263177472412995,0.263177472412995,approach
0.222,0,0.0198767681794125,0.0400877069228841,14.5,0,0.103221068901898,0.09432,-0.263853284207557,0.263853284207557,approach
0.223,0,0.0170372298680678,0,14.5,0,0.102956541144485,0.09398,-0.264532731619117,0.264532731619117,approach
0.224,0,0.0236223161985852,0.0631328341816891,14.5,0,0.102691330571595,0.09364,-0.265215536803609,0.265215536803609,approach
0.225,0,0.0202476995987873,0,14.5,0,0.102425434094416,0.0933,-0.265901427101415,0.265901427101415,approach
0.226,0,0.0350233510619996,0.123677259841273,14.5,0,0.102158848891759,0.09296,-0.266590135027324,0.266590135027324,approach
0.227,0,0.0305305160951869,0.00357350629431121,14.5,0,0.101891572404898,0.09262,-0.267281398256629,0.267281398256629,approach
0.228,0,0.0261690137958745,0,14.5,0,0.101623602332419,0.09228,-0.267974959607645,0.267974959607645,approach
0.229,0,0.0344589577169954,0.0841986212437208,14.5,0,0.101354936625102,0.09194,-0.26867056702093,0.26867056702093,approach
0.23,0,0.0295362494717104,0,14.5,0,0.10108557348082,0.0916,-0.269367973535441,0.269367973535441,approach
0.231,0,0.0290381070568223,0.0260492525674938,14.5,0,0.100815511339461,0.09126,-0.270066937261872,0.270066937261872,approach
0.232,0,0.0257116852424875,0.00575315435647903,14.5,0,0.100544748877888,0.09092,-0.270767221353392,0.270767221353392,approach
0.233,0,0.0220385873507036,0,14.5,0,0.100273285004927,0.09058,-0.271468593973966,0.271468593973966,approach
0.234,0,0.0188902177291745,0,14.5,0,0.100001118856383,0.09024,-0.272170828264463,0.272170828264463,approach
0.235,0,0.0161916151964353,0,14.5,0,0.0997282497901049,0.0899,-0.272873702306724,0.272873702306724,approach
0.236,0,0.0138785273112303,0,14.5,0,0.0994546773810745,0.08956,-0.273576999085735,0.273576999085735,approach
0.237,0,0.0118958805524831,0,14.5,0,0.0991804014165446,0.08922,-0.274280506450073,0.274280506450073,approach
0.238,0,0.0101964690449855,0,14.5,0,0.0989054218912133,0.08888,-0.274984017070756,0.274984017070756,approach
0.239,0,0.0129731383752389,0.0296331543567597,14.5,0,0.0986297390024435,0.08854,-0.275687328398632,0.275687328398632,approach
0.24,0,0.011119832893062,0,14.5,0,0.0983533531455249,0.0882,-0.276390242620419,0.276390242620419,approach
0.241,0,0.00988138360651894,0.00245068788726082,14.5,0,0.0980762649089817,0.08786,-0.277092566613525,0.277092566613525,approach
0.242,0,0.00846975737701623,0,14.5,0,0.0977984750699268,0.08752,-0.277794111899736,0.277794111899736,approach
0.243,0,0.00725979203744249,0,14.5,0,0.0975199845894632,0.08718,-0.278494694597886,0.278494694597886,approach
0.244,0,0.0158030930029785,0.0670628987961946,14.5,0,0.0972407946081332,0.08684,-0.279194135375589,0.279194135375589,approach
0.245,0,0.0202649571951192,0.0470361423479634,14.5,0,0.0969609064414172,0.0865,-0.279892259400129,0.279892259400129,approach
0.246,0,0.0173699633101022,0,14.5,0,0.0966803215752831,0.08616,-0.280588896288585,0.280588896288585,approach
0.247,0,0.0148885399800876,0,14.5,0,0.0963990416617838,0.08582,-0.281283880057258,0.281283880057258,approach
0.248,0,0.0127616056972179,0,14.5,0,0.0961170685147095,0.08548,-0.281977049070485,0.281977049070485,approach
0.249,0,0.0119255000070624,0.00690886586612936,14.5,0,0.095834404105288,0.08514,-0.282668245988902,0.282668245988902,approach
0.25,0,0.0271662185482221,0.11861052979518,14.5,0,0.0955510505579404,0.0848,-0.283357317717205,0.283357317717205,approach
0.251,0,0.0305294582864194,0.0507088967156033,14.5,0,0.095267010146087,0.08446,-0.284044115351488,0.284044115351488,approach
0.252,0,0.0283993261285972,0.0156185331816641,14.5,0,0.0949822852880085,0.08412,-0.284728494126197,0.284728494126197,approach
0.253,0,0.0243422795387976,0,14.5,0,0.0946968785427581,0.08378,-0.285410313360757,0.285410313360757,approach
0.254,0,0.0305889882949453,0.0680692408318316,14.5,0,0.0944107926061292,0.08344,-0.286089436405922,0.286089436405922,approach
0.255,0,0.0303452848428929,0.0288830641305785,14.5,0,0.0941240303066767,0.0831,-0.286765730589889,0.286765730589889,approach
0.256,0,0.0361641224063887,0.0710771477873636,14.5,0,0.0938365946017907,0.08276,-0.287439067164225,0.287439067164225,approach
0.257,0,0.0386963969839183,0.053890044449096,14.5,0,0.0935484885738274,0.08242,-0.288109321249634,0.288109321249634,approach
0.258,0,0.03316834027193,0,14.5,0,0.0932597154262913,0.08208,-0.288776371781628,0.288776371781628,approach
0.259,0,0.0284300059473686,0,14.5,0,0.0929702784800736,0.08174,-0.289440101456102,0.289440101456102,approach
0.26,0,0.0243685765263159,0,14.5,0,0.0926801811697451,0.0814,-0.290100396674878,0.290100396674878,approach
0.261,0,0.0209938100928958,0.00074521149237498,14.5,0,0.0923894270399021,0.08106,-0.290757147491239,0.290757147491239,approach
0.262,0,0.022447729124797,0.0311712433162041,14.5,0,0.0920980197415684,0.08072,-0.29141024755547,0.29141024755547,approach
0.263,0,0.0192409106783974,0,14.5,0,0.0918059630286513,0.08038,-0.292059594060462,0.292059594060462,approach
0.264,0,0.0191216573756475,0.0184061375591482,14.5,0,0.0915132607544508,0.08004,-0.292705087687378,0.292705087687378,approach
0.265,0,0.0163899920362693,0,14.5,0,0.0912199168682245,0.0797,-0.293346632551425,0.293346632551425,approach
0.266,0,0.0194045331431156,0.0374917797841932,14.5,0,0.0909259354118058,0.07936,-0.29398413614775,0.29398413614775,approach
0.267,0,0.0166324569798133,0,14.5,0,0.0906313205162766,0.07902,-0.294617509297479,0.294617509297479,approach
0.268,0,0.0142563916969829,0,14.5,0,0.0903360763986927,0.07868,-0.295246666093935,0.295246666093935,approach
0.269,0,0.0122197643116996,0,14.5,0,0.0900402073588642,0.07834,-0.295871523849026,0.295871523849026,approach
0.27,0,0.0104740836957425,0,14.5,0,0.0897437177761883,0.078,-0.296492003039866,0.296492003039866,approach
0.271,0,0.0207047604256417,0.0820888208050366,14.5,0,0.0894466121065363,0.07766,-0.297108027255601,0.297108027255601,approach
0.272,0,0.0177469375076929,0,14.5,0,0.0891488948791912,0.07732,-0.297719523144498,0.297719523144498,approach
0.273,0,0.0253559387689977,0.0710099463368264,14.5,0,0.0888505706938414,0.07698,-0.298326420361282,0.298326420361282,approach
0.274,0,0.0220705884783263,0.00235848673429807,14.5,0,0.0885516442176243,0.07664,-0.298928651514755,0.298928651514755,approach
0.275,0,0.0189176472671368,0,14.5,0,0.0882521201822217,0.0763,-0.299526152115711,0.299526152115711,approach
0.276,0,0.0246936559816716,0.0593497082688801,14.5,0,0.0879520033810096,0.07596,-0.300118860525155,0.300118860525155,approach
0.277,0,0.0211659908414328,0,14.5,0,0.087651298666257,0.07562,-0.300706717902834,0.300706717902834,approach
0.278,0,0.0258283909967221,0.0538027919284579,14.5,0,0.0873500109463762,0.07528,-0.301289668156117,0.301289668156117,approach
0.279,0,0.0221386208543332,0,14.5,0,0.087048145183225,0.07494,-0.301867657889206,0.301867657889206,approach
0.28,0,0.0241828335353681,0.0364481096215776,14.5,0,0.0867457063894589,0.0746,-0.302440636352708,0.302440636352708,approach
0.281,0,0.0207281430303155,0,14.5,0,0.0864426996259319,0.07426,-0.303008555393577,0.303008555393577,approach
0.282,0,0.0177669797402705,0,14.5,0,0.0861391299991501,0.07392,-0.303571369405431,0.303571369405431,approach
0.283,0,0.0258271432515545,0.0741881243192584,14.5,0,0.0858350026587708,0.07358,-0.304129035279259,0.304129035279259,approach
0.284,0,0.0221375513584752,0,14.5,0,0.0855303227951538,0.07324,-0.304681512354518,0.304681512354518,approach
0.285,0,0.0235098992761289,0.031743986782051,14.5,0,0.0852250956369591,0.0729,-0.305228762370648,0.305228762370648,approach
0.286,0,0.0265274280226792,0.0446326005019805,14.5,0,0.0849193264487942,0.07256,-0.305770749418989,0.305770749418989,approach
0.287,0,0.0227377954480107,0,14.5,0,0.0846130205289077,0.07222,-0.306307439895128,0.306307439895128,approach
0.288,0,0.0318276167966846,0.0863665448887279,14.5,0,0.0843061832069305,0.07188,-0.30683880245167,0.30683880245167,approach
0.289,0,0.0392591484671628,0.083848338490032,14.5,0,0.0839988198416646,0.07154,-0.307364807951448,0.307364807951448,approach
0.29,0,0.0336506986861395,0,14.5,0,0.0836909358189179,0.0712,-0.307885429421176,0.307885429421176,approach
0.291,0,0.0304259615658481,0.0110775388440994,14.5,0,0.0833825365493839,0.07086,-0.308400642005551,0.308400642005551,approach
0.292,0,0.0260793956278698,0,14.5,0,0.0830736274665683,0.07052,-0.308910422921808,0.308910422921808,approach
0.293,0,0.0274465195219177,0.0356492628862054,14.5,0,0.0827642140247597,0.07018,-0.309414751414735,0.309414751414735,approach
0.294,0,0.0235255881616438,0,14.5,0,0.0824543016970455,0.06984,-0.309913608712158,0.309913608712158,approach
0.295,0,0.020376846584437,0.00148439712119637,14.5,0,0.0821438959733707,0.0695,-0.310406977980888,0.310406977980888,approach
0.296,0,0.0247408713092154,0.0509250196578859,14.5,0,0.0818330023586419,0.06916,-0.310894844283151,0.310894844283151,approach
0.297,0,0.0260393594422733,0.0338302882406206,14.5,0,0.0815216263708729,0.06882,-0.311377194533488,0.311377194533488,approach
0.298,0,0.02231945095052,0,14.5,0,0.0812097735393743,0.06848,-0.311854017456146,0.311854017456146,approach
0.299,0,0.0327203303341577,0.0951256066359839,14.5,0,0.0808974494029836,0.06814,-0.312325303542945,0.312325303542945,approach
0.3,0,0.028045997429278,0,14.5,0,0.080584659508339,0.0678,-0.312791045011639,0.312791045011639,approach
0.301,0,0.0313372505674011,0.0510847693961398,14.5,0,0.0802714094081925,0.06746,-0.313251235764769,0.313251235764769,approach
0.302,0,0.0268605004863438,0,14.5,0,0.0799577046597645,0.06712,-0.313705871349008,0.313705871349008,approach
0.303,0,0.0230232861311518,0,14.5,0,0.0796435508231388,0.06678,-0.314154948915003,0.314154948915003,approach
0.304,0,0.0238483440784839,0.0287986917624765,14.5,0,0.079328953459697,0.06644,-0.314598467177712,0.314598467177712,approach
0.305,0,0.0305921394491304,0.0710549116730095,14.5,0,0.0790139181305919,0.0661,-0.315036426377249,0.315036426377249,approach
0.306,0,0.0262218338135404,0,14.5,0,0.0786984503952597,0.06576,-0.315468828240222,0.315468828240222,approach
0.307,0,0.0224758575544632,0,14.5,0,0.0783825558099704,0.06542,-0.315895675941578,0.315895675941578,approach
0.308,0,0.0192650207609684,0,14.5,0,0.0780662399264165,0.06508,-0.31631697406695,0.31631697406695,approach
0.309,0,0.0181896670828531,0.0117375450141608,14.5,0,0.0777495082903377,0.06474,-0.316732728575513,0.316732728575513,approach
0.31,0,0.0155911432138741,0,14.5,0,0.0774323664401824,0.0644,-0.317142946763337,0.317142946763337,approach
0.311,0,0.0133638370404635,0,14.5,0,0.0771148199058069,0.06406,-0.317547637227257,0.317547637227257,approach
0.312,0,0.0114547174632544,0,14.5,0,0.0767968742072085,0.06372,-0.317946809829234,0.317946809829234,approach
0.313,0,0.00981832925421806,0,14.5,0,0.076478534853294,0.06338,-0.318340475661236,0.318340475661236,approach
0.314,0,0.00841571078932977,0,14.5,0,0.0761598073406844,0.06304,-0.318728647010616,0.318728647010616,approach
0.315,0,0.00721346639085409,0,14.5,0,0.0758406971525514,0.0627,-0.319111337325998,0.319111337325998,approach
0.316,0,0.00618297119216065,0,14.5,0,0.0755212097574889,0.06236,-0.319488561183664,0.319488561183664,approach
0.317,0,0.00529968959328055,0,14.5,0,0.0752013506084182,0.06202,-0.319860334254449,0.319860334254449,approach
0.318,0,0.0128808383397205,0.0583677308183601,14.5,0,0.0748811251415241,0.06168,-0.320226673271137,0.320226673271137,approach
0.319,0,0.0110407185769033,0,14.5,0,0.0745605387752248,0.06134,-0.320587595996354,0.320587595996354,approach
0.32,0,0.01241262090701,0.0206440348876506,14.5,0,0.0742395969091719,0.061,-0.320943121190972,0.320943121190972,approach
0.321,0,0.0129766603706823,0.0163608971527158,14.5,0,0.0739183049232832,0.06066,-0.321293268582996,0.321293268582996,approach
0.322,0,0.0111228517462991,0,14.5,0,0.0735966681768049,0.06032,-0.321638058836961,0.321638058836961,approach
0.323,0,0.00953387292539923,0,14.5,0,0.0732746920074036,0.05998,-0.321977513523817,0.321977513523817,approach
0.324,0,0.0194978719494849,0.0792818660939986,14.5,0,0.0729523817302901,0.05964,-0.322311655091314,0.322311655091314,approach
0.325,0,0.016712461670987,0,14.5,0,0.0726297426373696,0.0593,-0.322640506834865,0.322640506834865,approach
0.326,0,0.0226145753058783,0.0580272571152256,14.5,0,0.0723067799964223,0.05896,-0.322964092868916,0.322964092868916,approach
0.327,0,0.0230245421212328,0.0254843430133601,14.5,0,0.0719834990503118,0.05862,-0.323282438098781,0.323282438098781,approach
0.328,0,0.0197353218181995,0,14.5,0,0.071659905016221,0.05828,-0.323595568192986,0.323595568192986,approach
0.329,0,0.0401536303704886,0.162663481684223,14.5,0,0.0713360030849151,0.05794,-0.323903509556068,0.323903509556068,approach
0.33,0,0.034447004460167,0.000207248998236965,14.5,0,0.0710117984200321,0.0576,-0.324206289301874,0.324206289301874,approach
0.331,0,0.0356053042869416,0.0425551032475892,14.5,0,0.0706872961573984,0.05726,-0.324503935227324,0.324503935227324,approach
0.332,0,0.0305188322459499,0,14.5,0,0.0703625014043714,0.05692,-0.324796475786646,0.324796475786646,approach
0.333,0,0.0299586167822156,0.0265973239998096,14.5,0,0.0700374192392061,0.05658,-0.325083940066093,0.325083940066093,approach
0.334,0,0.0256788143847562,0,14.5,0,0.0697120547104477,0.05624,-0.32536635775911,0.32536635775911,approach
0.335,0,0.02965536757283,0.0535146867012729,14.5,0,0.0693864128363484,0.0559,-0.325643759141976,0.325643759141976,approach
0.336,0,0.0266619038677542,0.00870112163729914,14.5,0,0.0690604986043069,0.05556,-0.3259161750499,0.3259161750499,approach
0.337,0,0.022853060458075,0,14.5,0,0.0687343169703333,0.05522,-0.326183636853576,0.326183636853576,approach
0.338,0,0.0220577947894524,0.0172862007777165,14.5,0,0.0684078728585355,0.05488,-0.326446176436191,0.326446176436191,approach
0.339,0,0.024096219455131,0.0363267674492026,14.5,0,0.068081171160629,0.05454,-0.326703826170877,0.326703826170877,approach
0.34,0,0.0206539023901123,0,14.5,0,0.0677542167354682,0.0542,-0.326956618898619,0.326956618898619,approach
0.341,0,0.0177033449058105,0,14.5,0,0.0674270144086,0.05386,-0.327204587906591,0.327204587906591,approach
0.342,0,0.0151742956335519,0,14.5,0,0.0670995689718379,0.05352,-0.327447766906941,0.327447766906941,approach
0.343,0,0.0250637502038734,0.0844004776258026,14.5,0,0.0667718851828582,0.05318,-0.327686190016004,0.327686190016004,approach
0.344,0,0.0214832144604629,0,14.5,0,0.0664439677648147,0.05284,-0.327919891733945,0.327919891733945,approach
0.345,0,0.0260148692139868,0.0532047977351301,14.5,0,0.0661158214059746,0.0525,-0.328148906924833,0.328148906924833,approach
0.346,0,0.0302114500684999,0.0553909351955783,14.5,0,0.0657874507593741,0.05216,-0.328373270797127,0.328373270797127,approach
0.347,0,0.0258955286301427,0,14.5,0,0.0654588604424931,0.05182,-0.328593018884586,0.328593018884586,approach
0.348,0,0.0221961673972652,0,14.5,0,0.0651300550369466,0.05148,-0.328808187027593,0.328808187027593,approach
0.349,0,0.0218644612117986,0.0198742240989992,14.5,0,0.0648010390881976,0.05114,-0.329018811354882,0.329018811354882,approach
0.35,0,0.0266476283463439,0.0553466311536157,14.5,0,0.0644718171052858,0.0508,-0.329224928265676,0.329224928265676,approach
0.351,0,0.0387746866235145,0.111537036286538,14.5,0,0.0641423935605735,0.05046,-0.329426574412216,0.329426574412216,approach
0.352,0,0.0485357652745558,0.107102237180803,14.5,0,0.0638127728895107,0.05012,-0.329623786682699,0.329623786682699,approach
0.353,0,0.0416020845210478,0,14.5,0,0.0634829594904139,0.04978,-0.32981660218459,0.32981660218459,approach
0.354,0,0.0356589295894696,0,14.5,0,0.0631529577242649,0.04944,-0.33000505822834,0.33000505822834,approach
0.355,0,0.0305647967909739,0,14.5,0,0.0628227719145214,0.0491,-0.330189192311466,0.330189192311466,approach
0.356,0,0.0294143754372368,0.0225118473148145,14.5,0,0.0624924063469466,0.04876,-0.330369042103023,0.330369042103023,approach
0.357,0,0.0273086484483327,0.014674286514908,14.5,0,0.0621618652694521,0.04842,-0.330544645428443,0.330544645428443,approach
0.358,0,0.0234074129557138,0,14.5,0,0.0618311528919563,0.04808,-0.330716040254744,0.330716040254744,approach
0.359,0,0.0229089701194608,0.0199183131019434,14.5,0,0.0615002733862567,0.048,-0.330883264676098,0.330883264676098,approach
0.36,0,0.033238600099364,0.0952163799787831,14.5,0,0.0611692770442406,0.048,-0.331000222311832,0.331000222311832,approach
0.361,0,0.0481840736773361,0.137856915145169,14.5,0,0.0608382272696144,0.048,-0.331053807785897,0.331053807785897,approach
0.362,0,0.0582941015403458,0.118954268718404,14.5,0,0.0605071860870094,0.048,-0.331045399052221,0.331045399052221,approach
0.363,0,0.056305060656862,0.0443708153559592,14.5,0,0.0601762141611249,0.048,-0.330976354905127,0.330976354905127,approach
0.364,0.236463069764265,0.0536216871243575,0.0375214459293307,14.5,0.154629184122811,0.0598453708158772,0.0598251458862392,-0.330848014976025,0.330848014976025,force
0.365,1.2890337258337,0.0459614461065922,0,14.5,0.479100988574781,0.0595208990114252,0.0598049102322637,-0.324479923660428,0.324479923660428,force
0.366,2.76533562371952,0.0471237361163298,0.0540974761747552,14.5,0.797171518983501,0.0592028284810165,0.0597846762054943,-0.318081936866907,0.318081936866907,force
0.367,4.53379918004973,0.0403917738139969,0,14.5,1.10874697153867,0.0588912530284613,0.0597644327539776,-0.311590012906532,0.311590012906532,force
0.368,6.52431089625774,0.0646239404831827,0.210016940498297,14.5,1.41369164944116,0.0585863083505588,0.0597442232274943,-0.304962272589509,0.304962272589509,force
0.369,8.68921652806211,0.238683595370852,1.28304152469687,14.5,1.71183911969915,0.0582881608803009,0.0597242573845278,-0.298167985287419,0.298167985287419,force
0.37,10.9921949176017,0.606416550478396,2.81281428112366,14.5,2.00299819457713,0.0579970018054229,0.0597048063676985,-0.291182396733636,0.291182396733636,force
0.371,13.4036015447257,1.17052642299015,4.55518565806068,14.5,2.28695831563188,0.0577130416843681,0.0596861451046907,-0.283986132410765,0.283986132410765,force
0.372,15.8981270242931,1.93315823285172,6.50894909202112,14.5,2.56349448190931,0.0574365055180907,0.0596685515262167,-0.276564742406608,0.276564742406608,force
0.373,18.4534800362352,2.89594738450903,8.6726822944529,14.5,2.83237138383911,0.0571676286161609,0.059652305852555,-0.268907907883684,0.268907907883684,force
0.374,21.049590954237,4.06460600192581,11.0765577064265,14.5,3.09334696667619,0.0569066530333238,0.0596376963009577,-0.261008871251383,0.261008871251383,force
0.375,23.6681053796501,5.40369190148146,13.4382072988153,14.5,3.34617548150398,0.056653824518496,0.0596249614696197,-0.252863924281209,0.252863924281209,force
0.376,26.2920610418813,6.89648186545476,15.8532216492946,14.5,3.59061091177078,0.0564093890882292,0.0596143165442314,-0.244472783926282,0.244472783926282,force
0.377,28.9056706006074,8.54505997503662,18.4365286325278,14.5,3.82640976861052,0.0561735902313895,0.0596059796281964,-0.235837961700419,0.235837961700419,force
0.378,31.4941725776792,10.3273323632682,21.0209666926573,14.5,4.05333330277537,0.0559466666972246,0.059600137893505,-0.226964180800173,0.226964180800173,force
0.379,34.0437372400955,12.2269442501546,23.6246155714732,14.5,4.27114992547652,0.0557288500745235,0.0595969556154552,-0.217858585313608,0.217858585313608,force
0.38,36.5414041891996,14.2378372979334,26.303195584606,14.5,4.4796373265797,0.0555203626734203,0.0595965885876723,-0.208530437998683,0.208530437998683,force
0.381,38.9750407977959,16.3288852534372,28.8751729864599,14.5,4.6785842285832,0.0553214157714168,0.0595991490270272,-0.198990756455446,0.198990756455446,force
0.382,41.3333240677908,18.4973739170431,31.5083058986786,14.5,4.86779241257251,0.0551322075874275,0.059604745350511,-0.189252585382809,0.189252585382809,force
0.383,43.6057250159503,20.7215837301602,34.0668426088629,14.5,5.04707807940457,0.0549529219205954,0.0596134555677332,-0.179330332194208,0.179330332194208,force
0.384,45.7825070219442,22.9869806473844,36.57936215073,14.5,5.21627339416478,0.0547837266058352,0.0596253373406396,-0.169239950533,0.169239950533,force
0.385,47.8547260426593,25.2622772106567,38.9140565902899,14.5,5.37522775471026,0.0546247722452897,0.0596404045287345,-0.158998664628385,0.158998664628385,force
0.386,49.8142388453153,27.5463214498362,41.2505868849136,14.5,5.52380921090277,0.0544761907890972,0.0596586693787643,-0.148625120212925,0.148625120212925,force
0.387,51.6537023174923,29.8385401458021,43.5918523215974,14.5,5.66190521219571,0.0543380947878043,0.0596801433349684,-0.138138713070129,0.138138713070129,force
0.388,53.3665738485001,32.1188789873988,45.8009120369793,14.5,5.78942321470317,0.0542105767852968,0.0597048097655508,-0.1275594486258,0.1275594486258,force
0.389,54.947116648714,34.3624288745189,47.8237281972391,14.5,5.90629150305274,0.0540937084969473,0.0597326171659751,-0.116908156837176,0.116908156837176,force
0.39,56.3904036511182,36.5648823813007,49.7796034219919,14.5,6.01245996855274,0.0539875400314473,0.0597635080013089,-0.106206448600765,0.106206448600765,force
0.391,57.6923120930881,38.7148944349983,51.6149667571835,14.5,6.10790040005322,0.0538920995999468,0.0597974088535179,-0.0954762284344543,0.0954762284344543,force
0.392,58.8495189092245,40.8052570206079,53.3474325342658,14.5,6.1926067813174,0.0538073932186826,0.0598342362133467,-0.0847397009708797,0.0847397009708797,force
0.393,59.8594912287545,42.8393796678571,55.0441155513525,14.5,6.26659540113842,0.0537334045988616,0.0598739113448818,-0.0740191836264522,0.0740191836264522,force
0.394,60.7204704430925,44.7804871819564,56.4271322665523,14.5,6.32990466809859,0.0536700953319014,0.0599163040269365,-0.0633368110873359,0.0633368110873359,force
0.395,61.4314672066301,46.6235936557177,57.6822324982852,14.5,6.38259552713844,0.0536174044728616,0.0599612770580545,-0.0527151371537275,0.0527151371537275,force
0.396,61.9922394929827,48.3775691548009,58.9014221492998,14.5,6.42475121016321,0.0535752487898368,0.0600087056548712,-0.0421764685001534,0.0421764685001534,force
0.397,62.4032652169093,50.0181052096652,59.861321538851,14.5,6.45647664837114,0.0535435233516289,0.0600577056548712,-0.0317425261075107,0.0317425261075107,force
0.398,62.6658984923744,51.5474715360232,60.7236694941717,14.5,6.47790745925571,0.0535220925407443,0.0601067056548712,-0.0214440231877153,0.0214440231877153,force
0.399,62.7824580547487,52.9578522975273,61.4201368665516,14.5,6.48921778931676,0.0535107822106832,0.0601557056548712,-0.0113195214156729,0.0113195214156729,force
0.4,62.7557680125236,54.2480878374331,61.989501076868,14.5,6.49059963131842,0.0535094003686816,0.0602047056548712,-0.0013868943891293,0.0013868943891293,force
0.401,62.628371967176,55.4296264362869,62.5188580294095,14.5,6.48226205688251,0.0535177379431175,0.0602537056548712,0.00833675111268867,0,force
0.402,62.3700427921795,56.467323275288,62.6935043092949,14.5,6.46442444672738,0.0535355755532726,0.0603027056548712,0.0178410804897652,0,force
0.403,61.9782038611525,57.3789251856037,62.8485366474979,14.5,6.43732091267602,0.053562679087324,0.0603517056548712,0.0271113350661821,0,force
0.404,61.4572870424135,58.140397519213,62.7092315208689,14.5,6.40120043276767,0.0535987995672323,0.0604007056548712,0.03613262077646,0,force
0.405,60.8121674417349,58.7816093915163,62.6288806253361,14.5,6.35632592303829,0.0536436740769617,0.0604497056548712,0.0448909721771415,0,force
0.406,60.0481239471619,59.2908935126861,62.3465982397047,14.5,6.30297326457043,0.0536970267354296,0.0604987056548712,0.053373397431295,0,force
0.407,59.1707988527241,59.6645379363772,61.9064044785236,14.5,6.24143029164976,0.0537585697083502,0.0605477056548712,0.0615679174403662,0,force
0.408,58.1861568363448,59.9186189429564,61.4431049824315,14.5,6.17199574690681,0.0538280042530932,0.0605967056548712,0.0694635990821413,0,force
0.409,57.1004435695265,60.040899708186,60.7745842995636,14.5,6.09497820933268,0.0539050217906673,0.0606457056548712,0.0770505825409309,0,retract
0.41,55.9134976227605,60.0368625450881,60.0126395665011,14.5,6.010218708117,0.053989781291883,0.0606486775125128,0.0847966861364769,0,retract
0.411,54.6385343079063,59.9183381411869,59.2071917177798,14.5,5.91850287823899,0.054081497121761,0.060657566610091,0.0917567270817551,0,retract
0.412,53.2814417674782,59.6753367761551,58.2173285859642,14.5,5.82009153054221,0.0541799084694578,0.0606723332345861,0.0984558270011208,0,retract
0.413,51.8482922550397,59.312939484565,57.1385557350241,14.5,5.71525317520922,0.0542847468247908,0.0606929376729784,0.104886270523902,0,retract
0.414,50.3453085744339,58.8108837532201,55.7985493651511,14.5,5.60426299271111,0.0543957370072889,0.0607193402122482,0.111041372663883,0,retract
0.415,48.7788309705316,58.2053285683174,54.5719974589008,14.5,5.48740179754426,0.0545125982024557,0.0607515011393759,0.116915486133495,0,retract
0.416,47.1552847065355,57.4875399490467,53.1808082334228,14.5,5.36495499941652,0.0546350450005835,0.0607893807413416,0.122504003979845,0,retract
0.417,45.4811485542036,56.6756307499706,51.8041755555141,14.5,5.23721156642309,0.0547627884335769,0.0608329393051257,0.127803357657825,0,retract
0.418,43.7629244138129,55.7604588147741,50.2694272035951,14.5,5.10446299461437,0.0548955370053856,0.0608821371177084,0.132811010684812,0,retract
0.419,42.0071082702505,54.7672383325367,48.807915439112,14.5,4.96700228817857,0.0550329977118214,0.0609369344660702,0.137525448050096,0,retract
0.42,40.2201626810123,53.6887258848187,47.2176511985111,14.5,4.82512295426864,0.0551748770457314,0.0609972916371911,0.14194616158016,0,retract
0.421,38.4084909811344,52.5047824216847,45.4011216428805,14.5,4.6791180162672,0.0553208819837328,0.0610631689180517,0.146073631488081,0,retract
0.422,36.5784133801057,51.2530816812671,43.7428772387612,14.5,4.52927904903628,0.0554707209509637,0.061134526595632,0.149909304361551,0,retract
0.423,34.7361451168542,49.9463515015559,42.1059704232888,14.5,4.3758952394184,0.0556241047605816,0.0612113249569125,0.153455567869496,0,retract
0.424,32.8877768318168,48.557814823109,40.2265947524279,14.5,4.21925247494923,0.0557807475250508,0.0612935242888734,0.156715722491891,0,retract
0.425,31.0392573108366,47.1067242346443,38.4001807038563,14.5,4.05963246341782,0.0559403675365822,0.061381084878495,0.159693950601416,0,retract
0.426,29.1963787552089,45.6016282442498,36.5710523018825,14.5,3.89731188555852,0.0561026881144415,0.0614739670127576,0.162395283249428,0,retract
0.427,27.3647647371471,44.0418964065551,34.683505380387,14.5,3.7325615827861,0.0562674384172139,0.0615721309786415,0.164825565032671,0,retract
0.428,25.5498610121075,42.4505717825724,32.9026240386763,14.5,3.56564578147924,0.0564343542185208,0.061675537063127,0.166991417442056,0,retract
0.429,23.7569293817336,40.8234800858509,31.0609299055218,14.5,3.39682135490208,0.0566031786450979,0.0617841455531943,0.168900201121621,0,retract
0.43,21.9910448369618,39.162934359309,29.1996600000578,14.5,3.22633712338503,0.056773662876615,0.0618979167358239,0.170559977495843,0,retract
0.431,20.2570962659084,37.4883879805531,27.4411097080177,14.5,3.05443319290443,0.0569455668070956,0.0620168108979958,0.171979470258818,0,retract
0.432,18.5597910929317,35.7709119154385,25.4660555247505,14.5,2.88134033165902,0.057118659668341,0.0621407883266905,0.173168027262184,0,retract
0.433,16.9036643357678,34.0573158302639,23.7757393192165,14.5,2.70727938365308,0.0572927206163469,0.0622698093088883,0.174135583394095,0,retract
0.434,15.2930927447575,32.3543961311783,22.1368779366646,14.5,2.53246071763189,0.0574675392823681,0.0624038341315694,0.17489262511475,0,retract
0.435,13.7323149503478,30.6196575940825,20.2112263715076,14.5,2.35708370895073,0.0576429162910493,0.062542823081714,0.175450157413547,0,retract
0.436,12.2254589382811,28.8967632620977,18.5593972701893,14.5,2.1813362510584,0.0578186637489416,0.0626867364463027,0.175819674091736,0,retract
0.437,10.7765787729031,27.1859687788861,16.9212018796166,14.5,2.00539429217337,0.0579946057078266,0.0628355345123155,0.176013132472395,0,retract
0.438,9.38970343060405,25.4810237355492,15.2513534755277,14.5,1.82942139134194,0.0581705786086581,0.0629891775667328,0.176042933928426,0,retract
0.439,8.06890212611525,23.8235305358108,13.8785713373804,14.5,1.65356828624711,0.0583464317137529,0.0631476258965348,0.175921912051233,0,retract
0.44,6.81837306298125,22.1665254342987,12.224494825226,14.5,1.477972462655,0.058522027537345,0.063310839788702,0.175663330946731,0,retract
0.441,5.64256700653593,20.5391849436681,10.7751419998844,14.5,1.30275771183807,0.0586972422881619,0.0634787795302145,0.175280897199794,0,retract
0.442,4.54636534722931,18.9558276881127,9.45568415478037,14.5,1.12803365704629,0.0588719663429537,0.0636514054080527,0.17478879078953,0,retract
0.443,3.53534870246169,17.3929724106671,8.01584074599377,14.5,0.953895221790423,0.0590461047782096,0.0638286777091968,0.17420172325506,0,retract
0.444,2.61622746475462,15.8964411046137,6.91725326829304,14.5,0.780421998866486,0.0592195780011335,0.0640105567206271,0.173535036964867,0,retract
0.445,1.79759119209531,14.4225027954783,5.57887294066575,14.5,0.607677454154222,0.0593923225458458,0.064197002729324,0.172804870389416,0,retract
0.446,1.09137580818665,13.0085854865151,4.52508163273634,14.5,0.435707849980947,0.0595642921500191,0.0643879760222677,0.172028438648668,0,retract
0.447,0.516321130043341,11.6550337865604,3.53372358683223,14.5,0.264540661395564,0.0597354593386044,0.0645834368864385,0.171224540838379,0,retract
0.448,0.109681340479516,10.3632246591459,2.61236989465855,14.5,0.0941819480322278,0.0599058180519678,0.0647833456088168,0.170414604963636,0,retract
0.449,0,9.13381671845529,1.7573690743117,14.5,0,0.0600753891511404,0.0649876624763827,0.169625566559275,0,retract
0.45,0,7.98244992772859,1.07424918336838,14.5,0,0.0602442402583268,0.0651963477761166,0.168904211656432,0,retract
0.451,0,6.9119157908337,0.488710969464348,14.5,0,0.0604124552897847,0.0654093617949987,0.16826684094144,0,retract
0.452,0,5.95443275769022,0.209534558829375,14.5,0,0.0605801167841605,0.0656266648200095,0.167712073485416,0,retract
0.453,0,5.11447219347592,0.074708808190119,14.5,0,0.0607473059097387,0.0658482171381291,0.16723853578121,0,retract
0.454,0,4.3844950258171,0.00463201986419811,14.5,0,0.0609141024719804,0.0660739790363378,0.166844862024888,0,retract
0.455,0,3.77062226858056,0.087385725161291,14.5,0,0.0610805849213345,0.066303910801616,0.16652969438001,0,retract
0.456,0,3.23927660758781,0.0512026416312826,14.5,0,0.0612468303613038,0.0665379727209439,0.166291683225234,0,retract
0.457,0,2.77652280650383,0,14.5,0,0.0614129145567489,0.0667761250813018,0.166129487385755,0,retract
0.458,0,2.379876691289,0,14.5,0,0.0615789119424161,0.0670183281696701,0.166041774349116,0,retract
0.459,0,2.03989430681914,0,14.5,0,0.0617448956316701,0.0672645422730289,0.166027220465871,0,retract
0.46,0,1.75792805999901,0.0661305790782101,14.5,0,0.0619109374254219,0.0675147276783587,0.166084511135636,0,retract
0.461,0,1.51519324430891,0.0587843501683313,14.5,0,0.0620771078212327,0.0677688446726396,0.166212340978982,0,retract
0.462,0,1.29957308813863,0.00585215111694982,14.5,0,0.0622434760225824,0.068026853542852,0.166409413995689,0,retract
0.463,0,1.11633048810569,0.0168748879080208,14.5,0,0.0624101099482883,0.0682887145759762,0.166674443709815,0,retract
0.464,0,0.960428393740621,0.0250158275502181,14.5,0,0.0625770762420627,0.0685543880589924,0.167006153302056,0,retract
0.465,0,0.831883953122428,0.0606173094132745,14.5,0,0.062744440282194,0.068823834278881,0.167403275729852,0,retract
0.466,0,0.713043388390653,0,14.5,0,0.0629122661913422,0.0690970135226222,0.167864553835695,0,retract
0.467,0,0.613095310794008,0.0134068452141371,14.5,0,0.0630806168464356,0.0693738860771964,0.168388740444072,0,retract
0.468,0,0.525510266394864,0,14.5,0,0.0632495538886582,0.0696544122295837,0.168974598447469,0,retract
0.469,0,0.450437371195598,0,14.5,0,0.0634191377335165,0.0699385522667646,0.169620900881874,0,retract
0.47,0,0.386595792244094,0.00354631853507555,14.5,0,0.0635894275809763,0.0702262664757193,0.170326430992174,0,retract
0.471,0,0.33136782192351,0,14.5,0,0.0637604814256585,0.0705175151434281,0.171089982287851,0,retract
0.472,0,0.284029561648723,0,14.5,0,0.0639323560670862,0.0708122585568713,0.171910358589376,0,retract
0.473,0,0.243453909984619,0,14.5,0,0.0641051071199718,0.0711104570030291,0.172786374065683,0,retract
0.474,0,0.213366195629556,0.0328399094991781,14.5,0,0.0642787890245364,0.071412070768882,0.173716853263087,0,retract
0.475,0,0.18288531053962,0,14.5,0,0.0644534550568546,0.0717170601414101,0.17470063112602,0,retract
0.476,0,0.165285642052139,0.0596876311272543,14.5,0,0.0646291573392136,0.0720253854075937,0.175736553009934,0,retract
0.477,0,0.152244473882641,0.0739974648656503,14.5,0,0.0648059468504826,0.0723370068544132,0.176823474686725,0,retract
0.478,0,0.133828427344204,0.0233321481135869,14.5,0,0.064983873436481,0.0726518847688488,0.177960262342997,0,retract
0.479,0,0.122865779840954,0.0570898948214552,14.5,0,0.0651629858203437,0.0729699794378808,0.179145792571515,0,retract
0.48,0,0.105313525577961,0,14.5,0,0.0653433316128711,0.0732912511484896,0.180378952356148,0,retract
0.481,0,0.0902687362096808,0,14.5,0,0.0655249573228626,0.0736156601876553,0.181658639050615,0,retract
0.482,0,0.0853302887903063,0.0556996042740589,14.5,0,0.0657079083674241,0.0739431668423584,0.182983760351348,0,retract
0.483,0,0.0885860543036441,0.108120647383671,14.5,0,0.0658922290822452,0.0742737313995791,0.184353234264742,0,retract
0.484,0,0.0759309036888378,0,14.5,0,0.0660779627318411,0.0746073141462976,0.185765989069089,0,retract
0.485,0,0.0755847985752335,0.0735081678936076,14.5,0,0.066265151519753,0.0749438753694943,0.187220963271478,0,retract
0.486,0,0.064786970207343,0,14.5,0,0.0664538365987023,0.0752833753561495,0.188717105559904,0,retract
0.487,0,0.0555316887491511,0,14.5,0,0.0666440580806948,0.0756257743932434,0.190253374750873,0,retract
0.488,0,0.0475985903564153,0,14.5,0,0.0668358550470703,0.0759710327677563,0.191828739732735,0,retract
0.489,0,0.0407987917340702,0,14.5,0,0.0670292655584918,0.0763191107666686,0.193442179404996,0,retract
0.49,0,0.0349703929149173,0,14.5,0,0.0672243266648737,0.0766699686769605,0.19509268261384,0,retract
0.491,0,0.0395926291308198,0.0673260464262346,14.5,0,0.0674210744152421,0.0770235667856124,0.196779248084099,0,retract
0.492,0,0.0339365392549884,0,14.5,0,0.0676195438675253,0.0773798653796044,0.19850088434788,0,retract
0.493,0,0.0290884622185615,0,14.5,0,0.0678197690982724,0.077738824745917,0.200256609670068,0,retract
0.494,0,0.0249329676159098,0,14.5,0,0.068021783212294,0.0781004051715303,0.20204545197092,0,retract
0.495,0,0.0213711150993513,0,14.5,0,0.0682256183522256,0.0784645669434247,0.203866448745929,0,retract
0.496,0,0.0183180986565868,0,14.5,0,0.0684313057080079,0.0788312703485805,0.205718646983178,0,retract
0.497,0,0.0157012274199316,0,14.5,0,0.0686388755262851,0.079200475673978,0.20760110307835,0,retract
0.498,0,0.0137796269287473,0.00225002398164142,14.5,0,0.0688483571197154,0.0795721432065974,0.209512882747578,0,retract
0.499,0,0.0118111087960691,0,14.5,0,0.0690597788761942,0.079946233233419,0.211453060938327,0,retract
0.5,0,0.0101238075394878,0,14.5,0,0.0692731682679869,0.0803227060414232,0.213420721738445,0,retract
0.501,0,0.00867754931956096,0,14.5,0,0.0694885518607706,0.0807015219175903,0.215414958283573,0,retract
0.502,0,0.00960150833308847,0.0151452624142536,14.5,0,0.0697059553225815,0.0810826411489004,0.217434872663055,0,retract
0.503,0,0.0082298642855044,0,14.5,0,0.0699254034326685,0.0814660240223339,0.219479575824504,0,retract
0.504,0,0.0070541693875752,0,14.5,0,0.0701469200902504,0.0818516308248712,0.22154818747717,0,retract
0.505,0,0.00604643090363589,0,14.5,0,0.0703705283231763,0.0822394218434924,0.223639835994244,0,retract
0.506,0,0.00518265506025933,0,14.5,0,0.0705962502964876,0.0826293573651779,0.225753658314236,0,retract
0.507,0,0.00444227576593657,0,14.5,0,0.0708241073208824,0.083021397676908,0.227888799841562,0,retract
0.508,0,0.00380766494223135,0,14.5,0,0.0710541198610776,0.083415503065663,0.230044414346454,0,retract
0.509,0,0.0109958819593047,0.0541251840617447,14.5,0,0.0712863075440744,0.0838116338184231,0.23221966386432,0,retract
0.51,0,0.00942504167940401,0,14.5,0,0.0715206891673206,0.0842097502221687,0.234413718594665,0,retract
0.511,0,0.0176346573863392,0.0668923516279501,14.5,0,0.0717572827067721,0.08460981256388,0.236625756799684,0,retract
0.512,0,0.0151154206168621,0,14.5,0,0.0719961053248554,0.0850117811305373,0.238854964702638,0,retract
0.513,0,0.0129560748144533,0,14.5,0,0.0722371733783253,0.085415616209121,0.241100536386106,0,retract
0.514,0,0.0153891102932589,0.0299873231660929,14.5,0,0.0724805024260243,0.0858212780866113,0.243361673690214,0,retract
0.515,0,0.0144422751821102,0.0087612645152178,14.5,0,0.072726107236538,0.0862287270499884,0.245637586110936,0,retract
0.516,0,0.0210403868218804,0.0606290566605017,14.5,0,0.0729740017957511,0.0866379233862328,0.247927490698556,0,retract
0.517,0,0.0180346172758975,0,14.5,0,0.0732241993143019,0.0870488273823246,0.250230611956373,0,retract
0.518,0,0.0244766844829048,0.0631290877249487,14.5,0,0.0734767122349352,0.0874613993252443,0.252546181739733,0,retract
0.519,0,0.0275234431846356,0.0458039953950203,14.5,0,0.0737315522397555,0.0878755995019719,0.254873439155463,0,retract
0.52,0,0.0235915227296876,0,14.5,0,0.0739887302573805,0.088291388199488,0.257211630461793,0,retract
0.521,0,0.0202213051968751,0,14.5,0,0.0742482564699943,0.0887087257047727,0.259560008968815,0,retract
0.522,0,0.0217585749369044,0.0309821933770798,14.5,0,0.0745101403203031,0.0891275723048063,0.261917834939572,0,retract
0.523,0,0.0186502070887752,0,14.5,0,0.0747743905183916,0.0895478882865692,0.264284375491818,0,retract
0.524,0,0.0275982059670256,0.081286199236528,14.5,0,0.0750410150484823,0.0899696339370416,0.266658904500533,0,retract
0.525,0,0.0271810528243937,0.0246781339686025,14.5,0,0.0753100211755986,0.0903927695432038,0.269040702501228,0,retract
0.526,0,0.0258937976768297,0.0181702667914459,14.5,0,0.0755814154521317,0.0908172553920361,0.271429056594118,0,retract
0.527,0,0.0221946837229969,0,14.5,0,0.0758552037243121,0.0912430517705188,0.273823260349196,0,retract
0.528,0,0.0192364204437582,0.00148684076832613,14.5,0,0.0761313911385895,0.0916701189656322,0.27622261371227,0,retract
0.529,0,0.0164883603803642,0,14.5,0,0.0764099821479156,0.0920984172643566,0.278626422912011,0,retract
0.53,0,0.0141328803260265,0,14.5,0,0.0766909805179388,0.0925279069536722,0.281034000368042,0,retract
0.531,0,0.0177440303279714,0.0394109303396408,14.5,0,0.0769743893331066,0.0929585483205594,0.283444664600132,0,retract
0.532,0,0.0205487845063998,0.0373773095769704,14.5,0,0.0772602110026776,0.0933903016519984,0.285857740138511,0,retract
0.533,0,0.0176132438626284,0,14.5,0,0.0775484472666463,0.0938231272349696,0.288272557435367,0,retract
0.534,0,0.0150970661679672,0,14.5,0,0.0778390992015795,0.0942569853564532,0.290688452777537,0,retract
0.535,0,0.0129403424296862,0,14.5,0,0.0781321672263667,0.0946918363034296,0.293104768200448,0,retract
0.536,0,0.0110917220825881,0,14.5,0,0.0784276511078865,0.0951276403628789,0.295520851403314,0,retract
0.537,0,0.0198600182970638,0.0724697955839179,14.5,0,0.078725549966588,0.0955643578217816,0.297936055665644,0,retract
0.538,0,0.0170228728260547,0,14.5,0,0.079025862281991,0.0960019489671179,0.300349739765063,0,retract
0.539,0,0.014591033850904,0,14.5,0,0.079328585898105,0.096440374085868,0.302761267896491,0,retract
0.54,0,0.0126714163476501,0.00115371132812624,14.5,0,0.0796337180287681,0.0968795934650123,0.305170009592689,0,retract
0.541,0,0.0192514505918768,0.0587316560572369,14.5,0,0.079941255262909,0.0973195673915311,0.307575339646203,0,retract
0.542,0,0.0165012433644658,0,14.5,0,0.0802511935697303,0.0977602561524047,0.309976638032717,0,retract
0.543,0,0.0141439228838278,0,14.5,0,0.0805635283038185,0.0982016200346133,0.312373289835843,0,retract
0.544,0,0.0122398317293655,0.000815284802591662,14.5,0,0.0808782542101788,0.0986436193251373,0.314764685173355,0,retract
0.545,0,0.0104912843394562,0,14.5,0,0.0811953654291974,0.0990862143109568,0.317150219124884,0,retract
0.546,0,0.00899252943381956,0,14.5,0,0.081514855501534,0.0995293652790523,0.319529291661097,0,retract
0.547,0,0.0151405951823637,0.0520289896736287,14.5,0,0.0818367173729428,0.0999730325164041,0.321901307574353,0,retract
0.548,0,0.0169308484678632,0.0276723681808597,14.5,0,0.0821609433990284,0.100417176309992,0.324265676410868,0,retract
0.549,0,0.014512155829597,0,14.5,0,0.0824875253499322,0.100861756946797,0.326621812404379,0,retract
0.55,0,0.0128520643589034,0.00289151553474205,14.5,0,0.0828164544149551,0.101306734713799,0.328969134411334,0,retract
0.551,0,0.0138860001099976,0.0200896146165627,14.5,0,0.083147721207118,0.101752069897979,0.331307065847593,0,retract
0.552,0,0.0299490335875335,0.126327234452749,14.5,0,0.083481315767658,0.102197722786316,0.333635034626668,0,retract
0.553,0,0.0256706002178859,0,14.5,0,0.0838172275704659,0.102643653665791,0.335952473099487,0,retract
0.554,0,0.0261221630369634,0.0288315399514288,14.5,0,0.0841554455264638,0.103089822823385,0.338258817995702,0,retract
0.555,0,0.0253355024614921,0.0206155390086641,14.5,0,0.0844959579879267,0.103536190546077,0.340553510366531,0,retract
0.556,0,0.0350426670927437,0.0932856548802529,14.5,0,0.0848387527527466,0.103982717120847,0.342835995529136,0,retract
0.557,0,0.0316274952067773,0.0111364638909793,14.5,0,0.0851838170686432,0.104429362834677,0.345105723012552,0,retract
0.558,0,0.0271092816058091,0,14.5,0,0.0855311376373233,0.104876087974547,0.347362146505146,0,retract
0.559,0,0.0254297322444424,0.0153524360762417,14.5,0,0.0858807006185856,0.105322852827436,0.349604723803614,0,retract
0.56,0,0.0217969133523792,0,14.5,0,0.086232491634379,0.105769617680325,0.351832916763525,0,retract
0.561,0,0.027143057893089,0.0592199251373479,14.5,0,0.0865864957728118,0.106216342820194,0.35404619125138,0,retract
0.562,0,0.0232654781940763,0,14.5,0,0.0869426975921139,0.106662988534024,0.356244017098213,0,retract
0.563,0,0.0199418384520654,0,14.5,0,0.0873010811245536,0.107109515108795,0.358425868054712,0,retract
0.564,0,0.023291470047045,0.043389259616923,14.5,0,0.0876616298803127,0.107555882831487,0.360591221747853,0,retract
0.565,0,0.0199641171831815,0,14.5,0,0.0880243268513176,0.10800205198908,0.362739559639055,0,retract
0.566,0,0.0213646129003863,0.0297675872036155,14.5,0,0.0883891545150309,0.108447982868555,0.36487036698383,0,retract
0.567,0,0.0215249366800053,0.0224868793577192,14.5,0,0.0887560948382034,0.108893635756892,0.366983132792939,0,retract
0.568,0,0.0204023792246464,0.013667034492493,14.5,0,0.0891251292805893,0.109338970941072,0.369077349795027,0,retract
0.569,0,0.0281052295533589,0.0743223315256336,14.5,0,0.0894962387986246,0.109783948708074,0.371152514400753,0,retract
0.57,0,0.0240901967600219,0,14.5,0,0.0898694038490715,0.110228529344879,0.373208126668374,0,retract
0.571,0,0.0206487400800188,0,14.5,0,0.0902446043926295,0.110672673138467,0.375243690270799,0,retract
0.572,0,0.0176989200685875,0,14.5,0,0.0906218198975146,0.111116340375819,0.377258712464095,0,retract
0.573,0,0.0151705029159322,0,14.5,0,0.0910010293430084,0.111559491343914,0.379252704057424,0,retract
0.574,0,0.0130032882136561,0,14.5,0,0.0913822112229783,0.112002086329734,0.381225179384417,0,retract
0.575,0,0.0134772963433387,0.0163213451214339,14.5,0,0.0917653435493714,0.112444085620258,0.383175656275951,0,retract
0.576,0,0.0115519682942903,0,14.5,0,0.0921504038556804,0.112885449502467,0.385103656034344,0,retract
0.577,0,0.00990168710939168,0,14.5,0,0.0925373692003865,0.11332613826334,0.387008703408925,0,retract
0.578,0,0.0152595262916691,0.0474065613853339,14.5,0,0.092926216170379,0.113766112189859,0.388890326572992,0,retract
0.579,0,0.0140212645917172,0.00659169439200519,14.5,0,0.0933169208843518,0.114205331569003,0.390748057102123,0,retract
0.58,0,0.0120182267929004,0,14.5,0,0.0937094589961811,0.114643756687753,0.392581429953844,0,retract
0.581,0,0.0184678388053148,0.0571655108798014,14.5,0,0.0941038056982827,0.11508134783309,0.394389983448623,0,retract
0.582,0,0.0173947940323392,0.0109565253944854,14.5,0,0.0944999357249523,0.115518065291992,0.396173259252187,0,retract
0.583,0,0.0149098234562907,0,14.5,0,0.0948978233556884,0.115953869351442,0.397930802359138,0,retract
0.584,0,0.0127798486768206,0,14.5,0,0.095297442418501,0.116388720298418,0.399662161077863,0,retract
0.585,0,0.0269436160403479,0.111926220221512,14.5,0,0.095698766293205,0.116822578419902,0.401366887016708,0,retract
0.586,0,0.023889917177022,0.00556772399706681,14.5,0,0.0961017679147028,0.117255404002873,0.403044535071413,0,retract
0.587,0,0.0204770718660189,0,14.5,0,0.0965064197762535,0.117687157334312,0.404694663413778,0,retract
0.588,0,0.0230410089501421,0.0384246314548816,14.5,0,0.0969126939327327,0.118117798701199,0.406316833481557,0,retract
0.589,0,0.019749436242979,0,14.5,0,0.0973205620038837,0.118547288390515,0.407910609969553,0,retract
0.59,0,0.0169280882082677,0,14.5,0,0.09772999517756,0.118975586689239,0.409475560821899,0,retract
0.591,0,0.015599297942117,0.00762655634521254,14.5,0,0.0981409642129617,0.119402653884352,0.411011257225507,0,retract
0.592,0,0.0133708268075288,0,14.5,0,0.0985534394438662,0.119828450262835,0.412517273604666,0,retract
0.593,0,0.0199849484083892,0.0596696780135517,14.5,0,0.0989673907818546,0.120252936111667,0.413993187616781,0,retract
0.594,0,0.021525067999857,0.0307657855486633,14.5,0,0.0993827877195343,0.12067607171783,0.415438580149207,0,retract
0.595,0,0.0184500582855917,0,14.5,0,0.0997995993337608,0.121097817368302,0.416853035317199,0,retract
0.596,0,0.0158143356733643,0,14.5,0,0.100217794288856,0.121518133350065,0.41823614046292,0,retract
0.597,0,0.0135551448628837,0,14.5,0,0.100637340839831,0.121936979950099,0.419587486155515,0,retract
0.598,0,0.012450434477965,0.00582217216845302,14.5,0,0.101058206835601,0.122354317455383,0.420906666192218,0,retract
0.599,0,0.0106718009811129,0,14.5,0,0.101480359722215,0.122770106152899,0.422193277600474,0,retract
0.6,0,0.00966577948011792,0.00362965047414817,14.5,0,0.101903766546078,0.123184306329627,0.423446920641068,0,retract
0.601,0,0.0125981001093181,0.0301920238845195,14.5,0,0.102328393957179,0.123596878272547,0.424667198812215,0,retract
0.602,0,0.0278502636160014,0.119363244656101,14.5,0,0.102754208212331,0.124007782268638,0.425853718854619,0,retract
0.603,0,0.0238716545280012,0,14.5,0,0.103181175178406,0.124416978604883,0.42700609075747,0,retract
0.604,0,0.0204614181668582,0,14.5,0,0.103609260335587,0.12482442756826,0.428123927765342,0,retract
0.605,0,0.0175383584287356,0,14.5,0,0.104038428780619,0.12523008944575,0.429206846386005,0,retract
0.606,0,0.0150328786532019,0,14.5,0,0.104468645230077,0.125633924524334,0.430254466399098,0,retract
0.607,0,0.0128853245598874,0,14.5,0,0.104899874023638,0.126035893090991,0.43126641086566,0,retract
0.608,0,0.0110445639084749,0,14.5,0,0.105332079127362,0.126435955432703,0.432242306138496,0,retract
0.609,0,0.0171390142286194,0.0537057161494865,14.5,0,0.10576522413699,0.126834071836448,0.433181781873347,0,retract
0.61,0,0.0146905836245309,0,14.5,0,0.106199272281247,0.127230202589208,0.434084471040857,0,retract
0.611,0,0.0125919288210265,0,14.5,0,0.106634186425166,0.127624307977963,0.434950009939304,0,retract
0.612,0,0.0107930818465941,0,14.5,0,0.107069929073417,0.128016348289693,0.435778038208077,0,retract
0.613,0,0.0092512130113664,0,14.5,0,0.107506462373654,0.128406283811379,0.436568198841882,0,retract
0.614,0,0.0141134926528184,0.0432871705015306,14.5,0,0.107943748119879,0.12879407483,0.437320138205648,0,retract
0.615,0,0.0120972794167015,0,14.5,0,0.108381747755814,0.129179681632537,0.438033506050114,0,retract
0.616,0,0.0164757313009146,0.0427464426061933,14.5,0,0.108820422378303,0.129563064505971,0.438707955528081,0,retract
0.617,0,0.0213596003650574,0.0506628147499141,14.5,0,0.109259732740713,0.129944183737281,0.43934314321129,0,retract
0.618,0,0.0183082288843349,0,14.5,0,0.109699639256368,0.130322999613448,0.43993872910793,0,retract
0.619,0,0.0156927676151442,0,14.5,0,0.11014010200199,0.130699472421452,0.440494376680728,0,retract
0.62,0,0.0194516554884648,0.0420049827283883,14.5,0,0.110581080721169,0.131073562448274,0.441009752865617,0,retract
0.621,0,0.0172830206229398,0.00427121142978988,14.5,0,0.111022534827841,0.131445229980893,0.441484528090947,0,retract
0.622,0,0.0148140176768055,0,14.5,0,0.111464423409795,0.131814435306291,0.441918376297235,0,retract
0.623,0,0.0146755676251799,0.013844867315426,14.5,0,0.111906705232193,0.132181138711446,0.442310974957402,0,retract
0.624,0,0.0125790579644399,0,14.5,0,0.112349338741118,0.132545300483341,0.442662005097506,0,retract
0.625,0,0.0176025022048311,0.0477431676471784,14.5,0,0.112792282067137,0.132906880908954,0.442971151317936,0,retract
0.626,0,0.0180656981469882,0.020844873799931,14.5,0,0.113235493028888,0.133265840275267,0.443238101815034,0,retract
0.627,0,0.0281147820421316,0.0884092854129916,14.5,0,0.113678929136691,0.133622138869259,0.443462548403139,0,retract
0.628,0,0.0274261183409763,0.0232941361340449,14.5,0,0.114122547596174,0.133975736977911,0.44364418653703,0,retract
0.629,0,0.0340782351392317,0.0739909359287638,14.5,0,0.114566305311935,0.134326594888203,0.443782715334727,0,retract
0.63,0,0.0292099158336272,0,14.5,0,0.115010158891212,0.134674672887115,0.443877837600662,0,retract
0.631,0,0.0250370707145376,0,14.5,0,0.11545406464759,0.135019931261628,0.443929259849149,0,retract
0.632,0,0.0214603463267465,0,14.5,0,0.115897978604721,0.135362330298722,0.443936692328191,0,retract
0.633,0,0.0321972323687443,0.0966185486207313,14.5,0,0.116341856500073,0.135701830285377,0.443899849043547,0,retract
0.634,0,0.027597627744638,0,14.5,0,0.116785653788708,0.136038391508574,0.443818447783071,0,retract
0.635,0,0.024558326084719,0.00632251612520526,14.5,0,0.117229325647073,0.136371974255292,0.443692210141289,0,retract
0.636,0,0.021164709052705,0.000803006860620558,14.5,0,0.117672826976826,0.136702538812513,0.443520861544194,0,retract
0.637,0,0.02051771134425,0.01663572509352,14.5,0,0.118116112408683,0.137030045467216,0.443304131274238,0,retract
0.638,0,0.0175866097236428,0,14.5,0,0.118559136306291,0.137354454506382,0.4430417524955,0,retract
0.639,0,0.0150742369059796,0,14.5,0,0.119001852770124,0.13767572621699,0.442733462279002,0,retract
0.64,0,0.0129207744908396,0,14.5,0,0.119444215641409,0.137993820886022,0.442379001628169,0,retract
0.641,0,0.0110749495635768,0,14.5,0,0.119886178506074,0.138308698800458,0.441978115504387,0,retract
0.642,0,0.00949281391163728,0,14.5,0,0.12032769469872,0.138620320247278,0.441530552852663,0,retract
0.643,0,0.0115651623300535,0.0239992528405508,14.5,0,0.120768717306627,0.138928645513461,0.441036066627346,0,retract
0.644,0,0.00991299628290299,0,14.5,0,0.121209199173775,0.139233634885989,0.440494413817903,0,retract
0.645,0,0.0269172418431492,0.128942715204626,14.5,0,0.121649092904899,0.139535248651842,0.439905355474722,0,retract
0.646,0,0.0236835529396691,0.0042814195187887,14.5,0,0.122088350869566,0.139833447098,0.439268656734918,0,retract
0.647,0,0.0203001882340021,0,14.5,0,0.122526925206279,0.140128190511443,0.438584086848138,0,retract
0.648,0,0.0243361747730609,0.0485520940074136,14.5,0,0.122964767826606,0.140419439179152,0.437851419202325,0,retract
0.649,0,0.0208595783769093,0,14.5,0,0.123401830419336,0.140707153388107,0.437070431349436,0,retract
0.65,0,0.0178796386087794,0,14.5,0,0.12383806445466,0.140991293425288,0.436240905031085,0,retract
0.651,0,0.0301025550229487,0.103440053507964,14.5,0,0.124273421188378,0.141271819577675,0.435362626204102,0,retract
0.652,0,0.0258021900196703,0,14.5,0,0.124707851666129,0.141548692132249,0.434435385065977,0,retract
0.653,0,0.0263066103005497,0.0293331319858261,14.5,0,0.125141306727652,0.14182187137599,0.433458976080183,0,retract
0.654,0,0.0225485231147569,0,14.5,0,0.125573737011065,0.142091317595879,0.432433198001349,0,retract
0.655,0,0.0204056062042395,0.00754810474113551,14.5,0,0.126005092957177,0.142356991078895,0.431357853900267,0,retract
0.656,0,0.0207458019996382,0.0227869767720299,14.5,0,0.126435324813815,0.142618852112019,0.430232751188726,0,retract
0.657,0,0.0177821159996898,0,14.5,0,0.126864382640187,0.142876860982232,0.429057701644137,0,retract
0.658,0,0.0152418137140199,0,14.5,0,0.127292216311263,0.143130977976513,0.427832521433946,0,retract
0.659,0,0.0142017597185803,0.00796143574594282,14.5,0,0.127718775522175,0.143381163381842,0.426557031139815,0,retract
0.66,0,0.0145978281956224,0.0169742390578749,14.5,0,0.128144009792657,0.143627377485201,0.42523105578155,0,retract
0.661,0,0.0125124241676763,0,14.5,0,0.128567868471491,0.143869580573569,0.423854424840763,0,retract
0.662,0,0.0139591159955277,0.0226392669626362,14.5,0,0.128990300740986,0.144107732933927,0.422426972284255,0,retract
0.663,0,0.0119649565675952,0,14.5,0,0.129411255621482,0.144341794853255,0.420948536587095,0,retract
0.664,0,0.0102556770579387,0,14.5,0,0.129830681975868,0.144571726618533,0.419418960755393,0,retract
0.665,0,0.00908464403819444,0.00205844591972861,14.5,0,0.130248528514133,0.144797488516742,0.417838092348744,0,retract
0.666,0,0.010478769603995,0.018843522998798,14.5,0,0.13066474379793,0.145019040834862,0.416205783502321,0,retract
0.667,0,0.0154908067004782,0.0455630292793775,14.5,0,0.131079276245168,0.145236343859873,0.414521890948623,0,retract
0.668,0,0.0199410541657525,0.0466425389573984,14.5,0,0.131492074134622,0.145449357878755,0.412786276038852,0,retract
0.669,0,0.0216783693249334,0.0321022602800186,14.5,0,0.131903085610566,0.145658043178489,0.410998804763892,0,retract
0.67,0,0.0296848940851187,0.0777240426462307,14.5,0,0.132312258687426,0.145862360046054,0.409159347774913,0,retract
0.671,0,0.0329481138850713,0.052527432684787,14.5,0,0.132719541254455,0.146062268768433,0.407267780403554,0,retract
0.672,0,0.0282412404729183,0,14.5,0,0.13312488108042,0.146257729632604,0.405323982681685,0,retract
0.673,0,0.0294013541930943,0.0363620365141503,14.5,0,0.133528225818324,0.146448702925547,0.403327839360739,0,retract
0.674,0,0.0257371984613093,0.00375226407059954,14.5,0,0.13392952301013,0.146635148934244,0.401279239930608,0,retract
0.675,0,0.0220604558239794,0,14.5,0,0.134328720091514,0.146817027945674,0.399178078638069,0,retract
0.676,0,0.0189089621348395,0,14.5,0,0.134725764396632,0.146994300246819,0.397024254504762,0,retract
0.677,0,0.0247442357510532,0.0597558774483354,14.5,0,0.135120603162908,0.147166926124657,0.394817671344681,0,retract
0.678,0,0.0255039987126263,0.0300625764820646,14.5,0,0.135513183535833,0.147334865866169,0.392558237781193,0,retract
0.679,0,0.0218605703251082,0,14.5,0,0.13590345257379,0.147498079758336,0.390245867263555,0,retract
0.68,0,0.0202940426118256,0.0108948763321297,14.5,0,0.136291357252884,0.147656528088138,0.387880478082939,0,retract
0.681,0,0.0173948936672791,0,14.5,0,0.136676844471795,0.147810171142556,0.385461993387937,0,retract
0.682,0,0.0149099088576678,0,14.5,0,0.137059861056647,0.147958969208569,0.382990341199566,0,retract
0.683,0,0.0146810175417016,0.0133076696459047,14.5,0,0.137440353765884,0.148102882573157,0.380465454425736,0,retract
0.684,0,0.015167435402875,0.0180859425699155,14.5,0,0.137818269295169,0.148241871523302,0.377887270875195,0,retract
0.685,0,0.01300065891675,0,14.5,0,0.138193554282291,0.148375896345983,0.375255733270941,0,retract
0.686,0,0.0111434219286429,0,14.5,0,0.138566155312085,0.148504917328181,0.37257078926309,0,retract
0.687,0,0.0123416151433563,0.0195307744316365,14.5,0,0.138936018921368,0.148628894756875,0.369832391441194,0,retract
0.688,0,0.0181370878664169,0.0529099242047806,14.5,0,0.139303091603883,0.148747788919047,0.367040497346022,0,retract
0.689,0,0.0199318615121385,0.0307005033864685,14.5,0,0.139667319815255,0.148861560101677,0.364195069480777,0,retract
0.69,0,0.0170844527246902,0,14.5,0,0.140028649977964,0.148970168591744,0.361296075321756,0,retract
0.691,0,0.0155041466492783,0.00602231019680728,14.5,0,0.140387028486315,0.14907357467623,0.358343487328456,0,retract
0.692,0,0.0182567717741097,0.0347725225230982,14.5,0,0.140742401711432,0.149171738642114,0.355337282953112,0,retract
0.693,0,0.0294543712554127,0.0966399681432308,14.5,0,0.141094716006252,0.149264620776376,0.352277444649671,0,retract
0.694,0,0.0252466039332109,0,14.5,0,0.141443917710528,0.149352181365998,0.349163959882207,0,retract
0.695,0,0.0276388136296736,0.0419920718084497,14.5,0,0.141789953155849,0.149434380697959,0.345996821132758,0,retract
0.696,0,0.0236904116825774,0,14.5,0,0.142132768670651,0.149511179059239,0.342776025908607,0,retract
0.697,0,0.0203060671564949,0,14.5,0,0.142472310585251,0.14958253673682,0.33950157674899,0,retract
0.698,0,0.0174052004198528,0,14.5,0,0.142808525236881,0.14964841401768,0.33617348123124,0,retract
0.699,0,0.0196273777548406,0.0329604417647677,14.5,0,0.14314135897472,0.149708771188801,0.332791751976362,0,retract
0.7,0,0.022730167524338,0.0413469061413225,14.5,0,0.143470758164946,0.149763568537163,0.329356406654055,0,retract
0.701,0,0.0194830007351469,0,14.5,0,0.143796669195781,0.149812766349746,0.32586746798716,0,retract
0.702,0,0.0183359548317957,0.0114536794116883,14.5,0,0.144119038482544,0.14985632491353,0.322324963755556,0,retract
0.703,0,0.0157165327129677,0,14.5,0,0.144437812472709,0.149894204515495,0.318728926799504,0,retract
0.704,0,0.0136945610051188,0.00156273075802532,14.5,0,0.144752937650961,0.149926365442623,0.315079395022429,0,retract
0.705,0,0.0117381951472447,0,14.5,0,0.145064360544259,0.149952767981893,0.311376411393167,0,retract
0.706,0,0.0100613101262097,0,14.5,0,0.145372027726902,0.149973372420285,0.307620023947656,0,retract
0.707,0,0.00862398010817977,0,14.5,0,0.145675885825588,0.14998813904478,0.303810285790098,0,retract
0.708,0,0.0112714369471898,0.0271561779812499,14.5,0,0.145975881524482,0.149997028142358,0.299947255093584,0,retract
0.709,0,0.0131710844430199,0.0245689694180008,14.5,0,0.146271961570285,0.15,0.296030995100192,0,retract
0.71,0,0.0150944343822768,0.0266345340178178,14.5,0,0.146564072777289,0.15,0.292061574120568,0,retract
0.711,0,0.0189438512616294,0.0420403525377455,14.5,0,0.146852248721737,0.15,0.288125779149965,0,retract
0.712,0,0.0162375867956824,0,14.5,0,0.147136522870461,0.15,0.284223499234965,0,retract
0.713,0,0.0217543745459042,0.0548551010472348,14.5,0,0.147416928577888,0.15,0.280354620458605,0,retract
0.714,0,0.0204538344358666,0.0126505937756411,14.5,0,0.147693499083109,0.15,0.276519026010851,0,retract
0.715,0,0.0238294402263626,0.0440830749693387,14.5,0,0.147966267507028,0.15,0.272716596258796,0,retract
0.716,0,0.0204252344797394,0,14.5,0,0.148235266849574,0.15,0.268947208816552,0,retract
0.717,0,0.0233802912271125,0.0411106317113515,14.5,0,0.148500529986983,0.15,0.265210738614783,0,retract
0.718,0,0.0200402496232393,0,14.5,0,0.148762089669155,0.15,0.261507057969854,0,retract
0.719,0,0.0171773568199194,0,14.5,0,0.149019978517079,0.15,0.257836036652548,0,retract
0.72,0,0.025535513693152,0.0756844549325476,14.5,0,0.149274229020322,0.15,0.254197541956335,0,retract
0.721,0,0.0218875831655589,0,14.5,0,0.149524873534593,0.15,0.250591438765145,0,retract
0.722,0,0.018760785570479,0,14.5,0,0.149771944279369,0.15,0.247017589620635,0,retract
0.723,0,0.0181537192639268,0.0145113214246136,14.5,0,0.150015473335595,0.15,0.24347585478892,0,retract
0.724,0,0.0229265485447183,0.051563524229467,14.5,0,0.150255492643442,0.15,0.239966092326738,0,retract
0.725,0,0.0264493093515045,0.0475858741922219,14.5,0,0.15049203400014,0.15,0.236488158147048,0,retract
0.726,0,0.0332165892390821,0.0738202685645478,14.5,0,0.15072512905787,0.15,0.233041906084015,0,retract
0.727,0,0.0371805057622523,0.0609640049012735,14.5,0,0.150954809321726,0.15,0.229627187957398,0,retract
0.728,0,0.0318690049390734,0,14.5,0,0.151181106147735,0.15,0.226243853636293,0,retract
0.729,0,0.0273162899477772,0,14.5,0,0.151404050740948,0.15,0.222891751102243,0,retract
0.73,0,0.0234139628123805,0,14.5,0,0.151623674153587,0.15,0.219570726511691,0,retract
0.731,0,0.0200691109820404,0,14.5,0,0.15184000728326,0.15,0.216280624257756,0,retract
0.732,0,0.0194621945880773,0.0158206962242983,14.5,0,0.152053080871234,0.15,0.213021287031348,0,retract
0.733,0,0.0228487474397055,0.043168064549475,14.5,0,0.15226292550077,0.15,0.209792555881583,0,retract
0.734,0,0.0268368596712203,0.0507655330603094,14.5,0,0.152469571595519,0.15,0.206594270275508,0,retract
0.735,0,0.0263074401053472,0.0231309227101086,14.5,0,0.152673049417974,0.15,0.203426268157125,0,retract
0.736,0,0.0225492343760119,0,14.5,0,0.152873389067986,0.15,0.200288386005705,0,retract
0.737,0,0.0193279151794388,0,14.5,0,0.153070620481336,0.15,0.197180458893387,0,retract
0.738,0,0.0206631523822473,0.0286745755990986,14.5,0,0.15326477342836,0.15,0.194102320542062,0,retract
0.739,0,0.0193353164977356,0.011368301190665,14.5,0,0.153455877512639,0.15,0.191053803379524,0,retract
0.74,0,0.0165731284266305,0,14.5,0,0.153643962169734,0.15,0.188034738594903,0,retract
0.741,0,0.0142055386513976,0,14.5,0,0.153829056665989,0.15,0.185044956193361,0,retract
0.742,0,0.0121761759869122,0,14.5,0,0.154011190097378,0.15,0.182084285050059,0,retract
0.743,0,0.0200773605322888,0.0674844678045481,14.5,0,0.154190391388407,0.15,0.179152552963387,0,retract
0.744,0,0.0276291792618863,0.0729400916394713,14.5,0,0.154366689291075,0.15,0.176249586707452,0,retract
0.745,0,0.0391597455145442,0.108343143030492,14.5,0,0.154540112383883,0.15,0.173375212083836,0,retract
0.746,0,0.0383035471651643,0.0331663570688848,14.5,0,0.154710689070891,0.15,0.170529253972606,0,retract
0.747,0,0.0328316118558551,0,14.5,0,0.154878447580831,0.15,0.167711536382593,0,retract
0.748,0,0.0383176659466895,0.071233990491696,14.5,0,0.155043415966269,0.15,0.164921882500924,0,retract
0.749,0,0.032843713668591,0,14.5,0,0.155205622102814,0.15,0.162160114741815,0,retract
0.75,0,0.0332367202745567,0.0355947599103509,14.5,0,0.155365093688378,0.15,0.159426054794631,0,retract
0.751,0,0.0284886173781915,0,14.5,0,0.155521858242479,0.15,0.1567195236712,0,retract
0.752,0,0.0244188148955927,0,14.5,0,0.155675943105597,0.15,0.154040341752394,0,retract
0.753,0,0.0282988317868698,0.0515789331345324,14.5,0,0.155827375438572,0.15,0.151388328833973,0,retract
0.754,0,0.0242561415316027,0,14.5,0,0.15597618222205,0.15,0.148763304171696,0,retract
0.755,0,0.0350214241699,0.0996131199996841,14.5,0,0.156122390255968,0.15,0.146165086525701,0,retract
0.756,0,0.0318194755554756,0.0126077838689288,14.5,0,0.156266026159094,0.15,0.14359349420415,0,retract
0.757,0,0.0272738361904076,0,14.5,0,0.156407116368599,0.15,0.141048345106149,0,retract
0.758,0,0.0233775738774923,0,14.5,0,0.156545687139676,0.15,0.138529456763947,0,retract
0.759,0,0.0200379204664219,0,14.5,0,0.156681764545203,0.15,0.136036646384404,0,retract
0.76,0,0.0185494442542688,0.00961858698135014,14.5,0,0.15681537447544,0.15,0.133569730889748,0,retract
0.761,0,0.0204287591149932,0.0317046482793398,14.5,0,0.15694654263778,0.15,0.131128526957607,0,retract
0.762,0,0.0175103649557085,0,14.5,0,0.15707529455652,0.15,0.128712851060336,0,retract
0.763,0,0.0150088842477501,0,14.5,0,0.157201655572689,0.15,0.126322519503631,0,retract
0.764,0,0.0210918587870541,0.0575897060228777,14.5,0,0.157325650843903,0.15,0.123957348464431,0,retract
0.765,0,0.0180787361031892,0,14.5,0,0.157447305344265,0.15,0.121617154028129,0,retract
0.766,0,0.0274144989256599,0.0834290758604842,14.5,0,0.157566643864292,0.15,0.119301752225071,0,retract
0.767,0,0.0327784782743886,0.0649623543667605,14.5,0,0.15768369101089,0.15,0.117010959066373,0,retract
0.768,0,0.0280958385209045,0,14.5,0,0.157798471207353,0.15,0.11474459057904,0,retract
0.769,0,0.026894980014299,0.0196898289746661,14.5,0,0.157911008693407,0.15,0.112502462840397,0,retract
0.77,0,0.0230528400122563,0,14.5,0,0.158021327525279,0.15,0.110284392011844,0,retract
0.771,0,0.0198927607217081,0.000932284978418925,14.5,0,0.158129451575806,0.15,0.108090194371931,0,retract
0.772,0,0.0223777688264887,0.037287817455172,14.5,0,0.15823540453457,0.15,0.105919686348755,0,retract
0.773,0,0.0191809447084189,0,14.5,0,0.158339209908076,0.15,0.103772684551699,0,retract
0.774,0,0.0164408097500733,0,14.5,0,0.158440891019945,0.15,0.101649005802497,0,retract
0.775,0,0.01409212264292,0,14.5,0,0.158540471011155,0.15,0.0995484671656438,0,retract
0.776,0,0.01207896226536,0,14.5,0,0.158637972840298,0.15,0.0974708859781574,0,retract
0.777,0,0.0103533962274514,0,14.5,0,0.158733419283876,0.15,0.0954160798786809,0,retract
0.778,0,0.0164620630360882,0.0531140638879091,14.5,0,0.158826832936618,0.15,0.0933838668359509,0,retract
0.779,0,0.0141103397452185,0,14.5,0,0.158918236211833,0.15,0.091374065176621,0,retract
0.78,0,0.0130008245599678,0.00634373344846343,14.5,0,0.159007651341781,0.15,0.0893864936124556,0,retract
0.781,0,0.0111435639085438,0,14.5,0,0.15909510037808,0.15,0.0874209712668951,0,retract
0.782,0,0.00955162620732325,0,14.5,0,0.159180605192135,0.15,0.0854773177009976,0,retract
0.783,0,0.00904157494914096,0.00598126740004722,14.5,0,0.15926418747559,0.15,0.0835553529387647,0,retract
0.784,0,0.016995508096929,0.0647191069836572,14.5,0,0.159345868740808,0.15,0.0816548974918558,0,retract
0.785,0,0.0145675783687963,0,14.5,0,0.159425670321376,0.15,0.0797757723836961,0,retract
0.786,0,0.0124864957446825,0,14.5,0,0.159503613372633,0.15,0.0779177991729851,0,retract
0.787,0,0.0134071912702972,0.0189313644239855,14.5,0,0.159579718872216,0.15,0.0760807999766102,0,retract
0.788,0,0.0194982963848791,0.0560449270723703,14.5,0,0.15965400762064,0.15,0.0742645974919719,0,retract
0.789,0,0.0167128254727535,0,14.5,0,0.159726500241886,0.15,0.072469015018726,0,retract
0.79,0,0.0143252789766459,0,14.5,0,0.159797217184022,0.15,0.0706938764799495,0,retract
0.791,0,0.0142045396113221,0.0134801034193793,14.5,0,0.159866178719838,0.15,0.0689390064427339,0,retract
0.792,0,0.0121753196668475,0,14.5,0,0.159933404947503,0.15,0.0672042301382157,0,retract
0.793,0,0.0148848350969553,0.0311419276776021,14.5,0,0.159998915791243,0.15,0.0654893734810453,0,retract
0.794,0,0.0257691141465869,0.0910747884443766,14.5,0,0.160062731002035,0.15,0.063794263088305,0,retract
0.795,0,0.0220878121256459,0,14.5,0,0.160124870158325,0.15,0.0621187262978785,0,retract
0.796,0,0.0189324103934108,0,14.5,0,0.160185352666754,0.15,0.06046259118628,0,retract
0.797,0,0.0162277803372093,0,14.5,0,0.160244197762915,0.15,0.058825686585949,0,retract
0.798,0,0.0146076665746876,0.00488698399955795,14.5,0,0.160301424512114,0.15,0.0572078421020155,0,retract
0.799,0,0.0236071555362676,0.0776040893057471,14.5,0,0.160357051810158,0.15,0.0556088881285432,0,retract
0.8,0,0.020963677448562,0.00510280892232829,14.5,0,0.16041109838415,0.15,0.054028655864257,0,retract
0.801,0,0.0179688663844817,0,14.5,0,0.160463582793303,0.15,0.0524669773277591,0,retract
0.802,0,0.0154018854724129,0,14.5,0,0.160514523429775,0.15,0.0509236853722429,0,retract
0.803,0,0.0155130636357263,0.016180132615607,14.5,0,0.160563938519506,0.15,0.0493986136997076,0,retract
0.804,0,0.0227124247738822,0.0659085916028179,14.5,0,0.160611846123078,0.15,0.0478915968746835,0,retract
0.805,0,0.0194677926633276,0,14.5,0,0.160658264136585,0.15,0.0464024703374705,0,retract
0.806,0,0.0166866794257094,0,14.5,0,0.160703210292518,0.15,0.0449310704168989,0,retract
0.807,0,0.0191798179492321,0.0341386490903679,14.5,0,0.160746702160661,0.15,0.0434772343426175,0,retract
0.808,0,0.0164398439564846,0,14.5,0,0.160788757148997,0.15,0.0420408002569152,0,retract
0.809,0,0.0227347134049996,0.0605039300960893,14.5,0,0.16082939250463,0.15,0.0406216072260845,0,retract
0.81,0,0.0194868972042853,0,14.5,0,0.160868625314712,0.15,0.0392194952513286,0,retract
0.811,0,0.0167030547465303,0,14.5,0,0.160906472507388,0.15,0.0378343052792241,0,retract
0.812,0,0.0246213778128363,0.0721313162106722,14.5,0,0.160942950852746,0.15,0.0364658792117417,0,retract
0.813,0,0.0211040381252882,0,14.5,0,0.160978076963775,0.15,0.0351140599158318,0,retract
0.814,0,0.0180891755359614,0,14.5,0,0.16101186729734,0.15,0.0337786912325832,0,retract
0.815,0,0.0155050076022526,0,14.5,0,0.161044338155157,0.15,0.0324596179859586,0,retract
0.816,0,0.0164616135225608,0.02220124904441,14.5,0,0.161075505684782,0.15,0.0311566859911157,0,retract
0.817,0,0.0141099544479092,0,14.5,0,0.161105385880607,0.15,0.0298697420623173,0,retract
0.818,0,0.0120942466696365,0,14.5,0,0.161133994584863,0.15,0.0285986340204406,0,retract
0.819,0,0.0103664971454027,0,14.5,0,0.161161347488627,0.15,0.0273432107000872,0,retract
0.82,0,0.0100398774502204,0.00808015927912652,14.5,0,0.161187460132846,0.15,0.0261033219563046,0,retract
0.821,0,0.00860560924304606,0,14.5,0,0.161212347909353,0.15,0.024878818670922,0,retract
0.822,0,0.0171356311758088,0.0683157627723855,14.5,0,0.1612360260619,0.15,0.0236695527585085,0,retract
0.823,0,0.0234964785174362,0.0616615625672006,14.5,0,0.161258509687196,0.15,0.0224753771719598,0,retract
0.824,0,0.0201398387292311,0,14.5,0,0.161279813735942,0.15,0.0212961459077178,0,retract
0.825,0,0.0172627189107695,0,14.5,0,0.161299953013881,0.15,0.0201317140106325,0,retract
0.826,0,0.0156822870228714,0.00619969569548299,14.5,0,0.161318942182844,0.15,0.0189819375784683,0,retract
0.827,0,0.0210681578996759,0.0533833831605032,14.5,0,0.16133679576181,0.15,0.0178466737660649,0,retract
0.828,0,0.0180584210568651,0,14.5,0,0.161353528127957,0.15,0.0167257807891552,0,retract
0.829,0,0.0182891311696532,0.0196733918463817,14.5,0,0.161369153517731,0.15,0.0156191179278497,0,retract
0.83,0,0.0219362687172961,0.0438190940031536,14.5,0,0.161383686027907,0.15,0.0145265455297898,0,retract
0.831,0,0.0217304939496436,0.0204958453437289,14.5,0,0.161397139616657,0.15,0.0134479250129788,0,retract
0.832,0,0.0186261376711231,0,14.5,0,0.161409528104623,0.15,0.0123831188682964,0,retract
0.833,0,0.0229823040034948,0.0491193019977248,14.5,0,0.161420865175986,0.15,0.0113319906617002,0,retract
0.834,0,0.0207964103549169,0.00768104846344942,14.5,0,0.161431164379545,0.15,0.0102944050361232,0,retract
0.835,0,0.0178254945899288,0,14.5,0,0.16144043912979,0.15,0.00927022771307058,0,retract
0.836,0,0.0152789953627961,0,14.5,0,0.161448702707984,0.15,0.00825932549392385,0,retract
0.837,0,0.0154799768977216,0.016685866107275,14.5,0,0.161455968263235,0.15,0.00726156626095615,0,retract
0.838,0,0.0151378411029272,0.0130850263341607,14.5,0,0.161462248813584,0.15,0.00627681897806574,0,retract
0.839,0,0.0253086733087925,0.0863336665439844,14.5,0,0.16146755724708,0.15,0.00530495369123285,0,retract
0.84,0,0.0322821114782529,0.0741227404950148,14.5,0,0.161471906322862,0.15,0.00434584152870595,0,retract
0.841,0,0.0276703812670739,0,14.5,0,0.161475308672239,0.15,0.00339935470092259,0,retract
0.842,0,0.0237174696574919,0,14.5,0,0.16147777679977,0.15,0.00246536650017102,0,retract
0.843,0,0.0285663344263602,0.0576595230395703,14.5,0,0.161479323084347,0.15,0.00154375129999741,0,retract
0.844,0,0.0244854295083088,0,14.5,0,0.161479959780269,0.15,0.000634384554364631,0,retract
0.845,0,0.0209875110071218,0,14.5,0,0.161479699018323,0.15,-0.000262857203431611,0.000262857203431611,retract
0.846,0,0.0280902858529271,0.0707069349277588,14.5,0,0.161478552806859,0.15,-0.0011480963620846,0.0011480963620846,retract
0.847,0,0.0240773878739375,0,14.5,0,0.161476533032868,0.15,-0.00202145423383068,0.00202145423383068,retract
0.848,0,0.0206377610348036,0,14.5,0,0.161473651463051,0.15,-0.0028830510562298,0.0028830510562298,retract
0.849,0,0.0179386268308627,0.00174382160721778,14.5,0,0.161469919744895,0.15,-0.00373300599416812,0.00373300599416812,retract
0.85,0,0.0153759658550252,0,14.5,0,0.16146534940774,0.15,-0.00457143714207676,0.00457143714207676,retract
0.851,0,0.0131793993043073,0,14.5,0,0.161459951863844,0.15,-0.00539846152636146,0.00539846152636146,retract
0.852,0,0.0154310132966953,0.0289406972510228,14.5,0,0.161453738409452,0.15,-0.00621419510803875,0.00621419510803875,retract
0.853,0,0.0238974752908335,0.0746962472556631,14.5,0,0.161446720225856,0.15,-0.00701875278557249,0.00701875278557249,retract
0.854,0,0.0204835502492859,0,14.5,0,0.161438908380448,0.15,-0.00781224839790664,0.00781224839790664,retract
0.855,0,0.0175573287851022,0,14.5,0,0.161430313827785,0.15,-0.00859479472768863,0.00859479472768863,retract
0.856,0,0.015049138958659,0,14.5,0,0.161420947410635,0.15,-0.00936650350467848,0.00936650350467848,retract
0.857,0,0.0128992619645649,0,14.5,0,0.161410819861025,0.15,-0.0101274854093395,0.0101274854093395,retract
0.858,0,0.0110565102553413,0,14.5,0,0.161399941801288,0.15,-0.0108778500766046,0.0108778500766046,retract
0.859,0,0.00947700879029255,0,14.5,0,0.161388323745106,0.15,-0.0116177060998137,0.0116177060998137,retract
0.86,0,0.0131052585754575,0.0348747572864472,14.5,0,0.16137597609854,0.15,-0.0123471610348184,0.0123471610348184,retract
0.861,0,0.0112330787789636,0,14.5,0,0.161362909161071,0.15,-0.0130663214042485,0.0130663214042485,retract
0.862,0,0.00962835323911164,0,14.5,0,0.161349133126621,0.15,-0.0137752927019348,0.0137752927019348,retract
0.863,0,0.015846566067877,0.0531558430404694,14.5,0,0.161334658084581,0.15,-0.0144741793974856,0.0144741793974856,retract
0.864,0,0.0149975542484295,0.00990348333174414,14.5,0,0.161319494020828,0.15,-0.0151630849410107,0.0151630849410107,retract
0.865,0,0.0128550464986538,0,14.5,0,0.161303650818742,0.15,-0.0158421117679897,0.0158421117679897,retract
0.866,0,0.0110186112845604,0,14.5,0,0.161287138260211,0.15,-0.0165113613042784,0.0165113613042784,retract
0.867,0,0.0109249174067261,0.0103627541397201,14.5,0,0.161269966026639,0.15,-0.017170933971251,0.017170933971251,retract
0.868,0,0.0184465031909948,0.0635760178966067,14.5,0,0.161252143699941,0.15,-0.0178209291910725,0.0178209291910725,retract
0.869,0,0.0158112884494241,0,14.5,0,0.16123368076354,0.15,-0.0184614453920967,0.0184614453920967,retract
0.87,0,0.0142566014116596,0.00492847918507257,14.5,0,0.161214586603354,0.15,-0.0190925800143872,0.0190925800143872,retract
0.871,0,0.0122199440671368,0,14.5,0,0.161194870508778,0.15,-0.0197144295153557,0.0197144295153557,retract
0.872,0,0.0137068960084746,0.0226286076565013,14.5,0,0.16117454167366,0.15,-0.0203270893755139,0.0203270893755139,retract
0.873,0,0.0117487680072639,0,14.5,0,0.161153609197273,0.15,-0.0209306541043351,0.0209306541043351,retract
0.874,0,0.0100703725776548,0,14.5,0,0.161132082085281,0.15,-0.0215252172462219,0.0215252172462219,retract
0.875,0,0.0114259063306513,0.0195591088486305,14.5,0,0.161109969250694,0.15,-0.022110871386575,0.022110871386575,retract
0.876,0,0.0103833718779579,0.00412816516179735,14.5,0,0.161087279514825,0.15,-0.0226877081579605,0.0226877081579605,retract
0.877,0,0.00890003303824962,0,14.5,0,0.161064021608234,0.15,-0.0232558182463704,0.0232558182463704,retract
0.878,0,0.0076285997470711,0,14.5,0,0.16104020417167,0.15,-0.0238152913975739,0.0238152913975739,retract
0.879,0,0.0163310009109528,0.0685454078942432,14.5,0,0.161015835757002,0.15,-0.0243662164235553,0.0243662164235553,retract
0.88,0,0.0187453616879886,0.0332315263502033,14.5,0,0.16099092482815,0.15,-0.0249086812090337,0.0249086812090337,retract
0.881,0,0.0163005497603364,0.00163167819442281,14.5,0,0.160965479762003,0.15,-0.0254427727180636,0.0254427727180636,retract
0.882,0,0.0153120356144789,0.00938095073933417,14.5,0,0.160939508849333,0.15,-0.0259685770007092,0.0259685770007092,retract
0.883,0,0.0131246019552676,0,14.5,0,0.160913020295706,0.15,-0.0264861791997923,0.0264861791997923,retract
0.884,0,0.0112496588188008,0,14.5,0,0.160886022222375,0.15,-0.026995663557708,0.026995663557708,retract
0.885,0,0.0137342505906699,0.0286418012218841,14.5,0,0.160858522667184,0.15,-0.0274971134233062,0.0274971134233062,retract
0.886,0,0.0117722147920027,0,14.5,0,0.160830529585445,0.15,-0.0279906112588349,0.0279906112588349,retract
0.887,0,0.0218124960795622,0.0820541838049189,14.5,0,0.160802050850824,0.15,-0.0284762386469414,0.0284762386469414,retract
0.888,0,0.0310103572280603,0.0861975241190492,14.5,0,0.160773094256211,0.15,-0.0289540762977299,0.0289540762977299,retract
0.889,0,0.0305014497093984,0.0274480045974267,14.5,0,0.160743667514588,0.15,-0.0294242040558711,0.0294242040558711,retract
0.89,0,0.0261440997509129,0,14.5,0,0.160713778259885,0.15,-0.02988670090776,0.02988670090776,retract
0.891,0,0.0224092283579253,0,14.5,0,0.160683434047831,0.15,-0.0303416449887207,0.0303416449887207,retract
0.892,0,0.0192079100210789,0,14.5,0,0.160652642356801,0.15,-0.0307891135902535,0.0307891135902535,retract
0.893,0,0.0203392167037257,0.027127056799607,14.5,0,0.160621410588653,0.15,-0.0312291831673227,0.0312291831673227,retract
0.894,0,0.0174336143174792,0,14.5,0,0.160589746069552,0.15,-0.03166192934568,0.03166192934568,retract
0.895,0,0.0199077831104448,0.0347527958682384,14.5,0,0.160557656050799,0.15,-0.032087426929224,0.032087426929224,retract
0.896,0,0.017063814094667,0,14.5,0,0.160525147709643,0.15,-0.0325057499073897,0.0325057499073897,retract
0.897,0,0.016880527794058,0.0157808099904039,14.5,0,0.160492228150086,0.15,-0.0329169714625667,0.0329169714625667,retract
0.898,0,0.0227552511775476,0.0580035914784857,14.5,0,0.160458904403687,0.15,-0.033321163977544,0.033321163977544,retract
0.899,0,0.0242281285394353,0.0330653927107615,14.5,0,0.160425183430353,0.15,-0.0337183990429776,0.0337183990429776,retract
0.9,0,0.020766967319516,0,14.5,0,0.160391072119124,0.15,-0.0341087474648781,0.0341087474648781,retract
0.901,0,0.0178002577024423,0,14.5,0,0.16035657728895,0.15,-0.0344922792721175,0.0344922792721175,retract
0.902,0,0.0152573637449505,0,14.5,0,0.160321705689461,0.15,-0.0348690637239509,0.0348690637239509,retract
0.903,0,0.0130777403528147,0,14.5,0,0.160286464001732,0.15,-0.0352391693175506,0.0352391693175506,retract
0.904,0,0.0192908548576023,0.0565695418863275,14.5,0,0.160250858839034,0.15,-0.0356026637955525,0.0356026637955525,retract
0.905,0,0.0165350184493734,0,14.5,0,0.160214896747585,0.15,-0.035959614153609,0.035959614153609,retract
0.906,0,0.0205879706868482,0.0449056841116969,14.5,0,0.160178584207289,0.15,-0.0363100866479492,0.0363100866479492,retract
0.907,0,0.0176468320172984,0,14.5,0,0.160141927632467,0.15,-0.0366541468029418,0.0366541468029418,retract
0.908,0,0.0151258560148272,0,14.5,0,0.160104933372582,0.15,-0.0369918594186606,0.0369918594186606,retract
0.909,0,0.0278121693477973,0.103930049345618,14.5,0,0.160067607712958,0.15,-0.0373232885784478,0.0373232885784478,retract
0.91,0,0.0457489266770025,0.153369470652233,14.5,0,0.160029956875489,0.15,-0.0376484976564757,0.0376484976564757,retract
0.911,0,0.0441557204495476,0.0345964830848185,14.5,0,0.159991987019341,0.15,-0.0379675493253033,0.0379675493253033,retract
0.912,0,0.0391509052246773,0.00912201387545494,14.5,0,0.159953704241645,0.15,-0.0382805055634256,0.0382805055634256,retract
0.913,0,0.0335579187640091,0,14.5,0,0.159915114578187,0.15,-0.0385874276628139,0.0385874276628139,retract
0.914,0,0.0287639303691506,0,14.5,0,0.159876224004085,0.15,-0.0388883762364458,0.0388883762364458,retract
0.915,0,0.0287904651242764,0.0289496736550308,14.5,0,0.159837038434463,0.15,-0.0391834112258219,0.0391834112258219,retract
0.916,0,0.0279835164534298,0.0231418244283507,14.5,0,0.159797563725115,0.15,-0.0394725919084684,0.0394725919084684,retract
0.917,0,0.023985871245797,0,14.5,0,0.159757805673161,0.15,-0.0397559769054227,0.0397559769054227,retract
0.918,0,0.0236905970247343,0.0219189516983578,14.5,0,0.159717770017698,0.15,-0.0400336241887012,0.0400336241887012,retract
0.919,0,0.0203062260212008,0,14.5,0,0.159677462440441,0.15,-0.0403055910887472,0.0403055910887472,retract
0.92,0,0.0338384549701898,0.115031828664124,14.5,0,0.159636888566359,0.15,-0.0405719343018571,0.0405719343018571,retract
0.921,0,0.0316790860934556,0.0187228728330504,14.5,0,0.159596053964301,0.15,-0.0408327098975835,0.0408327098975835,retract
0.922,0,0.027971169945737,0.00572367305942523,14.5,0,0.159554964147617,0.15,-0.0410879733261134,0.0410879733261134,retract
0.923,0,0.0239752885249174,0,14.5,0,0.159513624574772,0.15,-0.0413377794256202,0.0413377794256202,retract
0.924,0,0.0205502473070721,0,14.5,0,0.159472040649947,0.15,-0.0415821824295875,0.0415821824295875,retract
0.925,0,0.0189797364979846,0.00955667164345936,14.5,0,0.159430217723641,0.15,-0.0418212359741044,0.0418212359741044,retract
0.926,0,0.016268345569701,0,14.5,0,0.15938816109326,0.15,-0.0420549931051287,0.0420549931051287,retract
0.927,0,0.0220220192618512,0.0565440614147524,14.5,0,0.159345876003702,0.15,-0.0422835062857198,0.0422835062857198,retract
0.928,0,0.0188760165101582,0,14.5,0,0.159303367647931,0.15,-0.0425068274032361,0.0425068274032361,retract
0.929,0,0.0161794427229927,0,14.5,0,0.159260641167548,0.15,-0.0427250077764993,0.0427250077764993,retract
0.93,0,0.0138680937625652,0,14.5,0,0.159217701653352,0.15,-0.0429380981629216,0.0429380981629216,retract
0.931,0,0.0119649787777295,0.000546288868715255,14.5,0,0.159174554145898,0.15,-0.0431461487655962,0.0431461487655962,retract
0.932,0,0.0209527951037624,0.0748796930599597,14.5,0,0.159131203636039,0.15,-0.043349209240349,0.043349209240349,retract
0.933,0,0.0179595386603678,0,14.5,0,0.159087655065472,0.15,-0.0435473287027509,0.0435473287027509,retract
0.934,0,0.0240913332326815,0.060882100666564,14.5,0,0.15904391332727,0.15,-0.043740555735089,0.043740555735089,retract
0.935,0,0.0206497141994413,0,14.5,0,0.158999983266411,0.15,-0.0439289383932963,0.0439289383932963,retract
0.936,0,0.0295845611254703,0.0831936426816443,14.5,0,0.158955869680292,0.15,-0.0441125242138385,0.0441125242138385,retract
0.937,0,0.0256110564856238,0.00177002864654481,14.5,0,0.158911577319252,0.15,-0.0442913602205568,0.0442913602205568,retract
0.938,0,0.0219523341305347,0,14.5,0,0.158867110887069,0.15,-0.0444654929314655,0.0444654929314655,retract
0.939,0,0.022964584767186,0.029038088587094,14.5,0,0.158822475041465,0.15,-0.0446349683655046,0.0446349683655046,retract
0.94,0,0.0318037814962465,0.0848389618706097,14.5,0,0.1587776743946,0.15,-0.0447998320492449,0.0447998320492449,retract
0.941,0,0.0272603841396399,0,14.5,0,0.158732713513552,0.15,-0.0449601290235459,0.0449601290235459,retract
0.942,0,0.0233660435482628,0,14.5,0,0.158687596920806,0.15,-0.045115903850165,0.045115903850165,retract
0.943,0,0.0200280373270824,0,14.5,0,0.158642329094718,0.15,-0.0452672006183179,0.0452672006183179,retract
0.944,0,0.0173407837343154,0.00121726217771321,14.5,0,0.158596914469988,0.15,-0.0454140629511884,0.0454140629511884,retract
0.945,0,0.0209953334072964,0.0429226314451828,14.5,0,0.158551357438117,0.15,-0.0455565340123877,0.0455565340123877,retract
0.946,0,0.026509613430804,0.0595952935718497,14.5,0,0.158505662347863,0.15,-0.0456946565123624,0.0456946565123624,retract
0.947,0,0.022722525797832,0,14.5,0,0.158459833505687,0.15,-0.04582847271475,0.04582847271475,retract
0.948,0,0.019476450683856,0,14.5,0,0.158413875176194,0.15,-0.0459580244426815,0.0459580244426815,retract
0.949,0,0.0197341148650411,0.0212800999521518,14.5,0,0.158367791582567,0.15,-0.0460833530850311,0.0460833530850311,retract
0.95,0,0.0189296244744309,0.0141026821307693,14.5,0,0.158321586907001,0.15,-0.0462044996026112,0.0462044996026112,retract
0.951,0,0.016225392406655,0,14.5,0,0.158275265291118,0.15,-0.0463215045343131,0.0463215045343131,retract
0.952,0,0.0163525081061141,0.0171152023028689,14.5,0,0.158228830836388,0.15,-0.0464344080031926,0.0464344080031926,retract
0.953,0,0.0219103751335806,0.0552575772983794,14.5,0,0.158182287604539,0.15,-0.0465432497224993,0.0465432497224993,retract
0.954,0,0.0187803215430691,0,14.5,0,0.15813563961796,0.15,-0.0466480690016513,0.0466480690016513,retract
0.955,0,0.0160974184654878,0,14.5,0,0.158088890860104,0.15,-0.0467489047521513,0.0467489047521513,retract
0.956,0,0.0232971912035047,0.0664958276316063,14.5,0,0.158042045275871,0.15,-0.0468457954934468,0.0468457954934468,retract
0.957,0,0.0199690210315755,0,14.5,0,0.157995106772006,0.15,-0.0469387793587331,0.0469387793587331,retract
0.958,0,0.0171163037413504,0,14.5,0,0.157948079217474,0.15,-0.0470278941006975,0.0470278941006975,retract
0.959,0,0.0146711174925861,0,14.5,0,0.157900966443836,0.15,-0.0471131770972062,0.0471131770972062,retract
0.96,0,0.0183086687195218,0.0401339760811366,14.5,0,0.157853772245619,0.15,-0.0471946653569323,0.0471946653569323,retract
0.961,0,0.015693144616733,0,14.5,0,0.157806500380681,0.15,-0.0472723955249246,0.0472723955249246,retract
0.962,0,0.0134512668143426,0,14.5,0,0.157759154570569,0.15,-0.0473464038881185,0.0473464038881185,retract
0.963,0,0.013504078962383,0.0138209518506258,14.5,0,0.157711738500875,0.15,-0.0474167263807861,0.0474167263807861,retract
0.964,0,0.0151112272702832,0.0247541171176843,14.5,0,0.157664255821577,0.15,-0.0474833985899279,0.0474833985899279,retract
0.965,0,0.0149635245629178,0.0140773083187256,14.5,0,0.15761671014739,0.15,-0.0475464557606038,0.0475464557606038,retract
0.966,0,0.0128258781967867,0,14.5,0,0.157569105058097,0.15,-0.0476059328012049,0.0476059328012049,retract
0.967,0,0.020703988223748,0.0679726483855158,14.5,0,0.157521444098884,0.15,-0.0476618642886645,0.0476618642886645,retract
0.968,0,0.0177462756203554,0,14.5,0,0.157473730780665,0.15,-0.0477142844736093,0.0477142844736093,retract
0.969,0,0.0152110933888761,0,14.5,0,0.157425968580406,0.15,-0.0477632272854494,0.0477632272854494,retract
0.97,0,0.0130380800476081,0,14.5,0,0.15737816094144,0.15,-0.047808726337409,0.047808726337409,retract
0.971,0,0.0120822897133032,0.00634754770747368,14.5,0,0.157330311273781,0.15,-0.0478508149314956,0.0478508149314956,retract
0.972,0,0.0103562483256884,0,14.5,0,0.157282422954426,0.15,-0.0478895260634081,0.0478895260634081,retract
0.973,0,0.00887678427916151,0,14.5,0,0.157234499327663,0.15,-0.0479248924273854,0.0479248924273854,retract
0.974,0,0.0185401782174691,0.0765205418473146,14.5,0,0.157186543705365,0.15,-0.0479569464209937,0.0479569464209937,retract
0.975,0,0.0158915813292592,0,14.5,0,0.157138559367281,0.15,-0.0479857201498522,0.0479857201498522,retract
0.976,0,0.0136213554250793,0,14.5,0,0.157090549561329,0.15,-0.0480112454322994,0.0480112454322994,retract
0.977,0,0.0201265537983828,0.0591577440382034,14.5,0,0.157042517503872,0.15,-0.048033553803998,0.048033553803998,retract
0.978,0,0.0172513318271852,0,14.5,0,0.156994466380005,0.15,-0.0480526765224786,0.0480526765224786,retract
0.979,0,0.014786855851873,0,14.5,0,0.156946399343821,0.15,-0.048068644571624,0.048068644571624,retract
0.98,0,0.0141339238943096,0.0102163321489288,14.5,0,0.156898319518686,0.15,-0.0480814886660916,0.0480814886660916,retract
0.981,0,0.0121147919094082,0,14.5,0,0.156850229997502,0.15,-0.0480912392556764,0.0480912392556764,retract
0.982,0,0.0103841073509213,0,14.5,0,0.156802133842971,0.15,-0.0480979265296133,0.0480979265296133,retract
0.983,0,0.0122555343358121,0.0234840962451564,14.5,0,0.156754034087848,0.15,-0.0481015804208184,0.0481015804208184,retract
0.984,0,0.0105047437164103,0,14.5,0,0.156705933735194,0.15,-0.0481022306100716,0.0481022306100716,retract
0.985,0,0.00900406604263743,0,14.5,0,0.156657835758629,0.15,-0.0480999065301384,0.0480999065301384,retract
0.986,0,0.00771777089368922,0,14.5,0,0.156609743102571,0.15,-0.0480946373698318,0.0480946373698318,retract
0.987,0,0.00858631078253558,0.0137975501156137,14.5,0,0.156561658682478,0.15,-0.0480864520780147,0.0480864520780147,retract
0.988,0,0.0147034434153412,0.051406239212175,14.5,0,0.156513585385089,0.15,-0.0480753793675439,0.0480753793675439,retract
0.989,0,0.0127691385945818,0.00116330967002538,14.5,0,0.156465526068647,0.15,-0.0480614477191532,0.0480614477191532,retract
0.99,0,0.010944975938213,0,14.5,0,0.156417483563137,0.15,-0.0480446853852788,0.0480446853852788,retract
0.991,0,0.0149111430013494,0.0387081453801683,14.5,0,0.156369460670508,0.15,-0.0480251203938255,0.0480251203938255,retract
0.992,0,0.0127809797154424,0,14.5,0,0.156321460164891,0.15,-0.0480027805518741,0.0480027805518741,retract
0.993,0,0.0159008815014985,0.0346202922178352,14.5,0,0.156273484792821,0.15,-0.0479776934493318,0.0479776934493318,retract
0.994,0,0.0136293270012844,0,14.5,0,0.156225537273448,0.15,-0.0479498864625227,0.0479498864625227,retract
0.995,0,0.0226712203269265,0.0769225802807792,14.5,0,0.156177620298751,0.15,-0.0479193867577224,0.0479193867577224,retract
0.996,0,0.023828356630436,0.0307711744514928,14.5,0,0.15612973653374,0.15,-0.0478862212946339,0.0478862212946339,retract
0.997,0,0.0204694545618095,0.000316042150050383,14.5,0,0.156081888616663,0.15,-0.0478504168298077,0.0478504168298077,retract
0.998,0,0.0175452467672653,0,14.5,0,0.156034079159207,0.15,-0.0478119999200034,0.0478119999200034,retract
0.999,0,0.0159088158616235,0.0060902304277727,14.5,0,0.155986310746692,0.15,-0.0477709969254966,0.0477709969254966,retract
1,0,0.019549105203699,0.0413908412561519,14.5,0,0.155938585938266,0.15,-0.0477274340133286,0.0477274340133286,retract
1.001,0,0.0179204610233254,0.0081485959410839,14.5,0,0.155890907267095,0.15,-0.0476813371605002,0.0476813371605002,retract
1.002,0,0.0194107045482094,0.0283521656975135,14.5,0,0.155843277240551,0.15,-0.0476327321571112,0.0476327321571112,retract
1.003,0,0.0166377467556081,0,14.5,0,0.155795698340396,0.15,-0.0475816446094432,0.0475816446094432,retract
1.004,0,0.0142609257905212,0,14.5,0,0.155748173022963,0.15,-0.0475280999429889,0.0475280999429889,retract
1.005,0,0.0173940652986252,0.0361929023472491,14.5,0,0.155700703719334,0.15,-0.0474721234054269,0.0474721234054269,retract
1.006,0,0.014909198827393,0,14.5,0,0.155653292835515,0.15,-0.0474137400695419,0.0474137400695419,retract
1.007,0,0.0184571715120427,0.0397450076199405,14.5,0,0.155605942752609,0.15,-0.0473529748360915,0.0473529748360915,retract
1.008,0,0.0166400702987241,0.00573746301881306,14.5,0,0.155558655826986,0.15,-0.0472898524366208,0.0472898524366208,retract
1.009,0,0.0142629173989064,0,14.5,0,0.155511434390447,0.15,-0.0472243974362228,0.0472243974362228,retract
1.01,0,0.0173223856998647,0.0356791955056141,14.5,0,0.155464280750393,0.15,-0.0471566342362471,0.0471566342362471,retract
1.011,0,0.0148477591713126,0,14.5,0,0.155417197189982,0.15,-0.0470865870769572,0.0470865870769572,retract
1.012,0,0.0137129358481057,0.00690399590886461,14.5,0,0.155370185968288,0.15,-0.0470142800401351,0.0470142800401351,retract
1.013,0,0.0153570347484247,0.0252216281503389,14.5,0,0.155323249320461,0.15,-0.0469397370516357,0.0469397370516357,retract
1.014,0,0.0245929419631141,0.0800083852512499,14.5,0,0.155276389457877,0.15,-0.0468629818838903,0.0468629818838903,retract
1.015,0,0.021079664539812,0,14.5,0,0.155229608568292,0.15,-0.0467840381583598,0.0467840381583598,retract
1.016,0,0.0226296607031645,0.0319296376832791,14.5,0,0.155182908815986,0.15,-0.0467029293479381,0.0467029293479381,retract
1.017,0,0.0212055543986102,0.0126609165712844,14.5,0,0.155136292341917,0.15,-0.0466196787793063,0.0466196787793063,retract
1.018,0,0.018176189484523,0,14.5,0,0.155089761263858,0.15,-0.046534309635238,0.046534309635238,retract
1.019,0,0.015579590986734,0,14.5,0,0.155043317676544,0.15,-0.0464468449568564,0.0464468449568564,retract
1.02,0,0.0370938785745436,0.166179604101401,14.5,0,0.154996963651809,0.15,-0.0463573076458428,0.0463573076458428,retract
1.021,0,0.0326595023958303,0.00605324532355032,14.5,0,0.154950701238724,0.15,-0.0462657204665985,0.0462657204665985,retract
1.022,0,0.027993859196426,0,14.5,0,0.154904532463733,0.15,-0.0461721060483592,0.0461721060483592,retract
1.023,0,0.0300323213605846,0.0422630943455361,14.5,0,0.154858459330786,0.15,-0.0460764868872626,0.0460764868872626,retract
1.024,0,0.0257419897376439,0,14.5,0,0.15481248382147,0.15,-0.0459788853483712,0.0459788853483712,retract
1.025,0,0.0220645626322662,0,14.5,0,0.154766607895139,0.15,-0.0458793236676474,0.0458793236676474,retract
1.026,0,0.0189124822562282,0,14.5,0,0.154720833489042,0.15,-0.0457778239538861,0.0457778239538861,retract
1.027,0,0.0167544164117992,0.00380602134522516,14.5,0,0.154675162518446,0.15,-0.0456744081906009,0.0456744081906009,retract
1.028,0,0.0143609283529707,0,14.5,0,0.154629596876761,0.15,-0.0455690982378663,0.0455690982378663,retract
1.029,0,0.0123093671596892,0,14.5,0,0.154584138435664,0.15,-0.0454619158341175,0.0454619158341175,retract
1.03,0,0.0105508861368765,0,14.5,0,0.154538789045217,0.15,-0.0453528825979061,0.0453528825979061,retract
1.031,0,0.00904361668875124,0,14.5,0,0.154493550533984,0.15,-0.0452420200296133,0.0452420200296133,retract
1.032,0,0.00775167144750107,0,14.5,0,0.154448424709149,0.15,-0.0451293495131213,0.0451293495131213,retract
1.033,0,0.00664428981214377,0,14.5,0,0.154403413356633,0.15,-0.045014892317443,0.045014892317443,retract
1.034,0,0.00569510555326609,0,14.5,0,0.154358518241206,0.15,-0.0448986695983106,0.0448986695983106,retract
1.035,0,0.0151665419998481,0.0719951606793401,14.5,0,0.154313741106598,0.15,-0.0447807023997235,0.0447807023997235,retract
1.036,0,0.0129998931427269,0,14.5,0,0.154269083675609,0.15,-0.0446610116554566,0.0446610116554566,retract
1.037,0,0.0111427655509088,0,14.5,0,0.15422454765022,0.15,-0.044539618190528,0.044539618190528,retract
1.038,0,0.0106966812240728,0.00802017526305657,14.5,0,0.1541801347117,0.15,-0.044416542722629,0.044416542722629,retract
1.039,0,0.0129516096220065,0.0264811800096089,14.5,0,0.154135846520711,0.15,-0.0442918058635143,0.0442918058635143,retract
1.04,0,0.0111013796760056,0,14.5,0,0.154091684717414,0.15,-0.0441654281203554,0.0441654281203554,retract
1.041,0,0.00951546829371907,0,14.5,0,0.154047650921572,0.15,-0.044037429897055,0.044037429897055,retract
1.042,0,0.0121163846478117,0.0277218827723677,14.5,0,0.15400374673265,0.15,-0.0439078314955258,0.0439078314955258,retract
1.043,0,0.0117972486183983,0.00988243244191783,14.5,0,0.153959973729919,0.15,-0.0437766531169317,0.0437766531169317,retract
1.044,0,0.0143009338775014,0.0293230454321196,14.5,0,0.153916333472556,0.15,-0.043643914862894,0.043643914862894,retract
1.045,0,0.0122579433235726,0,14.5,0,0.15387282749974,0.15,-0.0435096367366609,0.0435096367366609,retract
1.046,0,0.0105068085630622,0,14.5,0,0.153829457330748,0.15,-0.0433738386442434,0.0433738386442434,retract
1.047,0,0.00900583591119619,0,14.5,0,0.153786224465058,0.15,-0.0432365403955157,0.0432365403955157,retract
1.048,0,0.0162128447894012,0.0594548980586311,14.5,0,0.153743130382436,0.15,-0.0430977617052816,0.0430977617052816,retract
1.049,0,0.0161651116384423,0.0158787127326889,14.5,0,0.153700176543035,0.15,-0.0429575221943088,0.0429575221943088,retract
1.05,0,0.0138558099758077,0,14.5,0,0.15365736438749,0.15,-0.0428158413903283,0.0428158413903283,retract
1.051,0,0.0118764085506923,0,14.5,0,0.153614695337003,0.15,-0.042672738729003,0.042672738729003,retract
1.052,0,0.0101797787577362,0,14.5,0,0.153572170793442,0.15,-0.0425282335548633,0.0425282335548633,retract
1.053,0,0.0131857452453504,0.0312215441710355,14.5,0,0.153529792139425,0.15,-0.0423823451222122,0.0423823451222122,retract
1.054,0,0.0113020673531575,0,14.5,0,0.153487560738414,0.15,-0.0422350925959984,0.0422350925959984,retract
1.055,0,0.00968748630270643,0,14.5,0,0.153445477934802,0.15,-0.04208649505266,0.04208649505266,retract
1.056,0,0.00830355968803408,0,14.5,0,0.153403545054001,0.15,-0.0419365714809373,0.0419365714809373,retract
1.057,0,0.00711733687545779,0,14.5,0,0.153361763402526,0.15,-0.0417853407826577,0.0417853407826577,retract
1.058,0,0.0104605688430324,0.0305199606484801,14.5,0,0.153320134268088,0.15,-0.0416328217734897,0.0416328217734897,retract
1.059,0,0.00989561101304668,0.00650586403313231,14.5,0,0.153278658919672,0.15,-0.0414790331836697,0.0414790331836697,retract
1.06,0,0.00848195229689715,0,14.5,0,0.153237338607627,0.15,-0.0413239936587012,0.0413239936587012,retract
1.061,0,0.0209841388119252,0.0959972579020932,14.5,0,0.153196174563747,0.15,-0.0411677217600251,0.0411677217600251,retract
1.062,0,0.0303332208006156,0.0864277127327586,14.5,0,0.153155168001359,0.15,-0.0410102359656644,0.0410102359656644,retract
1.063,0,0.0259999035433848,0,14.5,0,0.153114320115398,0.15,-0.0408515546708422,0.0408515546708422,retract
1.064,0,0.0222856316086156,0,14.5,0,0.153073632082497,0.15,-0.0406916961885727,0.0406916961885727,retract
1.065,0,0.0191019699502419,0,14.5,0,0.153033105061066,0.15,-0.0405306787502282,0.0405306787502282,retract
1.066,0,0.0163731171002074,0,14.5,0,0.152992740191372,0.15,-0.0403685205060797,0.0403685205060797,retract
1.067,0,0.0219055390301244,0.0551000706096267,14.5,0,0.152952538595618,0.15,-0.0402052395258142,0.0402052395258142,retract
1.068,0,0.0266825826362055,0.0553448442726921,14.5,0,0.15291250137803,0.15,-0.0400408537990268,0.0400408537990268,retract
1.069,0,0.0228707851167476,0,14.5,0,0.152872629624929,0.15,-0.0398753812356899,0.0398753812356899,retract
1.07,0,0.0267377309703599,0.0499394060920339,14.5,0,0.152832924404815,0.15,-0.039708839666599,0.039708839666599,retract
1.071,0,0.0250345705935294,0.0148156083325465,14.5,0,0.152793386768443,0.15,-0.0395412468437958,0.0395412468437958,retract
1.072,0,0.0214582033658824,0,14.5,0,0.152754017748903,0.15,-0.0393726204409693,0.0393726204409693,retract
1.073,0,0.0215558851453322,0.0221419758220316,14.5,0,0.152714818361698,0.15,-0.0392029780538354,0.0392029780538354,retract
1.074,0,0.025520112131728,0.0493054740501027,14.5,0,0.152675789604822,0.15,-0.0390323372004939,0.0390323372004939,retract
1.075,0,0.0302049873581555,0.0583142387167203,14.5,0,0.152636932458835,0.15,-0.0388607153217663,0.0388607153217663,retract
1.076,0,0.032017375119437,0.0428917016871264,14.5,0,0.15259824788694,0.15,-0.0386881297815126,0.0386881297815126,retract
1.077,0,0.0352074653831259,0.0543480069652592,14.5,0,0.152559736835066,0.15,-0.0385145978669276,0.0385145978669276,retract
1.078,0,0.0301778274712508,0,14.5,0,0.152521400231935,0.15,-0.0383401367888183,0.0383401367888183,retract
1.079,0,0.0258667092610721,0,14.5,0,0.152483238989144,0.15,-0.0381647636818626,0.0381647636818626,retract
1.08,0,0.0221714650809189,0,14.5,0,0.152445254001242,0.15,-0.0379884956048481,0.0379884956048481,retract
1.081,0,0.019004112926502,0,14.5,0,0.152407446145798,0.15,-0.0378113495408944,0.0378113495408944,retract
1.082,0,0.0162892396512874,0,14.5,0,0.152369816283488,0.15,-0.0376333423976559,0.0376333423976559,retract
1.083,0,0.0139622054153892,0,14.5,0,0.152332365258159,0.15,-0.0374544910075087,0.0374544910075087,retract
1.084,0,0.0254073080095768,0.0940779235747023,14.5,0,0.152295093896912,0.15,-0.0372748121277201,0.0372748121277201,retract
1.085,0,0.0217776925796372,0,14.5,0,0.152258003010172,0.15,-0.0370943224406007,0.0370943224406007,retract
1.086,0,0.0186665936396891,0,14.5,0,0.152221093391765,0.15,-0.0369130385536426,0.0369130385536426,retract
1.087,0,0.0185561155465381,0.0178932469876321,14.5,0,0.152184365818996,0.15,-0.0367309769996393,0.0367309769996393,retract
1.088,0,0.0165653519543569,0.00462077040126973,14.5,0,0.152147821052714,0.15,-0.0365481542367926,0.0365481542367926,retract
1.089,0,0.0141988731037345,0,14.5,0,0.152111459837399,0.15,-0.0363645866488034,0.0363645866488034,retract
1.09,0,0.0174616068301486,0.0370380091886333,14.5,0,0.152075282901225,0.15,-0.036180290544948,0.036180290544948,retract
1.091,0,0.0149670915686988,0,14.5,0,0.152039290956141,0.15,-0.0359952821601414,0.0359952821601414,retract
1.092,0,0.0128289356303132,0,14.5,0,0.152003484697946,0.15,-0.0358095776549857,0.0358095776549857,retract
1.093,0,0.0111226394562617,0.000884862411952363,14.5,0,0.151967864806355,0.15,-0.0356231931158063,0.0356231931158063,retract
1.094,0,0.00953369096251002,0,14.5,0,0.151932431945086,0.15,-0.035436144554674,0.035436144554674,retract
1.095,0,0.0109248951730857,0.0192721204365394,14.5,0,0.151897186761922,0.15,-0.0352484479094162,0.0352484479094162,retract
1.096,0,0.0148492150989058,0.0383951346538269,14.5,0,0.151862129888793,0.15,-0.0350601190436143,0.0350601190436143,retract
1.097,0,0.0235239527626987,0.075572378745456,14.5,0,0.151827261941846,0.15,-0.0348711737465908,0.0348711737465908,retract
1.098,0,0.024970005165525,0.0336463195824828,14.5,0,0.151792583521524,0.15,-0.0346816277333836,0.0346816277333836,retract
1.099,0,0.02140286157045,0,14.5,0,0.151758095212633,0.15,-0.0344914966447108,0.0344914966447108,retract
1.1,0,0.0183453099175286,0,14.5,0,0.151723797584425,0.15,-0.0343007960469238,0.0343007960469238,retract
1.101,0,0.0348368346802872,0.133785983256839,14.5,0,0.151689691190664,0.15,-0.03410954143195,0.03410954143195,retract
1.102,0,0.039430486244958,0.0669923956329831,14.5,0,0.151655776569706,0.15,-0.0339177482172266,0.0339177482172266,retract
1.103,0,0.0361981540577236,0.0168041609343169,14.5,0,0.151622054244573,0.15,-0.0337254317456235,0.0337254317456235,retract
1.104,0,0.0366505081195269,0.0393646324903469,14.5,0,0.151588524723024,0.15,-0.0335326072853581,0.0335326072853581,retract
1.105,0,0.0314147212453088,0,14.5,0,0.151555188497634,0.15,-0.0333392900299004,0.0333392900299004,retract
1.106,0,0.0269269039245504,0,14.5,0,0.151522046045868,0.15,-0.0331454950978696,0.0331454950978696,retract
1.107,0,0.0230802033639003,0,14.5,0,0.151489097830151,0.15,-0.0329512375329233,0.0329512375329233,retract
1.108,0,0.0328291704907013,0.0913229732515072,14.5,0,0.151456344297951,0.15,-0.0327565323036371,0.0327565323036371,retract
1.109,0,0.0281392889920297,0,14.5,0,0.151423785881848,0.15,-0.0325613943033787,0.0325613943033787,retract
1.11,0,0.0334584065476363,0.0653731118812757,14.5,0,0.151391422999611,0.15,-0.032365838350173,0.032365838350173,retract
1.111,0,0.0286786341836882,0,14.5,0,0.151359256054275,0.15,-0.0321698791865609,0.0321698791865609,retract
1.112,0,0.0297571776891315,0.0362284387217912,14.5,0,0.151327285434215,0.15,-0.0319735314794518,0.0319735314794518,retract
1.113,0,0.0260398272828033,0.00373572484483392,14.5,0,0.151295511513222,0.15,-0.0317768098199689,0.0317768098199689,retract
1.114,0,0.0223198519566885,0,14.5,0,0.151263934650578,0.15,-0.0315797287232894,0.0315797287232894,retract
1.115,0,0.0218893726109056,0.0193064965362078,14.5,0,0.151232555191134,0.15,-0.0313823026284783,0.0313823026284783,retract
1.116,0,0.0193848536987985,0.004357740226156,14.5,0,0.151201373465386,0.15,-0.0311845458983171,0.0311845458983171,retract
1.117,0,0.020179249598946,0.0249456249998312,14.5,0,0.151170389789548,0.15,-0.0309864728191269,0.0309864728191269,retract
1.118,0,0.0213433563158063,0.0283279966169683,14.5,0,0.151139604465634,0.15,-0.0307880976005872,0.0307880976005872,retract
1.119,0,0.0228166628642598,0.0316565021549804,14.5,0,0.15110901778153,0.15,-0.0305894343755499,0.0305894343755499,retract
1.12,0,0.019557139597937,0,14.5,0,0.151078630011074,0.15,-0.0303904971998487,0.0303904971998487,retract
1.121,0,0.0241710623042198,0.051854598541917,14.5,0,0.151048441414131,0.15,-0.0301913000521048,0.0301913000521048,retract
1.122,0,0.020718053403617,0,14.5,0,0.151018452236673,0.15,-0.0299918568335287,0.0299918568335287,retract
1.123,0,0.0177583314888146,0,14.5,0,0.150988662710853,0.15,-0.0297921813677186,0.0297921813677186,retract
1.124,0,0.0248034481491055,0.0670741481108512,14.5,0,0.150959073055086,0.15,-0.0295922874004554,0.0295922874004554,retract
1.125,0,0.021260098413519,0,14.5,0,0.150929683474125,0.15,-0.0293921885994948,0.0293921885994948,retract
1.126,0,0.018222941497302,0,14.5,0,0.150900494159139,0.15,-0.0291918985543567,0.0291918985543567,retract
1.127,0,0.0195586345379161,0.027572792781601,14.5,0,0.150871505287795,0.15,-0.0289914307761118,0.0289914307761118,retract
1.128,0,0.0196373281940634,0.0201094901309471,14.5,0,0.15084271702433,0.15,-0.0287907986971667,0.0287907986971667,retract
1.129,0,0.0168319955949115,0,14.5,0,0.150814129519636,0.15,-0.028590015671046,0.028590015671046,retract
1.13,0,0.0144274247956384,0,14.5,0,0.150785742911335,0.15,-0.0283890949721735,0.0283890949721735,retract
1.131,0,0.0138539169632596,0.0104128699689864,14.5,0,0.150757557323862,0.15,-0.0281880497956515,0.0281880497956515,retract
1.132,0,0.0129032164074524,0.00719901307260932,14.5,0,0.15072957286854,0.15,-0.0279868932570388,0.0279868932570388,retract
1.133,0,0.0166674776393274,0.0392530450305775,14.5,0,0.150701789643663,0.15,-0.0277856383921273,0.0277856383921273,retract
1.134,0,0.0142864094051378,0,14.5,0,0.150674207734574,0.15,-0.0275842981567189,0.0275842981567189,retract
1.135,0,0.0168050764931896,0.0319170790215005,14.5,0,0.150646827213748,0.15,-0.0273828854263997,0.0273828854263997,retract
1.136,0,0.0215976555453505,0.0503531298583162,14.5,0,0.150619648140869,0.15,-0.0271814129963165,0.0271814129963165,retract
1.137,0,0.0262700273988443,0.0543042585198069,14.5,0,0.150592670562911,0.15,-0.0269798935809501,0.0269798935809501,retract
1.138,0,0.0319880152369509,0.0662959422655907,14.5,0,0.150565894514221,0.15,-0.0267783398138912,0.0267783398138912,retract
1.139,0,0.0333062986619253,0.0412159992117713,14.5,0,0.1505393200166,0.15,-0.0265767642476149,0.0265767642476149,retract
1.14,0,0.0295378622795809,0.00692724398551444,14.5,0,0.150512947079379,0.15,-0.0263751793532558,0.0263751793532558,retract
1.141,0,0.0323361792961912,0.0491260813958531,14.5,0,0.15048677569951,0.15,-0.0261735975203844,0.0261735975203844,retract
1.142,0,0.027716725111021,0,14.5,0,0.150460805861637,0.15,-0.0259720310567832,0.0259720310567832,retract
1.143,0,0.0306743224742249,0.0484199066534479,14.5,0,0.150435037538187,0.15,-0.0257704921882249,0.0257704921882249,retract
1.144,0,0.0351994440695696,0.062350173641638,14.5,0,0.150409470689447,0.15,-0.0255689930582507,0.0255689930582507,retract
1.145,0,0.0328182089825441,0.0185307984603909,14.5,0,0.150384105263647,0.15,-0.0253675457279506,0.0253675457279506,retract
1.146,0,0.0281298934136092,0,14.5,0,0.150358941197044,0.15,-0.0251661621757446,0.0251661621757446,retract
1.147,0,0.024111337211665,0,14.5,0,0.150333978414004,0.15,-0.0249648542971663,0.0249648542971663,retract
1.148,0,0.0333066835881001,0.0884787618467107,14.5,0,0.150309216827086,0.15,-0.0247636339046474,0.0247636339046474,retract
1.149,0,0.0361445310328287,0.0531716157012003,14.5,0,0.150284656337122,0.15,-0.024562512727305,0.024562512727305,retract
1.15,0,0.0309810265995675,0,14.5,0,0.150260296833305,0.15,-0.0243615024107307,0.0243615024107307,retract
1.151,0,0.0265551656567721,0,14.5,0,0.150236138193269,0.15,-0.0241606145167817,0.0241606145167817,retract
1.152,0,0.0247042655764807,0.0135988650947321,14.5,0,0.150212180283176,0.15,-0.023959860523375,0.023959860523375,retract
1.153,0,0.0296271128219061,0.0591641962944586,14.5,0,0.150188422957798,0.15,-0.0237592518242835,0.0237592518242835,retract
1.154,0,0.0261016500027263,0.00494887308764739,14.5,0,0.150164866060599,0.15,-0.0235587997289356,0.0235587997289356,retract
1.155,0,0.0223728428594797,0,14.5,0,0.150141509423826,0.15,-0.0233585154622165,0.0233585154622165,retract
1.156,0,0.0191767224509826,0,14.5,0,0.150118352868586,0.15,-0.0231584101642742,0.0231584101642742,retract
1.157,0,0.0164371906722708,0,14.5,0,0.150095396204938,0.15,-0.0229584948903269,0.0229584948903269,retract
1.158,0,0.0140890205762321,0,14.5,0,0.150072639231973,0.15,-0.0227587806104748,0.0227587806104748,retract
1.159,0,0.0120763033510561,0,14.5,0,0.1500500817379,0.15,-0.0225592782095153,0.0225592782095153,retract
1.16,0,0.0152992363681186,0.0346368344704938,14.5,0,0.150027723500133,0.15,-0.0223599984867609,0.0223599984867609,retract
1.161,0,0.0163661506950997,0.0227676366569862,14.5,0,0.150005564285378,0.15,-0.0221609521558618,0.0221609521558618,retract
1.162,0,0.0140281291672283,0,14.5,0,0.149983603849713,0.15,-0.0219621498446313,0.0219621498446313,retract
1.163,0,0.0173508542295312,0.0372872046033485,14.5,0,0.14996184193868,0.15,-0.0217636020948757,0.0217636020948757,retract
1.164,0,0.0148721607681696,0,14.5,0,0.149940278287368,0.15,-0.0215653193622283,0.0215653193622283,retract
1.165,0,0.0127475663727168,0,14.5,0,0.149918912620499,0.15,-0.0213673120159871,0.0213673120159871,retract
1.166,0,0.0136248004631513,0.0188882050057584,14.5,0,0.149897744652517,0.15,-0.0211695903389566,0.0211695903389566,retract
1.167,0,0.012141467800258,0.00324147182289806,14.5,0,0.149876774087672,0.15,-0.0209721645272946,0.0209721645272946,retract
1.168,0,0.0104069724002211,0,14.5,0,0.149856000620106,0.15,-0.0207750446903625,0.0207750446903625,retract
1.169,0,0.0126789496783906,0.0263108133474073,14.5,0,0.149835423933945,0.15,-0.020578240850581,0.020578240850581,retract
1.17,0,0.0130120607001193,0.0150107268304916,14.5,0,0.14981504370338,0.15,-0.0203817629432899,0.0203817629432899,retract
1.171,0,0.0133860903789709,0.0156302684520804,14.5,0,0.149794859592756,0.15,-0.0201856208166124,0.0201856208166124,retract
1.172,0,0.0114737917534036,0,14.5,0,0.149774871256663,0.15,-0.0199898242313249,0.0199898242313249,retract
1.173,0,0.0111306924143453,0.00907209637999514,14.5,0,0.149755078340016,0.15,-0.0197943828607306,0.0197943828607306,retract
1.174,0,0.00954059349801023,0,14.5,0,0.149735480478151,0.15,-0.0195993062905392,0.0195993062905392,retract
1.175,0,0.00817765156972306,0,14.5,0,0.149716077296906,0.15,-0.0194046040187504,0.0194046040187504,retract
1.176,0,0.0108870524941159,0.0271434580404729,14.5,0,0.149696868412712,0.15,-0.0192102854555439,0.0192102854555439,retract
1.177,0,0.0110001064339343,0.0116784300728447,14.5,0,0.149677853432679,0.15,-0.0190163599231732,0.0190163599231732,retract
1.178,0,0.00988409865568189,0.00318805198616751,14.5,0,0.149659031954687,0.15,-0.0188228366558653,0.0188228366558653,retract
1.179,0,0.00847208456201305,0,14.5,0,0.14964040356747,0.15,-0.0186297247997258,0.0186297247997258,retract
1.18,0,0.00726178676743976,0,14.5,0,0.149621967850707,0.15,-0.0184370334126489,0.0184370334126489,retract
1.181,0,0.0183133978113896,0.0846230640750889,14.5,0,0.149603724375109,0.15,-0.0182447714642333,0.0182447714642333,retract
1.182,0,0.0254608691265889,0.0683456970177844,14.5,0,0.14958567270251,0.15,-0.0180529478357032,0.0180529478357032,retract
1.183,0,0.0306826840637752,0.0620135736868929,14.5,0,0.14956781238595,0.15,-0.017861571319835,0.017861571319835,retract
1.184,0,0.0262994434832359,0,14.5,0,0.149550142969768,0.15,-0.0176706506208895,0.0176706506208895,retract
1.185,0,0.0225423801284879,0,14.5,0,0.149532663989688,0.15,-0.0174801943545498,0.0174801943545498,retract
1.186,0,0.0193220401101325,0,14.5,0,0.149515374972912,0.15,-0.017290211047865,0.017290211047865,retract
1.187,0,0.0206943989328226,0.0289285518689633,14.5,0,0.1494982754382,0.15,-0.0171007091391993,0.0171007091391993,retract
1.188,0,0.0177380562281336,0,14.5,0,0.149481364895969,0.15,-0.0169116969781873,0.0169116969781873,retract
1.189,0,0.0152040481955431,0,14.5,0,0.149464642848374,0.15,-0.0167231828256943,0.0167231828256943,retract
1.19,0,0.0130320413104655,0,14.5,0,0.149448108789398,0.15,-0.0165351748537838,0.0165351748537838,retract
1.191,0,0.0154801053570272,0.0301684896363971,14.5,0,0.149431762204945,0.15,-0.0163476811456893,0.0163476811456893,retract
1.192,0,0.0142067123480839,0.0065663542944241,14.5,0,0.149415602572925,0.15,-0.0161607096957934,0.0161607096957934,retract
1.193,0,0.024516201492368,0.0863731363580729,14.5,0,0.149399629363343,0.15,-0.0159742684096119,0.0159742684096119,retract
1.194,0,0.0210138869934583,0,14.5,0,0.149383842038389,0.15,-0.015788365103784,0.015788365103784,retract
1.195,0,0.01801190313725,0,14.5,0,0.149368240052526,0.15,-0.0156030075060694,0.0156030075060694,retract
1.196,0,0.0272157793651083,0.0824390367322582,14.5,0,0.14935282285258,0.15,-0.0154182032553498,0.0154182032553498,retract
1.197,0,0.0233278108843785,0,14.5,0,0.149337589877827,0.15,-0.0152339599016381,0.0152339599016381,retract
1.198,0,0.0242152653593445,0.0295399922091403,14.5,0,0.149322540560084,0.15,-0.0150502849060925,0.0150502849060925,retract
1.199,0,0.0245640663778924,0.0266568724891798,14.5,0,0.149307674323795,0.15,-0.0148671856410372,0.0148671856410372,retract
1.2,0,0.0210549140381935,0,14.5,0,0.149292990586123,0.15,-0.0146846693899893,0.0146846693899893,retract
1.201,0,0.0180470691755944,0,14.5,0,0.149278488757036,0.15,-0.0145027433476911,0.0145027433476911,retract
1.202,0,0.0205656209802256,0.0356769318080127,14.5,0,0.149264168239395,0.15,-0.0143214146201494,0.0143214146201494,retract
1.203,0,0.0176276751259077,0,14.5,0,0.149250028429049,0.15,-0.0141406902246803,0.0141406902246803,retract
1.204,0,0.033948787263486,0.131875460088956,14.5,0,0.149236068714914,0.15,-0.0139605770899604,0.0139605770899604,retract
1.205,0,0.0290989605115594,0,14.5,0,0.149222288479069,0.15,-0.0137810820560844,0.0137810820560844,retract
1.206,0,0.0249419661527652,0,14.5,0,0.149208687096841,0.15,-0.0136022118746281,0.0136022118746281,retract
1.207,0,0.0251176808795732,0.0261719692404213,14.5,0,0.149195263936897,0.15,-0.013423973208718,0.013423973208718,retract
1.208,0,0.0215294407539199,0,14.5,0,0.149182018361325,0.15,-0.0132463726331074,0.0132463726331074,retract
1.209,0,0.0184538063605028,0,14.5,0,0.14916894972573,0.15,-0.0130694166342578,0.0130694166342578,retract
1.21,0,0.0158175483090024,0,14.5,0,0.149156057379318,0.15,-0.0128931116104272,0.0128931116104272,retract
1.211,0,0.0140617233957101,0.0035267739159562,14.5,0,0.149143340664987,0.15,-0.0127174638717639,0.0127174638717639,retract
1.212,0,0.0201389224621824,0.0566021168610162,14.5,0,0.149130798919409,0.15,-0.0125424796404074,0.0125424796404074,retract
1.213,0,0.0172619335390135,0,14.5,0,0.149118431473126,0.15,-0.0123681650505937,0.0123681650505937,retract
1.214,0,0.0147959430334401,0,14.5,0,0.149106237650632,0.15,-0.0121945261487686,0.0121945261487686,retract
1.215,0,0.0145167975834504,0.0128419248835119,14.5,0,0.149094216770462,0.15,-0.0120215688937059,0.0120215688937059,retract
1.216,0,0.0131657187968944,0.00505924607755868,14.5,0,0.14908236814528,0.15,-0.0118492991566321,0.0118492991566321,retract
1.217,0,0.0163125074957812,0.0351932396891017,14.5,0,0.149070691081966,0.15,-0.0116777227213569,0.0116777227213569,retract
1.218,0,0.0139821492820981,0,14.5,0,0.149059184881704,0.15,-0.01150684528441,0.01150684528441,retract
1.219,0,0.0119846993846556,0,14.5,0,0.149047848840068,0.15,-0.0113366724551839,0.0113366724551839,retract
1.22,0,0.0168848245284496,0.0462855753912135,14.5,0,0.14903668224711,0.15,-0.0111672097560824,0.0111672097560824,retract
1.221,0,0.021858709198138,0.0517020172162684,14.5,0,0.149025684387445,0.15,-0.0109984626226757,0.0109984626226757,retract
1.222,0,0.0187360364555468,0,14.5,0,0.14901485454034,0.15,-0.0108304364038604,0.0108304364038604,retract
1.223,0,0.0311263637705412,0.105468327660507,14.5,0,0.149004191979799,0.15,-0.0106631363620268,0.0106631363620268,retract
1.224,0,0.0266797403747496,0,14.5,0,0.14899369597465,0.15,-0.010496567673231,0.010496567673231,retract
1.225,0,0.0319320237413318,0.0634457239408254,14.5,0,0.14898336578863,0.15,-0.0103307354273732,0.0103307354273732,retract
1.226,0,0.0392587922601736,0.0832194033732239,14.5,0,0.148973200680471,0.15,-0.0101656446283822,0.0101656446283822,retract
1.227,0,0.0348075514905802,0.00810010687302034,14.5,0,0.148963199903989,0.15,-0.0100013001944051,0.0100013001944051,retract
1.228,0,0.0326513135159909,0.019713885668455,14.5,0,0.148953362708165,0.15,-0.00983770695800349,0.00983770695800349,retract
1.229,0,0.0279868401565636,0,14.5,0,0.148943688337232,0.15,-0.00967486966635461,0.00967486966635461,retract
1.23,0,0.0321823393800985,0.0573553347213077,14.5,0,0.148934176030761,0.15,-0.00951279298145906,0.00951279298145906,retract
1.231,0,0.0287296804502769,0.00801372687134742,14.5,0,0.148924825023747,0.15,-0.00935148148035349,0.00935148148035349,retract
1.232,0,0.0253810955967868,0.00528958647584581,14.5,0,0.148915634546689,0.15,-0.00919093965532938,0.00919093965532938,retract
1.233,0,0.0239253597191953,0.0151909444536465,14.5,0,0.14890660382568,0.15,-0.00903117191415724,0.00903117191415724,retract
1.234,0,0.0205074511878817,0,14.5,0,0.148897732082488,0.15,-0.00887218258031638,0.00887218258031638,retract
1.235,0,0.0311358819923475,0.0949064668191423,14.5,0,0.148889018534642,0.15,-0.00871397589323045,0.00871397589323045,retract
1.236,0,0.0271562339823522,0.00327834592238031,14.5,0,0.148880462395511,0.15,-0.00855655600850811,0.00855655600850811,retract
1.237,0,0.0268393749948578,0.0249382210698915,14.5,0,0.148872062874396,0.15,-0.00839992699818938,0.00839992699818938,retract
1.238,0,0.023005178567021,0,14.5,0,0.148863819176606,0.15,-0.00824409285099744,0.00824409285099744,retract
1.239,0,0.0230977532109912,0.0236532010748127,14.5,0,0.148855730503542,0.15,-0.00808905747259572,0.00808905747259572,retract
1.24,0,0.0197980741808496,0,14.5,0,0.148847796052786,0.15,-0.00793482468585017,0.00793482468585017,retract
1.241,0,0.0219954170101468,0.0351794739859301,14.5,0,0.148840015018173,0.15,-0.00778139823109716,0.00778139823109716,retract
1.242,0,0.0188532145801258,0,14.5,0,0.148832386589884,0.15,-0.00762878176641623,0.00762878176641623,retract
1.243,0,0.0161598982115364,0,14.5,0,0.14882490995452,0.15,-0.00747697886790846,0.00747697886790846,retract
1.244,0,0.0138513413241741,0,14.5,0,0.148817584295187,0.15,-0.00732599302997937,0.00732599302997937,retract
1.245,0,0.0118725782778635,0,14.5,0,0.148810408791579,0.15,-0.00717582766562766,0.00717582766562766,retract
1.246,0,0.0177375166329259,0.0529271467633001,14.5,0,0.148803382620054,0.15,-0.00702648610673832,0.00702648610673832,retract
1.247,0,0.015203585685365,0,14.5,0,0.14879650495372,0.15,-0.00687797160438124,0.00687797160438124,retract
1.248,0,0.0139369766761529,0.00633732262087993,14.5,0,0.148789774962514,0.15,-0.00673028732911435,0.00673028732911435,retract
1.249,0,0.011945980008131,0,14.5,0,0.148783191813279,0.15,-0.00658343637129189,0.00658343637129189,retract
1.25,0,0.0102394114355409,0,14.5,0,0.148776754669849,0.15,-0.00643742174137757,0.00643742174137757,retract
1.251,0,0.00877663837332077,0,14.5,0,0.148770462693124,0.15,-0.00629224637026232,0.00629224637026232,retract
1.252,0,0.0075228328914178,0,14.5,0,0.148764315041153,0.15,-0.00614791310958689,0.00614791310958689,retract
1.253,0,0.00644814247835811,0,14.5,0,0.148758310869211,0.15,-0.00600442473206912,0.00600442473206912,retract
1.254,0,0.0055269792671641,0,14.5,0,0.148752449329875,0.15,-0.0058617839318358,0.0058617839318358,retract
1.255,0,0.00473741080042637,0,14.5,0,0.148746729573109,0.15,-0.00571999332475906,0.00571999332475906,retract
1.256,0,0.00783598868083863,0.0264274559633122,14.5,0,0.148741150746335,0.15,-0.00557905544879749,0.00557905544879749,retract
1.257,0,0.00671656172643311,0,14.5,0,0.148735711994514,0.15,-0.00543897276434135,0.00543897276434135,retract
1.258,0,0.012356808321619,0.0461982878927346,14.5,0,0.148730412460223,0.15,-0.00529974765456254,0.00529974765456254,retract
1.259,0,0.0105915499899592,0,14.5,0,0.148725251283732,0.15,-0.00516138242576877,0.00516138242576877,retract
1.26,0,0.0205147825926082,0.0800541782085022,14.5,0,0.148720227603078,0.15,-0.00502387930776187,0.00502387930776187,retract
1.261,0,0.0175840993650927,0,14.5,0,0.148715340554145,0.15,-0.00488724045420052,0.00488724045420052,retract
1.262,0,0.0242919825676106,0.0645392817827179,14.5,0,0.148710589270737,0.15,-0.0047514679429671,0.0047514679429671,retract
1.263,0,0.0208216993436662,0,14.5,0,0.148705972884655,0.15,-0.00461656377653865,0.00461656377653865,retract
1.264,0,0.0178471708659996,0,14.5,0,0.148701490525769,0.15,-0.00448252988236177,0.00448252988236177,retract
1.265,0,0.0152975750279997,0,14.5,0,0.148697141322098,0.15,-0.00434936811323162,0.00434936811323162,retract
1.266,0,0.0178384145614524,0.0330834517621685,14.5,0,0.148692924399878,0.15,-0.00421708024767492,0.00421708024767492,retract
1.267,0,0.015290069624102,0,14.5,0,0.148688838883642,0.15,-0.00408566799033669,0.00408566799033669,retract
1.268,0,0.013105773963516,0,14.5,0,0.148684883896289,0.15,-0.00395513297237072,0.00395513297237072,retract
1.269,0,0.0166533201478394,0.0379385972537793,14.5,0,0.148681058559158,0.15,-0.00382547675183403,0.00382547675183403,retract
1.27,0,0.0142742744124337,0,14.5,0,0.148677361992102,0.15,-0.00369670081408477,0.00369670081408477,retract
1.271,0,0.0137013719828232,0.0102639574051603,14.5,0,0.148673793313559,0.15,-0.00356880657218396,0.00356880657218396,retract
1.272,0,0.0117440331281342,0,14.5,0,0.148670351640627,0.15,-0.00344179536730065,0.00344179536730065,retract
1.273,0,0.0100663141098293,0,14.5,0,0.148667036089129,0.15,-0.00331566846912059,0.00331566846912059,retract
1.274,0,0.0194866673185347,0.0760087865707668,14.5,0,0.14866384577369,0.15,-0.00319042707625826,0.00319042707625826,retract
1.275,0,0.0167028577016012,0,14.5,0,0.148660779807805,0.15,-0.00306607231667261,0.00306607231667261,retract
1.276,0,0.014316735172801,0,14.5,0,0.148657837303912,0.15,-0.00294260524808564,0.00294260524808564,retract
1.277,0,0.0122714872909723,0,14.5,0,0.148655017373456,0.15,-0.00282002685840461,0.00282002685840461,retract
1.278,0,0.0105184176779762,0,14.5,0,0.148652319126966,0.15,-0.00269833806614722,0.00269833806614722,retract
1.279,0,0.0186191260905451,0.067223376565958,14.5,0,0.148649741674116,0.15,-0.00257753972086996,0.00257753972086996,retract
1.28,0,0.0159592509347529,0,14.5,0,0.148647284123801,0.15,-0.00245763260359955,0.00245763260359955,retract
1.281,0,0.0149348079470055,0.00878815002052099,14.5,0,0.1486449455842,0.15,-0.00233861742726738,0.00233861742726738,retract
1.282,0,0.0128012639545761,0,14.5,0,0.148642725162844,0.15,-0.00222049483714685,0.00222049483714685,retract
1.283,0,0.0199263818606811,0.0626770892973108,14.5,0,0.148640621966688,0.15,-0.00210326541129359,0.00210326541129359,retract
1.284,0,0.0170797558805838,0,14.5,0,0.148638635102172,0.15,-0.00198692966098845,0.00198692966098845,retract
1.285,0,0.017212842275657,0.0180113606460966,14.5,0,0.148636763675288,0.15,-0.00187148803118328,0.00187148803118328,retract
1.286,0,0.0152310972273568,0.0033406269375556,14.5,0,0.148635006791651,0.15,-0.00175694090094936,0.00175694090094936,retract
1.287,0,0.0130552261948773,0,14.5,0,0.148633363556558,0.15,-0.00164328858392853,0.00164328858392853,retract
1.288,0,0.011471932802958,0.00197217245144204,14.5,0,0.148631833075058,0.15,-0.00153053132878669,0.00153053132878669,retract
1.289,0,0.0161965769396167,0.044544441759569,14.5,0,0.148630414452013,0.15,-0.0014186693196699,0.0014186693196699,retract
1.29,0,0.0149992320654551,0.00781516282048592,14.5,0,0.148629106792164,0.15,-0.0013077026766629,0.0013077026766629,retract
1.291,0,0.012856484627533,0,14.5,0,0.148627909200194,0.15,-0.00119763145625002,0.00119763145625002,retract
1.292,0,0.0110198439664568,0,14.5,0,0.148626820780792,0.15,-0.00108845565177837,0.00108845565177837,retract
1.293,0,0.0162089930252786,0.0473438873782094,14.5,0,0.148625840638712,0.15,-0.000980175193923166,0.000980175193923166,retract
1.294,0,0.013893422593096,0,14.5,0,0.148624967878842,0.15,-0.000872789951155264,0.000872789951155264,retract
1.295,0,0.0119086479369394,0,14.5,0,0.148624201606259,0.15,-0.000766299730210999,0.000766299730210999,retract
1.296,0,0.0102074125173766,0,14.5,0,0.148623540926294,0.15,-0.000660704276563661,0.000660704276563661,retract
1.297,0,0.00874921072917997,0,14.5,0,0.148622984944592,0.15,-0.000556003274897386,0.000556003274897386,retract
1.298,0,0.00749932348215426,0,14.5,0,0.148622532767172,0.15,-0.00045219634958274,0.00045219634958274,retract
1.299,0,0.00642799155613222,0,14.5,0,0.148622183500488,0.15,-0.000349283065154088,0.000349283065154088,retract
1.3,0,0.00550970704811333,0,14.5,0,0.148621936251485,0.15,-0.000247262926789012,0.000247262926789012,retract
1.301,0,0.00472260604124,0,14.5,0,0.148621790127662,0.15,-0.000146135380789134,0.000146135380789134,retract
1.302,0,0.00404794803534857,0,14.5,0,0.148621744237129,0.15,-4.58998150628952e-05,4.58998150628952e-05,retract
1.303,0,0.00346966974458449,0,14.5,0,0.148621797688664,0.15,5.344444039026e-05,0,retract
1.304,0,0.0119041577260057,0.0625110856145333,14.5,0,0.14862194959177,0.15,0.000151898112993961,0,retract
1.305,0,0.0102035637651478,0,14.5,0,0.148622199056734,0.15,0.000249461987107745,0,retract
1.306,0,0.00942017468206978,0.00471984018360175,14.5,0,0.148622545194684,0.15,0.000346136903538239,0,retract
1.307,0,0.0156512976532762,0.0530380354805147,14.5,0,0.148622987117639,0.15,0.000441923759049193,0,retract
1.308,0,0.0196534543320746,0.043666394404865,14.5,0,0.148623523938574,0.15,0.000536823505870021,0,retract
1.309,0,0.0209529787724549,0.0287501254147367,14.5,0,0.148624154771466,0.15,0.000630837151203221,0,retract
1.31,0,0.019063301756346,0.00772523965969274,14.5,0,0.148624878731353,0.15,0.000723965756730574,0,retract
1.311,0,0.0190042822356592,0.0186501651115386,14.5,0,0.148625694934388,0.15,0.000816210438118274,0,retract
1.312,0,0.0162893847734222,0,14.5,0,0.148626602497893,0.15,0.000907572364520823,0,retract
1.313,0,0.0139623298057905,0,14.5,0,0.148627600540408,0.15,0.000998052758084217,0,retract
1.314,0,0.0119677112621061,0,14.5,0,0.148628688181749,0.15,0.00108765289344789,0,retract
1.315,0,0.0102580382246624,0,14.5,0,0.148629864543054,0.15,0.00117637409724606,0,retract
1.316,0,0.0106772975683417,0.0131928536304174,14.5,0,0.148631128746842,0.15,0.00126421774760795,0,retract
1.317,0,0.0102178116705091,0.00746089628351348,14.5,0,0.148632479917056,0.15,0.00135118527365752,0,retract
1.318,0,0.00875812428900778,0,14.5,0,0.148633917179119,0.15,0.00143727815501234,0,retract
1.319,0,0.0127686679622761,0.0368319300018862,14.5,0,0.148635439659983,0.15,0.00152249792128185,0,retract
1.32,0,0.0109445725390938,0,14.5,0,0.148637046488176,0.15,0.00160684615156496,0,retract
1.321,0,0.0104684276971993,0.00761155864583198,14.5,0,0.148638736793853,0.15,0.00169032447394727,0,retract
1.322,0,0.0089729380261708,0,14.5,0,0.148640509708847,0.15,0.00177293456499759,0,retract
1.323,0,0.0202851698004612,0.0881585604462037,14.5,0,0.14864236436671,0.15,0.0018546781492643,0,retract
1.324,0,0.0173872884003953,0,14.5,0,0.148644299902769,0.15,0.00193555699877106,0,retract
1.325,0,0.0149033900574817,0,14.5,0,0.148646315454165,0.15,0.00201557293251243,0,retract
1.326,0,0.0127743343349843,0,14.5,0,0.148648410159906,0.15,0.00209472781594909,0,retract
1.327,0,0.0109494294299866,0,14.5,0,0.148650583160909,0.15,0.00217302356050289,0,retract
1.328,0,0.00971777105234408,0.00232782078648916,14.5,0,0.148652833600046,0.15,0.00225046212305186,0,retract
1.329,0,0.0236483542838424,0.107231853672833,14.5,0,0.148655160622191,0.15,0.00232704550542495,0,retract
1.33,0,0.0202700179575792,0,14.5,0,0.148657563374262,0.15,0.00240277575389685,0,retract
1.331,0,0.0221025452319536,0.0330977088781999,14.5,0,0.148660041005266,0.15,0.00247765495868279,0,retract
1.332,0,0.018945038770246,0,14.5,0,0.148662592666343,0.15,0.00255168525343329,0,retract
1.333,0,0.0279837633889572,0.0822161111012244,14.5,0,0.148665217510808,0.15,0.00262486881472919,0,retract
1.334,0,0.027873842491514,0.0272143171068547,14.5,0,0.148667914694196,0.15,0.00269720786157673,0,retract
1.335,0,0.0348006372244326,0.0763614056219448,14.5,0,0.148670683374297,0.15,0.00276870465490294,0,retract
1.336,0,0.0380149338957645,0.0573007139237559,14.5,0,0.148673522711207,0.15,0.00283936149705122,0,retract
1.337,0,0.0409297858427277,0.0584188975245069,14.5,0,0.148676431867361,0.15,0.00290918073127723,0,retract
1.338,0,0.0350826735794809,0,14.5,0,0.148679410007578,0.15,0.00297816474124525,0,retract
1.339,0,0.0320139830039214,0.013601839550564,14.5,0,0.148682456299099,0.15,0.00304631595052477,0,retract
1.34,0,0.0312294070390801,0.0265219512500325,14.5,0,0.148685569911627,0.15,0.00311363682208773,0,retract
1.341,0,0.0311805572050747,0.0308874582010427,14.5,0,0.148688750017366,0.15,0.00318012985780612,0,retract
1.342,0,0.0356412694009495,0.0624055425761977,14.5,0,0.148691995791058,0.15,0.00324579759795038,0,retract
1.343,0,0.0305496594865281,0,14.5,0,0.148695306410025,0.15,0.00331064262068806,0,retract
1.344,0,0.0261854224170241,0,14.5,0,0.148698681054199,0.15,0.00337466754158336,0,retract
1.345,0,0.0224446477860206,0,14.5,0,0.148702118906167,0.15,0.00343787501309742,0,retract
1.346,0,0.0226512716301095,0.0238910146946425,14.5,0,0.148705619151204,0.15,0.00350026772408911,0,retract
1.347,0,0.019415375682951,0,14.5,0,0.148709180977305,0.15,0.00356184839931688,0,retract
1.348,0,0.0166417505853866,0,14.5,0,0.148712803575228,0.15,0.00362261979894129,0,retract
1.349,0,0.0195163699680841,0.0367640862642692,14.5,0,0.148716486138524,0.15,0.00368258471802847,0,retract
1.35,0,0.0167283171155006,0,14.5,0,0.148720227863572,0.15,0.00374174598605442,0,retract
1.351,0,0.014338557527572,0,14.5,0,0.148724027949612,0.15,0.0038001064664105,0,retract
1.352,0,0.0122901921664903,0,14.5,0,0.148727885598784,0.15,0.00385766905590965,0,retract
1.353,0,0.0255097619840499,0.104827180889408,14.5,0,0.148731800016152,0.15,0.00391443668429382,0,retract
1.354,0,0.0264460648831719,0.032063882277904,14.5,0,0.148735770409745,0.15,0.00397041231374249,0,retract
1.355,0,0.0270910037069256,0.0309606366494476,14.5,0,0.148739795990582,0.15,0.0040255989383824,0,retract
1.356,0,0.0236008215149559,0.00265972836313759,14.5,0,0.14874387597271,0.15,0.00407999958379817,0,retract
1.357,0,0.0326638876518839,0.0870422844734523,14.5,0,0.148748009573229,0.15,0.00413361730654457,0,retract
1.358,0,0.0279976179873291,0,14.5,0,0.148752196012326,0.15,0.00418645519365963,0,retract
1.359,0,0.0261628903882099,0.0151545247934946,14.5,0,0.148756434513304,0.15,0.00423851636217927,0,retract
1.36,0,0.0224253346184656,0,14.5,0,0.148760724302613,0.15,0.00428980395865329,0,retract
1.361,0,0.0224708601101535,0.0227440130602808,14.5,0,0.148765064609876,0.15,0.00434032115866267,0,retract
1.362,0,0.0192607372372744,0,14.5,0,0.14876945466792,0.15,0.00439007116633813,0,retract
1.363,0,0.0165092033462352,0,14.5,0,0.148773893712803,0.15,0.00443905721388049,0,retract
1.364,0,0.026567434969732,0.0869168247107129,14.5,0,0.148778380983842,0.15,0.00448728256108228,0,retract
1.365,0,0.0227720871169132,0,14.5,0,0.148782915723641,0.15,0.00453475049485083,0,retract
1.366,0,0.0298950175826574,0.0726326003771229,14.5,0,0.148787497178116,0.15,0.0045814643287331,0,retract
1.367,0,0.0319414761840755,0.044220227792584,14.5,0,0.148792124596522,0.15,0.00462742740244189,0,retract
1.368,0,0.0306020040807786,0.0225651714609971,14.5,0,0.148796797231479,0.15,0.00467264308138386,0,retract
1.369,0,0.0308235871543287,0.0321530855956292,14.5,0,0.148801514338996,0.15,0.00471711475618924,0,retract
1.37,0,0.0316889145367032,0.0368808788309506,14.5,0,0.148806275178497,0.15,0.00476084584224294,0,retract
1.371,0,0.0364087368521962,0.0647276707451537,14.5,0,0.148811079012845,0.15,0.00480383977921778,0,retract
1.372,0,0.0312074887304539,0,14.5,0,0.148815925108367,0.15,0.00484610003060924,0,retract
1.373,0,0.0267492760546747,0,14.5,0,0.148820812734874,0.15,0.00488763008327202,0,retract
1.374,0,0.0345069563993202,0.0810530384671933,14.5,0,0.148825741165688,0.15,0.00492843344695857,0,retract
1.375,0,0.0295773911994174,0,14.5,0,0.148830709677661,0.15,0.00496851365385919,0,retract
1.376,0,0.0253520495995006,0,14.5,0,0.148835717551198,0.15,0.00500787425814447,0,retract
1.377,0,0.0328876239467752,0.0781010700304232,14.5,0,0.148840764070282,0.15,0.00504651883550906,0,retract
1.378,0,0.0281893919543788,0,14.5,0,0.148845848522489,0.15,0.00508445098271806,0,retract
1.379,0,0.0284863329717121,0.0302679790757122,14.5,0,0.148850970199014,0.15,0.00512167431715474,0,retract
1.38,0,0.0262615829748309,0.0129130829935433,14.5,0,0.148856128394686,0.15,0.00515819247637071,0,retract
1.381,0,0.025985696241639,0.0243303758424876,14.5,0,0.148861322407995,0.15,0.00519400911763799,0,retract
1.382,0,0.0272196042725205,0.0346230524578098,14.5,0,0.148866551541102,0.15,0.00522912791750302,0,retract
1.383,0,0.0233310893764462,0,14.5,0,0.148871815099867,0.15,0.00526355257134301,0,retract
1.384,0,0.0388014467088273,0.131623590703114,14.5,0,0.148877112393862,0.15,0.00529728679292414,0,retract
1.385,0,0.0403327603453349,0.049520642164381,14.5,0,0.148882442736387,0.15,0.00533033431396198,0,retract
1.386,0,0.0345709374388585,0,14.5,0,0.148887805444495,0.15,0.00536269888368426,0,retract
1.387,0,0.0421740288273303,0.087792577158161,14.5,0,0.148893199839004,0.15,0.00539438426839559,0,retract
1.388,0,0.0495184949642978,0.0935852917861027,14.5,0,0.148898625244511,0.15,0.00542539425104454,0,retract
1.389,0,0.0424444242551124,0,14.5,0,0.148904080989415,0.15,0.00545573263079288,0,retract
1.39,0,0.0429857171028364,0.0462334741891805,14.5,0,0.148909566405929,0.15,0.00548540322258705,0,retract
1.391,0,0.0482858853502159,0.0800868948344931,14.5,0,0.148915080830096,0.15,0.00551440985673206,0,retract
1.392,0,0.0501846136897039,0.0615769837266321,14.5,0,0.148920623601801,0.15,0.0055427563784676,0,retract
1.393,0,0.0430153831626034,0,14.5,0,0.148926194064792,0.15,0.00557044664754651,0,retract
1.394,0,0.0368703284250886,0,14.5,0,0.148931791566688,0.15,0.00559748453781548,0,retract
1.395,0,0.0328659080837093,0.00883938603543323,14.5,0,0.148937415458995,0.15,0.00562387393679839,0,retract
1.396,0,0.0281707783574651,0,14.5,0,0.148943065097122,0.15,0.00564961874528178,0,retract
1.397,0,0.0241463814492558,0,14.5,0,0.148948739840388,0.15,0.00567472287690279,0,retract
1.398,0,0.0206968983850764,0,14.5,0,0.148954439052038,0.15,0.00569919025773976,0,retract
1.399,0,0.0177401986157798,0,14.5,0,0.148960162099258,0.15,0.00572302482590489,0,retract
1.4,0,0.0152058845278112,0,14.5,0,0.148965908353179,0.15,0.00574623053113964,0,retract
