t_s,force_normal_N,force_filtered_N,force_measured_N,force_desired_N,penetration_mm,ee_z_m,cmd_z_m,ee_z_velocity_mps,closing_velocity_mps,phase
0,0,0,0,21.75,0,0.149999994323105,0.15,0,0,approach
0.001,0,0,0,21.75,0,0.149999994324321,0.149996601239669,1.21532500625011e-09,0,approach
0.002,0,0.0035136302494089,0.0245954117458623,21.75,0,0.149999912457286,0.149986446280992,-8.18670277252592e-05,8.18670277252592e-05,approach
0.003,0,0.00337762504844086,0.00256159384263265,21.75,0,0.149999667735275,0.149969597107438,-0.000244721947339053,0.000244721947339053,approach
0.004,0,0.00289510718437788,0,21.75,0,0.14999918006911,0.149946115702479,-0.000487665913440574,0.000487665913440574,approach
0.005,0,0.00248152044375247,0,21.75,0,0.149998370281582,0.149916064049587,-0.000809786836157594,0.000809786836157594,approach
0.006,0,0.00844979225976309,0.0442594231558268,21.75,0,0.149997160121488,0.149879504132231,-0.00121015855251272,0.00121015855251272,approach
0.007,0,0.00789873782753365,0.00459241123415699,21.75,0,0.149995472277285,0.149836497933884,-0.00168784121142765,0.00168784121142765,approach
0.008,0,0.0123696979478234,0.0391954586695621,21.75,0,0.149993230390361,0.149787107438017,-0.00224188165712307,0.00224188165712307,approach
0.009,0,0.0205044992922732,0.0693133073589719,21.75,0,0.149990359067931,0.149731394628099,-0.0028713138109895,0.0028713138109895,approach
0.01,0,0.0250411458114546,0.052261024926543,21.75,0,0.149986783895548,0.149669421487603,-0.00357515905199724,0.00357515905199724,approach
0.011,0,0.0214638392669611,0,21.75,0,0.149982431449238,0.14960125,-0.00435242659570651,0.00435242659570651,approach
0.012,0,0.0183975765145381,0,21.75,0,0.14997722930727,0.14952694214876,-0.00520211387193141,0.00520211387193141,approach
0.013,0,0.0179368687804802,0.0151726223761331,21.75,0,0.14997110606153,0.149446559917355,-0.00612320690110461,0.00612320690110461,approach
0.014,0,0.0153744589546973,0,21.75,0,0.149963991328548,0.149360165289256,-0.00711468066938228,0.00711468066938228,approach
0.015,0,0.0189787609124695,0.0406045726591022,21.75,0,0.149955815760129,0.149267820247934,-0.00817549950252178,0.00817549950252178,approach
0.016,0,0.0254729480436015,0.0644380708303938,21.75,0,0.149946511053629,0.14916958677686,-0.00930461743855794,0.00930461743855794,approach
0.017,0,0.0309435929036311,0.0637674620638089,21.75,0,0.149936009961856,0.149065526859504,-0.0105009785992966,0.0105009785992966,approach
0.018,0,0.0265230796316838,0,21.75,0,0.1499242463026,0.148955702479339,-0.0117635175606382,0.0117635175606382,approach
0.019,0,0.0338179582918301,0.0775872302527077,21.75,0,0.149911154967802,0.148840175619835,-0.0130911597217368,0.0130911597217368,approach
0.02,0,0.0289868213929972,0,21.75,0,0.149896671932346,0.148719008264463,-0.0144828216729943,0.0144828216729943,approach
0.021,0,0.0248458469082833,0,21.75,0,0.149880734262503,0.148592262396694,-0.0159374115628832,0.0159374115628832,approach
0.022,0,0.0212964402071,0,21.75,0,0.14986328012399,0.14846,-0.0174538294635852,0.0174538294635852,approach
0.023,0,0.0257023558084468,0.0521378494165273,21.75,0,0.149844248789683,0.148322283057851,-0.0190309677354277,0.0190309677354277,approach
0.024,0,0.0220305906929544,0,21.75,0,0.149823580646962,0.148179173553719,-0.0206677113900946,0.0206677113900946,approach
0.025,0,0.0188833634511037,0,21.75,0,0.149801217204694,0.148030733471074,-0.0223629384525812,0.0223629384525812,approach
0.026,0,0.0161857401009461,0,21.75,0,0.149777101099858,0.147877024793388,-0.0241155203218601,0.0241155203218601,approach
0.027,0,0.0138734915150966,0,21.75,0,0.149751176103814,0.147718109504132,-0.0259243221302188,0.0259243221302188,approach
0.028,0,0.0118915641557971,0,21.75,0,0.149723387128216,0.147554049586777,-0.0277882031012243,0.0277882031012243,approach
0.029,0,0.0101927692763975,0,21.75,0,0.149693680230563,0.147384907024793,-0.0297060169062673,0.0297060169062673,approach
0.03,0,0.00873665937976931,0,21.75,0,0.149662002619405,0.147210743801653,-0.031676612019634,0.031676612019634,approach
0.031,0,0.00748856518265941,0,21.75,0,0.149628302659193,0.147031621900826,-0.0336988320720467,0.0336988320720467,approach
0.032,0,0.0157686141577703,0.065448908008436,21.75,0,0.149592529874775,0.146847603305785,-0.0357715162026166,0.0357715162026166,approach
0.033,0,0.019731600223219,0.0435095166159108,21.75,0,0.149554634955549,0.14665875,-0.0378934994091407,0.0378934994091407,approach
0.034,0,0.0171665664177021,0.00177636358460098,21.75,0,0.149514569759265,0.146465123966942,-0.0400636128966799,0.0400636128966799,approach
0.035,0,0.0147141997866018,0,21.75,0,0.149472287315482,0.146266787190083,-0.0422806844243438,0.0422806844243438,approach
0.036,0,0.0187143596831497,0.0427153190624372,21.75,0,0.149427741828679,0.146063801652893,-0.0445435386502133,0.0445435386502133,approach
0.037,0,0.0215467841940324,0.0385413312593285,21.75,0,0.14938088868103,0.145856229338843,-0.0468509974743212,0.0468509974743212,approach
0.038,0,0.0244934203029728,0.0421732369566152,21.75,0,0.149331684434832,0.145644132231405,-0.0492018803796151,0.0492018803796151,approach
0.039,0,0.0258574387275526,0.0340415492750315,21.75,0,0.149280086834598,0.14542757231405,-0.0515950047708215,0.0515950047708215,approach
0.04,0,0.0288979443743463,0.0471409782551085,21.75,0,0.149226054808817,0.145206611570248,-0.0540291863111268,0.0540291863111268,approach
0.041,0,0.0247696666065826,0,21.75,0,0.149169548471374,0.144981311983471,-0.0565032392565936,0.0565032392565936,approach
0.042,0,0.0284269757015479,0.0503708302713398,21.75,0,0.149110529122648,0.14475173553719,-0.0590159767882231,0.0590159767882231,approach
0.043,0,0.0243659791727553,0,21.75,0,0.14904895925027,0.144517944214876,-0.0615662113415785,0.0615662113415785,approach
0.044,0,0.0208851250052189,0,21.75,0,0.148984802529563,0.14428,-0.0641527549338788,0.0641527549338788,approach
0.045,0,0.0236996028751339,0.0405864700946241,21.75,0,0.148918023823653,0.144037964876033,-0.0667744194884741,0.0667744194884741,approach
0.046,0,0.0274047341581495,0.0496355218562432,21.75,0,0.148848589183267,0.143791900826446,-0.06943001715661,0.06943001715661,approach
0.047,0,0.0234897721355567,0,21.75,0,0.148776465846201,0.143541869834711,-0.0721183606363929,0.0721183606363929,approach
0.048,0,0.0242145728733791,0.0285633773003135,21.75,0,0.148701622236479,0.143287933884298,-0.0748382634888584,0.0748382634888584,approach
0.049,0,0.0207553481771821,0,21.75,0,0.148624027963202,0.143030154958678,-0.0775885404510571,0.0775885404510571,approach
0.05,0,0.0177902984375847,0,21.75,0,0.148543653819082,0.142768595041322,-0.0803680077460583,0.0803680077460583,approach
0.051,0,0.0219292285487099,0.0467628092154611,21.75,0,0.14846047177867,0.142503316115702,-0.0831754833897841,0.0831754833897841,approach
0.052,0,0.0187964816131799,0,21.75,0,0.148374454996286,0.142234380165289,-0.0860097874945781,0.0860097874945781,approach
0.053,0,0.0189615898122313,0.01995223900654,21.75,0,0.148285577803646,0.141961849173554,-0.0888697425694168,0.0888697425694168,approach
0.054,0,0.0180427221333599,0.0125295160601316,21.75,0,0.148193815707187,0.141685785123967,-0.0917541738166727,0.0917541738166727,approach
0.055,0,0.0248475511540944,0.0656765252785014,21.75,0,0.148099145385108,0.14140625,-0.0946619094253351,0.0946619094253351,approach
0.056,0,0.0271131771193322,0.0407069329107591,21.75,0,0.14800154468412,0.141123305785124,-0.0975917808606,0.0975917808606,approach
0.057,0,0.0232398661022848,0,21.75,0,0.147900992615902,0.14083701446281,-0.100542623149738,0.100542623149738,approach
0.058,0,0.0199198852305298,0,21.75,0,0.147797469353287,0.140547438016529,-0.103513275164148,0.103513275164148,approach
0.059,0,0.0170741873404541,0,21.75,0,0.14769095622616,0.140254638429752,-0.106502579897517,0.106502579897517,approach
0.06,0,0.0146350177203893,0,21.75,0,0.14758143571709,0.13995867768595,-0.109509384739986,0.109509384739986,approach
0.061,0,0.0138469131629882,0.00911828581858198,21.75,0,0.147468891456683,0.139659617768595,-0.112532541748247,0.112532541748247,approach
0.062,0,0.0139846977683344,0.0148114054004115,21.75,0,0.147353308218681,0.139357520661157,-0.115570907911479,0.115570907911479,approach
0.063,0,0.0199421687395916,0.055686994567135,21.75,0,0.147234671914783,0.139052448347107,-0.118623345413049,0.118623345413049,approach
0.064,0,0.0232183249154066,0.0428752619702963,21.75,0,0.147112969589227,0.138744462809917,-0.121688721887885,0.121688721887885,approach
0.065,0,0.0199014213560628,0,21.75,0,0.146988189413104,0.138433626033058,-0.124765910675444,0.124765910675444,approach
0.066,0,0.0170583611623395,0,21.75,0,0.146860320678432,0.13812,-0.127853791068211,0.127853791068211,approach
0.067,0,0.0179135066325863,0.0230443794540666,21.75,0,0.146729353791981,0.137803646694215,-0.130951248555626,0.130951248555626,approach
0.068,0,0.0153544342565025,0,21.75,0,0.146595280268861,0.137484628099174,-0.134057175063388,0.134057175063388,approach
0.069,0,0.0131609436484307,0,21.75,0,0.146458092725878,0.137163006198347,-0.137170469188051,0.137170469188051,approach
0.07,0,0.0127792314590438,0.0104889583227226,21.75,0,0.146317784874651,0.136838842975207,-0.140290036426847,0.140290036426847,approach
0.071,0,0.0109536269648947,0,21.75,0,0.146174351514514,0.136512200413223,-0.14341478940266,0.14341478940266,approach
0.072,0,0.0169942878810781,0.0532382533781782,21.75,0,0.146027788525191,0.136183140495868,-0.146543648084098,0.146543648084098,approach
0.073,0,0.0222927488901298,0.0540835149444404,21.75,0,0.145878092859259,0.135851725206612,-0.14967554000058,0.14967554000058,approach
0.074,0,0.0191080704772542,0,21.75,0,0.145725262534396,0.135518016528926,-0.152809400452393,0.152809400452393,approach
0.075,0,0.0171359949549556,0.00530354182116453,21.75,0,0.145569296625432,0.135182076446281,-0.155944172715652,0.155944172715652,approach
0.076,0,0.0213746559832626,0.0468066221531043,21.75,0,0.14541019525619,0.134843966942149,-0.159078808242109,0.159078808242109,approach
0.077,0,0.0286048386794926,0.0719859348568726,21.75,0,0.145247959591138,0.13450375,-0.162212266853743,0.162212266853743,approach
0.078,0,0.0245184331538508,0,21.75,0,0.145082591826852,0.134161487603306,-0.165343516932106,0.165343516932106,approach
0.079,0,0.0210157998461578,0,21.75,0,0.144914095183289,0.133817241735537,-0.168471535602342,0.168471535602342,approach
0.08,0,0.0358812465513809,0.125073926782719,21.75,0,0.144742473894888,0.133471074380165,-0.171595308911861,0.171595308911861,approach
0.081,0,0.0410517666917131,0.0720748875337063,21.75,0,0.144567733201488,0.133123047520661,-0.174713832003603,0.174713832003603,approach
0.082,0,0.0351872285928969,0,21.75,0,0.144389879339088,0.132773223140496,-0.177826109283861,0.177826109283861,approach
0.083,0,0.0301604816510545,0,21.75,0,0.144208919530439,0.132421663223141,-0.180931154584616,0.180931154584616,approach
0.084,0,0.035041948991997,0.0643307530376518,21.75,0,0.144024861975473,0.132068429752066,-0.184027991320356,0.184027991320356,approach
0.085,0,0.0383649079117961,0.0583026614305911,21.75,0,0.143837715841594,0.131713584710744,-0.187115652639338,0.187115652639338,approach
0.086,0,0.0328842067815395,0,21.75,0,0.143647491253809,0.131357190082645,-0.19019318156926,0.19019318156926,approach
0.087,0,0.031378012236556,0.022340844966655,21.75,0,0.143454199284726,0.13099930785124,-0.193259631157321,0.193259631157321,approach
0.088,0,0.0390371028613235,0.0849916466099281,21.75,0,0.143257851944415,0.13064,-0.196314064604638,0.196314064604638,approach
0.089,0,0.0343597438073677,0.00629558948363283,21.75,0,0.143058462170138,0.130279328512397,-0.199355555395004,0.199355555395004,approach
0.09,0,0.0294512089777437,0,21.75,0,0.142856043815959,0.129917355371901,-0.202383187417949,0.202383187417949,approach
0.091,0,0.0252438934094946,0,21.75,0,0.142650611642233,0.129554142561983,-0.205396055086106,0.205396055086106,approach
0.092,0,0.021637622922424,0,21.75,0,0.142442181304982,0.129189752066116,-0.208393263446863,0.208393263446863,approach
0.093,0,0.0255395117751795,0.048950844891713,21.75,0,0.142230769345169,0.128824245867769,-0.211373928288272,0.211373928288272,approach
0.094,0,0.021891010093011,0,21.75,0,0.142016393177864,0.128457685950413,-0.214337176239231,0.214337176239231,approach
0.095,0,0.0187637229368666,0,21.75,0,0.141799071081321,0.128090134297521,-0.21728214486391,0.21728214486391,approach
0.096,0,0.0160831910887428,0,21.75,0,0.141578822185965,0.127721652892562,-0.220207982750434,0.220207982750434,approach
0.097,0,0.0137855923617795,0,21.75,0,0.14135566646329,0.127352303719008,-0.22311384959381,0.22311384959381,approach
0.098,0,0.0118162220243825,0,21.75,0,0.141129624714685,0.126982148760331,-0.225998916273103,0.225998916273103,approach
0.099,0,0.0101281903066135,0,21.75,0,0.140900718560188,0.12661125,-0.228862364922871,0.228862364922871,approach
0.1,0,0.00911881104755457,0.00306253549320077,21.75,0,0.140668970427164,0.126239669421488,-0.23170338899886,0.23170338899886,approach
0.101,0,0.00995300956738534,0.0149582006863699,21.75,0,0.140434403538939,0.125867469008264,-0.234521193337963,0.234521193337963,approach
0.102,0,0.00853115105775886,0,21.75,0,0.140197041903363,0.125494710743802,-0.237314994212478,0.237314994212478,approach
0.103,0,0.00731241519236474,0,21.75,0,0.139956910301329,0.12512145661157,-0.240084019378649,0.240084019378649,approach
0.104,0,0.00626778445059835,0,21.75,0,0.139714034275257,0.124747768595041,-0.242827508119532,0.242827508119532,approach
0.105,0,0.0069084282050088,0.0107522907314715,21.75,0,0.139468440117526,0.124373708677686,-0.2455447112822,0.2455447112822,approach
0.106,0,0.00925737785686032,0.0233510757679694,21.75,0,0.139220154858881,0.123999338842975,-0.248234891309302,0.248234891309302,approach
0.107,0,0.0296322465506655,0.151881458713497,21.75,0,0.138969206256816,0.12362472107438,-0.250897322265017,0.250897322265017,approach
0.108,0,0.025399068471999,0,21.75,0,0.138715622783929,0.123249917355372,-0.253531289855411,0.253531289855411,approach
0.109,0,0.0277521889544126,0.0418709118488943,21.75,0,0.138459433616267,0.122874989669422,-0.256136091443254,0.256136091443254,approach
0.11,0,0.0304222224772718,0.0464424236144266,21.75,0,0.138200668621656,0.1225,-0.258711036057305,0.258711036057305,approach
0.111,0,0.0260761906948044,0,21.75,0,0.137939358348033,0.122125010330579,-0.261255444396117,0.261255444396117,approach
0.112,0,0.0304299191395561,0.0565522898080663,21.75,0,0.137675534011772,0.121750082644628,-0.263768648826395,0.263768648826395,approach
0.113,0,0.0327789905349134,0.0468734189070574,21.75,0,0.13740922748602,0.12137527892562,-0.266249993375953,0.266249993375953,approach
0.114,0,0.0296289355032683,0.0107286053133977,21.75,0,0.137140471289046,0.121000661157025,-0.268698833721299,0.268698833721299,approach
0.115,0,0.0390718367069449,0.0957292439290048,21.75,0,0.136869298572602,0.120626291322314,-0.271114537169915,0.271114537169915,approach
0.116,0,0.0334901457488099,0,21.75,0,0.136595743110311,0.120252231404959,-0.273496482637264,0.273496482637264,approach
0.117,0,0.0287058392132657,0,21.75,0,0.13631983928608,0.11987854338843,-0.275844060618579,0.275844060618579,approach
0.118,0,0.024605005039942,0,21.75,0,0.136041622082547,0.119505289256198,-0.278156673155491,0.278156673155491,approach
0.119,0,0.0210900043199503,0,21.75,0,0.135761127069564,0.119132530991736,-0.280433733797543,0.280433733797543,approach
0.12,0,0.0292417005808305,0.0781518781461117,21.75,0,0.135478390392725,0.118760330578512,-0.282674667558656,0.282674667558656,approach
0.121,0,0.025064314783569,0,21.75,0,0.135193448761939,0.11838875,-0.284878910868598,0.284878910868598,approach
0.122,0,0.0245207492575689,0.0212593561015687,21.75,0,0.134906339440061,0.118017851239669,-0.287045911519526,0.287045911519526,approach
0.123,0,0.0210177850779162,0,21.75,0,0.134617100231572,0.117647696280992,-0.289175128607655,0.289175128607655,approach
0.124,0,0.0180152443524996,0,21.75,0,0.134325769471329,0.117278347107438,-0.291266032470129,0.291266032470129,approach
0.125,0,0.0154416380164283,0,21.75,0,0.134032386013382,0.116909865702479,-0.293318104617155,0.293318104617155,approach
0.126,0,0.0132356897283671,0,21.75,0,0.133736989219855,0.116542314049587,-0.295330837659474,0.295330837659474,approach
0.127,0,0.0116436245895973,0.00209123375697888,21.75,0,0.133439618949915,0.116175754132231,-0.297303735231234,0.297303735231234,approach
0.128,0,0.010887387591478,0.00634996560276177,21.75,0,0.133140315548811,0.115810247933884,-0.29923631190835,0.29923631190835,approach
0.129,0,0.00933204650698112,0,21.75,0,0.132839119837007,0.115445857438017,-0.301128093122409,0.301128093122409,approach
0.13,0,0.0144157141956956,0.0449177203279823,21.75,0,0.132536073099397,0.115082644628099,-0.302978615070216,0.302978615070216,approach
0.131,0,0.0123563264534533,0,21.75,0,0.132231217074625,0.114720671487603,-0.304787424619044,0.304787424619044,approach
0.132,0,0.0105911369601029,0,21.75,0,0.131924593944488,0.11436,-0.306554079207676,0.306554079207676,approach
0.133,0,0.00907811739437389,0,21.75,0,0.131616246323459,0.11400069214876,-0.308278146743321,0.308278146743321,approach
0.134,0,0.0077812434808919,0,21.75,0,0.131306217248301,0.113642809917355,-0.309959205494478,0.309959205494478,approach
0.135,0,0.00666963726933592,0,21.75,0,0.1309945501678,0.113286415289256,-0.311596843979852,0.311596843979852,approach
0.136,0,0.0117659383224149,0.0423437446408887,21.75,0,0.130681288932615,0.112931570247934,-0.313190660853387,0.313190660853387,approach
0.137,0,0.0170914509835955,0.049044526950679,21.75,0,0.130366477785234,0.112578336776859,-0.314740264785515,0.314740264785515,approach
0.138,0,0.0146498151287961,0,21.75,0,0.130050161350067,0.112226776859504,-0.316245274340705,0.316245274340705,approach
0.139,0,0.012556984396111,0,21.75,0,0.129732384623654,0.111876952479339,-0.317705317851415,0.317705317851415,approach
0.14,0,0.0107631294823808,0,21.75,0,0.129413192965003,0.111528925619835,-0.319120033288515,0.319120033288515,approach
0.141,0,0.00922553955632642,0,21.75,0,0.129092632086071,0.111182758264463,-0.320489068128292,0.320489068128292,approach
0.142,0,0.00790760533399408,0,21.75,0,0.128770748042361,0.110838512396694,-0.321812079216132,0.321812079216132,approach
0.143,0,0.00683534050168109,0.000401751507803193,21.75,0,0.128447587223681,0.11049625,-0.323088732626951,0.323088732626951,approach
0.144,0,0.00948784486145441,0.0254028710200943,21.75,0,0.128123196345028,0.110156033057851,-0.324318703522498,0.324318703522498,approach
0.145,0,0.00813243845267521,0,21.75,0,0.127797622437624,0.109817923553719,-0.325501676005614,0.325501676005614,approach
0.146,0,0.00916145613244066,0.0153355622110334,21.75,0,0.127470912840103,0.109481983471074,-0.326637342971535,0.326637342971535,approach
0.147,0,0.0136252356159852,0.0404079125172525,21.75,0,0.127143115189841,0.109148274793388,-0.327725405956357,0.327725405956357,approach
0.148,0,0.0116787733851302,0,21.75,0,0.126814277414448,0.108816859504132,-0.328765574982742,0.328765574982742,approach
0.149,0,0.0137915543805369,0.0264682403529771,21.75,0,0.126484447723415,0.108487799586777,-0.329757568402979,0.329757568402979,approach
0.15,0,0.0118213323261745,0,21.75,0,0.126153674599914,0.108161157024793,-0.330701112739493,0.330701112739493,approach
0.151,0,0.0160318900238573,0.0412952362099544,21.75,0,0.125822006792769,0.107836993801653,-0.331595942522895,0.331595942522895,approach
0.152,0,0.0178236678836658,0.0285743350425167,21.75,0,0.12548949330858,0.107515371900826,-0.332441800127696,0.332441800127696,approach
0.153,0,0.0159170310218684,0.00447720985108404,21.75,0,0.125156183404029,0.107196353305785,-0.333238435605758,0.333238435605758,approach
0.154,0,0.0136431694473158,0,21.75,0,0.124822126578335,0.10688,-0.333985606517603,0.333985606517603,approach
0.155,0,0.0152784210597872,0.025089930734616,21.75,0,0.124487372565896,0.106566373966942,-0.334683077761676,0.334683077761676,approach
0.156,0,0.0205131066456687,0.0519212201609575,21.75,0,0.124151971329094,0.106255537190083,-0.335330621401662,0.335330621401662,approach
0.157,0,0.0175826628391446,0,21.75,0,0.123815973051278,0.105947551652893,-0.335928016491957,0.335928016491957,approach
0.158,0,0.0173874310887376,0.0162160405862956,21.75,0,0.123479428129923,0.105642479338843,-0.336475048901407,0.336475048901407,approach
0.159,0,0.0149035123617751,0,21.75,0,0.123142387169964,0.105340382231405,-0.336971511135393,0.336971511135393,approach
0.16,0,0.0198894207811694,0.0498048712975351,21.75,0,0.122804900977314,0.10504132231405,-0.337417202156393,0.337417202156393,approach
0.161,0,0.0259842868028083,0.0625534829326419,21.75,0,0.122467020552558,0.104745361570248,-0.3378119272031,0.3378119272031,approach
0.162,0,0.0244814568198853,0.0154644769223471,21.75,0,0.122128797084831,0.104452561983471,-0.338155497608203,0.338155497608203,approach
0.163,0,0.0246036628322314,0.025336898906308,21.75,0,0.121790281945884,0.10416298553719,-0.338447730614941,0.338447730614941,approach
0.164,0,0.0210888538561983,0,21.75,0,0.121451526684321,0.103876694214876,-0.33868844919252,0.33868844919252,approach
0.165,0,0.01807616044817,0,21.75,0,0.121112583020041,0.10359375,-0.338877481850498,0.338877481850498,approach
0.166,0,0.0154938518127171,0,21.75,0,0.120773502838848,0.103314214876033,-0.33901466245223,0.33901466245223,approach
0.167,0,0.0158464280190752,0.0179618852572234,21.75,0,0.120434338187263,0.103038150826446,-0.339099830027493,0.339099830027493,approach
0.168,0,0.0135826525877787,0,21.75,0,0.120095141267512,0.102765619834711,-0.339132828584361,0.339132828584361,approach
0.169,0,0.0192579685617258,0.053309864405408,21.75,0,0.11975596443271,0.102496683884298,-0.339113506920449,0.339113506920449,approach
0.17,0,0.0165068301957649,0,21.75,0,0.119416860182236,0.102231404958678,-0.339041718433617,0.339041718433617,approach
0.171,0,0.0141487115963699,0,21.75,0,0.119077881157289,0.101969845041322,-0.338917320932226,0.338917320932226,approach
0.172,0,0.0121274670826028,0,21.75,0,0.118739080136645,0.101712066115702,-0.338740176445048,0.338740176445048,approach
0.173,0,0.0157706190324795,0.0376295307317393,21.75,0,0.118400510032595,0.101458130165289,-0.338510151030915,0.338510151030915,approach
0.174,0,0.0257675895415484,0.0857494125959619,21.75,0,0.118062223887081,0.101208099173554,-0.338227114588219,0.338227114588219,approach
0.175,0,0.0255325724783359,0.0241224700990609,21.75,0,0.117724274868016,0.100962035123967,-0.337890940664332,0.337890940664332,approach
0.176,0,0.0218850621242879,0,21.75,0,0.1173867162658,0.10072,-0.337501506265052,0.337501506265052,approach
0.177,0,0.0272942521417405,0.0597493922464562,21.75,0,0.117049601490025,0.100482055785124,-0.337058691664164,0.337058691664164,approach
0.178,0,0.023395073264349,0,21.75,0,0.11671298406637,0.10024826446281,-0.3365623802132,0.3365623802132,approach
0.179,0,0.0256500827468869,0.0391801396421141,21.75,0,0.116376917633685,0.100018688016529,-0.336012458151494,0.336012458151494,approach
0.18,0,0.0237247572498246,0.0121728042674513,21.75,0,0.116041455941265,0.0997933884297521,-0.335408814416603,0.335408814416603,approach
0.181,0,0.0203355062141354,0,21.75,0,0.115706652846319,0.0995724276859504,-0.334751340455197,0.334751340455197,approach
0.182,0,0.017530688310115,0.000701780885992809,21.75,0,0.115372562311617,0.099355867768595,-0.334039930034493,0.334039930034493,approach
0.183,0,0.0180814461489178,0.0213859931817344,21.75,0,0.115039238403337,0.099143770661157,-0.33327447905431,0.33327447905431,approach
0.184,0,0.0154983824133581,0,21.75,0,0.114706735289088,0.0989361983471074,-0.33245488535984,0.33245488535984,approach
0.185,0,0.0198291213806627,0.0458135551844901,21.75,0,0.114375107236132,0.0987332128099174,-0.331581048555193,0.331581048555193,approach
0.186,0,0.0169963897548537,0,21.75,0,0.114044408609778,0.0985348760330579,-0.330652869817819,0.330652869817819,approach
0.187,0,0.0191895772846876,0.0323487024636906,21.75,0,0.113714693871974,0.09834125,-0.32967025171386,0.32967025171386,approach
0.188,0,0.0199820695501185,0.024737023142704,21.75,0,0.113386017580076,0.0981523966942149,-0.328633098014519,0.328633098014519,approach
0.189,0,0.0171274881858158,0,21.75,0,0.113058434385798,0.0979683780991736,-0.327541313513514,0.327541313513514,approach
0.19,0,0.0170930224641175,0.0168862281339276,21.75,0,0.11273199903435,0.0977892561983471,-0.326394803845687,0.326394803845687,approach
0.191,0,0.0146511621121007,0,21.75,0,0.112406766363754,0.0976150929752066,-0.325193475306842,0.325193475306842,approach
0.192,0,0.0214834210461053,0.0624769746501328,21.75,0,0.112082791304334,0.0974459504132232,-0.32393723467487,0.32393723467487,approach
0.193,0,0.0190302619048258,0.00431130705714876,21.75,0,0.111760128878393,0.0972818904958678,-0.322625989032231,0.322625989032231,approach
0.194,0,0.0163116530612793,0,21.75,0,0.11143883420006,0.0971229752066116,-0.321259645589863,0.321259645589863,approach
0.195,0,0.0231574314186785,0.0642321015630739,21.75,0,0.111118962475314,0.0969692665289256,-0.31983811151256,0.31983811151256,approach
0.196,0,0.0198492269302959,0,21.75,0,0.11080056900218,0.096820826446281,-0.318361293745901,0.318361293745901,approach
0.197,0,0.0182986761849976,0.00899537171320778,21.75,0,0.110483709171102,0.0966777169421488,-0.316829098844771,0.316829098844771,approach
0.198,0,0.0156845795871408,0,21.75,0,0.110168438465477,0.09654,-0.315241432803532,0.315241432803532,approach
0.199,0,0.0134439253604064,0,21.75,0,0.109854812462369,0.0964077376033058,-0.313598200887902,0.313598200887902,approach
0.2,0,0.0176636977841568,0.0429823323266592,21.75,0,0.109542886833379,0.0962809917355372,-0.311899307468597,0.311899307468597,approach
0.201,0,0.0166293587139502,0.0104233242927108,21.75,0,0.109232717345685,0.0961598243801653,-0.310144655856761,0.310144655856761,approach
0.202,0,0.0242139712821612,0.069721646691427,21.75,0,0.10892435986325,0.0960442975206612,-0.308334148141262,0.308334148141262,approach
0.203,0,0.0234974011964683,0.019197980682311,21.75,0,0.10861787034818,0.0959344731404959,-0.306467685027884,0.306467685027884,approach
0.204,0,0.0201406295969728,0,21.75,0,0.10831330486225,0.0958304132231405,-0.304545165680445,0.304545165680445,approach
0.205,0,0.0309277970660295,0.0956508018803695,21.75,0,0.108010719568588,0.0957321797520661,-0.302566487563908,0.302566487563908,approach
0.206,0,0.026509540342311,0,21.75,0,0.107710170733503,0.0956398347107438,-0.300531546289503,0.300531546289503,approach
0.207,0,0.0227224631505523,0,21.75,0,0.107411714728484,0.0955534400826446,-0.298440235461898,0.298440235461898,approach
0.208,0,0.0225883110721506,0.0217833986017408,21.75,0,0.107115408032333,0.0954730578512397,-0.296292446528464,0.296292446528464,approach
0.209,0,0.0193614094904148,0,21.75,0,0.106821307233462,0.09539875,-0.294088068630651,0.294088068630651,approach
0.21,0,0.016595493848927,0,21.75,0,0.106529469032321,0.0953305785123967,-0.291826988457518,0.291826988457518,approach
0.211,0,0.0231144941146956,0.0622284957093069,21.75,0,0.106239950243988,0.0952686053719008,-0.289509090101431,0.289509090101431,approach
0.212,0,0.0198124235268819,0,21.75,0,0.105952807800886,0.0952128925619835,-0.287134254915962,0.287134254915962,approach
0.213,0,0.0275560776645865,0.074018002490814,21.75,0,0.105668098755653,0.0951635020661157,-0.28470236137601,0.28470236137601,approach
0.214,0,0.0265427480983234,0.0204627707007445,21.75,0,0.105385880284142,0.0951204958677686,-0.282213284940167,0.282213284940167,approach
0.215,0,0.02275092694142,0,21.75,0,0.105106209688558,0.0950839359504132,-0.279666897915339,0.279666897915339,approach
0.216,0,0.0195007945212172,0,21.75,0,0.104829144400734,0.0950538842975207,-0.277063069323645,0.277063069323645,approach
0.217,0,0.0167149667324719,0,21.75,0,0.104554741985529,0.095030402892562,-0.274401664771611,0.274401664771611,approach
0.218,0,0.0262145346637501,0.0832119422514195,21.75,0,0.104283060144364,0.0950135537190083,-0.271682546321656,0.271682546321656,approach
0.219,0,0.0224696011403572,0,21.75,0,0.104014156718881,0.0950033987603306,-0.268905572365898,0.268905572365898,approach
0.22,0,0.0192596581203062,0,21.75,0,0.103748089694724,0.095,-0.266070597502276,0.266070597502276,approach
0.221,0,0.0165082783888339,0,21.75,0,0.103484917205446,0.09466,-0.263177472412995,0.263177472412995,approach
0.222,0,0.0198767681794125,0.0400877069228841,21.75,0,0.103221068901898,0.09432,-0.263853284207557,0.263853284207557,approach
0.223,0,0.0170372298680678,0,21.75,0,0.102956541144485,0.09398,-0.264532731619117,0.264532731619117,approach
0.224,0,0.0236223161985852,0.0631328341816891,21.75,0,0.102691330571595,0.09364,-0.265215536803609,0.265215536803609,approach
0.225,0,0.0202476995987873,0,21.75,0,0.102425434094416,0.0933,-0.265901427101415,0.265901427101415,approach
0.226,0,0.0350233510619996,0.123677259841273,21.75,0,0.102158848891759,0.09296,-0.266590135027324,0.266590135027324,approach
0.227,0,0.0305305160951869,0.00357350629431121,21.75,0,0.101891572404898,0.09262,-0.267281398256629,0.267281398256629,approach
0.228,0,0.0261690137958745,0,21.75,0,0.101623602332419,0.09228,-0.267974959607645,0.267974959607645,approach
0.229,0,0.0344589577169954,0.0841986212437208,21.75,0,0.101354936625102,0.09194,-0.26867056702093,0.26867056702093,approach
0.23,0,0.0295362494717104,0,21.75,0,0.10108557348082,0.0916,-0.269367973535441,0.269367973535441,approach
0.231,0,0.0290381070568223,0.0260492525674938,21.75,0,0.100815511339461,0.09126,-0.270066937261872,0.270066937261872,approach
0.232,0,0.0257116852424875,0.00575315435647903,21.75,0,0.100544748877888,0.09092,-0.270767221353392,0.270767221353392,approach
0.233,0,0.0220385873507036,0,21.75,0,0.100273285004927,0.09058,-0.271468593973966,0.271468593973966,approach
0.234,0,0.0188902177291745,0,21.75,0,0.100001118856383,0.09024,-0.272170828264463,0.272170828264463,approach
0.235,0,0.0161916151964353,0,21.75,0,0.0997282497901049,0.0899,-0.272873702306724,0.272873702306724,approach
0.236,0,0.0138785273112303,0,21.75,0,0.0994546773810745,0.08956,-0.273576999085735,0.273576999085735,approach
0.237,0,0.0118958805524831,0,21.75,0,0.0991804014165446,0.08922,-0.274280506450073,0.274280506450073,approach
0.238,0,0.0101964690449855,0,21.75,0,0.0989054218912133,0.08888,-0.274984017070756,0.274984017070756,approach
0.239,0,0.0129731383752389,0.0296331543567597,21.75,0,0.0986297390024435,0.08854,-0.275687328398632,0.275687328398632,approach
0.24,0,0.011119832893062,0,21.75,0,0.0983533531455249,0.0882,-0.276390242620419,0.276390242620419,approach
0.241,0,0.00988138360651894,0.00245068788726082,21.75,0,0.0980762649089817,0.08786,-0.277092566613525,0.277092566613525,approach
0.242,0,0.00846975737701623,0,21.75,0,0.0977984750699268,0.08752,-0.277794111899736,0.277794111899736,approach
0.243,0,0.00725979203744249,0,21.75,0,0.0975199845894632,0.08718,-0.278494694597886,0.278494694597886,approach
0.244,0,0.0158030930029785,0.0670628987961946,21.75,0,0.0972407946081332,0.08684,-0.279194135375589,0.279194135375589,approach
0.245,0,0.0202649571951192,0.0470361423479634,21.75,0,0.0969609064414172,0.0865,-0.279892259400129,0.279892259400129,approach
0.246,0,0.0173699633101022,0,21.75,0,0.0966803215752831,0.08616,-0.280588896288585,0.280588896288585,approach
0.247,0,0.0148885399800876,0,21.75,0,0.0963990416617838,0.08582,-0.281283880057258,0.281283880057258,approach
0.248,0,0.0127616056972179,0,21.75,0,0.0961170685147095,0.08548,-0.281977049070485,0.281977049070485,approach
0.249,0,0.0119255000070624,0.00690886586612936,21.75,0,0.095834404105288,0.08514,-0.282668245988902,0.282668245988902,approach
0.25,0,0.0271662185482221,0.11861052979518,21.75,0,0.0955510505579404,0.0848,-0.283357317717205,0.283357317717205,approach
0.251,0,0.0305294582864194,0.0507088967156033,21.75,0,0.095267010146087,0.08446,-0.284044115351488,0.284044115351488,approach
0.252,0,0.0283993261285972,0.0156185331816641,21.75,0,0.0949822852880085,0.08412,-0.284728494126197,0.284728494126197,approach
0.253,0,0.0243422795387976,0,21.75,0,0.0946968785427581,0.08378,-0.285410313360757,0.285410313360757,approach
0.254,0,0.0305889882949453,0.0680692408318316,21.75,0,0.0944107926061292,0.08344,-0.286089436405922,0.286089436405922,approach
0.255,0,0.0303452848428929,0.0288830641305785,21.75,0,0.0941240303066767,0.0831,-0.286765730589889,0.286765730589889,approach
0.256,0,0.0361641224063887,0.0710771477873636,21.75,0,0.0938365946017907,0.08276,-0.287439067164225,0.287439067164225,approach
0.257,0,0.0386963969839183,0.053890044449096,21.75,0,0.0935484885738274,0.08242,-0.288109321249634,0.288109321249634,approach
0.258,0,0.03316834027193,0,21.75,0,0.0932597154262913,0.08208,-0.288776371781628,0.288776371781628,approach
0.259,0,0.0284300059473686,0,21.75,0,0.0929702784800736,0.08174,-0.289440101456102,0.289440101456102,approach
0.26,0,0.0243685765263159,0,21.75,0,0.0926801811697451,0.0814,-0.290100396674878,0.290100396674878,approach
0.261,0,0.0209938100928958,0.00074521149237498,21.75,0,0.0923894270399021,0.08106,-0.290757147491239,0.290757147491239,approach
0.262,0,0.022447729124797,0.0311712433162041,21.75,0,0.0920980197415684,0.08072,-0.29141024755547,0.29141024755547,approach
0.263,0,0.0192409106783974,0,21.75,0,0.0918059630286513,0.08038,-0.292059594060462,0.292059594060462,approach
0.264,0,0.0191216573756475,0.0184061375591482,21.75,0,0.0915132607544508,0.08004,-0.292705087687378,0.292705087687378,approach
0.265,0,0.0163899920362693,0,21.75,0,0.0912199168682245,0.0797,-0.293346632551425,0.293346632551425,approach
0.266,0,0.0194045331431156,0.0374917797841932,21.75,0,0.0909259354118058,0.07936,-0.29398413614775,0.29398413614775,approach
0.267,0,0.0166324569798133,0,21.75,0,0.0906313205162766,0.07902,-0.294617509297479,0.294617509297479,approach
0.268,0,0.0142563916969829,0,21.75,0,0.0903360763986927,0.07868,-0.295246666093935,0.295246666093935,approach
0.269,0,0.0122197643116996,0,21.75,0,0.0900402073588642,0.07834,-0.295871523849026,0.295871523849026,approach
0.27,0,0.0104740836957425,0,21.75,0,0.0897437177761883,0.078,-0.296492003039866,0.296492003039866,approach
0.271,0,0.0207047604256417,0.0820888208050366,21.75,0,0.0894466121065363,0.07766,-0.297108027255601,0.297108027255601,approach
0.272,0,0.0177469375076929,0,21.75,0,0.0891488948791912,0.07732,-0.297719523144498,0.297719523144498,approach
0.273,0,0.0253559387689977,0.0710099463368264,21.75,0,0.0888505706938414,0.07698,-0.298326420361282,0.298326420361282,approach
0.274,0,0.0220705884783263,0.00235848673429807,21.75,0,0.0885516442176243,0.07664,-0.298928651514755,0.298928651514755,approach
0.275,0,0.0189176472671368,0,21.75,0,0.0882521201822217,0.0763,-0.299526152115711,0.299526152115711,approach
0.276,0,0.0246936559816716,0.0593497082688801,21.75,0,0.0879520033810096,0.07596,-0.300118860525155,0.300118860525155,approach
0.277,0,0.0211659908414328,0,21.75,0,0.087651298666257,0.07562,-0.300706717902834,0.300706717902834,approach
0.278,0,0.0258283909967221,0.0538027919284579,21.75,0,0.0873500109463762,0.07528,-0.301289668156117,0.301289668156117,approach
0.279,0,0.0221386208543332,0,21.75,0,0.087048145183225,0.07494,-0.301867657889206,0.301867657889206,approach
0.28,0,0.0241828335353681,0.0364481096215776,21.75,0,0.0867457063894589,0.0746,-0.302440636352708,0.302440636352708,approach
0.281,0,0.0207281430303155,0,21.75,0,0.0864426996259319,0.07426,-0.303008555393577,0.303008555393577,approach
0.282,0,0.0177669797402705,0,21.75,0,0.0861391299991501,0.07392,-0.303571369405431,0.303571369405431,approach
0.283,0,0.0258271432515545,0.0741881243192584,21.75,0,0.0858350026587708,0.07358,-0.304129035279259,0.304129035279259,approach
0.284,0,0.0221375513584752,0,21.75,0,0.0855303227951538,0.07324,-0.304681512354518,0.304681512354518,approach
0.285,0,0.0235098992761289,0.031743986782051,21.75,0,0.0852250956369591,0.0729,-0.305228762370648,0.305228762370648,approach
0.286,0,0.0265274280226792,0.0446326005019805,21.75,0,0.0849193264487942,0.07256,-0.305770749418989,0.305770749418989,approach
0.287,0,0.0227377954480107,0,21.75,0,0.0846130205289077,0.07222,-0.306307439895128,0.306307439895128,approach
0.288,0,0.0318276167966846,0.0863665448887279,21.75,0,0.0843061832069305,0.07188,-0.30683880245167,0.30683880245167,approach
0.289,0,0.0392591484671628,0.083848338490032,21.75,0,0.0839988198416646,0.07154,-0.307364807951448,0.307364807951448,approach
0.29,0,0.0336506986861395,0,21.75,0,0.0836909358189179,0.0712,-0.307885429421176,0.307885429421176,approach
0.291,0,0.0304259615658481,0.0110775388440994,21.75,0,0.0833825365493839,0.07086,-0.308400642005551,0.308400642005551,approach
0.292,0,0.0260793956278698,0,21.75,0,0.0830736274665683,0.07052,-0.308910422921808,0.308910422921808,approach
0.293,0,0.0274465195219177,0.0356492628862054,21.75,0,0.0827642140247597,0.07018,-0.309414751414735,0.309414751414735,approach
0.294,0,0.0235255881616438,0,21.75,0,0.0824543016970455,0.06984,-0.309913608712158,0.309913608712158,approach
0.295,0,0.020376846584437,0.00148439712119637,21.75,0,0.0821438959733707,0.0695,-0.310406977980888,0.310406977980888,approach
0.296,0,0.0247408713092154,0.0509250196578859,21.75,0,0.0818330023586419,0.06916,-0.310894844283151,0.310894844283151,approach
0.297,0,0.0260393594422733,0.0338302882406206,21.75,0,0.0815216263708729,0.06882,-0.311377194533488,0.311377194533488,approach
0.298,0,0.02231945095052,0,21.75,0,0.0812097735393743,0.06848,-0.311854017456146,0.311854017456146,approach
0.299,0,0.0327203303341577,0.0951256066359839,21.75,0,0.0808974494029836,0.06814,-0.312325303542945,0.312325303542945,approach
0.3,0,0.028045997429278,0,21.75,0,0.080584659508339,0.0678,-0.312791045011639,0.312791045011639,approach
0.301,0,0.0313372505674011,0.0510847693961398,21.75,0,0.0802714094081925,0.06746,-0.313251235764769,0.313251235764769,approach
0.302,0,0.0268605004863438,0,21.75,0,0.0799577046597645,0.06712,-0.313705871349008,0.313705871349008,approach
0.303,0,0.0230232861311518,0,21.75,0,0.0796435508231388,0.06678,-0.314154948915003,0.314154948915003,approach
0.304,0,0.0238483440784839,0.0287986917624765,21.75,0,0.079328953459697,0.06644,-0.314598467177712,0.314598467177712,approach
0.305,0,0.0305921394491304,0.0710549116730095,21.75,0,0.0790139181305919,0.0661,-0.315036426377249,0.315036426377249,approach
0.306,0,0.0262218338135404,0,21.75,0,0.0786984503952597,0.06576,-0.315468828240222,0.315468828240222,approach
0.307,0,0.0224758575544632,0,21.75,0,0.0783825558099704,0.06542,-0.315895675941578,0.315895675941578,approach
0.308,0,0.0192650207609684,0,21.75,0,0.0780662399264165,0.06508,-0.31631697406695,0.31631697406695,approach
0.309,0,0.0181896670828531,0.0117375450141608,21.75,0,0.0777495082903377,0.06474,-0.316732728575513,0.316732728575513,approach
0.31,0,0.0155911432138741,0,21.75,0,0.0774323664401824,0.0644,-0.317142946763337,0.317142946763337,approach
0.311,0,0.0133638370404635,0,21.75,0,0.0771148199058069,0.06406,-0.317547637227257,0.317547637227257,approach
0.312,0,0.0114547174632544,0,21.75,0,0.0767968742072085,0.06372,-0.317946809829234,0.317946809829234,approach
0.313,0,0.00981832925421806,0,21.75,0,0.076478534853294,0.06338,-0.318340475661236,0.318340475661236,approach
0.314,0,0.00841571078932977,0,21.75,0,0.0761598073406844,0.06304,-0.318728647010616,0.318728647010616,approach
0.315,0,0.00721346639085409,0,21.75,0,0.0758406971525514,0.0627,-0.319111337325998,0.319111337325998,approach
0.316,0,0.00618297119216065,0,21.75,0,0.0755212097574889,0.06236,-0.319488561183664,0.319488561183664,approach
0.317,0,0.00529968959328055,0,21.75,0,0.0752013506084182,0.06202,-0.319860334254449,0.319860334254449,approach
0.318,0,0.0128808383397205,0.0583677308183601,21.75,0,0.0748811251415241,0.06168,-0.320226673271137,0.320226673271137,approach
0.319,0,0.0110407185769033,0,21.75,0,0.0745605387752248,0.06134,-0.320587595996354,0.320587595996354,approach
0.32,0,0.01241262090701,0.0206440348876506,21.75,0,0.0742395969091719,0.061,-0.320943121190972,0.320943121190972,approach
0.321,0,0.0129766603706823,0.0163608971527158,21.75,0,0.0739183049232832,0.06066,-0.321293268582996,0.321293268582996,approach
0.322,0,0.0111228517462991,0,21.75,0,0.0735966681768049,0.06032,-0.321638058836961,0.321638058836961,approach
0.323,0,0.00953387292539923,0,21.75,0,0.0732746920074036,0.05998,-0.321977513523817,0.321977513523817,approach
0.324,0,0.0194978719494849,0.0792818660939986,21.75,0,0.0729523817302901,0.05964,-0.322311655091314,0.322311655091314,approach
0.325,0,0.016712461670987,0,21.75,0,0.0726297426373696,0.0593,-0.322640506834865,0.322640506834865,approach
0.326,0,0.0226145753058783,0.0580272571152256,21.75,0,0.0723067799964223,0.05896,-0.322964092868916,0.322964092868916,approach
0.327,0,0.0230245421212328,0.0254843430133601,21.75,0,0.0719834990503118,0.05862,-0.323282438098781,0.323282438098781,approach
0.328,0,0.0197353218181995,0,21.75,0,0.071659905016221,0.05828,-0.323595568192986,0.323595568192986,approach
0.329,0,0.0401536303704886,0.162663481684223,21.75,0,0.0713360030849151,0.05794,-0.323903509556068,0.323903509556068,approach
0.33,0,0.034447004460167,0.000207248998236965,21.75,0,0.0710117984200321,0.0576,-0.324206289301874,0.324206289301874,approach
0.331,0,0.0356053042869416,0.0425551032475892,21.75,0,0.0706872961573984,0.05726,-0.324503935227324,0.324503935227324,approach
0.332,0,0.0305188322459499,0,21.75,0,0.0703625014043714,0.05692,-0.324796475786646,0.324796475786646,approach
0.333,0,0.0299586167822156,0.0265973239998096,21.75,0,0.0700374192392061,0.05658,-0.325083940066093,0.325083940066093,approach
0.334,0,0.0256788143847562,0,21.75,0,0.0697120547104477,0.05624,-0.32536635775911,0.32536635775911,approach
0.335,0,0.02965536757283,0.0535146867012729,21.75,0,0.0693864128363484,0.0559,-0.325643759141976,0.325643759141976,approach
0.336,0,0.0266619038677542,0.00870112163729914,21.75,0,0.0690604986043069,0.05556,-0.3259161750499,0.3259161750499,approach
0.337,0,0.022853060458075,0,21.75,0,0.0687343169703333,0.05522,-0.326183636853576,0.326183636853576,approach
0.338,0,0.0220577947894524,0.0172862007777165,21.75,0,0.0684078728585355,0.05488,-0.326446176436191,0.326446176436191,approach
0.339,0,0.024096219455131,0.0363267674492026,21.75,0,0.068081171160629,0.05454,-0.326703826170877,0.326703826170877,approach
0.34,0,0.0206539023901123,0,21.75,0,0.0677542167354682,0.0542,-0.326956618898619,0.326956618898619,approach
0.341,0,0.0177033449058105,0,21.75,0,0.0674270144086,0.05386,-0.327204587906591,0.327204587906591,approach
0.342,0,0.0151742956335519,0,21.75,0,0.0670995689718379,0.05352,-0.327447766906941,0.327447766906941,approach
0.343,0,0.0250637502038734,0.0844004776258026,21.75,0,0.0667718851828582,0.05318,-0.327686190016004,0.327686190016004,approach
0.344,0,0.0214832144604629,0,21.75,0,0.0664439677648147,0.05284,-0.327919891733945,0.327919891733945,approach
0.345,0,0.0260148692139868,0.0532047977351301,21.75,0,0.0661158214059746,0.0525,-0.328148906924833,0.328148906924833,approach
0.346,0,0.0302114500684999,0.0553909351955783,21.75,0,0.0657874507593741,0.05216,-0.328373270797127,0.328373270797127,approach
0.347,0,0.0258955286301427,0,21.75,0,0.0654588604424931,0.05182,-0.328593018884586,0.328593018884586,approach
0.348,0,0.0221961673972652,0,21.75,0,0.0651300550369466,0.05148,-0.328808187027593,0.328808187027593,approach
0.349,0,0.0218644612117986,0.0198742240989992,21.75,0,0.0648010390881976,0.05114,-0.329018811354882,0.329018811354882,approach
0.35,0,0.0266476283463439,0.0553466311536157,21.75,0,0.0644718171052858,0.0508,-0.329224928265676,0.329224928265676,approach
0.351,0,0.0387746866235145,0.111537036286538,21.75,0,0.0641423935605735,0.05046,-0.329426574412216,0.329426574412216,approach
0.352,0,0.0485357652745558,0.107102237180803,21.75,0,0.0638127728895107,0.05012,-0.329623786682699,0.329623786682699,approach
0.353,0,0.0416020845210478,0,21.75,0,0.0634829594904139,0.04978,-0.32981660218459,0.32981660218459,approach
0.354,0,0.0356589295894696,0,21.75,0,0.0631529577242649,0.04944,-0.33000505822834,0.33000505822834,approach
0.355,0,0.0305647967909739,0,21.75,0,0.0628227719145214,0.0491,-0.330189192311466,0.330189192311466,approach
0.356,0,0.0294143754372368,0.0225118473148145,21.75,0,0.0624924063469466,0.04876,-0.330369042103023,0.330369042103023,approach
0.357,0,0.0273086484483327,0.014674286514908,21.75,0,0.0621618652694521,0.04842,-0.330544645428443,0.330544645428443,approach
0.358,0,0.0234074129557138,0,21.75,0,0.0618311528919563,0.04808,-0.330716040254744,0.330716040254744,approach
0.359,0,0.0229089701194608,0.0199183131019434,21.75,0,0.0615002733862567,0.048,-0.330883264676098,0.330883264676098,approach
0.36,0,0.033238600099364,0.0952163799787831,21.75,0,0.0611692770442406,0.048,-0.331000222311832,0.331000222311832,approach
0.361,0,0.0481840736773361,0.137856915145169,21.75,0,0.0608382272696144,0.048,-0.331053807785897,0.331053807785897,approach
0.362,0,0.0582941015403458,0.118954268718404,21.75,0,0.0605071860870094,0.048,-0.331045399052221,0.331045399052221,approach
0.363,0,0.056305060656862,0.0443708153559592,21.75,0,0.0601762141611249,0.048,-0.330976354905127,0.330976354905127,approach
0.364,0.236463069764265,0.0536216871243575,0.0375214459293307,21.75,0.154629184122811,0.0598453708158772,0.0598149958862392,-0.330848014976025,0.330848014976025,force
0.365,1.28956572373424,0.0459614461065922,0,21.75,0.479229788131107,0.0595207702118689,0.0597846102322637,-0.324608659855001,0.324608659855001,force
0.366,2.76738581546117,0.0471237361163298,0.0540974761747552,21.75,0.797555544229854,0.0592024444557702,0.0597542262054943,-0.318337042890702,0.318337042890702,force
0.367,4.53860739452023,0.0403917738139969,0,21.75,1.10951019045333,0.0588904898095467,0.0597238327539776,-0.311969037577227,0.311969037577227,force
0.368,6.53330137623629,0.0646239404831827,0.210016940498297,21.75,1.41495545140188,0.0585850445485981,0.0596934732274943,-0.305462644260593,0.305462644260593,force
0.369,8.70395311918444,0.238759595070929,1.28357352259741,21.75,1.71372217105132,0.0582862778289487,0.0596633574909274,-0.298786987891839,0.298786987891839,force
0.37,11.0143474601011,0.606774577612984,2.81486447286531,21.75,2.00561627645524,0.0579943837235448,0.0596337569753361,-0.29191715205115,0.29191715205115,force
0.371,13.4349184145058,1.17152019117273,4.55999387253119,21.75,2.29042414869655,0.0577095758513035,0.0596049471036037,-0.284833586979508,0.284833586979508,force
0.372,15.9404114705355,1.93529438843372,6.51793957199967,21.75,2.56791754216053,0.0574320824578395,0.0595772065157475,-0.277521658584604,0.277521658584604,force
0.373,18.5085690755696,2.89988360231108,8.68741888557523,21.75,2.83785771314813,0.0571621422868519,0.0595508163527907,-0.269970858540023,0.269970858540023,force
0.374,21.1193361205909,4.07114455182747,11.0987102489258,21.75,3.09999898127012,0.0569000010187299,0.0595260659551633,-0.262174237683796,0.262174237683796,force
0.375,23.7543549169874,5.41377021136576,13.4695241685955,21.75,3.35409178131395,0.0566459082186861,0.0595031952334592,-0.254127897039264,0.254127897039264,force
0.376,26.3966433114953,6.91116105196164,15.8955060955369,21.75,3.59988609325224,0.0564001139067478,0.059482420858932,-0.24583136623469,0.24583136623469,force
0.377,29.030378559155,8.56551199766173,18.4916176718622,21.75,3.83713424342511,0.0561628657565749,0.0594639625757287,-0.23728697526828,0.23728697526828,force
0.378,31.6407492444883,10.3548262635688,21.0907118590113,21.75,4.06559312451215,0.0559344068754879,0.0594480093324977,-0.228499273809439,0.228499273809439,force
0.379,34.2138621330697,12.262831812889,23.7108651088105,21.75,4.28502662635764,0.0557149733736424,0.0594347272970357,-0.219475242348191,0.219475242348191,force
0.38,36.7366807192778,14.283538390222,26.4077778542201,21.75,4.49520776591799,0.055504792234082,0.059424274250782,-0.210223991742018,0.210223991742018,force
0.381,39.1969846261293,16.3858730409057,28.9998809450076,21.75,4.69592045458233,0.0553040795454177,0.0594167644730393,-0.200756400982179,0.200756400982179,force
0.382,41.5833524637206,18.567160115846,31.6548825654877,21.75,4.88696153883673,0.0551130384611633,0.0594123084972015,-0.191085390817714,0.191085390817714,force
0.383,43.8851472153067,20.8057040281304,34.2369675018372,21.75,5.06814217741509,0.0549318578225849,0.0594109864828409,-0.181225260634447,0.181225260634447,force
0.384,46.092515629533,23.0869804070844,36.7746386808082,21.75,5.23928940274742,0.0547607105972526,0.0594128582554108,-0.171191872998174,0.171191872998174,force
0.385,48.1963894910457,25.37969755159,39.1360004186233,21.75,5.40024740738487,0.0545997525926151,0.059417939831983,-0.161002378907724,0.161002378907724,force
0.386,50.1884949467782,27.6826857986262,41.5006152808434,21.75,5.55087898179677,0.0544491210182032,0.0594262455921011,-0.150675369399188,0.150675369399188,force
0.387,52.0613528856358,29.9953413303872,43.8712745209538,21.75,5.69106628113323,0.0543089337188668,0.0594377890699636,-0.14023020471574,0.14023020471574,force
0.388,53.8082804005094,32.2975669466988,46.1109206445681,21.75,5.82071145188599,0.054179288548114,0.059452555663689,-0.129686874320927,0.129686874320927,force
0.389,55.4233972082936,34.5643990465455,48.1653916456254,21.75,5.93973747354321,0.0540602625264568,0.0594704958223542,-0.119066212006544,0.119066212006544,force
0.39,56.9016306423905,36.7914648289611,50.1538595234548,21.75,6.04808895664944,0.0539519110433506,0.0594915538731147,-0.108389852396414,0.108389852396414,force
0.391,58.2387112778934,38.9673437570134,52.022617325327,21.75,6.14573245357803,0.053854267546422,0.0595156581543745,-0.0976797436570727,0.0976797436570727,force
0.392,59.4311693608008,41.084743089765,53.7891390862751,21.75,6.23265677563144,0.0537673432243686,0.0595427267947002,-0.0869581538180348,0.0869581538180348,force
0.393,60.4763262980188,43.146979235646,55.5203961109321,21.75,6.30887312261298,0.053691126877387,0.0595726825656301,-0.0762474831717458,0.0762474831717458,force
0.394,61.3722796604674,45.1171763816715,56.9383592578246,21.75,6.37441491666964,0.0536255850833304,0.0596053966125645,-0.065569968398318,0.065569968398318,force
0.395,62.1178991475162,46.9902414247314,58.2286316830905,21.75,6.42933823729016,0.0535706617627098,0.0596407329505591,-0.0549482837562135,0.0549482837562135,force
0.396,62.7128054737648,48.7749315927521,59.4830726008761,21.75,6.47372158981004,0.05352627841019,0.0596785678547889,-0.0444048743221978,0.0444048743221978,force
0.397,63.1573437573713,50.4468208806611,60.4781566081153,21.75,6.50766533497361,0.0534923346650264,0.0597187434040219,-0.0339616167647849,0.0339616167647849,force
0.398,63.4525661833336,52.0080577136447,61.3754787115466,21.75,6.53129161260427,0.0534687083873957,0.059761104684821,-0.0236403134021723,0.0236403134021723,force
0.399,63.6001999533546,53.4507021556152,62.1065688074376,21.75,6.54474370804498,0.053455256291955,0.0598054856678388,-0.0134621345873753,0.0134621345873753,force
0.4,63.6026181238018,54.7734685701916,62.7100670576501,21.75,6.54818551663052,0.0534518144833695,0.0598517185238371,-0.00344771653142778,0.00344771653142778,force
0.401,63.4932007716785,55.9876782844316,63.2729365698714,21.75,6.54180081543827,0.0534581991845617,0.0598996512734353,0.00638303174368589,0,force
0.402,63.2602131814311,57.0580345295491,63.4801720002541,21.75,6.52578763544569,0.0534742123645543,0.0599486512734353,0.0160158304869083,0,force
0.403,62.8909194499787,58.0020693890569,63.6662785461038,21.75,6.50036582932458,0.0534996341706754,0.0599976512734353,0.025428828093506,0,force
0.404,62.3897212769126,58.7954997094983,63.5560816321471,21.75,6.46578411004913,0.0535342158899509,0.0600466512734353,0.0345931298952189,0,force
0.405,61.7614794367666,59.4666725266898,63.4937094298386,21.75,6.42230553712261,0.0535776944628774,0.0600956512734353,0.0434943612038688,0,force
0.406,61.0114738434445,60.0052576841564,63.2367686289564,21.75,6.37020653833647,0.0536297934616635,0.0601446512734353,0.0521191261816234,0,force
0.407,60.1453626116169,60.4072380246126,62.8191200673498,21.75,6.30977589071783,0.0536902241092822,0.0601936512734353,0.0604550489017049,0,force
0.408,59.1691403955541,60.6884239092295,62.3755392169306,21.75,6.24131366663231,0.0537586863333677,0.0602426512734353,0.0684908084257332,0,force
0.409,58.0890962889049,60.8363485357103,61.7238962945953,21.75,6.16513015102795,0.0538348698489721,0.0602916512734353,0.0762161678762495,0,force
0.41,56.9117715687162,60.8562972395779,60.9759894627836,21.75,6.08154473579801,0.053918455264202,0.0603406512734353,0.0836219975117943,0,force
0.411,55.643917563627,60.7599341305915,60.1817554766726,21.75,5.99088479719869,0.0540091152028013,0.0603896512734353,0.0907002918416883,0,retract
0.412,54.2855545718172,60.5371309898175,59.2003121451736,21.75,5.89298526550711,0.0541070147344929,0.0603926316472559,0.0979438004430491,0,retract
0.413,52.8502628901643,60.192856341901,58.1272084544024,21.75,5.78864972066805,0.054211350279332,0.0604015462175033,0.104383253261602,0,retract
0.414,51.3442761844953,59.7077087660733,56.7968233111068,21.75,5.67815434181766,0.0543218456581823,0.0604163551573558,0.110546365905115,0,retract
0.415,49.7739465228584,59.1176619015802,55.5773807146215,21.75,5.56178103924667,0.0544382189607533,0.0604370186399918,0.116427393827463,0,retract
0.416,48.1457116615462,58.4129846353204,54.1849210377618,21.75,5.43981641259838,0.0545601835874016,0.0604634968385896,0.122021635809412,0,retract
0.417,46.4660632238621,57.6120077146516,52.8061461906388,21.75,5.31255071100552,0.0546874492889945,0.0604957499263276,0.127325432084809,0,retract
0.418,44.7415159878466,56.7057773002237,51.2683948136565,21.75,5.18027679960811,0.0548197232003919,0.060533738076384,0.132336158006501,0,retract
0.419,42.9785784882851,55.719670684683,49.8030309914388,21.75,5.04328913672273,0.0549567108632773,0.0605774214619373,0.137052213422086,0,retract
0.42,41.1837251269181,54.6465860373743,48.2080781535217,21.75,4.9018827657349,0.0550981172342651,0.0606267602561658,0.141473007957364,0,retract
0.421,39.3633699733755,53.4665075052549,46.386036312539,21.75,4.75635232556793,0.0552436476744321,0.0606817146322478,0.145598942432222,0,retract
0.422,37.5238424280973,52.2172162634749,44.721468812795,21.75,4.60699108332396,0.055393008916676,0.0607422447633617,0.149431386659546,0,retract
0.423,35.6713649083276,50.911534031739,43.0774406413233,21.75,4.45408999242499,0.055545910007575,0.0608083108226858,0.152972653902639,0,retract
0.424,33.8120327094506,49.5227659126811,41.1901571983337,21.75,4.29793677928191,0.0557020632207181,0.0608798729833985,0.156225972290533,0,retract
0.425,31.9517961873955,48.0702364531691,39.3550596960974,21.75,4.13881506119563,0.0558611849388044,0.0609568914186781,0.15919545351367,0,retract
0.426,30.0964454045886,46.5625571526984,37.5164813498741,21.75,3.97700349785576,0.0560229965021442,0.0610393263017029,0.161886059144902,0,retract
0.427,28.2515973830279,44.9991525840073,35.6187251718604,21.75,3.812774978433,0.056187225021567,0.0611271378056513,0.164303564953057,0,retract
0.428,26.4226861152696,43.4031136314791,33.8268799163102,21.75,3.64639584587573,0.0563536041541243,0.0612202861037017,0.166454523598887,0,retract
0.429,24.6149554994806,41.7703072244222,31.9734687820807,21.75,3.47812515960663,0.0565218748403934,0.0613187313690323,0.168346226127013,0,retract
0.43,22.8334553913345,40.1030814279958,30.0997266494375,21.75,3.30821399738048,0.0566917860026195,0.0614224337748216,0.169986662693486,0,retract
0.431,21.0830410075002,38.4209187031248,28.3279423538985,21.75,3.13690479659549,0.0568630952034045,0.0615313534942478,0.171384482998497,0,retract
0.432,19.3683759789247,36.6949132638087,26.3388806279126,21.75,2.96443073484335,0.0570355692651567,0.0616454507004894,0.172548956929755,0,retract
0.433,17.6939394461492,34.971892145688,24.6337654369635,21.75,2.79101514894062,0.0572089848510594,0.0617646855667246,0.173489935967346,0,retract
0.434,16.064037726925,33.2586630521665,22.9792884910374,21.75,2.61687099106805,0.057383129008932,0.0618890182661318,0.174217815959908,0,retract
0.435,14.48282128986,31.5127356322997,21.0371711130993,21.75,2.44220031996473,0.0575577996800353,0.0620184089718893,0.174743501961496,0,retract
0.436,12.9543080701086,29.7777708499972,19.3679821561822,21.75,2.2671938243179,0.0577328061756821,0.0621528178571756,0.175078375928289,0,retract
0.437,11.4824146197679,28.0540145842831,17.7114769899981,21.75,2.09203037454311,0.0579079696254569,0.0622922050951688,0.175234268229422,0,retract
0.438,10.0709972899209,26.3351979947705,16.0222984576953,21.75,1.91687659796914,0.0580831234020309,0.0624365308590475,0.175223434150169,0,retract
0.439,8.72390675744405,24.6628950922166,14.6290776768927,21.75,1.74188647093412,0.0582581135290659,0.0625857553219898,0.175058536896402,0,retract
0.44,7.44506103811106,22.9901020729075,12.9533439570535,21.75,1.56720091929525,0.0584327990807048,0.0627398386571743,0.174752639109804,0,retract
0.441,6.23854524487604,21.3459414691706,11.4809778467492,21.75,1.39294741605971,0.0586070525839403,0.0628987410377791,0.174319205683353,0,retract
0.442,5.10875192999921,19.7446609755887,10.1369780140972,21.75,1.21923956080695,0.0587807604391931,0.0630624226369827,0.173772121924914,0,retract
0.443,4.06058644871273,18.1626873186936,8.67084537732258,21.75,1.04617661940396,0.058953823380596,0.0632308436279634,0.173125733234277,0,retract
0.444,3.09978346979034,16.6457235936549,7.54394124342285,21.75,0.873842992601952,0.0591261570073981,0.0634039641838995,0.172394916214209,0,retract
0.445,2.23342959102547,15.1498846772765,6.17485117900587,21.75,0.70230756507305,0.059297692434927,0.0635817444779694,0.171595198253873,0,retract
0.446,1.47091206702614,13.7123966113093,5.08746821550624,21.75,0.531622854709472,0.0594683771452905,0.0637641446833514,0.170742957337472,0,retract
0.447,0.825899057661877,12.3333344287056,4.05896133308327,21.75,0.361823816049579,0.0596381761839504,0.0639511249732239,0.169855768064668,0,retract
0.448,0.321563951185039,11.0137046388468,3.09592589969427,21.75,0.19292599120236,0.0598070740087976,0.0641426455207652,0.168953054465557,0,retract
0.449,0.0149300292298795,9.75363361518896,2.19320747324186,21.75,0.0249221941308955,0.0599750778058691,0.0643386664991536,0.168057557379252,0,retract
0.45,0,8.5679410190488,1.45378544220786,21.75,0,0.0601422260947472,0.0645391480815676,0.167200626910726,0,retract
0.451,0,7.45799071591081,0.798288897082884,21.75,0,0.0603086030325904,0.0647440504411854,0.166427923797781,0,retract
0.452,0,6.4527659235714,0.421417169534898,21.75,0,0.0604742937847673,0.0649533337511854,0.165740454068094,0,retract
0.453,0,5.54374776840691,0.0896388374199984,21.75,0,0.0606393821243585,0.0651669581847459,0.165136822085649,0,retract
0.454,0,4.7524455186151,0.00463201986419811,21.75,0,0.0608039504394676,0.0653848839150453,0.164615639699425,0,retract
0.455,0,4.08600840526455,0.087385725161291,21.75,0,0.0609680797408295,0.0656070711152619,0.164175526534136,0,retract
0.456,0,3.50960758188837,0.0512026416312826,21.75,0,0.0611318496696997,0.0658334799585741,0.163815110263195,0,retract
0.457,0,3.00823507019003,0,21.75,0,0.0612953385060069,0.0660640706181602,0.163533026864473,0,retract
0.458,0,2.57848720302003,0,21.75,0,0.0614586231767524,0.0662988032671985,0.163327920859396,0,retract
0.459,0,2.21013188830288,0,21.75,0,0.0616217792646387,0.0665376380788675,0.163198445535897,0,retract
0.46,0,1.90384598698507,0.0661305790782101,21.75,0,0.0617848810169126,0.0667805352263453,0.16314326315578,0,retract
0.461,0,1.64026575315411,0.0587843501683313,21.75,0,0.0619480013544066,0.0670274548828105,0.163161045146996,0,retract
0.462,0,1.40677809572023,0.00585215111694982,21.75,0,0.0621112118807644,0.0672783572214412,0.163250472281354,0,retract
0.463,0,1.2082204946042,0.0168748879080208,21.75,0,0.0622745828918359,0.067533202415416,0.163410234838166,0,retract
0.464,0,1.03919125645363,0.0250158275502181,21.75,0,0.0624381833852282,0.067791950637913,0.163639032754315,0,retract
0.465,0,0.899394978305008,0.0606173094132745,21.75,0,0.062602081069998,0.0680545620621107,0.163935575761243,0,retract
0.466,0,0.770909981404293,0,21.75,0,0.0627663423764742,0.0683209968611874,0.164298583509318,0,retract
0.467,0,0.662695247662842,0.0134068452141371,21.75,0,0.0629310324661989,0.0685912152083215,0.164726785680051,0,retract
0.468,0,0.568024497996722,0,21.75,0,0.0630962152419711,0.0688651772766912,0.165218922086625,0,retract
0.469,0,0.486878141140047,0,21.75,0,0.0632619533579866,0.069142843239475,0.165773742763166,0,retract
0.47,0,0.417830737910766,0.00354631853507555,21.75,0,0.0634283082300594,0.0694241732698512,0.166390008043196,0,retract
0.471,0,0.358140632494942,0,21.75,0,0.0635953400459162,0.069709127540998,0.167066488627703,0,retract
0.472,0,0.306977684995664,0,21.75,0,0.0637631077755517,0.069997666226094,0.167801965643226,0,retract
0.473,0,0.263123729996284,0,21.75,0,0.0639316691816387,0.0702897494983173,0.168595230690363,0,retract
0.474,0,0.23022604135384,0.0328399094991781,21.75,0,0.0641010808299779,0.0705853375308464,0.169445085883111,0,retract
0.475,0,0.19733660687472,0,21.75,0,0.0642713980999851,0.0708843904968596,0.170350343879402,0,retract
0.476,0,0.177672467482225,0.0596876311272543,21.75,0,0.0644426751952015,0.0711868685695352,0.171309827903223,0,retract
0.477,0,0.162861752822714,0.0739974648656503,21.75,0,0.064614965153822,0.0714927319220516,0.172322371758677,0,retract
0.478,0,0.142928952149982,0.0233321481135869,21.75,0,0.0647883198592338,0.0718019407275871,0.173386819836349,0,retract
0.479,0,0.130666229674478,0.0570898948214552,21.75,0,0.0649627900505557,0.0721144551593201,0.174502027112314,0,retract
0.48,0,0.111999625435267,0,21.75,0,0.0651384253331724,0.0724302353904289,0.175666859140129,0,retract
0.481,0,0.0959996789445145,0,21.75,0,0.0653152741892582,0.0727492415940918,0.176880192036131,0,retract
0.482,0,0.0902425254201637,0.0556996042740589,21.75,0,0.0654933839882799,0.0730714339434873,0.178140912458368,0,retract
0.483,0,0.0927965428435219,0.108120647383671,21.75,0,0.065672800997477,0.0733967726117936,0.179447917579455,0,retract
0.484,0,0.0795398938658759,0,21.75,0,0.0658535703923104,0.0737252177721891,0.180800115053681,0,retract
0.485,0,0.0786782187269804,0.0735081678936076,21.75,0,0.0660357362668743,0.0740567295978521,0.182196422978624,0,retract
0.486,0,0.0674384731945547,0,21.75,0,0.0662193416442688,0.074391268261961,0.183635769851593,0,retract
0.487,0,0.0578044055953326,0,21.75,0,0.0664044284869234,0.0747287939376941,0.185117094521143,0,retract
0.488,0,0.0495466333674279,0,21.75,0,0.0665910377068707,0.0750692667982298,0.186639346133938,0,retract
0.489,0,0.0424685428863668,0,21.75,0,0.0667792091759655,0.0754126470167464,0.188201484077232,0,retract
0.49,0,0.0364016081883144,0,21.75,0,0.0669689817360401,0.0757588947664222,0.189802477917195,0,retract
0.491,0,0.0408193850794458,0.0673260464262346,21.75,0,0.0671603932090011,0.0761079702204357,0.191441307333343,0,retract
0.492,0,0.0349880443538107,0,21.75,0,0.0673534804068535,0.076459833551965,0.193116962049303,0,retract
0.493,0,0.0299897523032663,0,21.75,0,0.0675482791416569,0.0768144449341887,0.19482844176013,0,retract
0.494,0,0.0257055019742283,0,21.75,0,0.0677448242354054,0.077171764540285,0.196574756056417,0,retract
0.495,0,0.0220332874064814,0,21.75,0,0.0679431495298306,0.0775317525434322,0.198354924345376,0,retract
0.496,0,0.0188856749198412,0,21.75,0,0.0681432878961244,0.0778943691168088,0.20016797576914,0,retract
0.497,0,0.0161877213598639,0,21.75,0,0.0683452712445782,0.078259574433593,0.202012949120437,0,retract
0.498,0,0.0141966217344035,0.00225002398164142,21.75,0,0.0685491305341363,0.0786273286669632,0.203888892755866,0,retract
0.499,0,0.012168532915203,0,21.75,0,0.0687548957818623,0.0789975919900977,0.205794864506941,0,retract
0.5,0,0.010430171070174,0,21.75,0,0.0689625960723142,0.079370324576175,0.207729931589077,0,retract
0.501,0,0.00894014663157773,0,21.75,0,0.0691722595668285,0.0797454865983733,0.209693170508713,0,retract
0.502,0,0.00982659174338857,0.0151452624142536,21.75,0,0.0693839135127107,0.0801230382298709,0.211683666968711,0,retract
0.503,0,0.00842279292290448,0,21.75,0,0.0695975842523291,0.0805029396438463,0.213700515772212,0,retract
0.504,0,0.00721953679106099,0,21.75,0,0.0698132972321141,0.0808851510134777,0.215742820725092,0,retract
0.505,0,0.00618817439233799,0,21.75,0,0.0700310770114567,0.0812696325119436,0.217809694537174,0,retract
0.506,0,0.00530414947914685,0,21.75,0,0.0702509472715103,0.0816563443124221,0.21990025872233,0,retract
0.507,0,0.00454641383926873,0,21.75,0,0.0704729308238903,0.0820452465880918,0.222013643497627,0,retract
0.508,0,0.00389692614794462,0,21.75,0,0.070697049619274,0.0824362995121309,0.224148987681628,0,retract
0.509,0,0.0110723915642018,0.0541251840617447,21.75,0,0.0709233247558981,0.0828294632577178,0.226305438591996,0,retract
0.51,0,0.00949062134074438,0,21.75,0,0.0711517764879526,0.0832246979980309,0.228482151942514,0,retract
0.511,0,0.0176908685246309,0.0668923516279501,21.75,0,0.0713824242338749,0.0836219639062484,0.230678291739633,0,retract
0.512,0,0.0151636015925408,0,21.75,0,0.071615286584536,0.0840212211555487,0.232893030178676,0,retract
0.513,0,0.0129973727936064,0,21.75,0,0.0718503813113271,0.0844224299191101,0.235125547539799,0,retract
0.514,0,0.0154245085611045,0.0299873231660929,21.75,0,0.0720877253741399,0.0848255503701111,0.237375032083802,0,retract
0.515,0,0.0144726165545492,0.0087612645152178,21.75,0,0.0723273349292444,0.0852305426817299,0.239640679947916,0,retract
0.516,0,0.0210663937125424,0.0606290566605017,21.75,0,0.0725692253370618,0.0856373670271449,0.241921695041634,0,retract
0.517,0,0.0180569088964649,0,21.75,0,0.0728134111698341,0.0860459835795344,0.244217288942693,0,retract
0.518,0,0.0244957915862483,0.0631290877249487,21.75,0,0.0730599062191903,0.0864563525120768,0.246526680793297,0,retract
0.519,0,0.0275398207017872,0.0458039953950203,21.75,0,0.0733087235036092,0.0868684339979505,0.248849097196652,0,retract
0.52,0,0.0236055606015319,0,21.75,0,0.0735598752757793,0.0872821882103336,0.251183772113904,0,retract
0.521,0,0.0202333376584559,0,21.75,0,0.0738133730298559,0.0876975753224047,0.253529946761551,0,retract
0.522,0,0.0217688884754022,0.0309821933770798,21.75,0,0.074069227508617,0.0881145555073421,0.255886869509401,0,retract
0.523,0,0.0186590472646304,0,21.75,0,0.0743274487105182,0.088533088938324,0.258253795779158,0,retract
0.524,0,0.0276057832606158,0.081286199236528,21.75,0,0.0745880458966447,0.0889531357885289,0.260629987943677,0,retract
0.525,0,0.027187547647471,0.0246781339686025,21.75,0,0.0748510275975663,0.089374656231135,0.263014715226982,0,retract
0.526,0,0.0258993646680389,0.0181702667914459,21.75,0,0.0751164016200915,0.0897976104393208,0.265407253605076,0,retract
0.527,0,0.0221994554297476,0,21.75,0,0.0753841750539244,0.0902219585862645,0.267806885707626,0,retract
0.528,0,0.019240510478116,0.00148684076832613,21.75,0,0.075654354278222,0.0906476608451446,0.270212900720563,0,retract
0.529,0,0.0164918661240994,0,21.75,0,0.075926944968059,0.0910746773891393,0.272624594289648,0,retract
0.53,0,0.0141358852492281,0,21.75,0,0.0762019521007927,0.091502968391427,0.275041268425057,0,retract
0.531,0,0.0177466059764299,0.0394109303396408,21.75,0,0.0764793799623372,0.0919324940251861,0.277462231407032,0,retract
0.532,0,0.0205509922050785,0.0373773095769704,21.75,0,0.0767592321533418,0.0923632144635948,0.279886797692634,0,retract
0.533,0,0.0176151361757816,0,21.75,0,0.0770415115952786,0.0927950898798316,0.282314287823648,0,retract
0.534,0,0.0150986881506699,0,21.75,0,0.0773262205364395,0.0932280804470748,0.28474402833567,0,retract
0.535,0,0.0129417327005742,0,21.75,0,0.0776133605578414,0.0936621463385026,0.287175351668418,0,retract
0.536,0,0.0110929137433493,0,21.75,0,0.0779029325790453,0.0940972477272936,0.289607596077294,0,retract
0.537,0,0.0198610397205734,0.0724697955839179,21.75,0,0.0781949368638861,0.0945333447866259,0.292040105546244,0,retract
0.538,0,0.0170237483319201,0,21.75,0,0.0784893730261189,0.094970397689678,0.294472229701922,0,retract
0.539,0,0.0145917842845029,0,21.75,0,0.0787862400349777,0.0954083666096282,0.296903323729205,0,retract
0.54,0,0.0126720595764491,0.00115371132812624,21.75,0,0.0790855362206529,0.0958472117196548,0.299332748288081,0,retract
0.541,0,0.0192520019308474,0.0587316560572369,21.75,0,0.0793872592796873,0.0962868931929362,0.301759869431926,0,retract
0.542,0,0.0165017159407263,0,21.75,0,0.0796914062802897,0.0967273712026507,0.304184058527196,0,retract
0.543,0,0.014144327949194,0,21.75,0,0.0799979736675713,0.0971686059219767,0.306604692174562,0,retract
0.544,0,0.0122401789282508,0.000815284802591662,21.75,0,0.0803069572687037,0.0976105575240925,0.309021152131492,0,retract
0.545,0,0.0104915819385007,0,21.75,0,0.080618352298001,0.0980531861821765,0.311432825236311,0,retract
0.546,0,0.00899278451871488,0,21.75,0,0.080932153361927,0.098496452069407,0.313839103333744,0,retract
0.547,0,0.0151408138265597,0.0520289896736287,21.75,0,0.0812483544640303,0.0989403153589623,0.316239383201959,0,retract
0.548,0,0.016931035877174,0.0276723681808597,21.75,0,0.0815669490098062,0.0993847362240207,0.318633066481131,0,retract
0.549,0,0.0145123164661491,0,21.75,0,0.08188792981149,0.0998296748377608,0.321019559603519,0,retract
0.55,0,0.0128522020473767,0.00289151553474205,21.75,0,0.082211289092781,0.100275091373361,0.323398273725088,0,retract
0.551,0,0.013886118128689,0.0200896146165627,21.75,0,0.0825370184934995,0.100720946003999,0.32576862465866,0,retract
0.552,0,0.0299491347464118,0.126327234452749,21.75,0,0.0828651090741785,0.101167198902854,0.328130032808636,0,retract
0.553,0,0.0256706869254959,0,21.75,0,0.0831955513205917,0.101613810243103,0.330481923107244,0,retract
0.554,0,0.026122237357772,0.0288315399514288,21.75,0,0.0835283351482183,0.102060740197926,0.332823724952377,0,retract
0.555,0,0.0253355661650423,0.0206155390086641,21.75,0,0.0838634499066484,0.1025079489405,0.335154872146971,0,retract
0.556,0,0.0350427216957867,0.0932856548802529,21.75,0,0.0842008843839281,0.102955396644005,0.337474802839964,0,retract
0.557,0,0.0316275420093856,0.0111364638909793,21.75,0,0.0845406268108463,0.103403043481617,0.339782959468818,0,retract
0.558,0,0.0271093217223305,0,21.75,0,0.0848826648651685,0.103850849626517,0.342078788703604,0,retract
0.559,0,0.0254297666300321,0.0153524360762417,21.75,0,0.0852269856758115,0.104298775251881,0.344361741392665,0,retract
0.56,0,0.0217969428257418,0,21.75,0,0.0855735758269691,0.104746780530888,0.34663127250984,0,retract
0.561,0,0.0271430831559713,0.0592199251373479,21.75,0,0.0859224213621845,0.105194825636718,0.348886841103249,0,retract
0.562,0,0.0232654998479754,0,21.75,0,0.0862735077883729,0.105642870742547,0.351127910245647,0,retract
0.563,0,0.0199418570125503,0,21.75,0,0.0866268200797964,0.106090876021554,0.353353946986325,0,retract
0.564,0,0.0232914859560321,0.043389259616923,21.75,0,0.0869823426819922,0.106538801646919,0.355564422304579,0,retract
0.565,0,0.0199641308194561,0,21.75,0,0.0873400595156549,0.106986607791818,0.357758811064706,0,retract
0.566,0,0.0213646245886217,0.0297675872036155,21.75,0,0.0876999539804758,0.107434254629431,0.359936591972559,0,retract
0.567,0,0.0215249466984928,0.0224868793577192,21.75,0,0.0880620089589402,0.107881702332935,0.362097247533624,0,retract
0.568,0,0.0204023878119214,0.013667034492493,21.75,0,0.0884262068200832,0.108328911075509,0.36424026401263,0,retract
0.569,0,0.0281052369138803,0.0743223315256336,21.75,0,0.0887925294232079,0.108775841030332,0.366365131394674,0,retract
0.57,0,0.0240902030690403,0,21.75,0,0.0891609581215646,0.109222452370582,0.368471343347857,0,retract
0.571,0,0.0206487454877488,0,21.75,0,0.0895314737659949,0.109668705269437,0.370558397187416,0,retract
0.572,0,0.0176989247037847,0,21.75,0,0.0899040567085413,0.110114559900075,0.372625793841354,0,retract
0.573,0,0.0151705068889583,0,21.75,0,0.0902786868060223,0.110559976435675,0.37467303781754,0,retract
0.574,0,0.0130032916191071,0,21.75,0,0.0906553434235789,0.111004915049415,0.376699637172284,0,retract
0.575,0,0.0134772992622967,0.0163213451214339,21.75,0,0.0910340054381868,0.111449335914473,0.378705103480364,0,retract
0.576,0,0.0115519707962543,0,21.75,0,0.0914146512421442,0.111893199204028,0.3806889518065,0,retract
0.577,0,0.00990168925393224,0,21.75,0,0.0917972587465291,0.112336465091259,0.382650700678263,0,retract
0.578,0,0.0152595281298468,0.0474065613853339,21.75,0,0.0921818053846322,0.112779093749343,0.384589872060391,0,retract
0.579,0,0.014021266167298,0.00659169439200519,21.75,0,0.0925682681153654,0.113221045351459,0.386505991330526,0,retract
0.58,0,0.0120182281433983,0,21.75,0,0.0929566234266467,0.113662280070785,0.388398587256333,0,retract
0.581,0,0.0184678399628844,0.0571655108798014,21.75,0,0.0933468473387642,0.114102758080499,0.390267191973993,0,retract
0.582,0,0.0173947950245417,0.0109565253944854,21.75,0,0.0937389154077189,0.114542439553781,0.392111340968072,0,retract
0.583,0,0.01490982430675,0,21.75,0,0.0941328027285493,0.114981284663807,0.393930573052721,0,retract
0.584,0,0.0127798494057857,0,21.75,0,0.094528483938638,0.115419253583757,0.395724430354217,0,retract
0.585,0,0.0269436166651751,0.111926220221512,21.75,0,0.0949259332210019,0.115856306486809,0.397492458294824,0,retract
0.586,0,0.0238899177125882,0.00556772399706681,21.75,0,0.0953251243075683,0.116292403546142,0.399234205577939,0,retract
0.587,0,0.0204770723250756,0,21.75,0,0.0957260304824353,0.116727504934933,0.400949224174538,0,retract
0.588,0,0.0230410093436193,0.0384246314548816,21.75,0,0.096128624585123,0.117161570826361,0.402637069310879,0,retract
0.589,0,0.0197494365802451,0,21.75,0,0.0965328790138097,0.117594561393604,0.404297299457455,0,retract
0.59,0,0.016928088497353,0,21.75,0,0.0969387657285617,0.11802643680984,0.405929476319184,0,retract
0.591,0,0.0155992981899043,0.00762655634521254,21.75,0,0.0973462562545513,0.118457157248249,0.407533164826809,0,retract
0.592,0,0.013370827019918,0,21.75,0,0.0977553216852696,0.118886682882008,0.409107933129495,0,retract
0.593,0,0.0199849485904371,0.0596696780135517,21.75,0,0.098165932685732,0.119314973884296,0.410653352588608,0,retract
0.594,0,0.021525068155898,0.0307657855486633,21.75,0,0.098578059495678,0.119741990428291,0.412168997772648,0,retract
0.595,0,0.0184500584193411,0,21.75,0,0.0989916719327683,0.120167692687171,0.413654446453329,0,retract
0.596,0,0.0158143357880067,0,21.75,0,0.0994067393957775,0.120592040834115,0.415109279602778,0,retract
0.597,0,0.0135551449611486,0,21.75,0,0.0998232308677863,0.1210149950423,0.416533081391839,0,retract
0.598,0,0.0124504345621921,0.00582217216845302,21.75,0,0.100241114919372,0.121436515484906,0.417925439189459,0,retract
0.599,0,0.0106718010533075,0,21.75,0,0.1006603597118,0.121856562335111,0.419285943563138,0,retract
0.6,0,0.00966577954199902,0.00362965047414817,21.75,0,0.101080933000216,0.122275095766093,0.420614188280428,0,retract
0.601,0,0.0125981001623591,0.0301920238845195,21.75,0,0.10150280213684,0.122692075951031,0.42190977031145,0,retract
0.602,0,0.0278502636614651,0.119363244656101,21.75,0,0.10192593407417,0.123107463063102,0.42317228983242,0,retract
0.603,0,0.0238716545669701,0,21.75,0,0.102350295368177,0.123521217275485,0.424401350230158,0,retract
0.604,0,0.0204614182002601,0,21.75,0,0.102775852181517,0.123933298761358,0.42559655810756,0,retract
0.605,0,0.0175383584573658,0,21.75,0,0.10320257028675,0.124343667693901,0.426757523290016,0,retract
0.606,0,0.0150328786777421,0,21.75,0,0.103630415069552,0.12475228424629,0.42788385883274,0,retract
0.607,0,0.0128853245809218,0,21.75,0,0.104059351531956,0.125159108591705,0.428975181029019,0,retract
0.608,0,0.0110445639265044,0,21.75,0,0.104489344295581,0.125564100903324,0.430031109419324,0,retract
0.609,0,0.0171390142440733,0.0537057161494865,21.75,0,0.104920357604888,0.125967221354325,0.431051266801293,0,retract
0.61,0,0.0146905836377771,0,21.75,0,0.105352355330436,0.126368430117887,0.432035279240543,0,retract
0.611,0,0.0125919288323804,0,21.75,0,0.105785300972156,0.126767687367187,0.432982776082304,0,retract
0.612,0,0.010793081856326,0,21.75,0,0.106219157662632,0.127164953275404,0.433893389963844,0,retract
0.613,0,0.00925121301970801,0,21.75,0,0.106653888170397,0.127560188015717,0.43476675682767,0,retract
0.614,0,0.0141134926599684,0.0432871705015306,21.75,0,0.107089454903249,0.127953351761304,0.435602515935476,0,retract
0.615,0,0.01209727942283,0,21.75,0,0.107525819911569,0.128344404685343,0.436400309882825,0,retract
0.616,0,0.0164757313061676,0.0427464426061933,21.75,0,0.107962944891667,0.128733306961013,0.437159784614533,0,retract
0.617,0,0.02135960036956,0.0506628147499141,21.75,0,0.108400791189137,0.129120018761492,0.437880589440743,0,retract
0.618,0,0.0183082288881943,0,21.75,0,0.108839319802228,0.129504500259958,0.438562377053662,0,retract
0.619,0,0.0156927676184522,0,21.75,0,0.109278491385239,0.129886711629589,0.439204803544935,0,retract
0.62,0,0.0194516554913002,0.0420049827283883,21.75,0,0.109718266251923,0.130266613043564,0.439807528423639,0,retract
0.621,0,0.0172830206253702,0.00427121142978988,21.75,0,0.110158604378917,0.130644164675062,0.44037021463488,0,retract
0.622,0,0.0148140176788887,0,21.75,0,0.110599465409188,0.13101932669726,0.440892528578955,0,retract
0.623,0,0.0146755676269655,0.013844867315426,21.75,0,0.111040808655498,0.131392059283338,0.44137414013107,0,retract
0.624,0,0.0125790579659704,0,21.75,0,0.111482593103889,0.131762322606472,0.441814722661589,0,retract
0.625,0,0.017602502206143,0.0477431676471784,21.75,0,0.111924777417195,0.132130076839842,0.442213953056792,0,retract
0.626,0,0.0180656981481127,0.020844873799931,21.75,0,0.112367319938561,0.132495282156627,0.442571511740106,0,retract
0.627,0,0.0281147820430954,0.0884092854129916,21.75,0,0.112810178695003,0.132857898730003,0.442887082693818,0,retract
0.628,0,0.0274261183418025,0.0232941361340449,21.75,0,0.113253311400973,0.13321788673315,0.44316035348121,0,retract
0.629,0,0.0340782351399398,0.0739909359287638,21.75,0,0.113696675461956,0.133575206339247,0.443391015269121,0,retract
0.63,0,0.0292099158342341,0,21.75,0,0.114140227978086,0.13392981772147,0.443578762850902,0,retract
0.631,0,0.0250370707150578,0,21.75,0,0.114583925747787,0.134281681053,0.443723294669747,0,retract
0.632,0,0.0214603463271924,0,21.75,0,0.115027725271441,0.134630756507013,0.443824312842367,0,retract
0.633,0,0.0321972323691265,0.0966185486207313,21.75,0,0.115471582755069,0.134977004256689,0.443881523183006,0,retract
0.634,0,0.0275976277449656,0,21.75,0,0.11591545411405,0.135320384475206,0.443894635227747,0,retract
0.635,0,0.0245583260849998,0.00632251612520526,21.75,0,0.116359294976858,0.135660857335741,0.443863362259115,0,retract
0.636,0,0.0211647090529457,0.000803006860620558,21.75,0,0.116803060688819,0.135998383011474,0.443787421330938,0,retract
0.637,0,0.0205177113444563,0.01663572509352,21.75,0,0.117246706315903,0.136332921675583,0.443666533293449,0,retract
0.638,0,0.0175866097238197,0,21.75,0,0.117690186648535,0.136664433501246,0.443500422818601,0,retract
0.639,0,0.0150742369061311,0,21.75,0,0.118133456205434,0.136992878661642,0.443288818425592,0,retract
0.64,0,0.0129207744909696,0,21.75,0,0.118576469237475,0.137318217329948,0.443031452506549,0,retract
0.641,0,0.0110749495636882,0,21.75,0,0.11901917973158,0.137640409679343,0.442728061352378,0,retract
0.642,0,0.00949281391173274,0,21.75,0,0.119461541414634,0.137959415883006,0.442378385178741,0,retract
0.643,0,0.0115651623301353,0.0239992528405508,21.75,0,0.119903507757425,0.138275196114115,0.441982168152145,0,retract
0.644,0,0.00991299628297312,0,21.75,0,0.120345031978615,0.138587710545848,0.441539158416121,0,retract
0.645,0,0.0269172418432093,0.128942715204626,21.75,0,0.120786067048731,0.138896919351384,0.441049108117471,0,retract
0.646,0,0.0236835529397206,0.0042814195187887,21.75,0,0.121226565694189,0.1392027827039,0.440511773432566,0,retract
0.647,0,0.0203001882340463,0,21.75,0,0.121666480401336,0.139505260776576,0.439926914593669,0,retract
0.648,0,0.0243361747730987,0.0485520940074136,21.75,0,0.122105763420529,0.139804313742589,0.439294295915267,0,retract
0.649,0,0.0208595783769418,0,21.75,0,0.122544366770232,0.140099901775118,0.438613685820385,0,retract
0.65,0,0.0178796386088072,0,21.75,0,0.12298224224114,0.140391985047341,0.43788485686688,0,retract
0.651,0,0.0301025550229725,0.103440053507964,21.75,0,0.123419341400337,0.140680523732437,0.437107585773669,0,retract
0.652,0,0.0258021900196907,0,21.75,0,0.123855615595468,0.140965478003584,0.436281653446887,0,retract
0.653,0,0.0263066103005672,0.0293331319858261,21.75,0,0.124291015958948,0.14124680803396,0.435406845005961,0,retract
0.654,0,0.0225485231147719,0,21.75,0,0.12472549341219,0.141524473996744,0.43448294980957,0,retract
0.655,0,0.0204056062042524,0.00754810474113551,21.75,0,0.125158998669865,0.141798436065114,0.433509761481469,0,retract
0.656,0,0.0207458019996492,0.0227869767720299,21.75,0,0.125591482244181,0.142068654412248,0.432487077936175,0,retract
0.657,0,0.0177821159996993,0,21.75,0,0.12602289444919,0.142335089211325,0.431414701404481,0,retract
0.658,0,0.015241813714028,0,21.75,0,0.126453185405127,0.142597700635522,0.43029243845879,0,retract
0.659,0,0.0142017597185872,0.00796143574594282,21.75,0,0.126882305042761,0.142856448858019,0.429120100038241,0,retract
0.66,0,0.0145978281956283,0.0169742390578749,21.75,0,0.127310203107783,0.143111294051994,0.427897501473625,0,retract
0.661,0,0.0125124241676814,0,21.75,0,0.127736829165216,0.143362196390625,0.426624462512057,0,retract
0.662,0,0.0139591159955321,0.0226392669626362,21.75,0,0.12816213260384,0.14360911604709,0.425300807341395,0,retract
0.663,0,0.0119649565675989,0,21.75,0,0.128586062640657,0.143852013194568,0.423926364614404,0,retract
0.664,0,0.010255677057942,0,21.75,0,0.129008568325367,0.144090848006237,0.42250096747261,0,retract
0.665,0,0.00908464403819719,0.00205844591972861,21.75,0,0.129429598544875,0.144325580655275,0.42102445356988,0,retract
0.666,0,0.0104787696039973,0.018843522998798,21.75,0,0.129849102027817,0.144556171314861,0.419496665095661,0,retract
0.667,0,0.0154908067004802,0.0455630292793775,21.75,0,0.130267027349111,0.144782580158173,0.417917448797911,0,retract
0.668,0,0.0199410541657542,0.0466425389573984,21.75,0,0.130683322934532,0.14500476735839,0.416286656005666,0,retract
0.669,0,0.0216783693249348,0.0321022602800186,21.75,0,0.131097937065306,0.145222693088689,0.414604142651258,0,retract
0.67,0,0.02968489408512,0.0777240426462307,21.75,0,0.131510817882727,0.14543631752225,0.412869769292155,0,retract
0.671,0,0.0329481138850724,0.052527432684787,21.75,0,0.131921913392801,0.14564560083225,0.411083401132415,0,retract
0.672,0,0.0282412404729192,0,21.75,0,0.132331171470899,0.145850503191868,0.409244908043737,0,retract
0.673,0,0.0294013541930951,0.0363620365141503,21.75,0,0.132738539866444,0.146050984774282,0.407354164586112,0,retract
0.674,0,0.02573719846131,0.00375226407059954,21.75,0,0.133143966207609,0.14624700575267,0.405411050028029,0,retract
0.675,0,0.02206045582398,0,21.75,0,0.13354739800604,0.146438526300211,0.403415448366264,0,retract
0.676,0,0.01890896213484,0,21.75,0,0.133948782661596,0.146625506590084,0.401367248345209,0,retract
0.677,0,0.0247442357510536,0.0597558774483354,21.75,0,0.13434806746711,0.146807906795466,0.399266343475753,0,retract
0.678,0,0.0255039987126266,0.0300625764820646,21.75,0,0.134745199613163,0.146985687089536,0.397112632053682,0,retract
0.679,0,0.0218605703251085,0,21.75,0,0.135140126192885,0.147158807645472,0.394906017177613,0,retract
0.68,0,0.0202940426118259,0.0108948763321297,21.75,0,0.135532794206767,0.147327228636453,0.392646406766435,0,retract
0.681,0,0.0173948936672793,0,21.75,0,0.135923150567489,0.147490910235656,0.390333713576248,0,retract
0.682,0,0.014909908857668,0,21.75,0,0.136311142104773,0.147649812616261,0.387967855216811,0,retract
0.683,0,0.0146810175417018,0.0133076696459047,21.75,0,0.13669671557024,0.147803895951445,0.38554875416746,0,retract
0.684,0,0.0151674354028752,0.0180859425699155,21.75,0,0.137079817642293,0.147953120414388,0.38307633779252,0,retract
0.685,0,0.0130006589167502,0,21.75,0,0.137460394931009,0.148097446178267,0.380550538356178,0,retract
0.686,0,0.011143421928643,0,21.75,0,0.137838393983048,0.14823683341626,0.377971293036835,0,retract
0.687,0,0.0123416151433563,0.0195307744316365,21.75,0,0.138213761286573,0.148371242301546,0.375338543940902,0,retract
0.688,0,0.0181370878664169,0.0529099242047806,21.75,0,0.138586443276191,0.148500633007304,0.372652238116065,0,retract
0.689,0,0.0199318615121386,0.0307005033864685,21.75,0,0.138956386337894,0.148624965706711,0.369912327563993,0,retract
0.69,0,0.0170844527246902,0,21.75,0,0.139323536814023,0.148744200572946,0.36711876925249,0,retract
0.691,0,0.0155041466492784,0.00602231019680728,21.75,0,0.139687841008241,0.148858297779188,0.364271525127096,0,retract
0.692,0,0.0182567717741098,0.0347725225230982,21.75,0,0.140049245190517,0.148967217498614,0.361370562122111,0,retract
0.693,0,0.0294543712554128,0.0966399681432308,21.75,0,0.140407695602116,0.149070919904403,0.358415852171073,0,retract
0.694,0,0.025246603933211,0,21.75,0,0.140763138460605,0.149169365169734,0.355407372216653,0,retract
0.695,0,0.0276388136296736,0.0419920718084497,21.75,0,0.141115519964869,0.149262513467784,0.352345104219986,0,retract
0.696,0,0.0236904116825774,0,21.75,0,0.141464786300128,0.149350324971732,0.349229035169436,0,retract
0.697,0,0.0203060671564949,0,21.75,0,0.141810883642972,0.149432759854757,0.346059157088779,0,retract
0.698,0,0.0174052004198528,0,21.75,0,0.142153758166397,0.149509778290037,0.342835467044824,0,retract
0.699,0,0.0196273777548406,0.0329604417647677,21.75,0,0.14249335604485,0.14958134045075,0.339557967154456,0,retract
0.7,0,0.022730167524338,0.0413469061413225,21.75,0,0.142829623459283,0.149647406510074,0.33622666459111,0,retract
0.701,0,0.0194830007351469,0,21.75,0,0.143162506602207,0.149707936641188,0.332841571590671,0,retract
0.702,0,0.0183359548317957,0.0114536794116883,21.75,0,0.14349195168276,0.14976289101727,0.329402705456817,0,retract
0.703,0,0.0157165327129677,0,21.75,0,0.143817904931772,0.149812229811498,0.325910088565777,0,retract
0.704,0,0.0136945610051188,0.00156273075802532,21.75,0,0.144140312606839,0.149855913197051,0.322363748370543,0,retract
0.705,0,0.0117381951472447,0,21.75,0,0.144459120997397,0.149893901347108,0.318763717404513,0,retract
0.706,0,0.0100613101262097,0,21.75,0,0.144774276429805,0.149926154434846,0.315110033284575,0,retract
0.707,0,0.00862398010817977,0,21.75,0,0.145085725272424,0.149952632633444,0.311402738713642,0,retract
0.708,0,0.0112714369471898,0.0271561779812499,21.75,0,0.145393413940701,0.14997329611608,0.307641881482643,0,retract
0.709,0,0.0131710844430199,0.0245689694180008,21.75,0,0.145697288902257,0.149988105055932,0.303827514471956,0,retract
0.71,0,0.0150944343822768,0.0266345340178178,21.75,0,0.145997296681971,0.149997019626179,0.29995969565232,0,retract
0.711,0,0.0189438512616294,0.0420403525377455,21.75,0,0.146293383867071,0.15,0.296038488085205,0,retract
0.712,0,0.0162375867956824,0,21.75,0,0.146585497112214,0.15,0.292063959922656,0,retract
0.713,0,0.0217543745459042,0.0548551010472348,21.75,0,0.146873670084582,0.15,0.288123148858598,0,retract
0.714,0,0.0204538344358666,0.0126505937756411,21.75,0,0.147157936341331,0.15,0.284215943317087,0,retract
0.715,0,0.0238294402263626,0.0440830749693387,21.75,0,0.147438329326582,0.15,0.280342228747806,0,retract
0.716,0,0.0204252344797394,0,21.75,0,0.147714882368481,0.15,0.276501887696983,0,retract
0.717,0,0.0233802912271125,0.0411106317113515,21.75,0,0.147987628676339,0.15,0.272694799878032,0,retract
0.718,0,0.0200402496232393,0,21.75,0,0.148256601337828,0.15,0.26892084224188,0,retract
0.719,0,0.0171773568199194,0,21.75,0,0.148521833316266,0.15,0.265179889046926,0,retract
0.72,0,0.025535513693152,0.0756844549325476,21.75,0,0.148783357447954,0.15,0.261471811928612,0,retract
0.721,0,0.0218875831655589,0,21.75,0,0.149041206439596,0.15,0.257796479968553,0,retract
0.722,0,0.018760785570479,0,21.75,0,0.149295412865782,0.15,0.254153759763206,0,retract
0.723,0,0.0181537192639268,0.0145113214246136,21.75,0,0.149546009166544,0.15,0.250543515492048,0,retract
0.724,0,0.0229265485447183,0.051563524229467,21.75,0,0.149793027644973,0.15,0.246965608985232,0,retract
0.725,0,0.0264493093515045,0.0475858741922219,21.75,0,0.150036500464912,0.15,0.243419899790696,0,retract
0.726,0,0.0332165892390821,0.0738202685645478,21.75,0,0.150276459648711,0.15,0.239906245240715,0,retract
0.727,0,0.0371805057622523,0.0609640049012735,21.75,0,0.150512937075051,0.15,0.236424500517857,0,retract
0.728,0,0.0318690049390734,0,21.75,0,0.150745964476831,0.15,0.23297451872034,0,retract
0.729,0,0.0273162899477772,0,21.75,0,0.150975573439124,0.15,0.229556150926765,0,retract
0.73,0,0.0234139628123805,0,21.75,0,0.151201795397194,0.15,0.226169246260217,0,retract
0.731,0,0.0200691109820404,0,21.75,0,0.151424661634581,0.15,0.222813651951707,0,retract
0.732,0,0.0194621945880773,0.0158206962242983,21.75,0,0.151644203281243,0.15,0.219489213402963,0,retract
0.733,0,0.0228487474397055,0.043168064549475,21.75,0,0.151860451311771,0.15,0.216195774248535,0,retract
0.734,0,0.0268368596712203,0.0507655330603094,21.75,0,0.152073436543651,0.15,0.212933176417224,0,retract
0.735,0,0.0263074401053472,0.0231309227101086,21.75,0,0.152283189635603,0.15,0.209701260192815,0,retract
0.736,0,0.0225492343760119,0,21.75,0,0.152489741085971,0.15,0.206499864274106,0,retract
0.737,0,0.0193279151794388,0,21.75,0,0.152693121231172,0.15,0.203328825834234,0,retract
0.738,0,0.0206631523822473,0.0286745755990986,21.75,0,0.152893360244211,0.15,0.200187980579278,0,retract
0.739,0,0.0193353164977356,0.011368301190665,21.75,0,0.153090488133246,0.15,0.197077162806149,0,retract
0.74,0,0.0165731284266305,0,21.75,0,0.15328453474022,0.15,0.193996205459749,0,retract
0.741,0,0.0142055386513976,0,21.75,0,0.15347552973954,0.15,0.190944940189399,0,retract
0.742,0,0.0121761759869122,0,21.75,0,0.153663502636821,0.15,0.187923197404539,0,retract
0.743,0,0.0200773605322888,0.0674844678045481,21.75,0,0.153848482767677,0.15,0.184930806329683,0,retract
0.744,0,0.0276291792618863,0.0729400916394713,21.75,0,0.154030499296574,0.15,0.181967595058642,0,retract
0.745,0,0.0391597455145442,0.108343143030492,21.75,0,0.15420958121573,0.15,0.179033390607999,0,retract
0.746,0,0.0383035471651643,0.0331663570688848,21.75,0,0.154385757344078,0.15,0.176128018969843,0,retract
0.747,0,0.0328316118558551,0,21.75,0,0.154559056326268,0.15,0.173251305163762,0,retract
0.748,0,0.0383176659466895,0.071233990491696,21.75,0,0.154729506631731,0.15,0.170403073288083,0,retract
0.749,0,0.032843713668591,0,21.75,0,0.154897136553792,0.15,0.167583146570376,0,retract
0.75,0,0.0332367202745567,0.0355947599103509,21.75,0,0.155061974208829,0.15,0.164791347417199,0,retract
0.751,0,0.0284886173781915,0,21.75,0,0.155224047535486,0.15,0.162027497463115,0,retract
0.752,0,0.0244188148955927,0,21.75,0,0.155383384293929,0.15,0.159291417618946,0,retract
0.753,0,0.0282988317868698,0.0515789331345324,21.75,0,0.155540012065159,0.15,0.1565829281193,0,retract
0.754,0,0.0242561415316027,0,21.75,0,0.155693958250361,0.15,0.153901848569339,0,retract
0.755,0,0.0350214241699,0.0996131199996841,21.75,0,0.155845250070311,0.15,0.15124799799082,0,retract
0.756,0,0.0318194755554756,0.0126077838689288,21.75,0,0.155993914564815,0.15,0.148621194867388,0,retract
0.757,0,0.0272738361904076,0,21.75,0,0.156139978592205,0.15,0.146021257189133,0,retract
0.758,0,0.0233775738774923,0,21.75,0,0.156283468828877,0.15,0.143448002496417,0,retract
0.759,0,0.0200379204664219,0,21.75,0,0.156424411768863,0.15,0.140901247922958,0,retract
0.76,0,0.0185494442542688,0.00961858698135014,21.75,0,0.156562833723456,0.15,0.138380810238193,0,retract
0.761,0,0.0204287591149932,0.0317046482793398,21.75,0,0.156698760820877,0.15,0.13588650588891,0,retract
0.762,0,0.0175103649557085,0,21.75,0,0.156832219005972,0.15,0.133418151040153,0,retract
0.763,0,0.0150088842477501,0,21.75,0,0.156963234039964,0.15,0.130975561615412,0,retract
0.764,0,0.0210918587870541,0.0575897060228777,21.75,0,0.157091831500233,0.15,0.128558553336087,0,retract
0.765,0,0.0180787361031892,0,21.75,0,0.157218036780144,0.15,0.126166941760245,0,retract
0.766,0,0.0274144989256599,0.0834290758604842,21.75,0,0.157341875088904,0.15,0.12380054232066,0,retract
0.767,0,0.0327784782743886,0.0649623543667605,21.75,0,0.157463371451467,0.15,0.12145917036215,0,retract
0.768,0,0.0280958385209045,0,21.75,0,0.157582550708467,0.15,0.119142641178208,0,retract
0.769,0,0.026894980014299,0.0196898289746661,21.75,0,0.157699437516192,0.15,0.116850770046939,0,retract
0.77,0,0.0230528400122563,0,21.75,0,0.157814056346593,0.15,0.114583372266292,0,retract
0.771,0,0.0198927607217081,0.000932284978418925,21.75,0,0.157926431487324,0.15,0.112340263188614,0,retract
0.772,0,0.0223777688264887,0.037287817455172,21.75,0,0.158036587041824,0.15,0.110121258254507,0,retract
0.773,0,0.0191809447084189,0,21.75,0,0.158144546929424,0.15,0.107926173026008,0,retract
0.774,0,0.0164408097500733,0,21.75,0,0.15825033488549,0.15,0.105754823219095,0,retract
0.775,0,0.01409212264292,0,21.75,0,0.1583539744616,0.15,0.103607024735511,0,retract
0.776,0,0.01207896226536,0,21.75,0,0.158455489025751,0.15,0.101482593693934,0,retract
0.777,0,0.0103533962274514,0,21.75,0,0.158554901762595,0.15,0.0993813464604708,0,retract
0.778,0,0.0164620630360882,0.0531140638879091,21.75,0,0.158652235673706,0.15,0.0973030996785032,0,retract
0.779,0,0.0141103397452185,0,21.75,0,0.15874751357788,0.15,0.0952476702978762,0,retract
0.78,0,0.0130008245599678,0.00634373344846343,21.75,0,0.158840758111457,0.15,0.0932148756034414,0,retract
0.781,0,0.0111435639085438,0,21.75,0,0.158931991728675,0.15,0.0912045332429576,0,retract
0.782,0,0.00955162620732325,0,21.75,0,0.159021236702055,0.15,0.0892164612543548,0,retract
0.783,0,0.00904157494914096,0.00598126740004722,21.75,0,0.159108515122805,0.15,0.087250478092367,0,retract
0.784,0,0.016995508096929,0.0647191069836572,21.75,0,0.159193848901255,0.15,0.0853064026545388,0,retract
0.785,0,0.0145675783687963,0,21.75,0,0.159277259767318,0.15,0.0833840543066126,0,retract
0.786,0,0.0124864957446825,0,21.75,0,0.159358769270974,0.15,0.0814832529073005,0,retract
0.787,0,0.0134071912702972,0.0189313644239855,21.75,0,0.159438398782778,0.15,0.0796038188324471,0,retract
0.788,0,0.0194982963848791,0.0560449270723703,21.75,0,0.159516169494395,0.15,0.0777455729985898,0,retract
0.789,0,0.0167128254727535,0,21.75,0,0.159592102419156,0.15,0.0759083368859212,0,retract
0.79,0,0.0143252789766459,0,21.75,0,0.159666218392632,0.15,0.0740919325606594,0,retract
0.791,0,0.0142045396113221,0.0134801034193793,21.75,0,0.159738538073239,0.15,0.0722961826968338,0,retract
0.792,0,0.0121753196668475,0,21.75,0,0.159809081942861,0.15,0.0705209105974895,0,retract
0.793,0,0.0148848350969553,0.0311419276776021,21.75,0,0.159877870307486,0.15,0.0687659402153198,0,retract
0.794,0,0.0257691141465869,0.0910747884443766,21.75,0,0.159944923297876,0.15,0.0670310961727285,0,retract
0.795,0,0.0220878121256459,0,21.75,0,0.160010260870246,0.15,0.0653162037813327,0,retract
0.796,0,0.0189324103934108,0,21.75,0,0.160073902806964,0.15,0.0636210890609085,0,retract
0.797,0,0.0162277803372093,0,21.75,0,0.160135868717274,0.15,0.0619455787577874,0,retract
0.798,0,0.0146076665746876,0.00488698399955795,21.75,0,0.160196178038036,0.15,0.0602895003627098,0,retract
0.799,0,0.0236071555362676,0.0776040893057471,21.75,0,0.160254850034475,0.15,0.0586526821281405,0,retract
0.8,0,0.020963677448562,0.00510280892232829,21.75,0,0.160311903800958,0.15,0.0570349530850535,0,retract
0.801,0,0.0179688663844817,0,21.75,0,0.160367358261785,0.15,0.0554361430591927,0,retract
0.802,0,0.0154018854724129,0,21.75,0,0.160421232171989,0.15,0.0538560826868126,0,retract
0.803,0,0.0155130636357263,0.016180132615607,21.75,0,0.160473544118158,0.15,0.0522946034299077,0,retract
0.804,0,0.0227124247738822,0.0659085916028179,21.75,0,0.16052431251927,0.15,0.0507515375909363,0,retract
0.805,0,0.0194677926633276,0,21.75,0,0.160573555627546,0.15,0.0492267183270436,0,retract
0.806,0,0.0166866794257094,0,21.75,0,0.160621291529306,0.15,0.0477199796637919,0,retract
0.807,0,0.0191798179492321,0.0341386490903679,21.75,0,0.160667538145852,0.15,0.0462311565084041,0,retract
0.808,0,0.0164398439564846,0,21.75,0,0.160712313234354,0.15,0.0447600846625259,0,retract
0.809,0,0.0227347134049996,0.0605039300960893,21.75,0,0.160755634388753,0.15,0.0433066008345145,0,retract
0.81,0,0.0194868972042853,0,21.75,0,0.160797519040676,0.15,0.0418705426512587,0,retract
0.811,0,0.0167030547465303,0,21.75,0,0.160837984460358,0.15,0.0404517486695372,0,retract
0.812,0,0.0246213778128363,0.0721313162106722,21.75,0,0.160877047757584,0.15,0.039050058386923,0,retract
0.813,0,0.0211040381252882,0,21.75,0,0.16091472588263,0.15,0.0376653122522369,0,retract
0.814,0,0.0180891755359614,0,21.75,0,0.160951035627223,0.15,0.0362973516755603,0,retract
0.815,0,0.0155050076022526,0,21.75,0,0.160985993625508,0.15,0.0349460190378107,0,retract
0.816,0,0.0164616135225608,0.02220124904441,21.75,0,0.161019616355023,0.15,0.0336111576998883,0,retract
0.817,0,0.0141099544479092,0,21.75,0,0.161051920137684,0.15,0.0322926120113986,0,retract
0.818,0,0.0120942466696365,0,21.75,0,0.161082921140778,0.15,0.0309902273189573,0,retract
0.819,0,0.0103664971454027,0,21.75,0,0.161112635377966,0.15,0.029703849974086,0,retract
0.82,0,0.0100398774502204,0.00808015927912652,21.75,0,0.161141078710291,0.15,0.0284333273407019,0,retract
0.821,0,0.00860560924304606,0,21.75,0,0.16116826684719,0.15,0.0271785078022107,0,retract
0.822,0,0.0171356311758088,0.0683157627723855,21.75,0,0.161194215347525,0.15,0.0259392407682058,0,retract
0.823,0,0.0234964785174362,0.0616615625672006,21.75,0,0.161218939620604,0.15,0.0247153766807838,0,retract
0.824,0,0.0201398387292311,0,21.75,0,0.161242454927223,0.15,0.0235067670204796,0,retract
0.825,0,0.0172627189107695,0,21.75,0,0.1612647763807,0.15,0.0223132643118287,0,retract
0.826,0,0.0156822870228714,0.00619969569548299,21.75,0,0.161285918947929,0.15,0.0211347221285624,0,retract
0.827,0,0.0210681578996759,0.0533833831605032,21.75,0,0.161305897450424,0.15,0.0199709950984424,0,retract
0.828,0,0.0180584210568651,0,21.75,0,0.161324726565381,0.15,0.0188219389077407,0,retract
0.829,0,0.0182891311696532,0.0196733918463817,21.75,0,0.161342420826731,0.15,0.0176874103053715,0,retract
0.83,0,0.0219362687172961,0.0438190940031536,21.75,0,0.161358994626211,0.15,0.0165672671066804,0,retract
0.831,0,0.0217304939496436,0.0204958453437289,21.75,0,0.161374462214427,0.15,0.0154613681968976,0,retract
0.832,0,0.0186261376711231,0,21.75,0,0.161388837701923,0.15,0.0143695735342606,0,retract
0.833,0,0.0229823040034948,0.0491193019977248,21.75,0,0.161402135060261,0.15,0.0132917441528134,0,retract
0.834,0,0.0207964103549169,0.00768104846344942,21.75,0,0.16141436812309,0.15,0.0122277421648872,0,retract
0.835,0,0.0178254945899288,0,21.75,0,0.161425550587227,0.15,0.0111774307632689,0,retract
0.836,0,0.0152789953627961,0,21.75,0,0.161435696013739,0.15,0.0101406742230634,0,retract
0.837,0,0.0154799768977216,0.016685866107275,21.75,0,0.161444817829022,0.15,0.00911733790325574,0,retract
0.838,0,0.0151378411029272,0.0130850263341607,21.75,0,0.161452929325885,0.15,0.00810728824797854,0,retract
0.839,0,0.0253086733087925,0.0863336665439844,21.75,0,0.161460043664634,0.15,0.00711039278749124,0,retract
0.84,0,0.0322821114782529,0.0741227404950148,21.75,0,0.161466173874159,0.15,0.0061265201388759,0,retract
0.841,0,0.0276703812670739,0,21.75,0,0.161471332853016,0.15,0.00515554000645604,0,retract
0.842,0,0.0237174696574919,0,21.75,0,0.161475533370515,0.15,0.0041973231819447,0,retract
0.843,0,0.0285663344263602,0.0576595230395703,21.75,0,0.161478788067805,0.15,0.00325174154432569,0,retract
0.844,0,0.0244854295083088,0,21.75,0,0.16148110945896,0.15,0.00231866805947589,0,retract
0.845,0,0.0209875110071218,0,21.75,0,0.16148250993206,0.15,0.00139797677953204,0,retract
0.846,0,0.0280902858529271,0.0707069349277588,21.75,0,0.161483001750283,0.15,0.000489542842009242,0,retract
0.847,0,0.0240773878739375,0,21.75,0,0.161482597052978,0.15,-0.000406757531324326,0.000406757531324326,retract
0.848,0,0.0206377610348036,0,21.75,0,0.161481307856753,0.15,-0.00129104703581078,0.00129104703581078,retract
0.849,0,0.0179386268308627,0.00174382160721778,21.75,0,0.161479146056554,0.15,-0.00216344728549826,0.00216344728549826,retract
0.85,0,0.0153759658550252,0,21.75,0,0.161476123426742,0.15,-0.00302407881496398,0.00302407881496398,retract
0.851,0,0.0131793993043073,0,21.75,0,0.161472251622169,0.15,-0.00387306108135936,0.00387306108135936,retract
0.852,0,0.0154310132966953,0.0289406972510228,21.75,0,0.161467542179254,0.15,-0.00471051246667188,0.00471051246667188,retract
0.853,0,0.0238974752908335,0.0746962472556631,21.75,0,0.161462006517051,0.15,-0.00553655028019812,0.00553655028019812,retract
0.854,0,0.0204835502492859,0,21.75,0,0.161455655938323,0.15,-0.00635129076122289,0.00635129076122289,retract
0.855,0,0.0175573287851022,0,21.75,0,0.161448501630605,0.15,-0.00715484908190042,0.00715484908190042,retract
0.856,0,0.015049138958659,0,21.75,0,0.161440554667265,0.15,-0.0079473393503306,0.0079473393503306,retract
0.857,0,0.0128992619645649,0,21.75,0,0.16143182600857,0.15,-0.0087288746138266,0.0087288746138266,retract
0.858,0,0.0110565102553413,0,21.75,0,0.161422326502738,0.15,-0.00949956686236886,0.00949956686236886,retract
0.859,0,0.00947700879029255,0,21.75,0,0.161412066886989,0.15,-0.01025952703224,0.01025952703224,retract
0.86,0,0.0131052585754575,0.0348747572864472,21.75,0,0.161401057788601,0.15,-0.0110088650098361,0.0110088650098361,retract
0.861,0,0.0112330787789636,0,21.75,0,0.16138930972595,0.15,-0.0117476896356489,0.0117476896356489,retract
0.862,0,0.00962835323911164,0,21.75,0,0.161376833109552,0.15,-0.0124761087084157,0.0124761087084157,retract
0.863,0,0.015846566067877,0.0531558430404694,21.75,0,0.161363638243099,0.15,-0.0131942289894306,0.0131942289894306,retract
0.864,0,0.0149975542484295,0.00990348333174414,21.75,0,0.161349735324496,0.15,-0.0139021562070127,0.0139021562070127,retract
0.865,0,0.0128550464986538,0,21.75,0,0.161335134446882,0.15,-0.0145999950611282,0.0145999950611282,retract
0.866,0,0.0110186112845604,0,21.75,0,0.161319845599658,0.15,-0.015287849228159,0.015287849228159,retract
0.867,0,0.0109249174067261,0.0103627541397201,21.75,0,0.161303878669504,0.15,-0.0159658213658165,0.0159658213658165,retract
0.868,0,0.0184465031909948,0.0635760178966067,21.75,0,0.161287243441392,0.15,-0.0166340131181939,0.0166340131181939,retract
0.869,0,0.0158112884494241,0,21.75,0,0.161269949599593,0.15,-0.0172925251209528,0.0172925251209528,retract
0.87,0,0.0142566014116596,0.00492847918507257,21.75,0,0.161252006728682,0.15,-0.0179414570066411,0.0179414570066411,retract
0.871,0,0.0122199440671368,0,21.75,0,0.161233424314534,0.15,-0.0185809074101372,0.0185809074101372,retract
0.872,0,0.0137068960084746,0.0226286076565013,21.75,0,0.161214211745315,0.15,-0.0192109739742148,0.0192109739742148,retract
0.873,0,0.0117487680072639,0,21.75,0,0.161194378312471,0.15,-0.019831753355227,0.019831753355227,retract
0.874,0,0.0100703725776548,0,21.75,0,0.161173933211705,0.15,-0.0204433412289033,0.0204433412289033,retract
0.875,0,0.0114259063306513,0.0195591088486305,21.75,0,0.161152885543955,0.15,-0.0210458322962558,0.0210458322962558,retract
0.876,0,0.0103833718779579,0.00412816516179735,21.75,0,0.161131244316357,0.15,-0.0216393202895921,0.0216393202895921,retract
0.877,0,0.00890003303824962,0,21.75,0,0.161109018443217,0.15,-0.0222238979786286,0.0222238979786286,retract
0.878,0,0.0076285997470711,0,21.75,0,0.161086216746956,0.15,-0.0227996571767022,0.0227996571767022,retract
0.879,0,0.0163310009109528,0.0685454078942432,21.75,0,0.161062847959069,0.15,-0.0233666887470756,0.0233666887470756,retract
0.88,0,0.0187453616879886,0.0332315263502033,21.75,0,0.161038920721065,0.15,-0.0239250826093327,0.0239250826093327,retract
0.881,0,0.0163005497603364,0.00163167819442281,21.75,0,0.161014443585402,0.15,-0.0244749277458604,0.0244749277458604,retract
0.882,0,0.0153120356144789,0.00938095073933417,21.75,0,0.160989425016423,0.15,-0.0250163122084128,0.0250163122084128,retract
0.883,0,0.0131246019552676,0,21.75,0,0.160963873391275,0.15,-0.0255493231247547,0.0255493231247547,retract
0.884,0,0.0112496588188008,0,21.75,0,0.160937797000831,0.15,-0.0260740467053803,0.0260740467053803,retract
0.885,0,0.0137342505906699,0.0286418012218841,21.75,0,0.160911204050595,0.15,-0.0265905682503039,0.0265905682503039,retract
0.886,0,0.0117722147920027,0,21.75,0,0.160884102661611,0.15,-0.0270989721559189,0.0270989721559189,retract
0.887,0,0.0218124960795622,0.0820541838049189,21.75,0,0.160856500871356,0.15,-0.0275993419219221,0.0275993419219221,retract
0.888,0,0.0310103572280603,0.0861975241190492,21.75,0,0.160828406634635,0.15,-0.0280917601582996,0.0280917601582996,retract
0.889,0,0.0305014497093984,0.0274480045974267,21.75,0,0.160799827824456,0.15,-0.0285763085923708,0.0285763085923708,retract
0.89,0,0.0261440997509129,0,21.75,0,0.160770772232914,0.15,-0.029053068075888,0.029053068075888,retract
0.891,0,0.0224092283579253,0,21.75,0,0.160741247572054,0.15,-0.0295221185921873,0.0295221185921873,retract
0.892,0,0.0192079100210789,0,21.75,0,0.160711261474734,0.15,-0.0299835392633889,0.0299835392633889,retract
0.893,0,0.0203392167037257,0.027127056799607,21.75,0,0.16068082149548,0.15,-0.0304374083576429,0.0304374083576429,retract
0.894,0,0.0174336143174792,0,21.75,0,0.160649935111334,0.15,-0.0308838032964177,0.0308838032964177,retract
0.895,0,0.0199077831104448,0.0347527958682384,21.75,0,0.16061860972269,0.15,-0.0313228006618278,0.0313228006618278,retract
0.896,0,0.017063814094667,0,21.75,0,0.160586852654132,0.15,-0.0317544762039991,0.0317544762039991,retract
0.897,0,0.016880527794058,0.0157808099904039,21.75,0,0.160554671155251,0.15,-0.0321789048484675,0.0321789048484675,retract
0.898,0,0.0227552511775476,0.0580035914784857,21.75,0,0.160522072401471,0.15,-0.0325961607036086,0.0325961607036086,retract
0.899,0,0.0242281285394353,0.0330653927107615,21.75,0,0.160489063494853,0.15,-0.033006317068096,0.033006317068096,retract
0.9,0,0.020766967319516,0,21.75,0,0.1604556514649,0.15,-0.0334094464383846,0.0334094464383846,retract
0.901,0,0.0178002577024423,0,21.75,0,0.160421843269352,0.15,-0.0338056205162175,0.0338056205162175,retract
0.902,0,0.0152573637449505,0,21.75,0,0.160387645794975,0.15,-0.0341949102161528,0.0341949102161528,retract
0.903,0,0.0130777403528147,0,21.75,0,0.160353065858337,0.15,-0.034577385673108,0.034577385673108,retract
0.904,0,0.0192908548576023,0.0565695418863275,21.75,0,0.160318110206586,0.15,-0.0349531162499195,0.0349531162499195,retract
0.905,0,0.0165350184493734,0,21.75,0,0.160282785518209,0.15,-0.0353221705449157,0.0353221705449157,retract
0.906,0,0.0205879706868482,0.0449056841116969,21.75,0,0.160247098403794,0.15,-0.0356846163994991,0.0356846163994991,retract
0.907,0,0.0176468320172984,0,21.75,0,0.160211055406779,0.15,-0.0360405209057376,0.0360405209057376,retract
0.908,0,0.0151258560148272,0,21.75,0,0.160174663004193,0.15,-0.03638995041396,0.03638995041396,retract
0.909,0,0.0278121693477973,0.103930049345618,21.75,0,0.16013792760739,0.15,-0.0367329705403564,0.0367329705403564,retract
0.91,0,0.0457489266770025,0.153369470652233,21.75,0,0.160100855562779,0.15,-0.0370696461745787,0.0370696461745787,retract
0.911,0,0.0441557204495476,0.0345964830848185,21.75,0,0.160063453152541,0.15,-0.0374000414873402,0.0374000414873402,retract
0.912,0,0.0391509052246773,0.00912201387545494,21.75,0,0.160025726595342,0.15,-0.0377242199380124,0.0377242199380124,retract
0.913,0,0.0335579187640091,0,21.75,0,0.159987682047035,0.15,-0.038042244282216,0.038042244282216,retract
0.914,0,0.0287639303691506,0,21.75,0,0.159949325601362,0.15,-0.038354176579405,0.038354176579405,retract
0.915,0,0.0287904651242764,0.0289496736550308,21.75,0,0.159910663290636,0.15,-0.0386600782004416,0.0386600782004416,retract
0.916,0,0.0279835164534298,0.0231418244283507,21.75,0,0.159871701086429,0.15,-0.0389600098351594,0.0389600098351594,retract
0.917,0,0.023985871245797,0,21.75,0,0.159832444900243,0.15,-0.0392540314999139,0.0392540314999139,retract
0.918,0,0.0236905970247343,0.0219189516983578,21.75,0,0.159792900584177,0.15,-0.0395422025451176,0.0395422025451176,retract
0.919,0,0.0203062260212008,0,21.75,0,0.159753073931584,0.15,-0.0398245816627594,0.0398245816627594,retract
0.92,0,0.0338384549701898,0.115031828664124,21.75,0,0.159712970677726,0.15,-0.0401012268939036,0.0401012268939036,retract
0.921,0,0.0316790860934556,0.0187228728330504,21.75,0,0.159672596500419,0.15,-0.0403721956361705,0.0403721956361705,retract
0.922,0,0.027971169945737,0.00572367305942523,21.75,0,0.159631957020662,0.15,-0.0406375446511938,0.0406375446511938,retract
0.923,0,0.0239752885249174,0,21.75,0,0.159591057803276,0.15,-0.0408973300720554,0.0408973300720554,retract
0.924,0,0.0205502473070721,0,21.75,0,0.159549904357518,0.15,-0.0411516074106941,0.0411516074106941,retract
0.925,0,0.0189797364979846,0.00955667164345936,21.75,0,0.159508502137699,0.15,-0.0414004315652879,0.0414004315652879,retract
0.926,0,0.016268345569701,0,21.75,0,0.159466856543792,0.15,-0.0416438568276089,0.0416438568276089,retract
0.927,0,0.0220220192618512,0.0565440614147524,21.75,0,0.159424972922029,0.15,-0.0418819368903469,0.0418819368903469,retract
0.928,0,0.0188760165101582,0,21.75,0,0.159382856565494,0.15,-0.0421147248544037,0.0421147248544037,retract
0.929,0,0.0161794427229927,0,21.75,0,0.15934051271471,0.15,-0.0423422732361536,0.0423422732361536,retract
0.93,0,0.0138680937625652,0,21.75,0,0.159297946558215,0.15,-0.0425646339746702,0.0425646339746702,retract
0.931,0,0.0119649787777295,0.000546288868715255,21.75,0,0.159255163233133,0.15,-0.0427818584389189,0.0427818584389189,retract
0.932,0,0.0209527951037624,0.0748796930599597,21.75,0,0.15921216782574,0.15,-0.0429939974349119,0.0429939974349119,retract
0.933,0,0.0179595386603678,0,21.75,0,0.159168965372017,0.15,-0.0432011012128267,0.0432011012128267,retract
0.934,0,0.0240913332326815,0.060882100666564,21.75,0,0.1591255608582,0.15,-0.0434032194740844,0.0434032194740844,retract
0.935,0,0.0206497141994413,0,21.75,0,0.159081959221326,0.15,-0.0436004013783892,0.0436004013783892,retract
0.936,0,0.0295845611254703,0.0831936426816443,21.75,0,0.159038165349762,0.15,-0.0437926955507262,0.0437926955507262,retract
0.937,0,0.0256110564856238,0.00177002864654481,21.75,0,0.15899418408374,0.15,-0.0439801500883171,0.0439801500883171,retract
0.938,0,0.0219523341305347,0,21.75,0,0.158950020215876,0.15,-0.0441628125675329,0.0441628125675329,retract
0.939,0,0.022964584767186,0.029038088587094,21.75,0,0.158905678491681,0.15,-0.0443407300507615,0.0443407300507615,retract
0.94,0,0.0318037814962465,0.0848389618706097,21.75,0,0.158861163610076,0.15,-0.0445139490932318,0.0445139490932318,retract
0.941,0,0.0272603841396399,0,21.75,0,0.158816480223884,0.15,-0.0446825157497894,0.0446825157497894,retract
0.942,0,0.0233660435482628,0,21.75,0,0.158771632940335,0.15,-0.0448464755816272,0.0448464755816272,retract
0.943,0,0.0200280373270824,0,21.75,0,0.158726626321544,0.15,-0.0450058736629668,0.0450058736629668,retract
0.944,0,0.0173407837343154,0.00121726217771321,21.75,0,0.158681464884998,0.15,-0.0451607545876915,0.0451607545876915,retract
0.945,0,0.0209953334072964,0.0429226314451828,21.75,0,0.158636153104027,0.15,-0.0453111624759304,0.0453111624759304,retract
0.946,0,0.026509613430804,0.0595952935718497,21.75,0,0.158590695408273,0.15,-0.0454571409805903,0.0454571409805903,retract
0.947,0,0.022722525797832,0,21.75,0,0.158545096184154,0.15,-0.0455987332938387,0.0455987332938387,retract
0.948,0,0.019476450683856,0,21.75,0,0.158499359775313,0.15,-0.0457359821535333,0.0457359821535333,retract
0.949,0,0.0197341148650411,0.0212800999521518,21.75,0,0.158453490483075,0.15,-0.0458689298496001,0.0458689298496001,retract
0.95,0,0.0189296244744309,0.0141026821307693,21.75,0,0.158407492566879,0.15,-0.0459976182303575,0.0459976182303575,retract
0.951,0,0.016225392406655,0,21.75,0,0.158361370244722,0.15,-0.0461220887087867,0.0461220887087867,retract
0.952,0,0.0163525081061141,0.0171152023028689,21.75,0,0.158315127693587,0.15,-0.0462423822687487,0.0462423822687487,retract
0.953,0,0.0219103751335806,0.0552575772983794,21.75,0,0.158268769049864,0.15,-0.0463585394711447,0.0463585394711447,retract
0.954,0,0.0187803215430691,0,21.75,0,0.158222298409769,0.15,-0.0464706004600229,0.0464706004600229,retract
0.955,0,0.0160974184654878,0,21.75,0,0.158175719829758,0.15,-0.0465786049686276,0.0465786049686276,retract
0.956,0,0.0232971912035047,0.0664958276316063,21.75,0,0.158129037326928,0.15,-0.0466825923253929,0.0466825923253929,retract
0.957,0,0.0199690210315755,0,21.75,0,0.158082254879417,0.15,-0.0467826014598792,0.0467826014598792,retract
0.958,0,0.0171163037413504,0,21.75,0,0.158035376426804,0.15,-0.0468786709086521,0.0468786709086521,retract
0.959,0,0.0146711174925861,0,21.75,0,0.157988405870487,0.15,-0.0469708388211038,0.0469708388211038,retract
0.96,0,0.0183086687195218,0.0401339760811366,21.75,0,0.157941347074073,0.15,-0.0470591429652162,0.0470591429652162,retract
0.961,0,0.015693144616733,0,21.75,0,0.157894203863749,0.15,-0.0471436207332662,0.0471436207332662,retract
0.962,0,0.0134512668143426,0,21.75,0,0.157846980028657,0.15,-0.0472243091474707,0.0472243091474707,retract
0.963,0,0.013504078962383,0.0138209518506258,21.75,0,0.157799679321256,0.15,-0.047301244865574,0.047301244865574,retract
0.964,0,0.0151112272702832,0.0247541171176843,21.75,0,0.157752305457682,0.15,-0.0473744641863752,0.0473744641863752,retract
0.965,0,0.0149635245629178,0.0140773083187256,21.75,0,0.157704862118105,0.15,-0.0474440030551957,0.0474440030551957,retract
0.966,0,0.0128258781967867,0,21.75,0,0.157657352947071,0.15,-0.0475098970692876,0.0475098970692876,retract
0.967,0,0.020703988223748,0.0679726483855158,21.75,0,0.157609781553854,0.15,-0.0475721814831809,0.0475721814831809,retract
0.968,0,0.0177462756203554,0,21.75,0,0.157562151512787,0.15,-0.0476308912139715,0.0476308912139715,retract
0.969,0,0.0152110933888761,0,21.75,0,0.157514466363598,0.15,-0.0476860608465481,0.0476860608465481,retract
0.97,0,0.0130380800476081,0,21.75,0,0.157466729611736,0.15,-0.0477377246387589,0.0477377246387589,retract
0.971,0,0.0120822897133032,0.00634754770747368,21.75,0,0.157418944728695,0.15,-0.0477859165265173,0.0477859165265173,retract
0.972,0,0.0103562483256884,0,21.75,0,0.157371115152333,0.15,-0.0478306701288469,0.0478306701288469,retract
0.973,0,0.00887678427916151,0,21.75,0,0.15732324428718,0.15,-0.047872018752866,0.047872018752866,retract
0.974,0,0.0185401782174691,0.0765205418473146,21.75,0,0.157275335504748,0.15,-0.0479099953987103,0.0479099953987103,retract
0.975,0,0.0158915813292592,0,21.75,0,0.157227392143833,0.15,-0.0479446327643956,0.0479446327643956,retract
0.976,0,0.0136213554250793,0,21.75,0,0.157179417510816,0.15,-0.0479759632506186,0.0479759632506186,retract
0.977,0,0.0201265537983828,0.0591577440382034,21.75,0,0.157131414879951,0.15,-0.0480040189654972,0.0480040189654972,retract
0.978,0,0.0172513318271852,0,21.75,0,0.157083387493656,0.15,-0.0480288317292498,0.0480288317292498,retract
0.979,0,0.014786855851873,0,21.75,0,0.157035338562799,0.15,-0.0480504330788132,0.0480504330788132,retract
0.98,0,0.0141339238943096,0.0102163321489288,21.75,0,0.156987271266972,0.15,-0.0480688542724,0.0480688542724,retract
0.981,0,0.0121147919094082,0,21.75,0,0.156939188754772,0.15,-0.0480841262939951,0.0480841262939951,retract
0.982,0,0.0103841073509213,0,21.75,0,0.156891094144064,0.15,-0.0480962798577909,0.0480962798577909,retract
0.983,0,0.0122555343358121,0.0234840962451564,21.75,0,0.156842990522254,0.15,-0.0481053454125622,0.0481053454125622,retract
0.984,0,0.0105047437164103,0,21.75,0,0.156794880946546,0.15,-0.048111353145981,0.048111353145981,retract
0.985,0,0.00900406604263743,0,21.75,0,0.156746768444202,0.15,-0.0481143329888697,0.0481143329888697,retract
0.986,0,0.00771777089368922,0,21.75,0,0.156698656012794,0.15,-0.0481143146193945,0.0481143146193945,retract
0.987,0,0.00858631078253558,0.0137975501156137,21.75,0,0.15665054662045,0.15,-0.0481113274671996,0.0481113274671996,retract
0.988,0,0.0147034434153412,0.051406239212175,21.75,0,0.156602443206107,0.15,-0.0481054007174795,0.0481054007174795,retract
0.989,0,0.0127691385945818,0.00116330967002538,21.75,0,0.156554348679742,0.15,-0.0480965633149929,0.0480965633149929,retract
0.99,0,0.010944975938213,0,21.75,0,0.156506265922617,0.15,-0.0480848439680169,0.0480848439680169,retract
0.991,0,0.0149111430013494,0.0387081453801683,21.75,0,0.156458197787507,0.15,-0.048070271152241,0.048070271152241,retract
0.992,0,0.0127809797154424,0,21.75,0,0.156410147098932,0.15,-0.0480528731146027,0.0480528731146027,retract
0.993,0,0.0159008815014985,0.0346202922178352,21.75,0,0.156362116653379,0.15,-0.0480326778770638,0.0480326778770638,retract
0.994,0,0.0136293270012844,0,21.75,0,0.156314109219531,0.15,-0.0480097132403279,0.0480097132403279,retract
0.995,0,0.0226712203269265,0.0769225802807792,21.75,0,0.156266127538474,0.15,-0.0479840067875001,0.0479840067875001,retract
0.996,0,0.023828356630436,0.0307711744514928,21.75,0,0.156218174323923,0.15,-0.0479555858876875,0.0479555858876875,retract
0.997,0,0.0204694545618095,0.000316042150050383,21.75,0,0.156170252262423,0.15,-0.0479244776995427,0.0479244776995427,retract
0.998,0,0.0175452467672653,0,21.75,0,0.156122364013564,0.15,-0.0478907091747493,0.0478907091747493,retract
0.999,0,0.0159088158616235,0.0060902304277727,21.75,0,0.15607451221018,0.15,-0.0478543070614504,0.0478543070614504,retract
1,0,0.019549105203699,0.0413908412561519,21.75,0,0.156026699458552,0.15,-0.0478152979076197,0.0478152979076197,retract
1.001,0,0.0179204610233254,0.0081485959410839,21.75,0,0.155978928338604,0.15,-0.0477737080643761,0.0477737080643761,retract
1.002,0,0.0194107045482094,0.0283521656975135,21.75,0,0.155931201404098,0.15,-0.0477295636892428,0.0477295636892428,retract
1.003,0,0.0166377467556081,0,21.75,0,0.155883521182823,0.15,-0.0476828907493485,0.0476828907493485,retract
1.004,0,0.0142609257905212,0,21.75,0,0.155835890176786,0.15,-0.0476337150245754,0.0476337150245754,retract
1.005,0,0.0173940652986252,0.0361929023472491,21.75,0,0.155788310862393,0.15,-0.0475820621106501,0.0475820621106501,retract
1.006,0,0.014909198827393,0,21.75,0,0.155740785690632,0.15,-0.0475279574221802,0.0475279574221802,retract
1.007,0,0.0184571715120427,0.0397450076199405,21.75,0,0.155693317087251,0.15,-0.0474714261956368,0.0474714261956368,retract
1.008,0,0.0166400702987241,0.00573746301881306,21.75,0,0.155645907452936,0.15,-0.0474124934922823,0.0474124934922823,retract
1.009,0,0.0142629173989064,0,21.75,0,0.155598559163479,0.15,-0.0473511842010446,0.0473511842010446,retract
1.01,0,0.0173223856998647,0.0356791955056141,21.75,0,0.155551274569952,0.15,-0.0472875230413383,0.0472875230413383,retract
1.011,0,0.0148477591713126,0,21.75,0,0.155504055998873,0.15,-0.0472215345658324,0.0472215345658324,retract
1.012,0,0.0137129358481057,0.00690399590886461,21.75,0,0.155456905752367,0.15,-0.0471532431631662,0.0471532431631662,retract
1.013,0,0.0153570347484247,0.0252216281503389,21.75,0,0.155409826108334,0.15,-0.0470826730606122,0.0470826730606122,retract
1.014,0,0.0245929419631141,0.0800083852512499,21.75,0,0.155362819320603,0.15,-0.0470098483266884,0.0470098483266884,retract
1.015,0,0.021079664539812,0,21.75,0,0.15531588761909,0.15,-0.0469347928737186,0.0469347928737186,retract
1.016,0,0.0226296607031645,0.0319296376832791,21.75,0,0.155269033209953,0.15,-0.0468575304603418,0.0468575304603418,retract
1.017,0,0.0212055543986102,0.0126609165712844,21.75,0,0.155222258275743,0.15,-0.0467780846939719,0.0467780846939719,retract
1.018,0,0.018176189484523,0,21.75,0,0.15517556497555,0.15,-0.0466964790332075,0.0466964790332075,retract
1.019,0,0.015579590986734,0,21.75,0,0.155128955445156,0.15,-0.0466127367901911,0.0466127367901911,retract
1.02,0,0.0370938785745436,0.166179604101401,21.75,0,0.155082431797173,0.15,-0.0465268811329207,0.0465268811329207,retract
1.021,0,0.0326595023958303,0.00605324532355032,21.75,0,0.155035996121191,0.15,-0.0464389350875122,0.0464389350875122,retract
1.022,0,0.027993859196426,0,21.75,0,0.154989650483912,0.15,-0.0463489215404138,0.0463489215404138,retract
1.023,0,0.0300323213605846,0.0422630943455361,21.75,0,0.154943396929293,0.15,-0.0462568632405727,0.0462568632405727,retract
1.024,0,0.0257419897376439,0,21.75,0,0.154897237478678,0.15,-0.0461627828015552,0.0461627828015552,retract
1.025,0,0.0220645626322662,0,21.75,0,0.154851174130934,0.15,-0.0460667027036194,0.0460667027036194,retract
1.026,0,0.0189124822562282,0,21.75,0,0.15480520886258,0.15,-0.0459686452957424,0.0459686452957424,retract
1.027,0,0.0167544164117992,0.00380602134522516,21.75,0,0.15475934362792,0.15,-0.0458686327976016,0.0458686327976016,retract
1.028,0,0.0143609283529707,0,21.75,0,0.154713580359167,0.15,-0.0457666873015107,0.0457666873015107,retract
1.029,0,0.0123093671596892,0,21.75,0,0.154667920966571,0.15,-0.0456628307743113,0.0456628307743113,retract
1.03,0,0.0105508861368765,0,21.75,0,0.154622367338541,0.15,-0.0455570850592199,0.0455570850592199,retract
1.031,0,0.00904361668875124,0,21.75,0,0.154576921341771,0.15,-0.0454494718776314,0.0454494718776314,retract
1.032,0,0.00775167144750107,0,21.75,0,0.154531584821354,0.15,-0.0453400128308799,0.0453400128308799,retract
1.033,0,0.00664428981214377,0,21.75,0,0.154486359600906,0.15,-0.0452287294019561,0.0452287294019561,retract
1.034,0,0.00569510555326609,0,21.75,0,0.154441247482681,0.15,-0.0451156429571826,0.0451156429571826,retract
1.035,0,0.0151665419998481,0.0719951606793401,21.75,0,0.154396250247685,0.15,-0.045000774747848,0.045000774747848,retract
1.036,0,0.0129998931427269,0,21.75,0,0.154351369655791,0.15,-0.0448841459117992,0.0448841459117992,retract
1.037,0,0.0111427655509088,0,21.75,0,0.154306607445851,0.15,-0.0447657774749935,0.0447657774749935,retract
1.038,0,0.0106966812240728,0.00802017526305657,21.75,0,0.154261965335807,0.15,-0.0446456903530105,0.0446456903530105,retract
1.039,0,0.0129516096220065,0.0264811800096089,21.75,0,0.154217445022798,0.15,-0.0445239053525242,0.0445239053525242,retract
1.04,0,0.0111013796760056,0,21.75,0,0.15417304818327,0.15,-0.0444004431727355,0.0444004431727355,retract
1.041,0,0.00951546829371907,0,21.75,0,0.154128776473081,0.15,-0.0442753244067673,0.0442753244067673,retract
1.042,0,0.0121163846478117,0.0277218827723677,21.75,0,0.154084631527607,0.15,-0.0441485695430201,0.0441485695430201,retract
1.043,0,0.0117972486183983,0.00988243244191783,21.75,0,0.154040614961844,0.15,-0.0440201989664911,0.0440201989664911,retract
1.044,0,0.0143009338775014,0.0293230454321196,21.75,0,0.153996728370509,0.15,-0.0438902329600554,0.0438902329600554,retract
1.045,0,0.0122579433235726,0,21.75,0,0.153952973328147,0.15,-0.043758691705711,0.043758691705711,retract
1.046,0,0.0105068085630622,0,21.75,0,0.153909351389224,0.15,-0.0436255952857878,0.0436255952857878,retract
1.047,0,0.00900583591119619,0,21.75,0,0.15386586408823,0.15,-0.0434909636841209,0.0434909636841209,retract
1.048,0,0.0162128447894012,0.0594548980586311,21.75,0,0.153822512939774,0.15,-0.0433548167871888,0.0433548167871888,retract
1.049,0,0.0161651116384423,0.0158787127326889,21.75,0,0.15377929943868,0.15,-0.0432171743852172,0.0432171743852172,retract
1.05,0,0.0138558099758077,0,21.75,0,0.153736225060087,0.15,-0.0430780561732487,0.0430780561732487,retract
1.051,0,0.0118764085506923,0,21.75,0,0.153693291259538,0.15,-0.0429374817521789,0.0429374817521789,retract
1.052,0,0.0101797787577362,0,21.75,0,0.153650499473073,0.15,-0.0427954706297599,0.0427954706297599,retract
1.053,0,0.0131857452453504,0.0312215441710355,21.75,0,0.153607851117328,0.15,-0.0426520422215708,0.0426520422215708,retract
1.054,0,0.0113020673531575,0,21.75,0,0.153565347589618,0.15,-0.0425072158519562,0.0425072158519562,retract
1.055,0,0.00968748630270643,0,21.75,0,0.153522990268032,0.15,-0.0423610107549339,0.0423610107549339,retract
1.056,0,0.00830355968803408,0,21.75,0,0.153480780511523,0.15,-0.0422134460750708,0.0422134460750708,retract
1.057,0,0.00711733687545779,0,21.75,0,0.153438719659994,0.15,-0.0420645408683291,0.0420645408683291,retract
1.058,0,0.0104605688430324,0.0305199606484801,21.75,0,0.153396809034389,0.15,-0.0419143141028814,0.0419143141028814,retract
1.059,0,0.00989561101304668,0.00650586403313231,21.75,0,0.153355049936775,0.15,-0.0417627846598977,0.0417627846598977,retract
1.06,0,0.00848195229689715,0,21.75,0,0.153313443650436,0.15,-0.0416099713343025,0.0416099713343025,retract
1.061,0,0.0209841388119252,0.0959972579020932,21.75,0,0.15327199143995,0.15,-0.0414558928355036,0.0414558928355036,retract
1.062,0,0.0303332208006156,0.0864277127327586,21.75,0,0.153230694551282,0.15,-0.0413005677880931,0.0413005677880931,retract
1.063,0,0.0259999035433848,0,21.75,0,0.153189554211861,0.15,-0.041144014732521,0.041144014732521,retract
1.064,0,0.0222856316086156,0,21.75,0,0.15314857163067,0.15,-0.0409862521257408,0.0409862521257408,retract
1.065,0,0.0191019699502419,0,21.75,0,0.153107747998324,0.15,-0.0408272983418307,0.0408272983418307,retract
1.066,0,0.0163731171002074,0,21.75,0,0.153067084487153,0.15,-0.0406671716725862,0.0406671716725862,retract
1.067,0,0.0219055390301244,0.0551000706096267,21.75,0,0.153026582251289,0.15,-0.040505890328089,0.040505890328089,retract
1.068,0,0.0266825826362055,0.0553448442726921,21.75,0,0.152986242426738,0.15,-0.0403434724372504,0.0403434724372504,retract
1.069,0,0.0228707851167476,0,21.75,0,0.15294606613147,0.15,-0.0401799360483293,0.0401799360483293,retract
1.07,0,0.0267377309703599,0.0499394060920339,21.75,0,0.152906054465493,0.15,-0.0400152991294273,0.0400152991294273,retract
1.071,0,0.0250345705935294,0.0148156083325465,21.75,0,0.152866208510936,0.15,-0.0398495795689597,0.0398495795689597,retract
1.072,0,0.0214582033658824,0,21.75,0,0.152826529332125,0.15,-0.0396827951761023,0.0396827951761023,retract
1.073,0,0.0215558851453322,0.0221419758220316,21.75,0,0.152787017975667,0.15,-0.0395149636812176,0.0395149636812176,retract
1.074,0,0.025520112131728,0.0493054740501027,21.75,0,0.152747675470521,0.15,-0.0393461027362568,0.0393461027362568,retract
1.075,0,0.0302049873581555,0.0583142387167203,21.75,0,0.152708502828085,0.15,-0.0391762299151409,0.0391762299151409,retract
1.076,0,0.032017375119437,0.0428917016871264,21.75,0,0.152669501042266,0.15,-0.0390053627141207,0.0390053627141207,retract
1.077,0,0.0352074653831259,0.0543480069652592,21.75,0,0.152630671089562,0.15,-0.0388335185521153,0.0388335185521153,retract
1.078,0,0.0301778274712508,0,21.75,0,0.152592013929137,0.15,-0.0386607147710304,0.0386607147710304,retract
1.079,0,0.0258667092610721,0,21.75,0,0.152553530502896,0.15,-0.0384869686360572,0.0384869686360572,retract
1.08,0,0.0221714650809189,0,21.75,0,0.152515221735567,0.15,-0.0383122973359506,0.0383122973359506,retract
1.081,0,0.019004112926502,0,21.75,0,0.152477088534773,0.15,-0.0381367179832896,0.0381367179832896,retract
1.082,0,0.0162892396512874,0,21.75,0,0.152439131791107,0.15,-0.0379602476147182,0.0379602476147182,retract
1.083,0,0.0139622054153892,0,21.75,0,0.15240135237821,0.15,-0.0377829031911683,0.0377829031911683,retract
1.084,0,0.0254073080095768,0.0940779235747023,21.75,0,0.152363751152847,0.15,-0.037604701598065,0.037604701598065,retract
1.085,0,0.0217776925796372,0,21.75,0,0.152326328954981,0.15,-0.0374256596455144,0.0374256596455144,retract
1.086,0,0.0186665936396891,0,21.75,0,0.152289086607848,0.15,-0.0372457940684744,0.0372457940684744,retract
1.087,0,0.0185561155465381,0.0178932469876321,21.75,0,0.152252024918032,0.15,-0.0370651215269093,0.0370651215269093,retract
1.088,0,0.0165653519543569,0.00462077040126973,21.75,0,0.152215144675541,0.15,-0.0368836586059278,0.0368836586059278,retract
1.089,0,0.0141988731037345,0,21.75,0,0.15217844665388,0.15,-0.0367014218159058,0.0367014218159058,retract
1.09,0,0.0174616068301486,0.0370380091886333,21.75,0,0.152141931610127,0.15,-0.0365184275925935,0.0365184275925935,retract
1.091,0,0.0149670915686988,0,21.75,0,0.152105600285007,0.15,-0.0363346922972084,0.0363346922972084,retract
1.092,0,0.0128289356303132,0,21.75,0,0.152069453402968,0.15,-0.0361502322165128,0.0361502322165128,retract
1.093,0,0.0111226394562617,0.000884862411952363,21.75,0,0.15203349167225,0.15,-0.035965063562878,0.035965063562878,retract
1.094,0,0.00953369096251002,0,21.75,0,0.151997715784968,0.15,-0.0357792024743344,0.0357792024743344,retract
1.095,0,0.0109248951730857,0.0192721204365394,21.75,0,0.151962126417177,0.15,-0.0355926650146085,0.0355926650146085,retract
1.096,0,0.0148492150989058,0.0383951346538269,21.75,0,0.151926724228954,0.15,-0.0354054671731473,0.0354054671731473,retract
1.097,0,0.0235239527626987,0.075572378745456,21.75,0,0.151891509864466,0.15,-0.0352176248651295,0.0352176248651295,retract
1.098,0,0.024970005165525,0.0336463195824828,21.75,0,0.151856483952051,0.15,-0.035029153931465,0.035029153931465,retract
1.099,0,0.02140286157045,0,21.75,0,0.151821647104283,0.15,-0.0348400701387827,0.0348400701387827,retract
1.1,0,0.0183453099175286,0,21.75,0,0.151786999918057,0.15,-0.0346503891794069,0.0346503891794069,retract
1.101,0,0.0348368346802872,0.133785983256839,21.75,0,0.151752542974655,0.15,-0.0344601266713218,0.0344601266713218,retract
1.102,0,0.039430486244958,0.0669923956329831,21.75,0,0.151718276839824,0.15,-0.0342692981581272,0.0342692981581272,retract
1.103,0,0.0361981540577236,0.0168041609343169,21.75,0,0.151684202063849,0.15,-0.0340779191089818,0.0340779191089818,retract
1.104,0,0.0366505081195269,0.0393646324903469,21.75,0,0.151650319181629,0.15,-0.0338860049185379,0.0338860049185379,retract
1.105,0,0.0314147212453088,0,21.75,0,0.151616628712751,0.15,-0.0336935709068661,0.0336935709068661,retract
1.106,0,0.0269269039245504,0,21.75,0,0.151583131161563,0.15,-0.0335006323193708,0.0335006323193708,retract
1.107,0,0.0230802033639003,0,21.75,0,0.15154982701725,0.15,-0.0333072043266961,0.0333072043266961,retract
1.108,0,0.0328291704907013,0.0913229732515072,21.75,0,0.151516716753911,0.15,-0.0331133020246247,0.0331133020246247,retract
1.109,0,0.0281392889920297,0,21.75,0,0.151483800830629,0.15,-0.0329189404339667,0.0329189404339667,retract
1.11,0,0.0334584065476363,0.0653731118812757,21.75,0,0.151451079691551,0.15,-0.0327241345004415,0.0327241345004415,retract
1.111,0,0.0286786341836882,0,21.75,0,0.151418553765959,0.15,-0.0325288990945523,0.0325288990945523,retract
1.112,0,0.0297571776891315,0.0362284387217912,21.75,0,0.151386223468348,0.15,-0.0323332490114526,0.0323332490114526,retract
1.113,0,0.0260398272828033,0.00373572484483392,21.75,0,0.1513540891985,0.15,-0.0321371989708059,0.0321371989708059,retract
1.114,0,0.0223198519566885,0,21.75,0,0.151322151341563,0.15,-0.0319407636166395,0.0319407636166395,retract
1.115,0,0.0218893726109056,0.0193064965362078,21.75,0,0.15129041026812,0.15,-0.0317439575171906,0.0317439575171906,retract
1.116,0,0.0193848536987985,0.004357740226156,21.75,0,0.151258866334272,0.15,-0.0315467951647478,0.0315467951647478,retract
1.117,0,0.020179249598946,0.0249456249998312,21.75,0,0.151227519881708,0.15,-0.0313492909754855,0.0313492909754855,retract
1.118,0,0.0213433563158063,0.0283279966169683,21.75,0,0.151196371237787,0.15,-0.0311514592892941,0.0311514592892941,retract
1.119,0,0.0228166628642598,0.0316565021549804,21.75,0,0.151165420715609,0.15,-0.0309533143696041,0.0309533143696041,retract
1.12,0,0.019557139597937,0,21.75,0,0.151134668614095,0.15,-0.0307548704032057,0.0307548704032057,retract
1.121,0,0.0241710623042198,0.051854598541917,21.75,0,0.151104115218064,0.15,-0.0305561415000637,0.0305561415000637,retract
1.122,0,0.020718053403617,0,21.75,0,0.151073760798307,0.15,-0.0303571416931284,0.0303571416931284,retract
1.123,0,0.0177583314888146,0,21.75,0,0.151043605611667,0.15,-0.0301578849381419,0.0301578849381419,retract
1.124,0,0.0248034481491055,0.0670741481108512,21.75,0,0.151013649901114,0.15,-0.0299583851134409,0.0299583851134409,retract
1.125,0,0.021260098413519,0,21.75,0,0.150983893895825,0.15,-0.0297586560197564,0.0297586560197564,retract
1.126,0,0.018222941497302,0,21.75,0,0.15095433781126,0.15,-0.0295587113800094,0.0295587113800094,retract
1.127,0,0.0195586345379161,0.027572792781601,21.75,0,0.150924981849241,0.15,-0.0293585648391041,0.0293585648391041,retract
1.128,0,0.0196373281940634,0.0201094901309471,21.75,0,0.150895826198028,0.15,-0.0291582299637182,0.0291582299637182,retract
1.129,0,0.0168319955949115,0,21.75,0,0.150866871032402,0.15,-0.0289577202420907,0.0289577202420907,retract
1.13,0,0.0144274247956384,0,21.75,0,0.150838116513736,0.15,-0.0287570490838077,0.0287570490838077,retract
1.131,0,0.0138539169632596,0.0104128699689864,21.75,0,0.150809562790083,0.15,-0.0285562298195856,0.0285562298195856,retract
1.132,0,0.0129032164074524,0.00719901307260932,21.75,0,0.150781209996247,0.15,-0.0283552757010532,0.0283552757010532,retract
1.133,0,0.0166674776393274,0.0392530450305775,21.75,0,0.150753058253868,0.15,-0.0281541999005321,0.0281541999005321,retract
1.134,0,0.0142864094051378,0,21.75,0,0.150725107671496,0.15,-0.0279530155108155,0.0279530155108155,retract
1.135,0,0.0168050764931896,0.0319170790215005,21.75,0,0.150697358344677,0.15,-0.0277517355449458,0.0277517355449458,retract
1.136,0,0.0215976555453505,0.0503531298583162,21.75,0,0.150669810356027,0.15,-0.0275503729359921,0.0275503729359921,retract
1.137,0,0.0262700273988443,0.0543042585198069,21.75,0,0.150642463775317,0.15,-0.0273489405368266,0.0273489405368266,retract
1.138,0,0.0319880152369509,0.0662959422655907,21.75,0,0.150615318659549,0.15,-0.0271474511199,0.0271474511199,retract
1.139,0,0.0333062986619253,0.0412159992117713,21.75,0,0.15058837505304,0.15,-0.0269459173770179,0.0269459173770179,retract
1.14,0,0.0295378622795809,0.00692724398551444,21.75,0,0.1505616329875,0.15,-0.0267443519191159,0.0267443519191159,retract
1.141,0,0.0323361792961912,0.0491260813958531,21.75,0,0.150535092482117,0.15,-0.0265427672760359,0.0265427672760359,retract
1.142,0,0.027716725111021,0,21.75,0,0.150508753543632,0.15,-0.0263411758963022,0.0263411758963022,retract
1.143,0,0.0306743224742249,0.0484199066534479,21.75,0,0.150482616166427,0.15,-0.0261395901468984,0.0261395901468984,retract
1.144,0,0.0351994440695696,0.062350173641638,21.75,0,0.150456680332602,0.15,-0.0259380223130447,0.0259380223130447,retract
1.145,0,0.0328182089825441,0.0185307984603909,21.75,0,0.150430946012061,0.15,-0.0257364845979769,0.0257364845979769,retract
1.146,0,0.0281298934136092,0,21.75,0,0.150405413162589,0.15,-0.0255349891227256,0.0255349891227256,retract
1.147,0,0.024111337211665,0,21.75,0,0.15038008172994,0.15,-0.0253335479258975,0.0253335479258975,retract
1.148,0,0.0333066835881001,0.0884787618467107,21.75,0,0.150354951647913,0.15,-0.0251321729634574,0.0251321729634574,retract
1.149,0,0.0361445310328287,0.0531716157012003,21.75,0,0.150330022838443,0.15,-0.0249308761085128,0.0249308761085128,retract
1.15,0,0.0309810265995675,0,21.75,0,0.150305295211676,0.15,-0.0247296691510995,0.0247296691510995,retract
1.151,0,0.0265551656567721,0,21.75,0,0.150280768666058,0.15,-0.0245285637979694,0.0245285637979694,retract
1.152,0,0.0247042655764807,0.0135988650947321,21.75,0,0.150256443088414,0.15,-0.0243275716723806,0.0243275716723806,retract
1.153,0,0.0296271128219061,0.0591641962944586,21.75,0,0.150232318354035,0.15,-0.0241267043138897,0.0241267043138897,retract
1.154,0,0.0261016500027263,0.00494887308764739,21.75,0,0.150208394326761,0.15,-0.0239259731781465,0.0239259731781465,retract
1.155,0,0.0223728428594797,0,21.75,0,0.150184670859063,0.15,-0.0237253896366913,0.0237253896366913,retract
1.156,0,0.0191767224509826,0,21.75,0,0.150161147792131,0.15,-0.0235249649767549,0.0235249649767549,retract
1.157,0,0.0164371906722708,0,21.75,0,0.150137824955954,0.15,-0.0233247104010618,0.0233247104010618,retract
1.158,0,0.0140890205762321,0,21.75,0,0.150114702169408,0.15,-0.0231246370276358,0.0231246370276358,retract
1.159,0,0.0120763033510561,0,21.75,0,0.15009177924034,0.15,-0.0229247558896093,0.0229247558896093,retract
1.16,0,0.0152992363681186,0.0346368344704938,21.75,0,0.150069055965652,0.15,-0.0227250779350355,0.0227250779350355,retract
1.161,0,0.0163661506950997,0.0227676366569862,21.75,0,0.150046532131387,0.15,-0.0225256140267043,0.0225256140267043,retract
1.162,0,0.0140281291672283,0,21.75,0,0.150024207512815,0.15,-0.0223263749419617,0.0223263749419617,retract
1.163,0,0.0173508542295312,0.0372872046033485,21.75,0,0.150002081874517,0.15,-0.0221273713725327,0.0221273713725327,retract
1.164,0,0.0148721607681696,0,21.75,0,0.14998015497047,0.15,-0.0219286139243476,0.0219286139243476,retract
1.165,0,0.0127475663727168,0,21.75,0,0.149958426544138,0.15,-0.0217301131173734,0.0217301131173734,retract
1.166,0,0.0136248004631513,0.0188882050057584,21.75,0,0.149936896328551,0.15,-0.0215318793854478,0.0215318793854478,retract
1.167,0,0.012141467800258,0.00324147182289806,21.75,0,0.149915564046397,0.15,-0.0213339230761183,0.0213339230761183,retract
1.168,0,0.0104069724002211,0,21.75,0,0.149894429410104,0.15,-0.0211362544504845,0.0211362544504845,retract
1.169,0,0.0126789496783906,0.0263108133474073,21.75,0,0.14987349212193,0.15,-0.0209388836830461,0.0209388836830461,retract
1.17,0,0.0130120607001193,0.0150107268304916,21.75,0,0.149852751874048,0.15,-0.0207418208615541,0.0207418208615541,retract
1.171,0,0.0133860903789709,0.0156302684520804,21.75,0,0.149832208348633,0.15,-0.0205450759868669,0.0205450759868669,retract
1.172,0,0.0114737917534036,0,21.75,0,0.149811861217948,0.15,-0.0203486589728111,0.0203486589728111,retract
1.173,0,0.0111306924143453,0.00907209637999514,21.75,0,0.149791710144433,0.15,-0.0201525796460469,0.0201525796460469,retract
1.174,0,0.00954059349801023,0,21.75,0,0.149771754780792,0.15,-0.0199568477459383,0.0199568477459383,retract
1.175,0,0.00817765156972306,0,21.75,0,0.149751994770077,0.15,-0.0197614729244282,0.0197614729244282,retract
1.176,0,0.0108870524941159,0.0271434580404729,21.75,0,0.149732429745781,0.15,-0.0195664647459179,0.0195664647459179,retract
1.177,0,0.0110001064339343,0.0116784300728447,21.75,0,0.149713059331921,0.15,-0.0193718326871529,0.0193718326871529,retract
1.178,0,0.00988409865568189,0.00318805198616751,21.75,0,0.149693883143129,0.15,-0.0191775861371121,0.0191775861371121,retract
1.179,0,0.00847208456201305,0,21.75,0,0.149674900784736,0.15,-0.0189837343969033,0.0189837343969033,retract
1.18,0,0.00726178676743976,0,21.75,0,0.149656111852863,0.15,-0.0187902866796639,0.0187902866796639,retract
1.181,0,0.0183133978113896,0.0846230640750889,21.75,0,0.14963751593451,0.15,-0.0185972521104661,0.0185972521104661,retract
1.182,0,0.0254608691265889,0.0683456970177844,21.75,0,0.149619112607638,0.15,-0.0184046397262284,0.0184046397262284,retract
1.183,0,0.0306826840637752,0.0620135736868929,21.75,0,0.149600901441265,0.15,-0.0182124584756316,0.0182124584756316,retract
1.184,0,0.0262994434832359,0,21.75,0,0.149582881995549,0.15,-0.0180207172190414,0.0180207172190414,retract
1.185,0,0.0225423801284879,0,21.75,0,0.149565053821879,0.15,-0.0178294247284352,0.0178294247284352,retract
1.186,0,0.0193220401101325,0,21.75,0,0.14954741646296,0.15,-0.0176385896873354,0.0176385896873354,retract
1.187,0,0.0206943989328226,0.0289285518689633,21.75,0,0.149529969452907,0.15,-0.0174482206907482,0.0174482206907482,retract
1.188,0,0.0177380562281336,0,21.75,0,0.149512712317327,0.15,-0.0172583262451078,0.0172583262451078,retract
1.189,0,0.0152040481955431,0,21.75,0,0.149495644573413,0.15,-0.0170689147682264,0.0170689147682264,retract
1.19,0,0.0130320413104655,0,21.75,0,0.149478765730029,0.15,-0.0168799945892501,0.0168799945892501,retract
1.191,0,0.0154801053570272,0.0301684896363971,21.75,0,0.1494620752878,0.15,-0.0166915739486204,0.0166915739486204,retract
1.192,0,0.0142067123480839,0.0065663542944241,21.75,0,0.149445572739204,0.15,-0.0165036609980419,0.0165036609980419,retract
1.193,0,0.024516201492368,0.0863731363580729,21.75,0,0.149429257568652,0.15,-0.0163162638004555,0.0163162638004555,retract
1.194,0,0.0210138869934583,0,21.75,0,0.149413129252586,0.15,-0.0161293903300174,0.0161293903300174,retract
1.195,0,0.01801190313725,0,21.75,0,0.149397187259563,0.15,-0.0159430484720847,0.0159430484720847,retract
1.196,0,0.0272157793651083,0.0824390367322582,21.75,0,0.149381431050344,0.15,-0.0157572460232063,0.0157572460232063,retract
1.197,0,0.0233278108843785,0,21.75,0,0.149365860077984,0.15,-0.01557199069112,0.01557199069112,retract
1.198,0,0.0242152653593445,0.0295399922091403,21.75,0,0.14935047378792,0.15,-0.0153872900947555,0.0153872900947555,retract
1.199,0,0.0245640663778924,0.0266568724891798,21.75,0,0.149335271618059,0.15,-0.0152031517642442,0.0152031517642442,retract
1.2,0,0.0210549140381935,0,21.75,0,0.149320252998869,0.15,-0.0150195831409335,0.0150195831409335,retract
1.201,0,0.0180470691755944,0,21.75,0,0.149305417353465,0.15,-0.0148365915774089,0.0148365915774089,retract
1.202,0,0.0205656209802256,0.0356769318080127,21.75,0,0.1492907640977,0.15,-0.0146541843375209,0.0146541843375209,retract
1.203,0,0.0176276751259077,0,21.75,0,0.149276292640252,0.15,-0.0144723685964188,0.0144723685964188,retract
1.204,0,0.033948787263486,0.131875460088956,21.75,0,0.149262002382713,0.15,-0.01429115144059,0.01429115144059,retract
1.205,0,0.0290989605115594,0,21.75,0,0.149247892719678,0.15,-0.0141105398679058,0.0141105398679058,retract
1.206,0,0.0249419661527652,0,21.75,0,0.149233963038834,0.15,-0.0139305407876736,0.0139305407876736,retract
1.207,0,0.0251176808795732,0.0261719692404213,21.75,0,0.149220212721047,0.15,-0.0137511610206941,0.0137511610206941,retract
1.208,0,0.0215294407539199,0,21.75,0,0.149206641140451,0.15,-0.0135724072993263,0.0135724072993263,retract
1.209,0,0.0184538063605028,0,21.75,0,0.149193247664538,0.15,-0.0133942862675569,0.0133942862675569,retract
1.21,0,0.0158175483090024,0,21.75,0,0.149180031654241,0.15,-0.0132168044810774,0.0132168044810774,retract
1.211,0,0.0140617233957101,0.0035267739159562,21.75,0,0.14916699246403,0.15,-0.013039968407366,0.013039968407366,retract
1.212,0,0.0201389224621824,0.0566021168610162,21.75,0,0.149154129441993,0.15,-0.0128637844257766,0.0128637844257766,retract
1.213,0,0.0172619335390135,0,21.75,0,0.14914144192993,0.15,-0.0126882588276335,0.0126882588276335,retract
1.214,0,0.0147959430334401,0,21.75,0,0.149128929263434,0.15,-0.0125133978163322,0.0125133978163322,retract
1.215,0,0.0145167975834504,0.0128419248835119,21.75,0,0.149116590771985,0.15,-0.0123392075074462,0.0123392075074462,retract
1.216,0,0.0131657187968944,0.00505924607755868,21.75,0,0.149104425779035,0.15,-0.0121656939288403,0.0121656939288403,retract
1.217,0,0.0163125074957812,0.0351932396891017,21.75,0,0.149092433602096,0.15,-0.0119928630207898,0.0119928630207898,retract
1.218,0,0.0139821492820981,0,21.75,0,0.149080613552825,0.15,-0.0118207206361054,0.0118207206361054,retract
1.219,0,0.0119846993846556,0,21.75,0,0.149068964937117,0.15,-0.0116492725402648,0.0116492725402648,retract
1.22,0,0.0168848245284496,0.0462855753912135,21.75,0,0.149057487055185,0.15,-0.0114785244115495,0.0114785244115495,retract
1.221,0,0.021858709198138,0.0517020172162684,21.75,0,0.149046179201653,0.15,-0.0113084818411889,0.0113084818411889,retract
1.222,0,0.0187360364555468,0,21.75,0,0.149035040665641,0.15,-0.0111391503335087,0.0111391503335087,retract
1.223,0,0.0311263637705412,0.105468327660507,21.75,0,0.149024070730849,0.15,-0.0109705353060868,0.0109705353060868,retract
1.224,0,0.0266797403747496,0,21.75,0,0.149013268675647,0.15,-0.0108026420899142,0.0108026420899142,retract
1.225,0,0.0319320237413318,0.0634457239408254,21.75,0,0.14900263377316,0.15,-0.0106354759295624,0.0106354759295624,retract
1.226,0,0.0392587922601736,0.0832194033732239,21.75,0,0.148992165291354,0.15,-0.010469041983356,0.010469041983356,retract
1.227,0,0.0348075514905802,0.00810010687302034,21.75,0,0.148981862493124,0.15,-0.010303345323552,0.010303345323552,retract
1.228,0,0.0326513135159909,0.019713885668455,21.75,0,0.148971724636376,0.15,-0.0101383909365247,0.0101383909365247,retract
1.229,0,0.0279868401565636,0,21.75,0,0.148961750974116,0.15,-0.00997418372295546,0.00997418372295546,retract
1.23,0,0.0321823393800985,0.0573553347213077,21.75,0,0.148951940754534,0.15,-0.00981072849802993,0.00981072849802993,retract
1.231,0,0.0287296804502769,0.00801372687134742,21.75,0,0.14894229322109,0.15,-0.00964802999163963,0.00964802999163963,retract
1.232,0,0.0253810955967868,0.00528958647584581,21.75,0,0.148932807612599,0.15,-0.00948609284858985,0.00948609284858985,retract
1.233,0,0.0239253597191953,0.0151909444536465,21.75,0,0.148923483163314,0.15,-0.00932492162881325,0.00932492162881325,retract
1.234,0,0.0205074511878817,0,21.75,0,0.148914319103013,0.15,-0.00916452080758886,0.00916452080758886,retract
1.235,0,0.0311358819923475,0.0949064668191423,21.75,0,0.148905314657083,0.15,-0.00900489477576671,0.00900489477576671,retract
1.236,0,0.0271562339823522,0.00327834592238031,21.75,0,0.148896469046603,0.15,-0.00884604783999845,0.00884604783999845,retract
1.237,0,0.0268393749948578,0.0249382210698915,21.75,0,0.148887781488429,0.15,-0.00868798422297279,0.00868798422297279,retract
1.238,0,0.023005178567021,0,21.75,0,0.148879251195276,0.15,-0.00853070806365708,0.00853070806365708,retract
1.239,0,0.0230977532109912,0.0236532010748127,21.75,0,0.148870877375806,0.15,-0.00837422341754394,0.00837422341754394,retract
1.24,0,0.0197980741808496,0,21.75,0,0.148862659234703,0.15,-0.0082185342569035,0.0082185342569035,retract
1.241,0,0.0219954170101468,0.0351794739859301,21.75,0,0.148854595972766,0.15,-0.00806364447104083,0.00806364447104083,retract
1.242,0,0.0188532145801258,0,21.75,0,0.148846686786983,0.15,-0.00790955786655881,0.00790955786655881,retract
1.243,0,0.0161598982115364,0,21.75,0,0.148838930870618,0.15,-0.00775627816762634,0.00775627816762634,retract
1.244,0,0.0138513413241741,0,21.75,0,0.148831327413292,0.15,-0.0076038090162515,0.0076038090162515,retract
1.245,0,0.0118725782778635,0,21.75,0,0.148823875601066,0.15,-0.00745215397256029,0.00745215397256029,retract
1.246,0,0.0177375166329259,0.0529271467633001,21.75,0,0.148816574616521,0.15,-0.00730131651508004,0.00730131651508004,retract
1.247,0,0.015203585685365,0,21.75,0,0.148809423638838,0.15,-0.00715130004102836,0.00715130004102836,retract
1.248,0,0.0139369766761529,0.00633732262087993,21.75,0,0.148802421843883,0.15,-0.00700210786660671,0.00700210786660671,retract
1.249,0,0.011945980008131,0,21.75,0,0.148795568404285,0.15,-0.00685374322729933,0.00685374322729933,retract
1.25,0,0.0102394114355409,0,21.75,0,0.148788862489517,0.15,-0.00670620927817681,0.00670620927817681,retract
1.251,0,0.00877663837332077,0,21.75,0,0.148782303265974,0.15,-0.00655950909420472,0.00655950909420472,retract
1.252,0,0.0075228328914178,0,21.75,0,0.148775889897058,0.15,-0.00641364567055691,0.00641364567055691,retract
1.253,0,0.00644814247835811,0,21.75,0,0.148769621543251,0.15,-0.00626862192293381,0.00626862192293381,retract
1.254,0,0.0055269792671641,0,21.75,0,0.148763497362201,0.15,-0.00612444068788531,0.00612444068788531,retract
1.255,0,0.00473741080042637,0,21.75,0,0.148757516508792,0.15,-0.00598110472313818,0.00598110472313818,retract
1.256,0,0.00783598868083863,0.0264274559633122,21.75,0,0.148751678135233,0.15,-0.00583861670792842,0.00583861670792842,retract
1.257,0,0.00671656172643311,0,21.75,0,0.148745981391128,0.15,-0.00569697924333792,0.00569697924333792,retract
1.258,0,0.012356808321619,0.0461982878927346,21.75,0,0.148740425423556,0.15,-0.00555619485263572,0.00555619485263572,retract
1.259,0,0.0105915499899592,0,21.75,0,0.14873500937715,0.15,-0.00541626598162371,0.00541626598162371,retract
1.26,0,0.0205147825926082,0.0800541782085022,21.75,0,0.148729732394173,0.15,-0.00527719499898668,0.00527719499898668,retract
1.261,0,0.0175840993650927,0,21.75,0,0.148724593614595,0.15,-0.00513898419664679,0.00513898419664679,retract
1.262,0,0.0242919825676106,0.0645392817827179,21.75,0,0.148719592176169,0.15,-0.00500163579012217,0.00500163579012217,retract
1.263,0,0.0208216993436662,0,21.75,0,0.148714727214507,0.15,-0.00486515191888996,0.00486515191888996,retract
1.264,0,0.0178471708659996,0,21.75,0,0.148709997863155,0.15,-0.00472953464675329,0.00472953464675329,retract
1.265,0,0.0152975750279997,0,21.75,0,0.148705403253672,0.15,-0.00459478596221242,0.00459478596221242,retract
1.266,0,0.0178384145614524,0.0330834517621685,21.75,0,0.1487009425157,0.15,-0.00446090777884002,0.00446090777884002,retract
1.267,0,0.015290069624102,0,21.75,0,0.14869661477704,0.15,-0.00432790193566029,0.00432790193566029,retract
1.268,0,0.013105773963516,0,21.75,0,0.148692419163729,0.15,-0.00419577019753206,0.00419577019753206,retract
1.269,0,0.0166533201478394,0.0379385972537793,21.75,0,0.14868835480011,0.15,-0.00406451425553593,0.00406451425553593,retract
1.27,0,0.0142742744124337,0,21.75,0,0.148684420808907,0.15,-0.00393413572736474,0.00393413572736474,retract
1.271,0,0.0137013719828232,0.0102639574051603,21.75,0,0.1486806163113,0.15,-0.00380463615771827,0.00380463615771827,retract
1.272,0,0.0117440331281342,0,21.75,0,0.148676940426992,0.15,-0.00367601701870138,0.00367601701870138,retract
1.273,0,0.0100663141098293,0,21.75,0,0.148673392274286,0.15,-0.00354827971022577,0.00354827971022577,retract
1.274,0,0.0194866673185347,0.0760087865707668,21.75,0,0.148669970970159,0.15,-0.00342142556041534,0.00342142556041534,retract
1.275,0,0.0167028577016012,0,21.75,0,0.148666675630324,0.15,-0.00329545582601501,0.00329545582601501,retract
1.276,0,0.014316735172801,0,21.75,0,0.14866350536931,0.15,-0.00317037169280293,0.00317037169280293,retract
1.277,0,0.0122714872909723,0,21.75,0,0.148660459300531,0.15,-0.00304617427600621,0.00304617427600621,retract
1.278,0,0.0105184176779762,0,21.75,0,0.14865753653635,0.15,-0.00292286462071978,0.00292286462071978,retract
1.279,0,0.0186191260905451,0.067223376565958,21.75,0,0.148654736188158,0.15,-0.00280044370232851,0.00280044370232851,retract
1.28,0,0.0159592509347529,0,21.75,0,0.148652057366435,0.15,-0.00267891242693264,0.00267891242693264,retract
1.281,0,0.0149348079470055,0.00878815002052099,21.75,0,0.148649499180823,0.15,-0.00255827163177623,0.00255827163177623,retract
1.282,0,0.0128012639545761,0,21.75,0,0.148647060740196,0.15,-0.00243852208567855,0.00243852208567855,retract
1.283,0,0.0199263818606811,0.0626770892973108,21.75,0,0.148644741152722,0.15,-0.00231966448946868,0.00231966448946868,retract
1.284,0,0.0170797558805838,0,21.75,0,0.148642539525937,0.15,-0.00220169947642283,0.00220169947642283,retract
1.285,0,0.017212842275657,0.0180113606460966,21.75,0,0.148640454966809,0.15,-0.00208462761270473,0.00208462761270473,retract
1.286,0,0.0152310972273568,0.0033406269375556,21.75,0,0.148638486581804,0.15,-0.00196844939780858,0.00196844939780858,retract
1.287,0,0.0130552261948773,0,21.75,0,0.148636633476955,0.15,-0.00185316526500491,0.00185316526500491,retract
1.288,0,0.011471932802958,0.00197217245144204,21.75,0,0.148634894757924,0.15,-0.00173877558178904,0.00173877558178904,retract
1.289,0,0.0161965769396167,0.044544441759569,21.75,0,0.148633269530071,0.15,-0.00162528065033215,0.00162528065033215,retract
1.29,0,0.0149992320654551,0.00781516282048592,21.75,0,0.148631756898517,0.15,-0.00151268070793485,0.00151268070793485,retract
1.291,0,0.012856484627533,0,21.75,0,0.148630355968207,0.15,-0.00140097592748337,0.00140097592748337,retract
1.292,0,0.0110198439664568,0,21.75,0,0.148629065843977,0.15,-0.001290166417908,0.001290166417908,retract
1.293,0,0.0162089930252786,0.0473438873782094,21.75,0,0.148627885630617,0.15,-0.00118025222464389,0.00118025222464389,retract
1.294,0,0.013893422593096,0,21.75,0,0.148626814432932,0.15,-0.00107123333009434,0.00107123333009434,retract
1.295,0,0.0119086479369394,0,21.75,0,0.148625851355806,0.15,-0.000963109654096056,0.000963109654096056,retract
1.296,0,0.0102074125173766,0,21.75,0,0.148624995504262,0.15,-0.00085588105438674,0.00085588105438674,retract
1.297,0,0.00874921072917997,0,21.75,0,0.148624245983529,0.15,-0.000749547327074637,0.000749547327074637,retract
1.298,0,0.00749932348215426,0,21.75,0,0.148623601899097,0.15,-0.000644108207110302,0.000644108207110302,retract
1.299,0,0.00642799155613222,0,21.75,0,0.14862306235678,0.15,-0.000539563368760168,0.000539563368760168,retract
1.3,0,0.00550970704811333,0,21.75,0,0.148622626462779,0.15,-0.000435912426082099,0.000435912426082099,retract
1.301,0,0.00472260604124,0,21.75,0,0.148622293323737,0.15,-0.000333154933402803,0.000333154933402803,retract
1.302,0,0.00404794803534857,0,21.75,0,0.148622062046802,0.15,-0.000231290385797054,0.000231290385797054,retract
1.303,0,0.00346966974458449,0,21.75,0,0.148621931739682,0.15,-0.000130318219568426,0.000130318219568426,retract
1.304,0,0.0119041577260057,0.0625110856145333,21.75,0,0.148621901510708,0.15,-3.02378127321046e-05,3.02378127321046e-05,retract
1.305,0,0.0102035637651478,0,21.75,0,0.148621970468888,0.15,6.89515145012429e-05,0,retract
1.306,0,0.00942017468206978,0.00471984018360175,21.75,0,0.148622137723966,0.15,0.000167250499239534,0,retract
1.307,0,0.0156512976532762,0.0530380354805147,21.75,0,0.148622402386479,0.15,0.000264659935422206,0,retract
1.308,0,0.0196534543320746,0.043666394404865,21.75,0,0.148622763567812,0.15,0.000361180673331661,0,retract
1.309,0,0.0209529787724549,0.0287501254147367,21.75,0,0.148623220380255,0.15,0.000456813619103292,0,retract
1.31,0,0.019063301756346,0.00772523965969274,21.75,0,0.14862377193706,0.15,0.000551559734234166,0,retract
1.311,0,0.0190042822356592,0.0186501651115386,21.75,0,0.148624417352489,0.15,0.000645420035090693,0,retract
1.312,0,0.0162893847734222,0,21.75,0,0.14862515574188,0.15,0.000738395592415018,0,retract
1.313,0,0.0139623298057905,0,21.75,0,0.148625986221688,0.15,0.000830487530830116,0,retract
1.314,0,0.0119677112621061,0,21.75,0,0.14862690790955,0.15,0.000921697028344085,0,retract
1.315,0,0.0102580382246624,0,21.75,0,0.148627919924328,0.15,0.00101202531585336,0,retract
1.316,0,0.0106772975683417,0.0131928536304174,21.75,0,0.148629021386169,0.15,0.00110147367664497,0,retract
1.317,0,0.0102178116705091,0.00746089628351348,21.75,0,0.148630211416552,0.15,0.00119004344589788,0,retract
1.318,0,0.00875812428900778,0,21.75,0,0.148631489138343,0.15,0.00127773601018379,0,retract
1.319,0,0.0127686679622761,0.0368319300018862,21.75,0,0.148632853675842,0.15,0.0013645528069666,0,retract
1.32,0,0.0109445725390938,0,21.75,0,0.148634304154838,0.15,0.00145049532410189,0,retract
1.321,0,0.0104684276971993,0.00761155864583198,21.75,0,0.148635839702654,0.15,0.00153556509933512,0,retract
1.322,0,0.0089729380261708,0,21.75,0,0.1486374594482,0.15,0.00161976371979964,0,retract
1.323,0,0.0202851698004612,0.0881585604462037,21.75,0,0.14863916252202,0.15,0.00170309282151406,0,retract
1.324,0,0.0173872884003953,0,21.75,0,0.148640948056344,0.15,0.00178555408887907,0,retract
1.325,0,0.0149033900574817,0,21.75,0,0.148642815185128,0.15,0.00186714925417403,0,retract
1.326,0,0.0127743343349843,0,21.75,0,0.148644763044111,0.15,0.00194788009705289,0,retract
1.327,0,0.0109494294299866,0,21.75,0,0.148646790770855,0.15,0.00202774844404012,0,retract
1.328,0,0.00971777105234408,0.00232782078648916,21.75,0,0.148648897504793,0.15,0.0021067561680262,0,retract
1.329,0,0.0236483542838424,0.107231853672833,21.75,0,0.148651082387277,0.15,0.00218490518776301,0,retract
1.33,0,0.0202700179575792,0,21.75,0,0.148653344561621,0.15,0.00226219746735895,0,retract
1.331,0,0.0221025452319536,0.0330977088781999,21.75,0,0.148655683173148,0.15,0.00233863501577411,0,retract
1.332,0,0.018945038770246,0,21.75,0,0.148658097369232,0.15,0.0024142198863153,0,retract
1.333,0,0.0279837633889572,0.0822161111012244,21.75,0,0.148660586299343,0.15,0.00248895417613113,0,retract
1.334,0,0.027873842491514,0.0272143171068547,21.75,0,0.148663149115089,0.15,0.0025628400257071,0,retract
1.335,0,0.0348006372244326,0.0763614056219448,21.75,0,0.148665784970264,0.15,0.00263587961836114,0,retract
1.336,0,0.0380149338957645,0.0573007139237559,21.75,0,0.148668493020883,0.15,0.0027080751797387,0,retract
1.337,0,0.0409297858427277,0.0584188975245069,21.75,0,0.148671272425227,0.15,0.00277942897730853,0,retract
1.338,0,0.0350826735794809,0,21.75,0,0.148674122343888,0.15,0.00284994331985878,0,retract
1.339,0,0.0320139830039214,0.013601839550564,21.75,0,0.148677041939803,0.15,0.00291962055699297,0,retract
1.34,0,0.0312294070390801,0.0265219512500325,21.75,0,0.1486800303783,0.15,0.00298846307862681,0,retract
1.341,0,0.0311805572050747,0.0308874582010427,21.75,0,0.148683086827135,0.15,0.00305647331448519,0,retract
1.342,0,0.0356412694009495,0.0624055425761977,21.75,0,0.14868621045653,0.15,0.00312365373359968,0,retract
1.343,0,0.0305496594865281,0,21.75,0,0.148689400439218,0.15,0.00319000684380659,0,retract
1.344,0,0.0261854224170241,0,21.75,0,0.148692655950473,0.15,0.00325553519124553,0,retract
1.345,0,0.0224446477860206,0,21.75,0,0.148695976168153,0.15,0.0033202413598586,0,retract
1.346,0,0.0226512716301095,0.0238910146946425,21.75,0,0.148699360272738,0.15,0.00338412797089025,0,retract
1.347,0,0.019415375682951,0,21.75,0,0.148702807447363,0.15,0.00344719768238793,0,retract
1.348,0,0.0166417505853866,0,21.75,0,0.148706316877857,0.15,0.0035094531887034,0,retract
1.349,0,0.0195163699680841,0.0367640862642692,21.75,0,0.148709887752777,0.15,0.00357089721999473,0,retract
1.35,0,0.0167283171155006,0,21.75,0,0.148713519263447,0.15,0.00363153254172939,0,retract
1.351,0,0.014338557527572,0,21.75,0,0.148717210603987,0.15,0.00369136195418801,0,retract
1.352,0,0.0122901921664903,0,21.75,0,0.148720960971355,0.15,0.0037503882919692,0,retract
1.353,0,0.0255097619840499,0.104827180889408,21.75,0,0.148724769565371,0.15,0.00380861442349528,0,retract
1.354,0,0.0264460648831719,0.032063882277904,21.75,0,0.14872863558876,0.15,0.00386604325051902,0,retract
1.355,0,0.0270910037069256,0.0309606366494476,21.75,0,0.14873255824718,0.15,0.00392267770763149,0,retract
1.356,0,0.0236008215149559,0.00265972836313759,21.75,0,0.148736536749253,0.15,0.00397852076177099,0,retract
1.357,0,0.0326638876518839,0.0870422844734523,21.75,0,0.1487405703066,0.15,0.0040335754117331,0,retract
1.358,0,0.0279976179873291,0,21.75,0,0.148744658133872,0.15,0.00408784468768185,0,retract
1.359,0,0.0261628903882099,0.0151545247934946,21.75,0,0.148748799448779,0.15,0.00414133165066236,0,retract
1.36,0,0.0224253346184656,0,21.75,0,0.148752993472123,0.15,0.00419403939211437,0,retract
1.361,0,0.0224708601101535,0.0227440130602808,21.75,0,0.148757239427824,0.15,0.00424597103338739,0,retract
1.362,0,0.0192607372372744,0,21.75,0,0.148761536542955,0.15,0.00429712972525703,0,retract
1.363,0,0.0165092033462352,0,21.75,0,0.148765884047765,0.15,0.00434751864744274,0,retract
1.364,0,0.026567434969732,0.0869168247107129,21.75,0,0.148770281175712,0.15,0.00439714100812694,0,retract
1.365,0,0.0227720871169132,0,21.75,0,0.14877472716349,0.15,0.0044460000434758,0,retract
1.366,0,0.0298950175826574,0.0726326003771229,21.75,0,0.148779221251053,0.15,0.0044940990171611,0,retract
1.367,0,0.0319414761840755,0.044220227792584,21.75,0,0.148783762681648,0.15,0.00454144121988409,0,retract
1.368,0,0.0306020040807786,0.0225651714609971,21.75,0,0.148788350701837,0.15,0.00458802996890056,0,retract
1.369,0,0.0308235871543287,0.0321530855956292,21.75,0,0.148792984561524,0.15,0.00463386860754767,0,retract
1.37,0,0.0316889145367032,0.0368808788309506,21.75,0,0.148797663513983,0.15,0.0046789605047723,0,retract
1.371,0,0.0364087368521962,0.0647276707451537,21.75,0,0.148802386815879,0.15,0.0047233090546613,0,retract
1.372,0,0.0312074887304539,0,21.75,0,0.148807153727297,0.15,0.00476691767597315,0,retract
1.373,0,0.0267492760546747,0,21.75,0,0.148811963511763,0.15,0.00480978981167157,0,retract
1.374,0,0.0345069563993202,0.0810530384671933,21.75,0,0.14881681543627,0.15,0.00485192892846069,0,retract
1.375,0,0.0295773911994174,0,21.75,0,0.148821708771299,0.15,0.00489333851632231,0,retract
1.376,0,0.0253520495995006,0,21.75,0,0.148826642790844,0.15,0.00493402208805468,0,retract
1.377,0,0.0328876239467752,0.0781010700304232,21.75,0,0.148831616772434,0.15,0.00497398317881331,0,retract
1.378,0,0.0281893919543788,0,21.75,0,0.148836629997153,0.15,0.00501322534565367,0,retract
1.379,0,0.0284863329717121,0.0302679790757122,21.75,0,0.148841681749664,0.15,0.00505175216707573,0,retract
1.38,0,0.0262615829748309,0.0129130829935433,21.75,0,0.148846771318227,0.15,0.00508956724257054,0,retract
1.381,0,0.025985696241639,0.0243303758424876,21.75,0,0.148851897994724,0.15,0.00512667419216877,0,retract
1.382,0,0.0272196042725205,0.0346230524578098,21.75,0,0.148857061074676,0.15,0.0051630766559911,0,retract
1.383,0,0.0233310893764462,0,21.75,0,0.14886225985726,0.15,0.00519877829380097,0,retract
1.384,0,0.0388014467088273,0.131623590703114,21.75,0,0.148867493645336,0.15,0.00523378278455902,0,retract
1.385,0,0.0403327603453349,0.049520642164381,21.75,0,0.148872761745457,0.15,0.00526809382598004,0,retract
1.386,0,0.0345709374388585,0,21.75,0,0.148878063467895,0.15,0.00530171513409159,0,retract
1.387,0,0.0421740288273303,0.087792577158161,21.75,0,0.148883398126653,0.15,0.00533465044279502,0,retract
1.388,0,0.0495184949642978,0.0935852917861027,21.75,0,0.148888765039485,0.15,0.00536690350342861,0,retract
1.389,0,0.0424444242551124,0,21.75,0,0.148894163527913,0.15,0.00539847808433304,0,retract
1.39,0,0.0429857171028364,0.0462334741891805,21.75,0,0.148899592917244,0.15,0.00542937797041868,0,retract
1.391,0,0.0482858853502159,0.0800868948344931,21.75,0,0.148905052536586,0.15,0.00545960696273568,0,retract
1.392,0,0.0501846136897039,0.0615769837266321,21.75,0,0.14891054171886,0.15,0.00548916887804571,0,retract
1.393,0,0.0430153831626034,0,21.75,0,0.148916059800824,0.15,0.00551806754839662,0,retract
1.394,0,0.0368703284250886,0,21.75,0,0.148921606123077,0.15,0.00554630682069883,0,retract
1.395,0,0.0328659080837093,0.00883938603543323,21.75,0,0.148927180030082,0.15,0.00557389055630449,0,retract
1.396,0,0.0281707783574651,0,21.75,0,0.148932780870176,0.15,0.00560082263058876,0,retract
1.397,0,0.0241463814492558,0,21.75,0,0.148938407995584,0.15,0.00562710693253341,0,retract
1.398,0,0.0206968983850764,0,21.75,0,0.148944060762435,0.15,0.00565274736431319,0,retract
1.399,0,0.0177401986157798,0,21.75,0,0.14894973853077,0.15,0.00567774784088396,0,retract
1.4,0,0.0152058845278112,0,21.75,0,0.148955440664557,0.15,0.00570211228957404,0,retract
