t_s,force_normal_N,force_filtered_N,force_measured_N,force_desired_N,penetration_mm,ee_z_m,cmd_z_m,ee_z_velocity_mps,closing_velocity_mps,phase
0,0,0,0,8.7,0,0.149999994323105,0.15,0,0,approach
0.001,0,0,0,8.7,0,0.149999994324321,0.149996601239669,1.21532500625011e-09,0,approach
0.002,0,0.0035136302494089,0.0245954117458623,8.7,0,0.149999912457286,0.149986446280992,-8.18670277252592e-05,8.18670277252592e-05,approach
0.003,0,0.00337762504844086,0.00256159384263265,8.7,0,0.149999667735275,0.149969597107438,-0.000244721947339053,0.000244721947339053,approach
0.004,0,0.00289510718437788,0,8.7,0,0.14999918006911,0.149946115702479,-0.000487665913440574,0.000487665913440574,approach
0.005,0,0.00248152044375247,0,8.7,0,0.149998370281582,0.149916064049587,-0.000809786836157594,0.000809786836157594,approach
0.006,0,0.00844979225976309,0.0442594231558268,8.7,0,0.149997160121488,0.149879504132231,-0.00121015855251272,0.00121015855251272,approach
0.007,0,0.00789873782753365,0.00459241123415699,8.7,0,0.149995472277285,0.149836497933884,-0.00168784121142765,0.00168784121142765,approach
0.008,0,0.0123696979478234,0.0391954586695621,8.7,0,0.149993230390361,0.149787107438017,-0.00224188165712307,0.00224188165712307,approach
0.009,0,0.0205044992922732,0.0693133073589719,8.7,0,0.149990359067931,0.149731394628099,-0.0028713138109895,0.0028713138109895,approach
0.01,0,0.0250411458114546,0.052261024926543,8.7,0,0.149986783895548,0.149669421487603,-0.00357515905199724,0.00357515905199724,approach
0.011,0,0.0214638392669611,0,8.7,0,0.149982431449238,0.14960125,-0.00435242659570651,0.00435242659570651,approach
0.012,0,0.0183975765145381,0,8.7,0,0.14997722930727,0.14952694214876,-0.00520211387193141,0.00520211387193141,approach
0.013,0,0.0179368687804802,0.0151726223761331,8.7,0,0.14997110606153,0.149446559917355,-0.00612320690110461,0.00612320690110461,approach
0.014,0,0.0153744589546973,0,8.7,0,0.149963991328548,0.149360165289256,-0.00711468066938228,0.00711468066938228,approach
0.015,0,0.0189787609124695,0.0406045726591022,8.7,0,0.149955815760129,0.149267820247934,-0.00817549950252178,0.00817549950252178,approach
0.016,0,0.0254729480436015,0.0644380708303938,8.7,0,0.149946511053629,0.14916958677686,-0.00930461743855794,0.00930461743855794,approach
0.017,0,0.0309435929036311,0.0637674620638089,8.7,0,0.149936009961856,0.149065526859504,-0.0105009785992966,0.0105009785992966,approach
0.018,0,0.0265230796316838,0,8.7,0,0.1499242463026,0.148955702479339,-0.0117635175606382,0.0117635175606382,approach
0.019,0,0.0338179582918301,0.0775872302527077,8.7,0,0.149911154967802,0.148840175619835,-0.0130911597217368,0.0130911597217368,approach
0.02,0,0.0289868213929972,0,8.7,0,0.149896671932346,0.148719008264463,-0.0144828216729943,0.0144828216729943,approach
0.021,0,0.0248458469082833,0,8.7,0,0.149880734262503,0.148592262396694,-0.0159374115628832,0.0159374115628832,approach
0.022,0,0.0212964402071,0,8.7,0,0.14986328012399,0.14846,-0.0174538294635852,0.0174538294635852,approach
0.023,0,0.0257023558084468,0.0521378494165273,8.7,0,0.149844248789683,0.148322283057851,-0.0190309677354277,0.0190309677354277,approach
0.024,0,0.0220305906929544,0,8.7,0,0.149823580646962,0.148179173553719,-0.0206677113900946,0.0206677113900946,approach
0.025,0,0.0188833634511037,0,8.7,0,0.149801217204694,0.148030733471074,-0.0223629384525812,0.0223629384525812,approach
0.026,0,0.0161857401009461,0,8.7,0,0.149777101099858,0.147877024793388,-0.0241155203218601,0.0241155203218601,approach
0.027,0,0.0138734915150966,0,8.7,0,0.149751176103814,0.147718109504132,-0.0259243221302188,0.0259243221302188,approach
0.028,0,0.0118915641557971,0,8.7,0,0.149723387128216,0.147554049586777,-0.0277882031012243,0.0277882031012243,approach
0.029,0,0.0101927692763975,0,8.7,0,0.149693680230563,0.147384907024793,-0.0297060169062673,0.0297060169062673,approach
0.03,0,0.00873665937976931,0,8.7,0,0.149662002619405,0.147210743801653,-0.031676612019634,0.031676612019634,approach
0.031,0,0.00748856518265941,0,8.7,0,0.149628302659193,0.147031621900826,-0.0336988320720467,0.0336988320720467,approach
0.032,0,0.0157686141577703,0.065448908008436,8.7,0,0.149592529874775,0.146847603305785,-0.0357715162026166,0.0357715162026166,approach
0.033,0,0.019731600223219,0.0435095166159108,8.7,0,0.149554634955549,0.14665875,-0.0378934994091407,0.0378934994091407,approach
0.034,0,0.0171665664177021,0.00177636358460098,8.7,0,0.149514569759265,0.146465123966942,-0.0400636128966799,0.0400636128966799,approach
0.035,0,0.0147141997866018,0,8.7,0,0.149472287315482,0.146266787190083,-0.0422806844243438,0.0422806844243438,approach
0.036,0,0.0187143596831497,0.0427153190624372,8.7,0,0.149427741828679,0.146063801652893,-0.0445435386502133,0.0445435386502133,approach
0.037,0,0.0215467841940324,0.0385413312593285,8.7,0,0.14938088868103,0.145856229338843,-0.0468509974743212,0.0468509974743212,approach
0.038,0,0.0244934203029728,0.0421732369566152,8.7,0,0.149331684434832,0.145644132231405,-0.0492018803796151,0.0492018803796151,approach
0.039,0,0.0258574387275526,0.0340415492750315,8.7,0,0.149280086834598,0.14542757231405,-0.0515950047708215,0.0515950047708215,approach
0.04,0,0.0288979443743463,0.0471409782551085,8.7,0,0.149226054808817,0.145206611570248,-0.0540291863111268,0.0540291863111268,approach
0.041,0,0.0247696666065826,0,8.7,0,0.149169548471374,0.144981311983471,-0.0565032392565936,0.0565032392565936,approach
0.042,0,0.0284269757015479,0.0503708302713398,8.7,0,0.149110529122648,0.14475173553719,-0.0590159767882231,0.0590159767882231,approach
0.043,0,0.0243659791727553,0,8.7,0,0.14904895925027,0.144517944214876,-0.0615662113415785,0.0615662113415785,approach
0.044,0,0.0208851250052189,0,8.7,0,0.148984802529563,0.14428,-0.0641527549338788,0.0641527549338788,approach
0.045,0,0.0236996028751339,0.0405864700946241,8.7,0,0.148918023823653,0.144037964876033,-0.0667744194884741,0.0667744194884741,approach
0.046,0,0.0274047341581495,0.0496355218562432,8.7,0,0.148848589183267,0.143791900826446,-0.06943001715661,0.06943001715661,approach
0.047,0,0.0234897721355567,0,8.7,0,0.148776465846201,0.143541869834711,-0.0721183606363929,0.0721183606363929,approach
0.048,0,0.0242145728733791,0.0285633773003135,8.7,0,0.148701622236479,0.143287933884298,-0.0748382634888584,0.0748382634888584,approach
0.049,0,0.0207553481771821,0,8.7,0,0.148624027963202,0.143030154958678,-0.0775885404510571,0.0775885404510571,approach
0.05,0,0.0177902984375847,0,8.7,0,0.148543653819082,0.142768595041322,-0.0803680077460583,0.0803680077460583,approach
0.051,0,0.0219292285487099,0.0467628092154611,8.7,0,0.14846047177867,0.142503316115702,-0.0831754833897841,0.0831754833897841,approach
0.052,0,0.0187964816131799,0,8.7,0,0.148374454996286,0.142234380165289,-0.0860097874945781,0.0860097874945781,approach
0.053,0,0.0189615898122313,0.01995223900654,8.7,0,0.148285577803646,0.141961849173554,-0.0888697425694168,0.0888697425694168,approach
0.054,0,0.0180427221333599,0.0125295160601316,8.7,0,0.148193815707187,0.141685785123967,-0.0917541738166727,0.0917541738166727,approach
0.055,0,0.0248475511540944,0.0656765252785014,8.7,0,0.148099145385108,0.14140625,-0.0946619094253351,0.0946619094253351,approach
0.056,0,0.0271131771193322,0.0407069329107591,8.7,0,0.14800154468412,0.141123305785124,-0.0975917808606,0.0975917808606,approach
0.057,0,0.0232398661022848,0,8.7,0,0.147900992615902,0.14083701446281,-0.100542623149738,0.100542623149738,approach
0.058,0,0.0199198852305298,0,8.7,0,0.147797469353287,0.140547438016529,-0.103513275164148,0.103513275164148,approach
0.059,0,0.0170741873404541,0,8.7,0,0.14769095622616,0.140254638429752,-0.106502579897517,0.106502579897517,approach
0.06,0,0.0146350177203893,0,8.7,0,0.14758143571709,0.13995867768595,-0.109509384739986,0.109509384739986,approach
0.061,0,0.0138469131629882,0.00911828581858198,8.7,0,0.147468891456683,0.139659617768595,-0.112532541748247,0.112532541748247,approach
0.062,0,0.0139846977683344,0.0148114054004115,8.7,0,0.147353308218681,0.139357520661157,-0.115570907911479,0.115570907911479,approach
0.063,0,0.0199421687395916,0.055686994567135,8.7,0,0.147234671914783,0.139052448347107,-0.118623345413049,0.118623345413049,approach
0.064,0,0.0232183249154066,0.0428752619702963,8.7,0,0.147112969589227,0.138744462809917,-0.121688721887885,0.121688721887885,approach
0.065,0,0.0199014213560628,0,8.7,0,0.146988189413104,0.138433626033058,-0.124765910675444,0.124765910675444,approach
0.066,0,0.0170583611623395,0,8.7,0,0.146860320678432,0.13812,-0.127853791068211,0.127853791068211,approach
0.067,0,0.0179135066325863,0.0230443794540666,8.7,0,0.146729353791981,0.137803646694215,-0.130951248555626,0.130951248555626,approach
0.068,0,0.0153544342565025,0,8.7,0,0.146595280268861,0.137484628099174,-0.134057175063388,0.134057175063388,approach
0.069,0,0.0131609436484307,0,8.7,0,0.146458092725878,0.137163006198347,-0.137170469188051,0.137170469188051,approach
0.07,0,0.0127792314590438,0.0104889583227226,8.7,0,0.146317784874651,0.136838842975207,-0.140290036426847,0.140290036426847,approach
0.071,0,0.0109536269648947,0,8.7,0,0.146174351514514,0.136512200413223,-0.14341478940266,0.14341478940266,approach
0.072,0,0.0169942878810781,0.0532382533781782,8.7,0,0.146027788525191,0.136183140495868,-0.146543648084098,0.146543648084098,approach
0.073,0,0.0222927488901298,0.0540835149444404,8.7,0,0.145878092859259,0.135851725206612,-0.14967554000058,0.14967554000058,approach
0.074,0,0.0191080704772542,0,8.7,0,0.145725262534396,0.135518016528926,-0.152809400452393,0.152809400452393,approach
0.075,0,0.0171359949549556,0.00530354182116453,8.7,0,0.145569296625432,0.135182076446281,-0.155944172715652,0.155944172715652,approach
0.076,0,0.0213746559832626,0.0468066221531043,8.7,0,0.14541019525619,0.134843966942149,-0.159078808242109,0.159078808242109,approach
0.077,0,0.0286048386794926,0.0719859348568726,8.7,0,0.145247959591138,0.13450375,-0.162212266853743,0.162212266853743,approach
0.078,0,0.0245184331538508,0,8.7,0,0.145082591826852,0.134161487603306,-0.165343516932106,0.165343516932106,approach
0.079,0,0.0210157998461578,0,8.7,0,0.144914095183289,0.133817241735537,-0.168471535602342,0.168471535602342,approach
0.08,0,0.0358812465513809,0.125073926782719,8.7,0,0.144742473894888,0.133471074380165,-0.171595308911861,0.171595308911861,approach
0.081,0,0.0410517666917131,0.0720748875337063,8.7,0,0.144567733201488,0.133123047520661,-0.174713832003603,0.174713832003603,approach
0.082,0,0.0351872285928969,0,8.7,0,0.144389879339088,0.132773223140496,-0.177826109283861,0.177826109283861,approach
0.083,0,0.0301604816510545,0,8.7,0,0.144208919530439,0.132421663223141,-0.180931154584616,0.180931154584616,approach
0.084,0,0.035041948991997,0.0643307530376518,8.7,0,0.144024861975473,0.132068429752066,-0.184027991320356,0.184027991320356,approach
0.085,0,0.0383649079117961,0.0583026614305911,8.7,0,0.143837715841594,0.131713584710744,-0.187115652639338,0.187115652639338,approach
0.086,0,0.0328842067815395,0,8.7,0,0.143647491253809,0.131357190082645,-0.19019318156926,0.19019318156926,approach
0.087,0,0.031378012236556,0.022340844966655,8.7,0,0.143454199284726,0.13099930785124,-0.193259631157321,0.193259631157321,approach
0.088,0,0.0390371028613235,0.0849916466099281,8.7,0,0.143257851944415,0.13064,-0.196314064604638,0.196314064604638,approach
0.089,0,0.0343597438073677,0.00629558948363283,8.7,0,0.143058462170138,0.130279328512397,-0.199355555395004,0.199355555395004,approach
0.09,0,0.0294512089777437,0,8.7,0,0.142856043815959,0.129917355371901,-0.202383187417949,0.202383187417949,approach
0.091,0,0.0252438934094946,0,8.7,0,0.142650611642233,0.129554142561983,-0.205396055086106,0.205396055086106,approach
0.092,0,0.021637622922424,0,8.7,0,0.142442181304982,0.129189752066116,-0.208393263446863,0.208393263446863,approach
0.093,0,0.0255395117751795,0.048950844891713,8.7,0,0.142230769345169,0.128824245867769,-0.211373928288272,0.211373928288272,approach
0.094,0,0.021891010093011,0,8.7,0,0.142016393177864,0.128457685950413,-0.214337176239231,0.214337176239231,approach
0.095,0,0.0187637229368666,0,8.7,0,0.141799071081321,0.128090134297521,-0.21728214486391,0.21728214486391,approach
0.096,0,0.0160831910887428,0,8.7,0,0.141578822185965,0.127721652892562,-0.220207982750434,0.220207982750434,approach
0.097,0,0.0137855923617795,0,8.7,0,0.14135566646329,0.127352303719008,-0.22311384959381,0.22311384959381,approach
0.098,0,0.0118162220243825,0,8.7,0,0.141129624714685,0.126982148760331,-0.225998916273103,0.225998916273103,approach
0.099,0,0.0101281903066135,0,8.7,0,0.140900718560188,0.12661125,-0.228862364922871,0.228862364922871,approach
0.1,0,0.00911881104755457,0.00306253549320077,8.7,0,0.140668970427164,0.126239669421488,-0.23170338899886,0.23170338899886,approach
0.101,0,0.00995300956738534,0.0149582006863699,8.7,0,0.140434403538939,0.125867469008264,-0.234521193337963,0.234521193337963,approach
0.102,0,0.00853115105775886,0,8.7,0,0.140197041903363,0.125494710743802,-0.237314994212478,0.237314994212478,approach
0.103,0,0.00731241519236474,0,8.7,0,0.139956910301329,0.12512145661157,-0.240084019378649,0.240084019378649,approach
0.104,0,0.00626778445059835,0,8.7,0,0.139714034275257,0.124747768595041,-0.242827508119532,0.242827508119532,approach
0.105,0,0.0069084282050088,0.0107522907314715,8.7,0,0.139468440117526,0.124373708677686,-0.2455447112822,0.2455447112822,approach
0.106,0,0.00925737785686032,0.0233510757679694,8.7,0,0.139220154858881,0.123999338842975,-0.248234891309302,0.248234891309302,approach
0.107,0,0.0296322465506655,0.151881458713497,8.7,0,0.138969206256816,0.12362472107438,-0.250897322265017,0.250897322265017,approach
0.108,0,0.025399068471999,0,8.7,0,0.138715622783929,0.123249917355372,-0.253531289855411,0.253531289855411,approach
0.109,0,0.0277521889544126,0.0418709118488943,8.7,0,0.138459433616267,0.122874989669422,-0.256136091443254,0.256136091443254,approach
0.11,0,0.0304222224772718,0.0464424236144266,8.7,0,0.138200668621656,0.1225,-0.258711036057305,0.258711036057305,approach
0.111,0,0.0260761906948044,0,8.7,0,0.137939358348033,0.122125010330579,-0.261255444396117,0.261255444396117,approach
0.112,0,0.0304299191395561,0.0565522898080663,8.7,0,0.137675534011772,0.121750082644628,-0.263768648826395,0.263768648826395,approach
0.113,0,0.0327789905349134,0.0468734189070574,8.7,0,0.13740922748602,0.12137527892562,-0.266249993375953,0.266249993375953,approach
0.114,0,0.0296289355032683,0.0107286053133977,8.7,0,0.137140471289046,0.121000661157025,-0.268698833721299,0.268698833721299,approach
0.115,0,0.0390718367069449,0.0957292439290048,8.7,0,0.136869298572602,0.120626291322314,-0.271114537169915,0.271114537169915,approach
0.116,0,0.0334901457488099,0,8.7,0,0.136595743110311,0.120252231404959,-0.273496482637264,0.273496482637264,approach
0.117,0,0.0287058392132657,0,8.7,0,0.13631983928608,0.11987854338843,-0.275844060618579,0.275844060618579,approach
0.118,0,0.024605005039942,0,8.7,0,0.136041622082547,0.119505289256198,-0.278156673155491,0.278156673155491,approach
0.119,0,0.0210900043199503,0,8.7,0,0.135761127069564,0.119132530991736,-0.280433733797543,0.280433733797543,approach
0.12,0,0.0292417005808305,0.0781518781461117,8.7,0,0.135478390392725,0.118760330578512,-0.282674667558656,0.282674667558656,approach
0.121,0,0.025064314783569,0,8.7,0,0.135193448761939,0.11838875,-0.284878910868598,0.284878910868598,approach
0.122,0,0.0245207492575689,0.0212593561015687,8.7,0,0.134906339440061,0.118017851239669,-0.287045911519526,0.287045911519526,approach
0.123,0,0.0210177850779162,0,8.7,0,0.134617100231572,0.117647696280992,-0.289175128607655,0.289175128607655,approach
0.124,0,0.0180152443524996,0,8.7,0,0.134325769471329,0.117278347107438,-0.291266032470129,0.291266032470129,approach
0.125,0,0.0154416380164283,0,8.7,0,0.134032386013382,0.116909865702479,-0.293318104617155,0.293318104617155,approach
0.126,0,0.0132356897283671,0,8.7,0,0.133736989219855,0.116542314049587,-0.295330837659474,0.295330837659474,approach
0.127,0,0.0116436245895973,0.00209123375697888,8.7,0,0.133439618949915,0.116175754132231,-0.297303735231234,0.297303735231234,approach
0.128,0,0.010887387591478,0.00634996560276177,8.7,0,0.133140315548811,0.115810247933884,-0.29923631190835,0.29923631190835,approach
0.129,0,0.00933204650698112,0,8.7,0,0.132839119837007,0.115445857438017,-0.301128093122409,0.301128093122409,approach
0.13,0,0.0144157141956956,0.0449177203279823,8.7,0,0.132536073099397,0.115082644628099,-0.302978615070216,0.302978615070216,approach
0.131,0,0.0123563264534533,0,8.7,0,0.132231217074625,0.114720671487603,-0.304787424619044,0.304787424619044,approach
0.132,0,0.0105911369601029,0,8.7,0,0.131924593944488,0.11436,-0.306554079207676,0.306554079207676,approach
0.133,0,0.00907811739437389,0,8.7,0,0.131616246323459,0.11400069214876,-0.308278146743321,0.308278146743321,approach
0.134,0,0.0077812434808919,0,8.7,0,0.131306217248301,0.113642809917355,-0.309959205494478,0.309959205494478,approach
0.135,0,0.00666963726933592,0,8.7,0,0.1309945501678,0.113286415289256,-0.311596843979852,0.311596843979852,approach
0.136,0,0.0117659383224149,0.0423437446408887,8.7,0,0.130681288932615,0.112931570247934,-0.313190660853387,0.313190660853387,approach
0.137,0,0.0170914509835955,0.049044526950679,8.7,0,0.130366477785234,0.112578336776859,-0.314740264785515,0.314740264785515,approach
0.138,0,0.0146498151287961,0,8.7,0,0.130050161350067,0.112226776859504,-0.316245274340705,0.316245274340705,approach
0.139,0,0.012556984396111,0,8.7,0,0.129732384623654,0.111876952479339,-0.317705317851415,0.317705317851415,approach
0.14,0,0.0107631294823808,0,8.7,0,0.129413192965003,0.111528925619835,-0.319120033288515,0.319120033288515,approach
0.141,0,0.00922553955632642,0,8.7,0,0.129092632086071,0.111182758264463,-0.320489068128292,0.320489068128292,approach
0.142,0,0.00790760533399408,0,8.7,0,0.128770748042361,0.110838512396694,-0.321812079216132,0.321812079216132,approach
0.143,0,0.00683534050168109,0.000401751507803193,8.7,0,0.128447587223681,0.11049625,-0.323088732626951,0.323088732626951,approach
0.144,0,0.00948784486145441,0.0254028710200943,8.7,0,0.128123196345028,0.110156033057851,-0.324318703522498,0.324318703522498,approach
0.145,0,0.00813243845267521,0,8.7,0,0.127797622437624,0.109817923553719,-0.325501676005614,0.325501676005614,approach
0.146,0,0.00916145613244066,0.0153355622110334,8.7,0,0.127470912840103,0.109481983471074,-0.326637342971535,0.326637342971535,approach
0.147,0,0.0136252356159852,0.0404079125172525,8.7,0,0.127143115189841,0.109148274793388,-0.327725405956357,0.327725405956357,approach
0.148,0,0.0116787733851302,0,8.7,0,0.126814277414448,0.108816859504132,-0.328765574982742,0.328765574982742,approach
0.149,0,0.0137915543805369,0.0264682403529771,8.7,0,0.126484447723415,0.108487799586777,-0.329757568402979,0.329757568402979,approach
0.15,0,0.0118213323261745,0,8.7,0,0.126153674599914,0.108161157024793,-0.330701112739493,0.330701112739493,approach
0.151,0,0.0160318900238573,0.0412952362099544,8.7,0,0.125822006792769,0.107836993801653,-0.331595942522895,0.331595942522895,approach
0.152,0,0.0178236678836658,0.0285743350425167,8.7,0,0.12548949330858,0.107515371900826,-0.332441800127696,0.332441800127696,approach
0.153,0,0.0159170310218684,0.00447720985108404,8.7,0,0.125156183404029,0.107196353305785,-0.333238435605758,0.333238435605758,approach
0.154,0,0.0136431694473158,0,8.7,0,0.124822126578335,0.10688,-0.333985606517603,0.333985606517603,approach
0.155,0,0.0152784210597872,0.025089930734616,8.7,0,0.124487372565896,0.106566373966942,-0.334683077761676,0.334683077761676,approach
0.156,0,0.0205131066456687,0.0519212201609575,8.7,0,0.124151971329094,0.106255537190083,-0.335330621401662,0.335330621401662,approach
0.157,0,0.0175826628391446,0,8.7,0,0.123815973051278,0.105947551652893,-0.335928016491957,0.335928016491957,approach
0.158,0,0.0173874310887376,0.0162160405862956,8.7,0,0.123479428129923,0.105642479338843,-0.336475048901407,0.336475048901407,approach
0.159,0,0.0149035123617751,0,8.7,0,0.123142387169964,0.105340382231405,-0.336971511135393,0.336971511135393,approach
0.16,0,0.0198894207811694,0.0498048712975351,8.7,0,0.122804900977314,0.10504132231405,-0.337417202156393,0.337417202156393,approach
0.161,0,0.0259842868028083,0.0625534829326419,8.7,0,0.122467020552558,0.104745361570248,-0.3378119272031,0.3378119272031,approach
0.162,0,0.0244814568198853,0.0154644769223471,8.7,0,0.122128797084831,0.104452561983471,-0.338155497608203,0.338155497608203,approach
0.163,0,0.0246036628322314,0.025336898906308,8.7,0,0.121790281945884,0.10416298553719,-0.338447730614941,0.338447730614941,approach
0.164,0,0.0210888538561983,0,8.7,0,0.121451526684321,0.103876694214876,-0.33868844919252,0.33868844919252,approach
0.165,0,0.01807616044817,0,8.7,0,0.121112583020041,0.10359375,-0.338877481850498,0.338877481850498,approach
0.166,0,0.0154938518127171,0,8.7,0,0.120773502838848,0.103314214876033,-0.33901466245223,0.33901466245223,approach
0.167,0,0.0158464280190752,0.0179618852572234,8.7,0,0.120434338187263,0.103038150826446,-0.339099830027493,0.339099830027493,approach
0.168,0,0.0135826525877787,0,8.7,0,0.120095141267512,0.102765619834711,-0.339132828584361,0.339132828584361,approach
0.169,0,0.0192579685617258,0.053309864405408,8.7,0,0.11975596443271,0.102496683884298,-0.339113506920449,0.339113506920449,approach
0.17,0,0.0165068301957649,0,8.7,0,0.119416860182236,0.102231404958678,-0.339041718433617,0.339041718433617,approach
0.171,0,0.0141487115963699,0,8.7,0,0.119077881157289,0.101969845041322,-0.338917320932226,0.338917320932226,approach
0.172,0,0.0121274670826028,0,8.7,0,0.118739080136645,0.101712066115702,-0.338740176445048,0.338740176445048,approach
0.173,0,0.0157706190324795,0.0376295307317393,8.7,0,0.118400510032595,0.101458130165289,-0.338510151030915,0.338510151030915,approach
0.174,0,0.0257675895415484,0.0857494125959619,8.7,0,0.118062223887081,0.101208099173554,-0.338227114588219,0.338227114588219,approach
0.175,0,0.0255325724783359,0.0241224700990609,8.7,0,0.117724274868016,0.100962035123967,-0.337890940664332,0.337890940664332,approach
0.176,0,0.0218850621242879,0,8.7,0,0.1173867162658,0.10072,-0.337501506265052,0.337501506265052,approach
0.177,0,0.0272942521417405,0.0597493922464562,8.7,0,0.117049601490025,0.100482055785124,-0.337058691664164,0.337058691664164,approach
0.178,0,0.023395073264349,0,8.7,0,0.11671298406637,0.10024826446281,-0.3365623802132,0.3365623802132,approach
0.179,0,0.0256500827468869,0.0391801396421141,8.7,0,0.116376917633685,0.100018688016529,-0.336012458151494,0.336012458151494,approach
0.18,0,0.0237247572498246,0.0121728042674513,8.7,0,0.116041455941265,0.0997933884297521,-0.335408814416603,0.335408814416603,approach
0.181,0,0.0203355062141354,0,8.7,0,0.115706652846319,0.0995724276859504,-0.334751340455197,0.334751340455197,approach
0.182,0,0.017530688310115,0.000701780885992809,8.7,0,0.115372562311617,0.099355867768595,-0.334039930034493,0.334039930034493,approach
0.183,0,0.0180814461489178,0.0213859931817344,8.7,0,0.115039238403337,0.099143770661157,-0.33327447905431,0.33327447905431,approach
0.184,0,0.0154983824133581,0,8.7,0,0.114706735289088,0.0989361983471074,-0.33245488535984,0.33245488535984,approach
0.185,0,0.0198291213806627,0.0458135551844901,8.7,0,0.114375107236132,0.0987332128099174,-0.331581048555193,0.331581048555193,approach
0.186,0,0.0169963897548537,0,8.7,0,0.114044408609778,0.0985348760330579,-0.330652869817819,0.330652869817819,approach
0.187,0,0.0191895772846876,0.0323487024636906,8.7,0,0.113714693871974,0.09834125,-0.32967025171386,0.32967025171386,approach
0.188,0,0.0199820695501185,0.024737023142704,8.7,0,0.113386017580076,0.0981523966942149,-0.328633098014519,0.328633098014519,approach
0.189,0,0.0171274881858158,0,8.7,0,0.113058434385798,0.0979683780991736,-0.327541313513514,0.327541313513514,approach
0.19,0,0.0170930224641175,0.0168862281339276,8.7,0,0.11273199903435,0.0977892561983471,-0.326394803845687,0.326394803845687,approach
0.191,0,0.0146511621121007,0,8.7,0,0.112406766363754,0.0976150929752066,-0.325193475306842,0.325193475306842,approach
0.192,0,0.0214834210461053,0.0624769746501328,8.7,0,0.112082791304334,0.0974459504132232,-0.32393723467487,0.32393723467487,approach
0.193,0,0.0190302619048258,0.00431130705714876,8.7,0,0.111760128878393,0.0972818904958678,-0.322625989032231,0.322625989032231,approach
0.194,0,0.0163116530612793,0,8.7,0,0.11143883420006,0.0971229752066116,-0.321259645589863,0.321259645589863,approach
0.195,0,0.0231574314186785,0.0642321015630739,8.7,0,0.111118962475314,0.0969692665289256,-0.31983811151256,0.31983811151256,approach
0.196,0,0.0198492269302959,0,8.7,0,0.11080056900218,0.096820826446281,-0.318361293745901,0.318361293745901,approach
0.197,0,0.0182986761849976,0.00899537171320778,8.7,0,0.110483709171102,0.0966777169421488,-0.316829098844771,0.316829098844771,approach
0.198,0,0.0156845795871408,0,8.7,0,0.110168438465477,0.09654,-0.315241432803532,0.315241432803532,approach
0.199,0,0.0134439253604064,0,8.7,0,0.109854812462369,0.0964077376033058,-0.313598200887902,0.313598200887902,approach
0.2,0,0.0176636977841568,0.0429823323266592,8.7,0,0.109542886833379,0.0962809917355372,-0.311899307468597,0.311899307468597,approach
0.201,0,0.0166293587139502,0.0104233242927108,8.7,0,0.109232717345685,0.0961598243801653,-0.310144655856761,0.310144655856761,approach
0.202,0,0.0242139712821612,0.069721646691427,8.7,0,0.10892435986325,0.0960442975206612,-0.308334148141262,0.308334148141262,approach
0.203,0,0.0234974011964683,0.019197980682311,8.7,0,0.10861787034818,0.0959344731404959,-0.306467685027884,0.306467685027884,approach
0.204,0,0.0201406295969728,0,8.7,0,0.10831330486225,0.0958304132231405,-0.304545165680445,0.304545165680445,approach
0.205,0,0.0309277970660295,0.0956508018803695,8.7,0,0.108010719568588,0.0957321797520661,-0.302566487563908,0.302566487563908,approach
0.206,0,0.026509540342311,0,8.7,0,0.107710170733503,0.0956398347107438,-0.300531546289503,0.300531546289503,approach
0.207,0,0.0227224631505523,0,8.7,0,0.107411714728484,0.0955534400826446,-0.298440235461898,0.298440235461898,approach
0.208,0,0.0225883110721506,0.0217833986017408,8.7,0,0.107115408032333,0.0954730578512397,-0.296292446528464,0.296292446528464,approach
0.209,0,0.0193614094904148,0,8.7,0,0.106821307233462,0.09539875,-0.294088068630651,0.294088068630651,approach
0.21,0,0.016595493848927,0,8.7,0,0.106529469032321,0.0953305785123967,-0.291826988457518,0.291826988457518,approach
0.211,0,0.0231144941146956,0.0622284957093069,8.7,0,0.106239950243988,0.0952686053719008,-0.289509090101431,0.289509090101431,approach
0.212,0,0.0198124235268819,0,8.7,0,0.105952807800886,0.0952128925619835,-0.287134254915962,0.287134254915962,approach
0.213,0,0.0275560776645865,0.074018002490814,8.7,0,0.105668098755653,0.0951635020661157,-0.28470236137601,0.28470236137601,approach
0.214,0,0.0265427480983234,0.0204627707007445,8.7,0,0.105385880284142,0.0951204958677686,-0.282213284940167,0.282213284940167,approach
0.215,0,0.02275092694142,0,8.7,0,0.105106209688558,0.0950839359504132,-0.279666897915339,0.279666897915339,approach
0.216,0,0.0195007945212172,0,8.7,0,0.104829144400734,0.0950538842975207,-0.277063069323645,0.277063069323645,approach
0.217,0,0.0167149667324719,0,8.7,0,0.104554741985529,0.095030402892562,-0.274401664771611,0.274401664771611,approach
0.218,0,0.0262145346637501,0.0832119422514195,8.7,0,0.104283060144364,0.0950135537190083,-0.271682546321656,0.271682546321656,approach
0.219,0,0.0224696011403572,0,8.7,0,0.104014156718881,0.0950033987603306,-0.268905572365898,0.268905572365898,approach
0.22,0,0.0192596581203062,0,8.7,0,0.103748089694724,0.095,-0.266070597502276,0.266070597502276,approach
0.221,0,0.0165082783888339,0,8.7,0,0.103484917205446,0.09466,-0.263177472412995,0.263177472412995,approach
0.222,0,0.0198767681794125,0.0400877069228841,8.7,0,0.103221068901898,0.09432,-0.263853284207557,0.263853284207557,approach
0.223,0,0.0170372298680678,0,8.7,0,0.102956541144485,0.09398,-0.264532731619117,0.264532731619117,approach
0.224,0,0.0236223161985852,0.0631328341816891,8.7,0,0.102691330571595,0.09364,-0.265215536803609,0.265215536803609,approach
0.225,0,0.0202476995987873,0,8.7,0,0.102425434094416,0.0933,-0.265901427101415,0.265901427101415,approach
0.226,0,0.0350233510619996,0.123677259841273,8.7,0,0.102158848891759,0.09296,-0.266590135027324,0.266590135027324,approach
0.227,0,0.0305305160951869,0.00357350629431121,8.7,0,0.101891572404898,0.09262,-0.267281398256629,0.267281398256629,approach
0.228,0,0.0261690137958745,0,8.7,0,0.101623602332419,0.09228,-0.267974959607645,0.267974959607645,approach
0.229,0,0.0344589577169954,0.0841986212437208,8.7,0,0.101354936625102,0.09194,-0.26867056702093,0.26867056702093,approach
0.23,0,0.0295362494717104,0,8.7,0,0.10108557348082,0.0916,-0.269367973535441,0.269367973535441,approach
0.231,0,0.0290381070568223,0.0260492525674938,8.7,0,0.100815511339461,0.09126,-0.270066937261872,0.270066937261872,approach
0.232,0,0.0257116852424875,0.00575315435647903,8.7,0,0.100544748877888,0.09092,-0.270767221353392,0.270767221353392,approach
0.233,0,0.0220385873507036,0,8.7,0,0.100273285004927,0.09058,-0.271468593973966,0.271468593973966,approach
0.234,0,0.0188902177291745,0,8.7,0,0.100001118856383,0.09024,-0.272170828264463,0.272170828264463,approach
0.235,0,0.0161916151964353,0,8.7,0,0.0997282497901049,0.0899,-0.272873702306724,0.272873702306724,approach
0.236,0,0.0138785273112303,0,8.7,0,0.0994546773810745,0.08956,-0.273576999085735,0.273576999085735,approach
0.237,0,0.0118958805524831,0,8.7,0,0.0991804014165446,0.08922,-0.274280506450073,0.274280506450073,approach
0.238,0,0.0101964690449855,0,8.7,0,0.0989054218912133,0.08888,-0.274984017070756,0.274984017070756,approach
0.239,0,0.0129731383752389,0.0296331543567597,8.7,0,0.0986297390024435,0.08854,-0.275687328398632,0.275687328398632,approach
0.24,0,0.011119832893062,0,8.7,0,0.0983533531455249,0.0882,-0.276390242620419,0.276390242620419,approach
0.241,0,0.00988138360651894,0.00245068788726082,8.7,0,0.0980762649089817,0.08786,-0.277092566613525,0.277092566613525,approach
0.242,0,0.00846975737701623,0,8.7,0,0.0977984750699268,0.08752,-0.277794111899736,0.277794111899736,approach
0.243,0,0.00725979203744249,0,8.7,0,0.0975199845894632,0.08718,-0.278494694597886,0.278494694597886,approach
0.244,0,0.0158030930029785,0.0670628987961946,8.7,0,0.0972407946081332,0.08684,-0.279194135375589,0.279194135375589,approach
0.245,0,0.0202649571951192,0.0470361423479634,8.7,0,0.0969609064414172,0.0865,-0.279892259400129,0.279892259400129,approach
0.246,0,0.0173699633101022,0,8.7,0,0.0966803215752831,0.08616,-0.280588896288585,0.280588896288585,approach
0.247,0,0.0148885399800876,0,8.7,0,0.0963990416617838,0.08582,-0.281283880057258,0.281283880057258,approach
0.248,0,0.0127616056972179,0,8.7,0,0.0961170685147095,0.08548,-0.281977049070485,0.281977049070485,approach
0.249,0,0.0119255000070624,0.00690886586612936,8.7,0,0.095834404105288,0.08514,-0.282668245988902,0.282668245988902,approach
0.25,0,0.0271662185482221,0.11861052979518,8.7,0,0.0955510505579404,0.0848,-0.283357317717205,0.283357317717205,approach
0.251,0,0.0305294582864194,0.0507088967156033,8.7,0,0.095267010146087,0.08446,-0.284044115351488,0.284044115351488,approach
0.252,0,0.0283993261285972,0.0156185331816641,8.7,0,0.0949822852880085,0.08412,-0.284728494126197,0.284728494126197,approach
0.253,0,0.0243422795387976,0,8.7,0,0.0946968785427581,0.08378,-0.285410313360757,0.285410313360757,approach
0.254,0,0.0305889882949453,0.0680692408318316,8.7,0,0.0944107926061292,0.08344,-0.286089436405922,0.286089436405922,approach
0.255,0,0.0303452848428929,0.0288830641305785,8.7,0,0.0941240303066767,0.0831,-0.286765730589889,0.286765730589889,approach
0.256,0,0.0361641224063887,0.0710771477873636,8.7,0,0.0938365946017907,0.08276,-0.287439067164225,0.287439067164225,approach
0.257,0,0.0386963969839183,0.053890044449096,8.7,0,0.0935484885738274,0.08242,-0.288109321249634,0.288109321249634,approach
0.258,0,0.03316834027193,0,8.7,0,0.0932597154262913,0.08208,-0.288776371781628,0.288776371781628,approach
0.259,0,0.0284300059473686,0,8.7,0,0.0929702784800736,0.08174,-0.289440101456102,0.289440101456102,approach
0.26,0,0.0243685765263159,0,8.7,0,0.0926801811697451,0.0814,-0.290100396674878,0.290100396674878,approach
0.261,0,0.0209938100928958,0.00074521149237498,8.7,0,0.0923894270399021,0.08106,-0.290757147491239,0.290757147491239,approach
0.262,0,0.022447729124797,0.0311712433162041,8.7,0,0.0920980197415684,0.08072,-0.29141024755547,0.29141024755547,approach
0.263,0,0.0192409106783974,0,8.7,0,0.0918059630286513,0.08038,-0.292059594060462,0.292059594060462,approach
0.264,0,0.0191216573756475,0.0184061375591482,8.7,0,0.0915132607544508,0.08004,-0.292705087687378,0.292705087687378,approach
0.265,0,0.0163899920362693,0,8.7,0,0.0912199168682245,0.0797,-0.293346632551425,0.293346632551425,approach
0.266,0,0.0194045331431156,0.0374917797841932,8.7,0,0.0909259354118058,0.07936,-0.29398413614775,0.29398413614775,approach
0.267,0,0.0166324569798133,0,8.7,0,0.0906313205162766,0.07902,-0.294617509297479,0.294617509297479,approach
0.268,0,0.0142563916969829,0,8.7,0,0.0903360763986927,0.07868,-0.295246666093935,0.295246666093935,approach
0.269,0,0.0122197643116996,0,8.7,0,0.0900402073588642,0.07834,-0.295871523849026,0.295871523849026,approach
0.27,0,0.0104740836957425,0,8.7,0,0.0897437177761883,0.078,-0.296492003039866,0.296492003039866,approach
0.271,0,0.0207047604256417,0.0820888208050366,8.7,0,0.0894466121065363,0.07766,-0.297108027255601,0.297108027255601,approach
0.272,0,0.0177469375076929,0,8.7,0,0.0891488948791912,0.07732,-0.297719523144498,0.297719523144498,approach
0.273,0,0.0253559387689977,0.0710099463368264,8.7,0,0.0888505706938414,0.07698,-0.298326420361282,0.298326420361282,approach
0.274,0,0.0220705884783263,0.00235848673429807,8.7,0,0.0885516442176243,0.07664,-0.298928651514755,0.298928651514755,approach
0.275,0,0.0189176472671368,0,8.7,0,0.0882521201822217,0.0763,-0.299526152115711,0.299526152115711,approach
0.276,0,0.0246936559816716,0.0593497082688801,8.7,0,0.0879520033810096,0.07596,-0.300118860525155,0.300118860525155,approach
0.277,0,0.0211659908414328,0,8.7,0,0.087651298666257,0.07562,-0.300706717902834,0.300706717902834,approach
0.278,0,0.0258283909967221,0.0538027919284579,8.7,0,0.0873500109463762,0.07528,-0.301289668156117,0.301289668156117,approach
0.279,0,0.0221386208543332,0,8.7,0,0.087048145183225,0.07494,-0.301867657889206,0.301867657889206,approach
0.28,0,0.0241828335353681,0.0364481096215776,8.7,0,0.0867457063894589,0.0746,-0.302440636352708,0.302440636352708,approach
0.281,0,0.0207281430303155,0,8.7,0,0.0864426996259319,0.07426,-0.303008555393577,0.303008555393577,approach
0.282,0,0.0177669797402705,0,8.7,0,0.0861391299991501,0.07392,-0.303571369405431,0.303571369405431,approach
0.283,0,0.0258271432515545,0.0741881243192584,8.7,0,0.0858350026587708,0.07358,-0.304129035279259,0.304129035279259,approach
0.284,0,0.0221375513584752,0,8.7,0,0.0855303227951538,0.07324,-0.304681512354518,0.304681512354518,approach
0.285,0,0.0235098992761289,0.031743986782051,8.7,0,0.0852250956369591,0.0729,-0.305228762370648,0.305228762370648,approach
0.286,0,0.0265274280226792,0.0446326005019805,8.7,0,0.0849193264487942,0.07256,-0.305770749418989,0.305770749418989,approach
0.287,0,0.0227377954480107,0,8.7,0,0.0846130205289077,0.07222,-0.306307439895128,0.306307439895128,approach
0.288,0,0.0318276167966846,0.0863665448887279,8.7,0,0.0843061832069305,0.07188,-0.30683880245167,0.30683880245167,approach
0.289,0,0.0392591484671628,0.083848338490032,8.7,0,0.0839988198416646,0.07154,-0.307364807951448,0.307364807951448,approach
0.29,0,0.0336506986861395,0,8.7,0,0.0836909358189179,0.0712,-0.307885429421176,0.307885429421176,approach
0.291,0,0.0304259615658481,0.0110775388440994,8.7,0,0.0833825365493839,0.07086,-0.308400642005551,0.308400642005551,approach
0.292,0,0.0260793956278698,0,8.7,0,0.0830736274665683,0.07052,-0.308910422921808,0.308910422921808,approach
0.293,0,0.0274465195219177,0.0356492628862054,8.7,0,0.0827642140247597,0.07018,-0.309414751414735,0.309414751414735,approach
0.294,0,0.0235255881616438,0,8.7,0,0.0824543016970455,0.06984,-0.309913608712158,0.309913608712158,approach
0.295,0,0.020376846584437,0.00148439712119637,8.7,0,0.0821438959733707,0.0695,-0.310406977980888,0.310406977980888,approach
0.296,0,0.0247408713092154,0.0509250196578859,8.7,0,0.0818330023586419,0.06916,-0.310894844283151,0.310894844283151,approach
0.297,0,0.0260393594422733,0.0338302882406206,8.7,0,0.0815216263708729,0.06882,-0.311377194533488,0.311377194533488,approach
0.298,0,0.02231945095052,0,8.7,0,0.0812097735393743,0.06848,-0.311854017456146,0.311854017456146,approach
0.299,0,0.0327203303341577,0.0951256066359839,8.7,0,0.0808974494029836,0.06814,-0.312325303542945,0.312325303542945,approach
0.3,0,0.028045997429278,0,8.7,0,0.080584659508339,0.0678,-0.312791045011639,0.312791045011639,approach
0.301,0,0.0313372505674011,0.0510847693961398,8.7,0,0.0802714094081925,0.06746,-0.313251235764769,0.313251235764769,approach
0.302,0,0.0268605004863438,0,8.7,0,0.0799577046597645,0.06712,-0.313705871349008,0.313705871349008,approach
0.303,0,0.0230232861311518,0,8.7,0,0.0796435508231388,0.06678,-0.314154948915003,0.314154948915003,approach
0.304,0,0.0238483440784839,0.0287986917624765,8.7,0,0.079328953459697,0.06644,-0.314598467177712,0.314598467177712,approach
0.305,0,0.0305921394491304,0.0710549116730095,8.7,0,0.0790139181305919,0.0661,-0.315036426377249,0.315036426377249,approach
0.306,0,0.0262218338135404,0,8.7,0,0.0786984503952597,0.06576,-0.315468828240222,0.315468828240222,approach
0.307,0,0.0224758575544632,0,8.7,0,0.0783825558099704,0.06542,-0.315895675941578,0.315895675941578,approach
0.308,0,0.0192650207609684,0,8.7,0,0.0780662399264165,0.06508,-0.31631697406695,0.31631697406695,approach
0.309,0,0.0181896670828531,0.0117375450141608,8.7,0,0.0777495082903377,0.06474,-0.316732728575513,0.316732728575513,approach
0.31,0,0.0155911432138741,0,8.7,0,0.0774323664401824,0.0644,-0.317142946763337,0.317142946763337,approach
0.311,0,0.0133638370404635,0,8.7,0,0.0771148199058069,0.06406,-0.317547637227257,0.317547637227257,approach
0.312,0,0.0114547174632544,0,8.7,0,0.0767968742072085,0.06372,-0.317946809829234,0.317946809829234,approach
0.313,0,0.00981832925421806,0,8.7,0,0.076478534853294,0.06338,-0.318340475661236,0.318340475661236,approach
0.314,0,0.00841571078932977,0,8.7,0,0.0761598073406844,0.06304,-0.318728647010616,0.318728647010616,approach
0.315,0,0.00721346639085409,0,8.7,0,0.0758406971525514,0.0627,-0.319111337325998,0.319111337325998,approach
0.316,0,0.00618297119216065,0,8.7,0,0.0755212097574889,0.06236,-0.319488561183664,0.319488561183664,approach
0.317,0,0.00529968959328055,0,8.7,0,0.0752013506084182,0.06202,-0.319860334254449,0.319860334254449,approach
0.318,0,0.0128808383397205,0.0583677308183601,8.7,0,0.0748811251415241,0.06168,-0.320226673271137,0.320226673271137,approach
0.319,0,0.0110407185769033,0,8.7,0,0.0745605387752248,0.06134,-0.320587595996354,0.320587595996354,approach
0.32,0,0.01241262090701,0.0206440348876506,8.7,0,0.0742395969091719,0.061,-0.320943121190972,0.320943121190972,approach
0.321,0,0.0129766603706823,0.0163608971527158,8.7,0,0.0739183049232832,0.06066,-0.321293268582996,0.321293268582996,approach
0.322,0,0.0111228517462991,0,8.7,0,0.0735966681768049,0.06032,-0.321638058836961,0.321638058836961,approach
0.323,0,0.00953387292539923,0,8.7,0,0.0732746920074036,0.05998,-0.321977513523817,0.321977513523817,approach
0.324,0,0.0194978719494849,0.0792818660939986,8.7,0,0.0729523817302901,0.05964,-0.322311655091314,0.322311655091314,approach
0.325,0,0.016712461670987,0,8.7,0,0.0726297426373696,0.0593,-0.322640506834865,0.322640506834865,approach
0.326,0,0.0226145753058783,0.0580272571152256,8.7,0,0.0723067799964223,0.05896,-0.322964092868916,0.322964092868916,approach
0.327,0,0.0230245421212328,0.0254843430133601,8.7,0,0.0719834990503118,0.05862,-0.323282438098781,0.323282438098781,approach
0.328,0,0.0197353218181995,0,8.7,0,0.071659905016221,0.05828,-0.323595568192986,0.323595568192986,approach
0.329,0,0.0401536303704886,0.162663481684223,8.7,0,0.0713360030849151,0.05794,-0.323903509556068,0.323903509556068,approach
0.33,0,0.034447004460167,0.000207248998236965,8.7,0,0.0710117984200321,0.0576,-0.324206289301874,0.324206289301874,approach
0.331,0,0.0356053042869416,0.0425551032475892,8.7,0,0.0706872961573984,0.05726,-0.324503935227324,0.324503935227324,approach
0.332,0,0.0305188322459499,0,8.7,0,0.0703625014043714,0.05692,-0.324796475786646,0.324796475786646,approach
0.333,0,0.0299586167822156,0.0265973239998096,8.7,0,0.0700374192392061,0.05658,-0.325083940066093,0.325083940066093,approach
0.334,0,0.0256788143847562,0,8.7,0,0.0697120547104477,0.05624,-0.32536635775911,0.32536635775911,approach
0.335,0,0.02965536757283,0.0535146867012729,8.7,0,0.0693864128363484,0.0559,-0.325643759141976,0.325643759141976,approach
0.336,0,0.0266619038677542,0.00870112163729914,8.7,0,0.0690604986043069,0.05556,-0.3259161750499,0.3259161750499,approach
0.337,0,0.022853060458075,0,8.7,0,0.0687343169703333,0.05522,-0.326183636853576,0.326183636853576,approach
0.338,0,0.0220577947894524,0.0172862007777165,8.7,0,0.0684078728585355,0.05488,-0.326446176436191,0.326446176436191,approach
0.339,0,0.024096219455131,0.0363267674492026,8.7,0,0.068081171160629,0.05454,-0.326703826170877,0.326703826170877,approach
0.34,0,0.0206539023901123,0,8.7,0,0.0677542167354682,0.0542,-0.326956618898619,0.326956618898619,approach
0.341,0,0.0177033449058105,0,8.7,0,0.0674270144086,0.05386,-0.327204587906591,0.327204587906591,approach
0.342,0,0.0151742956335519,0,8.7,0,0.0670995689718379,0.05352,-0.327447766906941,0.327447766906941,approach
0.343,0,0.0250637502038734,0.0844004776258026,8.7,0,0.0667718851828582,0.05318,-0.327686190016004,0.327686190016004,approach
0.344,0,0.0214832144604629,0,8.7,0,0.0664439677648147,0.05284,-0.327919891733945,0.327919891733945,approach
0.345,0,0.0260148692139868,0.0532047977351301,8.7,0,0.0661158214059746,0.0525,-0.328148906924833,0.328148906924833,approach
0.346,0,0.0302114500684999,0.0553909351955783,8.7,0,0.0657874507593741,0.05216,-0.328373270797127,0.328373270797127,approach
0.347,0,0.0258955286301427,0,8.7,0,0.0654588604424931,0.05182,-0.328593018884586,0.328593018884586,approach
0.348,0,0.0221961673972652,0,8.7,0,0.0651300550369466,0.05148,-0.328808187027593,0.328808187027593,approach
0.349,0,0.0218644612117986,0.0198742240989992,8.7,0,0.0648010390881976,0.05114,-0.329018811354882,0.329018811354882,approach
0.35,0,0.0266476283463439,0.0553466311536157,8.7,0,0.0644718171052858,0.0508,-0.329224928265676,0.329224928265676,approach
0.351,0,0.0387746866235145,0.111537036286538,8.7,0,0.0641423935605735,0.05046,-0.329426574412216,0.329426574412216,approach
0.352,0,0.0485357652745558,0.107102237180803,8.7,0,0.0638127728895107,0.05012,-0.329623786682699,0.329623786682699,approach
0.353,0,0.0416020845210478,0,8.7,0,0.0634829594904139,0.04978,-0.32981660218459,0.32981660218459,approach
0.354,0,0.0356589295894696,0,8.7,0,0.0631529577242649,0.04944,-0.33000505822834,0.33000505822834,approach
0.355,0,0.0305647967909739,0,8.7,0,0.0628227719145214,0.0491,-0.330189192311466,0.330189192311466,approach
0.356,0,0.0294143754372368,0.0225118473148145,8.7,0,0.0624924063469466,0.04876,-0.330369042103023,0.330369042103023,approach
0.357,0,0.0273086484483327,0.014674286514908,8.7,0,0.0621618652694521,0.04842,-0.330544645428443,0.330544645428443,approach
0.358,0,0.0234074129557138,0,8.7,0,0.0618311528919563,0.04808,-0.330716040254744,0.330716040254744,approach
0.359,0,0.0229089701194608,0.0199183131019434,8.7,0,0.0615002733862567,0.048,-0.330883264676098,0.330883264676098,approach
0.36,0,0.033238600099364,0.0952163799787831,8.7,0,0.0611692770442406,0.048,-0.331000222311832,0.331000222311832,approach
0.361,0,0.0481840736773361,0.137856915145169,8.7,0,0.0608382272696144,0.048,-0.331053807785897,0.331053807785897,approach
0.362,0,0.0582941015403458,0.118954268718404,8.7,0,0.0605071860870094,0.048,-0.331045399052221,0.331045399052221,approach
0.363,0,0.056305060656862,0.0443708153559592,8.7,0,0.0601762141611249,0.048,-0.330976354905127,0.330976354905127,approach
0.364,0.236463069764265,0.0536216871243575,0.0375214459293307,8.7,0.154629184122811,0.0598453708158772,0.0598332658862392,-0.330848014976025,0.330848014976025,force
0.365,1.28860818472334,0.0459614461065922,0,8.7,0.478997948893618,0.0595210020511064,0.0598211502322637,-0.324376934632413,0.324376934632413,force
0.366,2.76369586869211,0.0471237361163298,0.0540974761747552,8.7,0.796864298430532,0.0592031357015695,0.0598090362054943,-0.317877851586887,0.317877851586887,force
0.367,4.52995394638311,0.0403917738139969,0,8.7,1.10813639494924,0.0588918636050508,0.0597969127539776,-0.311286791758167,0.311286791758167,force
0.368,6.51712176002108,0.0646239404831827,0.210016940498297,8.7,1.41268060375156,0.0585873193962484,0.0597848232274943,-0.304561972052099,0.304561972052099,force
0.369,8.6774337944642,0.238622803783658,1.28261598358651,8.7,1.71033266917436,0.0582896673308256,0.0597729772994196,-0.297672777064995,0.297672777064995,force
0.37,10.9744845341458,0.606130192685457,2.81117452609625,8.7,2.00090371019695,0.0579990962898031,0.0597616458816894,-0.29059458190176,0.29059458190176,force
0.371,13.3785670842435,1.16973165435812,4.55134042439406,8.7,2.28418561490381,0.0577158143850962,0.0597511035060055,-0.283308151846337,0.283308151846337,force
0.372,15.8643286214273,1.93144998313331,6.50175995578446,8.7,2.55995597577812,0.0574400440242219,0.0597416275359818,-0.275799183897531,0.275799183897531,force
0.373,18.409451270258,2.89279992280783,8.66089956085499,8.7,2.8279822277814,0.0571720177722186,0.0597334974558738,-0.268057510335861,0.268057510335861,force
0.374,20.9938542396349,4.05937812283109,11.0588473229706,8.7,3.08802521339655,0.0569119747866035,0.0597270005852457,-0.26007652631666,0.26007652631666,force
0.375,23.5991861952796,5.39563451075995,13.4131728383332,8.7,3.33984223290248,0.0566601577670975,0.0597223744735608,-0.251852675663798,0.251852675663798,force
0.376,26.2085011819962,6.88474718728407,15.8194232464288,8.7,3.5831904681033,0.0564168095318967,0.059719833119623,-0.243385824612774,0.243385824612774,force
0.377,28.8060405633878,8.52871185575072,18.3924998665506,8.7,3.81782977293239,0.0561821702270676,0.0597195933162211,-0.234678629285324,0.234678629285324,force
0.378,31.3770831570692,10.3053573017942,20.9652299780552,8.7,4.04352487893173,0.0559564751210683,0.0597218408164436,-0.225735951072839,0.225735951072839,force
0.379,33.9078503381394,12.1982628854097,23.5556963871026,8.7,4.26004780808705,0.055739952191913,0.0597267383844831,-0.216565064297721,0.216565064297721,force
0.38,36.3854428576301,14.2013161481685,26.2196357247209,8.7,4.46717998161165,0.0555328200183884,0.0597344402270906,-0.207175352582346,0.207175352582346,force
0.381,38.7977985062557,16.2833485483216,28.7755429492404,8.7,4.66471396324421,0.0553352860367558,0.0597450569150582,-0.197577943751434,0.197577943751434,force
0.382,41.1336731689602,18.4416153954283,31.3912164780686,8.7,4.85245547343405,0.055147544526566,0.0597586951766118,-0.187785981000535,0.187785981000535,force
0.383,43.3826244087644,20.6543782970681,33.9309557069068,8.7,5.03022473775901,0.054969775262241,0.0597754313062277,-0.17781395750648,0.17781395750648,force
0.384,45.53500897855,22.9070958002241,36.4234008191605,8.7,5.19785801779848,0.0548021419822015,0.059795321240348,-0.167677899125843,0.167677899125843,force
0.385,47.5819821902134,25.1684841571564,38.7368142987497,8.7,5.3552088653872,0.0546447911346128,0.0598183771181681,-0.15739508803823,0.15739508803823,force
0.386,49.5155052738809,27.437405847003,41.0509359860831,8.7,5.50214952701802,0.054497850472982,0.0598446094863539,-0.146984213119252,0.146984213119252,force
0.387,51.3283438335511,29.71331239949,43.3687517144115,8.7,5.63857167611179,0.0543614283238882,0.0598740281237131,-0.13646469799474,0.13646469799474,force
0.388,53.0140673660583,31.9761840557893,45.553413993585,8.7,5.76438700444417,0.0542356129955558,0.0599066147813913,-0.125856560298605,0.125856560298605,force
0.389,54.5670537025675,34.201155525647,47.5509843447932,8.7,5.87952802818655,0.0541204719718135,0.0599423163991272,-0.115180626390576,0.115180626390576,force
0.39,55.982492040714,36.383971857777,49.4808698505575,8.7,5.98394885019705,0.054016051149803,0.059981073959728,-0.104458487690416,0.104458487690416,force
0.391,57.2563766955558,38.5133484885578,51.2896082732423,8.7,6.0776254349904,0.0539223745650096,0.060022812647612,-0.093712013339765,0.093712013339765,force
0.392,58.3855016676697,40.5821452833101,52.994926051824,8.7,6.16055589036412,0.0538394441096359,0.0600674476510087,-0.0829633568360686,0.0829633568360686,force
0.393,59.3674503513454,42.5938463292952,54.664052605206,8.7,6.23276056199588,0.0537672394380041,0.0601148990358697,-0.0722347689183943,0.0722347689183943,force
0.394,60.2005788589055,44.5117569474171,56.0192206561481,8.7,6.29428183297696,0.053705718167023,0.0601638990358697,-0.0615483023433579,0.0615483023433579,force
0.395,60.8842795723067,46.3309769693222,57.2462971007528,8.7,6.34519874269911,0.0536548012573009,0.0602128990358697,-0.0509406353807069,0.0509406353807069,force
0.396,61.418959289623,48.0604666748112,58.437404907745,8.7,6.3856299044411,0.0536143700955589,0.0602618990358697,-0.0404513686672884,0.0404513686672884,force
0.397,61.8056227980698,49.6760115300441,59.3692806614419,8.7,6.41571335325376,0.0535842866467462,0.0603108990358697,-0.0300999477453275,0.0300999477453275,force
0.398,62.0459288013467,51.1799781557499,60.2037779099846,8.7,6.43560599580629,0.0535643940041937,0.0603598990358697,-0.0199052693393236,0.0199052693393236,force
0.399,62.1421565282725,52.5646883095325,60.8729492322282,8.7,6.44548298204498,0.053554517017955,0.0604088990358697,-0.00988560290782308,0.00988560290782308,force
0.4,62.097170431074,53.829192961529,61.4162208735082,8.7,6.44553700456089,0.0535544629954391,0.0604578990358697,-5.85180820615947e-05,5.85180820615947e-05,force
0.401,61.9588038651185,54.9851961971063,61.92121561057,8.7,6.43597753163389,0.0535640224683661,0.0605068990358697,0.00955918193141293,0,force
0.402,61.6852975889678,55.9978159715579,62.0735346182672,8.7,6.41702323985369,0.0535829767601463,0.0605558990358697,0.018958264156938,0,force
0.403,61.2803474586431,56.8850187071956,62.2082351210217,8.7,6.38890821079933,0.0536110917892007,0.0606048990358697,0.0281232961104001,0,force
0.404,60.7483918847054,57.6229637403704,62.0506339394193,8.7,6.35188109856862,0.0536481189014314,0.0606538990358697,0.0370396779406703,0,force
0.405,60.0943013987611,58.2424421379287,61.9593125232786,8.7,6.30620420593913,0.0536937957940609,0.0607028990358697,0.0456937340717514,0,force
0.406,59.3233396217183,58.7309294091522,61.6618530364931,8.7,6.25215251717391,0.0537478474828261,0.0607518990358697,0.0540727568046797,0,force
0.407,58.4411233653321,59.0848749329896,61.2085480760143,8.7,6.19001269324199,0.053809987306758,0.0608008990358697,0.0621650441340233,0,retract
0.408,57.4473060451431,59.3204942032373,60.7342098247234,8.7,6.11963633165522,0.0538803636683448,0.0608038657318943,0.07040588890862,0,retract
0.409,56.3546090378872,59.425669068002,60.0567182565898,8.7,6.04178773797582,0.0539582122620242,0.0608127393906051,0.0778820555527303,0,retract
0.41,55.1684547613346,59.4059813784384,59.2878552410574,8.7,5.95670897571011,0.0540432910242899,0.060827480367957,0.085116064614011,0,retract
0.411,53.8945183748953,59.2733435001455,58.4775162303878,8.7,5.86465181070071,0.0541353481892993,0.0608480490199052,0.0920981953988897,0,retract
0.412,52.5386940930103,59.0169341136622,57.4784777947625,8.7,5.76587671021466,0.0542341232897853,0.0608744057024049,0.0988197291978229,0,retract
0.413,51.1070614668334,58.6420465550511,56.3927212033847,8.7,5.66065182510746,0.0543393481748925,0.0609065107714112,0.105272966350023,0,retract
0.414,49.6058518833521,58.1293979762903,55.0535065037251,8.7,5.54925195985626,0.0544507480401437,0.0609443245828792,0.111451238494044,0,retract
0.415,48.0414155257155,57.5149099119474,53.8279815258898,8.7,5.43195753520378,0.0545680424647962,0.060987807492764,0.117348916061149,0,retract
0.416,46.4201890315035,56.7896457186627,52.438060558955,8.7,5.30905354806257,0.0546909464519374,0.0610369198570208,0.122961411098474,0,retract
0.417,44.7486640774751,55.9715455827549,51.0629447673079,8.7,5.18082853321435,0.0548191714667857,0.0610916220316046,0.128285175538936,0,retract
0.418,43.0333571101407,55.0513205727204,49.5299705125132,8.7,5.04757353119237,0.0549524264688076,0.0611518743724707,0.133317695064311,0,retract
0.419,41.280780431655,54.0540604900883,48.0704999942959,8.7,4.90958106655717,0.0550904189334428,0.0612176372355741,0.138057478737003,0,retract
0.42,39.4974148405303,52.9724169234299,46.4825555234791,8.7,4.76714414057614,0.0552328558594239,0.06128887097687,0.142504044604353,0,retract
0.421,37.6896840168294,51.7861626723902,44.668637166152,8.7,4.62055524208479,0.0553794447579152,0.0613655359523134,0.146657901507046,0,retract
0.422,35.863930832471,50.5328979956329,43.013309935089,8.7,4.47010538004979,0.0555298946199502,0.0614475925178596,0.150520527350092,0,retract
0.423,34.0263957596777,49.2252900797843,41.3796425846933,8.7,4.31608314107022,0.0556839168589298,0.0615350010294637,0.154094344121093,0,retract
0.424,32.1831975452915,47.8365124843788,39.5038469119459,8.7,4.15877377474599,0.055841226225254,0.0616277218430807,0.157382689966145,0,retract
0.425,30.3403163165987,46.3857783779749,37.6813737395513,8.7,3.99845830950715,0.0560015416904929,0.0617257153146658,0.160389788659073,0,retract
0.426,28.5035792868253,44.8816057174425,35.8565697542478,8.7,3.83541270113603,0.056164587298864,0.0618289418001741,0.163120716825055,0,retract
0.427,26.6786492373946,43.3233414754093,33.9737560232106,8.7,3.66990701583519,0.0563300929841648,0.0619373616555608,0.165581369305717,0,retract
0.428,24.8710159714865,41.7340133720867,32.1980447521511,8.7,3.50220464927304,0.056497795350727,0.062050935236781,0.167778423080296,0,retract
0.429,23.0859909629617,40.1094384491149,30.3619889112839,8.7,3.33256158260199,0.056667438417398,0.0621696228997898,0.169719300187639,0,retract
0.43,21.3287054706568,38.451927318052,28.5068605316742,8.7,3.16122567596424,0.0568387743240358,0.0622933850005423,0.171412130128378,0,retract
0.431,19.6041124571812,36.7809368737967,26.7549942082651,8.7,2.98843599948174,0.0570115640005183,0.0624221818949937,0.172865712267972,0,retract
0.432,17.9169927534782,35.0675473895585,24.7872104841294,8.7,2.81442220115449,0.0571855777988455,0.0625559739390991,0.174089478812797,0,retract
0.433,16.2719660605652,33.3585836053994,23.1048009004447,8.7,2.63940391045938,0.0573605960895406,0.0626947214888136,0.175093458998073,0,retract
0.434,14.6735076011338,31.660862886108,21.4745385703596,8.7,2.46359017570779,0.0575364098242922,0.0628383849000923,0.175888245215349,0,retract
0.435,13.1259715634755,29.9319171256326,19.5582425627804,8.7,2.28717893238064,0.0577128210676194,0.0629869245288905,0.176484961929171,0,retract
0.436,11.6336229792722,28.2154430977902,17.9165989307358,8.7,2.11035649863201,0.057889643501368,0.0631403007311631,0.176895238404075,0,retract
0.437,10.2006804492042,26.5117374558793,16.2895036044141,8.7,1.93329709289383,0.0580667029071062,0.0632984738628653,0.177131186509792,0,retract
0.438,8.83137335864669,24.8145990095971,14.631768331904,8.7,1.75616236687629,0.0582438376331237,0.0634614042799523,0.177205385236541,0,retract
0.439,7.53001924637991,23.1656888582987,13.2722279505082,8.7,1.57910094508323,0.0584208990549168,0.0636290523383792,0.177130874103228,0,retract
0.44,6.30113045142378,21.5181131451442,11.6326588662171,8.7,1.40224795891829,0.0585977520410817,0.0638013783941011,0.176921158501451,0,retract
0.441,5.14956539677836,19.9011317924358,10.1992436761855,8.7,1.2257245590259,0.0587742754409741,0.0639783428030731,0.176590231409608,0,retract
0.442,4.08075179696621,18.3291635482054,8.89735408282301,8.7,1.04963738273043,0.0589503626172696,0.0641599059212504,0.176152618263106,0,retract
0.443,3.10103371034836,16.7788484507844,7.47695786625844,8.7,0.874077942458633,0.0591259220575414,0.0643460281045881,0.175623455962207,0,retract
0.444,2.21825050595321,15.2961573373489,6.40001065673556,8.7,0.6991218820444,0.0593008781179556,0.0645366697090413,0.175018625015278,0,retract
0.445,1.44280206911835,13.8375450507145,5.08587133090819,8.7,0.524828012081514,0.0594751719879185,0.0647317910905651,0.174354970569465,0,retract
0.446,0.789917182504388,12.4406769123943,4.05946808247324,8.7,0.351236960184388,0.0596487630398156,0.0649313526051147,0.17365068767193,0,retract
0.447,0.285864760465864,11.1062100098693,3.0994085947189,8.7,0.178369084705553,0.0598216309152945,0.0651353146086452,0.172926058175421,0,retract
0.448,0.00186182296519206,9.83595042786752,2.21439293585714,8.7,0.00622068329473452,0.0599937793167053,0.0653436374571117,0.172205156784277,0,retract
0.449,0,8.63118321693427,1.40257995133474,8.7,0,0.060165246834058,0.0655562815064694,0.171522890399032,0,retract
0.45,0,7.50855569418453,0.772790557686109,8.7,0,0.0603361161427642,0.0657732071126733,0.170923367562234,0,retract
0.451,0,6.47279839499915,0.25825459988687,8.7,0,0.0605064688516203,0.0659943746316787,0.170405518520198,0,retract
0.452,0,5.56264363018714,0.101715041315051,8.7,0,0.0606763852097878,0.0662197444194406,0.169967980495755,0,retract
0.453,0,4.77865294133042,0.074708808190119,8.7,0,0.0608459441142543,0.0664492768319141,0.169609398336093,0,retract
0.454,0,4.09664995254953,0.00463201986419811,8.7,0,0.0610152231175615,0.0666829322250545,0.169328424771168,0,retract
0.455,0,3.5238979200655,0.087385725161291,8.7,0,0.0611842984357821,0.0669206709548167,0.169123720655838,0,retract
0.456,0,3.0277985945749,0.0512026416312826,8.7,0,0.0613532449567293,0.067162453377156,0.168993955196223,0,retract
0.457,0,2.59525593820705,0,8.7,0,0.0615221362483863,0.0674082398480275,0.168937806160803,0,retract
0.458,0,2.22450508989176,0,8.7,0,0.0616910445675362,0.0676579907233862,0.168953960076722,0,retract
0.459,0,1.90671864847865,0,8.7,0,0.0618600408685813,0.0679116663591874,0.169041112411804,0,retract
0.46,0,1.64377749570716,0.0661305790782101,8.7,0,0.0620291948125368,0.0681692271113861,0.169197967742747,0,retract
0.461,0,1.41734990348733,0.0587843501683313,8.7,0,0.0621985747761841,0.0684306333359375,0.169423239909959,0,retract
0.462,0,1.21570736743442,0.00585215111694982,8.7,0,0.0623682478613727,0.0686958453887967,0.169715652159518,0,retract
0.463,0,1.04444558464493,0.0168748879080208,8.7,0,0.0625382799044556,0.0689648236259189,0.170073937272691,0,retract
0.464,0,0.898812762202829,0.0250158275502181,8.7,0,0.0627087354858481,0.0692375284032591,0.170496837683463,0,retract
0.465,0,0.779070554661464,0.0606173094132745,8.7,0,0.0628796779396972,0.0695139200767724,0.170983105584518,0,retract
0.466,0,0.667774761138398,0,8.7,0,0.0630511693636505,0.0697939590024141,0.1715315030221,0,retract
0.467,0,0.574293630292075,0.0134068452141371,8.7,0,0.0632232706287143,0.0700776055361392,0.17214080198016,0,retract
0.468,0,0.492251683107493,0,8.7,0,0.0633960413891875,0.0703648200339029,0.172809784454225,0,retract
0.469,0,0.421930014092137,0,8.7,0,0.0635695400926672,0.0706555628516603,0.173537242515361,0,retract
0.47,0,0.362160914726842,0.00354631853507555,8.7,0,0.0637438239901096,0.0709497943453665,0.174321978364647,0,retract
0.471,0,0.310423641194436,0,8.7,0,0.0639189491459414,0.0712474748709766,0.175162804378531,0,retract
0.472,0,0.266077406738088,0,8.7,0,0.0640949704482111,0.0715485647844459,0.17605854314544,0,retract
0.473,0,0.228066348632647,0,8.7,0,0.0642719416187719,0.0718530244417293,0.177008027494023,0,retract
0.474,0,0.200176857327866,0.0328399094991781,8.7,0,0.0644499152234879,0.072160814198782,0.178010100513362,0,retract
0.475,0,0.171580163423885,0,8.7,0,0.0646289426824569,0.0724718944115592,0.179063615565521,0,retract
0.476,0,0.155595515952938,0.0596876311272543,8.7,0,0.0648090742802399,0.072786225436016,0.180167436290754,0,retract
0.477,0,0.143938651511897,0.0739974648656503,8.7,0,0.0649903591760928,0.0731037676281075,0.181320436605707,0,retract
0.478,0,0.126709151026424,0.0233321481135869,8.7,0,0.0651728454141919,0.0734244813437888,0.182521500694935,0,retract
0.479,0,0.116763542997143,0.0570898948214552,8.7,0,0.0653565799338479,0.0737483269390151,0.18376952299605,0,retract
0.48,0,0.100083036854694,0,8.7,0,0.0655416085796998,0.0740752647697415,0.18506340817879,0,retract
0.481,0,0.085785460161166,0,8.7,0,0.0657279761118858,0.0744052551919231,0.186402071118317,0,retract
0.482,0,0.0814874807487221,0.0556996042740589,8.7,0,0.0659157262161843,0.074738258561515,0.187784436863027,0,retract
0.483,0,0.0852922188394291,0.108120647383671,8.7,0,0.0661049015141189,0.0750742352344724,0.189209440597143,0,retract
0.484,0,0.0731076161480821,0,8.7,0,0.0662955435730236,0.0754131455667505,0.190676027598372,0,retract
0.485,0,0.0731648378260143,0.0735081678936076,8.7,0,0.0664876929160628,0.0757549499143042,0.192183153190874,0,retract
0.486,0,0.0627127181365837,0,8.7,0,0.0666813890322017,0.0760996086330888,0.193729782693814,0,retract
0.487,0,0.053753758402786,0,8.7,0,0.0668766703861228,0.0764470820790593,0.195314891365731,0,retract
0.488,0,0.0460746500595309,0,8.7,0,0.0670735744280844,0.076797330608171,0.196937464344961,0,retract
0.489,0,0.0394925571938836,0,8.7,0,0.067272137603718,0.0771503145763789,0.198596496586359,0,retract
0.49,0,0.0338507633090431,0,8.7,0,0.0674723953637592,0.0775059943396382,0.20029099279453,0,retract
0.491,0,0.038632946611499,0.0673260464262346,8.7,0,0.0676743821737117,0.0778643302539039,0.202019967353792,0,retract
0.492,0,0.0331139542384277,0,8.7,0,0.0678781315234377,0.0782252826751313,0.203782444255083,0,retract
0.493,0,0.0283833893472238,0,8.7,0,0.0680836759366753,0.0785888119592754,0.205577457020009,0,retract
0.494,0,0.0243286194404775,0,8.7,0,0.0682910469804772,0.0789548784622914,0.207404048622234,0,retract
0.495,0,0.0208531023775522,0,8.7,0,0.0685002752745704,0.0793234425401344,0.209261271406403,0,retract
0.496,0,0.0178740877521876,0,8.7,0,0.0687113905006334,0.0796944645487595,0.211148187004771,0,retract
0.497,0,0.0153206466447322,0,8.7,0,0.0689244214114877,0.0800679048441218,0.213063866251733,0,retract
0.498,0,0.0134534148357192,0.00225002398164142,8.7,0,0.0691393958402054,0.0804437237821765,0.215007389096408,0,retract
0.499,0,0.0115314984306165,0,8.7,0,0.0693563407091263,0.0808218817188788,0.216977844513456,0,retract
0.5,0,0.00988414151195699,0,8.7,0,0.0695752820387855,0.0812023390101836,0.218974330412272,0,retract
0.501,0,0.00847212129596313,0,8.7,0,0.06979624495675,0.0815850560120462,0.220995953544732,0,retract
0.502,0,0.00942542717000462,0.0151452624142536,8.7,0,0.0700192537063634,0.0819699930804217,0.223041829411613,0,retract
0.503,0,0.00807893757428968,0,8.7,0,0.0702443316553934,0.0823571105712653,0.225111082167853,0,retract
0.504,0,0.00692480363510544,0,8.7,0,0.0704715013045877,0.0827463688405319,0.227202844526774,0,retract
0.505,0,0.00593554597294752,0,8.7,0,0.0707007842961321,0.0831377282441768,0.229316257663402,0,retract
0.506,0,0.00508761083395502,0,8.7,0,0.0709322014220118,0.0835311491381551,0.231450471117018,0,retract
0.507,0,0.00436080928624716,0,8.7,0,0.0711657726322753,0.083926591878422,0.233604642693053,0,retract
0.508,0,0.00373783653106899,0,8.7,0,0.0714015170431997,0.0843240168209325,0.235777938364447,0,retract
0.509,0,0.0109360290354512,0.0541251840617447,8.7,0,0.0716394529453586,0.0847233843216417,0.237969532172596,0,retract
0.51,0,0.00937373917324392,0,8.7,0,0.0718795978115903,0.0851246547365049,0.240178606127974,0,retract
0.511,0,0.0175906838096305,0.0668923516279501,8.7,0,0.0721219683048656,0.0855277884214771,0.242404350110551,0,retract
0.512,0,0.0150777289796833,0,8.7,0,0.0723665802860585,0.0859327457325134,0.244645961770105,0,retract
0.513,0,0.0129237676968714,0,8.7,0,0.0726134488216162,0.086339487025569,0.246902646426508,0,retract
0.514,0,0.0153614184781888,0.0299873231660929,8.7,0,0.0728625881911299,0.086747972656599,0.249173616970104,0,retract
0.515,0,0.0144185393406215,0.0087612645152178,8.7,0,0.0731140118948058,0.0871581629815586,0.25145809376224,0,retract
0.516,0,0.0210200418148901,0.0606290566605017,8.7,0,0.0733677326608393,0.0875700183564029,0.25375530453605,0,retract
0.517,0,0.0180171786984772,0,8.7,0,0.0736237624526874,0.0879834991370869,0.256064484297569,0,retract
0.518,0,0.0244617371308303,0.0631290877249487,8.7,0,0.0738821124762456,0.0883985656795658,0.258384875227251,0,retract
0.519,0,0.0275106311685717,0.0458039953950203,8.7,0,0.0741427931869249,0.0888151783397948,0.260715726581961,0,retract
0.52,0,0.0235805410016329,0,8.7,0,0.074405814296633,0.089233297473729,0.263056294597523,0,retract
0.521,0,0.0202118922871139,0,8.7,0,0.0746711847806577,0.0896528834373234,0.265405842391876,0,retract
0.522,0,0.0217505067285376,0.0309821933770798,8.7,0,0.0749389128844549,0.0900738965865333,0.267763639868906,0,retract
0.523,0,0.0186432914816037,0,8.7,0,0.0752090061303402,0.0904962972773137,0.270128963623027,0,retract
0.524,0,0.0275922783037357,0.081286199236528,8.7,0,0.0754814713240886,0.0909200458656199,0.272501096844542,0,retract
0.525,0,0.0271759719701452,0.0246781339686025,8.7,0,0.0757563145614365,0.0913451027074068,0.274879329225863,0,retract
0.526,0,0.0258894426589025,0.0181702667914459,8.7,0,0.0760335412344939,0.0917714281586296,0.277262956868629,0,retract
0.527,0,0.0221909508504878,0,8.7,0,0.0763131560380637,0.0921989825752436,0.279651282191775,0,retract
0.528,0,0.0192332208387505,0.00148684076832613,8.7,0,0.07659516297587,0.0926277263132037,0.282043613840595,0,retract
0.529,0,0.0164856178617861,0,8.7,0,0.0768795653666968,0.0930576197284651,0.284439266596846,0,retract
0.53,0,0.0141305295958167,0,8.7,0,0.0771663658504365,0.0934886231769829,0.286837561289934,0,retract
0.531,0,0.017742015416363,0.0394109303396408,8.7,0,0.0774555663940536,0.0939206970147124,0.289237824709214,0,retract
0.532,0,0.0205470574393069,0.0373773095769704,8.7,0,0.0777471682974585,0.0943538015976085,0.291639389517457,0,retract
0.533,0,0.0176117635194059,0,8.7,0,0.0780411721992979,0.0947878972816265,0.294041594165498,0,retract
0.534,0,0.0150957973023479,0,8.7,0,0.0783375780826607,0.0952229444227214,0.296443782808112,0,retract
0.535,0,0.0129392548305839,0,8.7,0,0.0786363852807003,0.0956589033768484,0.298845305221141,0,retract
0.536,0,0.0110907898547862,0,8.7,0,0.0789375924821761,0.0960957344999626,0.301245516719908,0,retract
0.537,0,0.0198592192446622,0.0724697955839179,8.7,0,0.0792411977369135,0.0965333981480191,0.303643778078929,0,retract
0.538,0,0.0170221879239962,0,8.7,0,0.0795471984611863,0.0969718546769731,0.306039455452966,0,retract
0.539,0,0.0145904467919967,0,8.7,0,0.0798555914430198,0.0974110644427796,0.308431920299431,0,retract
0.54,0,0.0126709131543009,0.00115371132812624,8.7,0,0.0801663728474193,0.0978509878013939,0.310820549302167,0,retract
0.541,0,0.0192510192832918,0.0587316560572369,8.7,0,0.0804795382215216,0.098291585108771,0.313204724296623,0,retract
0.542,0,0.016500873671393,0,8.7,0,0.0807950824996754,0.0987328167208661,0.315583832196437,0,retract
0.543,0,0.0141436060040511,0,8.7,0,0.0811130000084466,0.0991746429936343,0.31795726492146,0,retract
0.544,0,0.0122395601181283,0.000815284802591662,8.7,0,0.0814332844715563,0.0996170242830307,0.320324419327209,0,retract
0.545,0,0.0104910515298243,0,8.7,0,0.0817559290147464,0.10005992094501,0.322684697135783,0,retract
0.546,0,0.00899232988270653,0,8.7,0,0.0820809261705797,0.100503293335529,0.325037504868248,0,retract
0.547,0,0.0151404241385526,0.0520289896736287,8.7,0,0.0824082678831727,0.100947101810541,0.327382253778496,0,retract
0.548,0,0.0169307018588821,0.0276723681808597,8.7,0,0.0827379455128636,0.101391306726001,0.329718359788592,0,retract
0.549,0,0.0145120301647561,0,8.7,0,0.0830699498408171,0.101835868437865,0.332045243425618,0,retract
0.55,0,0.0128519566461827,0.00289151553474205,8.7,0,0.083404271073568,0.102280747302089,0.334362329760018,0,retract
0.551,0,0.0138859077848084,0.0200896146165627,8.7,0,0.0837408988475031,0.102725903674626,0.336669048345445,0,retract
0.552,0,0.0299489544516571,0.126327234452749,8.7,0,0.0840798222332858,0.103171297911433,0.338964833160127,0,retract
0.553,0,0.0256705323871346,0,8.7,0,0.084421029740222,0.103616890368464,0.341249122549742,0,retract
0.554,0,0.0261221048963195,0.0288315399514288,8.7,0,0.0847645093205721,0.104062641401675,0.34352135917181,0,retract
0.555,0,0.0253354526266544,0.0206155390086641,8.7,0,0.0851102483738062,0.10450851136702,0.345780989941603,0,retract
0.556,0,0.0350426243771685,0.0932856548802529,8.7,0,0.085458233750809,0.104954460620455,0.348027465979573,0,retract
0.557,0,0.0316274585934272,0.0111364638909793,8.7,0,0.0858084517580317,0.105400449517935,0.3502602425603,0,retract
0.558,0,0.0271092502229376,0,8.7,0,0.0861608881615959,0.105846438415415,0.35247877906295,0,retract
0.559,0,0.0254297053448382,0.0153524360762417,8.7,0,0.0865155281913468,0.10629238766885,0.354682538923248,0,retract
0.56,0,0.0217968902955756,0,8.7,0,0.0868723565448626,0.106738257634195,0.356870989586965,0,retract
0.561,0,0.0271430381301145,0.0592199251373479,8.7,0,0.0872313573914168,0.107184008667405,0.359043602464906,0,retract
0.562,0,0.0232654612543838,0,8.7,0,0.0875925143758972,0.107629601124437,0.361199852889399,0,retract
0.563,0,0.019941823932329,0,8.7,0,0.0879558106226829,0.108074995361243,0.363339220072279,0,retract
0.564,0,0.0232914576015567,0.043389259616923,8.7,0,0.0883212287394812,0.108520151733781,0.365461187064367,0,retract
0.565,0,0.0199641065156201,0,8.7,0,0.0886887508211237,0.108965030598004,0.367565240716421,0,retract
0.566,0,0.0213646037567623,0.0297675872036155,8.7,0,0.089058358453326,0.109409592309869,0.369650871641573,0,retract
0.567,0,0.0215249288426133,0.0224868793577192,8.7,0,0.0894300327164113,0.109853797225329,0.371717574179218,0,retract
0.568,0,0.0204023725068818,0.013667034492493,8.7,0,0.0898037541889974,0.110297605700341,0.373764846360371,0,retract
0.569,0,0.0281052237952749,0.0743223315256336,8.7,0,0.0901795029516531,0.110740978090859,0.375792189874472,0,retract
0.57,0,0.0240901918245214,0,8.7,0,0.0905572585905198,0.111183874752839,0.37779911003762,0,retract
0.571,0,0.0206487358495897,0,8.7,0,0.0909370002009051,0.111626256042235,0.379785115762241,0,retract
0.572,0,0.0176989164425055,0,8.7,0,0.0913187063908447,0.112068082315004,0.38174971952817,0,retract
0.573,0,0.0151704998078618,0,8.7,0,0.0917023552846395,0.112509313927099,0.383692437355141,0,retract
0.574,0,0.0130032855495959,0,8.7,0,0.0920879245263645,0.112949911234476,0.38561278877666,0,retract
0.575,0,0.0134772940598584,0.0163213451214339,8.7,0,0.092475391283353,0.11338983459309,0.387510296815269,0,retract
0.576,0,0.0115519663370215,0,8.7,0,0.0928647322496582,0.113829044358897,0.389384487959167,0,retract
0.577,0,0.00990168543173274,0,8.7,0,0.0932559236494916,0.114267500887851,0.391234892140195,0,retract
0.578,0,0.0152595248536758,0.0474065613853339,8.7,0,0.0936489412406405,0.114705164535907,0.393061042713147,0,retract
0.579,0,0.0140212633591514,0.00659169439200519,8.7,0,0.0940437603178678,0.115141995659021,0.394862476436419,0,retract
0.58,0,0.0120182257364155,0,8.7,0,0.0944403557162911,0.115577954613148,0.396638733453962,0,retract
0.581,0,0.0184678378997563,0.0571655108798014,8.7,0,0.0948387018147467,0.116013001754243,0.39838935727853,0,retract
0.582,0,0.0173947932561462,0.0109565253944854,8.7,0,0.0952387725391369,0.116447097438261,0.400113894776212,0,retract
0.583,0,0.0149098227909825,0,8.7,0,0.0956405413657639,0.116880202021157,0.401811896152224,0,retract
0.584,0,0.0127798481065564,0,8.7,0,0.0960439813246502,0.117312275858887,0.403482914937957,0,retract
0.585,0,0.02694361555155,0.111926220221512,8.7,0,0.0964490650028466,0.117743279307405,0.405126507979246,0,retract
0.586,0,0.0238899167580524,0.00556772399706681,8.7,0,0.0968557645477303,0.118173172722666,0.40674223542586,0,retract
0.587,0,0.020477071506902,0,8.7,0,0.0972640516702931,0.118601916460626,0.408329660722198,0,retract
0.588,0,0.0230410086423277,0.0384246314548816,8.7,0,0.0976738976484222,0.11902947087724,0.409888350599149,0,retract
0.589,0,0.019749435979138,0,8.7,0,0.0980852733301723,0.119455796328463,0.411417875067132,0,retract
0.59,0,0.0169280879821183,0,8.7,0,0.0984981491370336,0.11988085317025,0.412917807410271,0,retract
0.591,0,0.0155992977482746,0.00762655634521254,8.7,0,0.0989124950671934,0.120304601758556,0.414387724181705,0,retract
0.592,0,0.0133708266413782,0,8.7,0,0.0993282806987955,0.120727002449336,0.415827205199997,0,retract
0.593,0,0.0199849482659744,0.0596696780135517,8.7,0,0.0997454751931949,0.121148015598546,0.417235833546648,0,retract
0.594,0,0.0215250678777871,0.0307657855486633,8.7,0,0.100164047298214,0.121567601562141,0.418613195564667,0,retract
0.595,0,0.0184500581809604,0,8.7,0,0.100583965351394,0.121985720696075,0.419958880858208,0,retract
0.596,0,0.0158143355836804,0,8.7,0,0.101005197283254,0.122402333356304,0.421272482293233,0,retract
0.597,0,0.0135551447860117,0,8.7,0,0.101427710620541,0.122817399898783,0.422553595999186,0,retract
0.598,0,0.0124504344120748,0.00582217216845302,8.7,0,0.101851472489494,0.123230880679467,0.423801821371671,0,retract
0.599,0,0.0106718009246355,0,8.7,0,0.102276449619103,0.123642736054311,0.425016761076098,0,retract
0.6,0,0.00966577943170875,0.00362965047414817,8.7,0,0.102702608344377,0.124052926379271,0.426198021052284,0,retract
0.601,0,0.0125981000678246,0.0301920238845195,8.7,0,0.103129914609617,0.124461412010301,0.427345210519988,0,retract
0.602,0,0.0278502635804355,0.119363244656101,8.7,0,0.103558333971692,0.124868153303356,0.428457941985365,0,retract
0.603,0,0.0238716544975161,0,8.7,0,0.103987831603327,0.125273110614393,0.429535831248307,0,retract
0.604,0,0.0204614181407281,0,8.7,0,0.104418372296398,0.125676244299365,0.430578497410659,0,retract
0.605,0,0.0175383584063384,0,8.7,0,0.104849920465231,0.126077514714228,0.431585562885293,0,retract
0.606,0,0.0150328786340043,0,8.7,0,0.105282440149919,0.126476882214937,0.432556653405998,0,retract
0.607,0,0.0128853245434323,0,8.7,0,0.105715895019642,0.126874307157448,0.433491398038201,0,retract
0.608,0,0.0110445638943705,0,8.7,0,0.106150248376004,0.127269749897715,0.434389429190455,0,retract
0.609,0,0.0171390142165299,0.0537057161494865,8.7,0,0.10658546315638,0.127663170791693,0.435250382626714,0,retract
0.61,0,0.0146905836141685,0,8.7,0,0.107021501937275,0.128054530195338,0.436073897479337,0,retract
0.611,0,0.0125919288121445,0,8.7,0,0.107458326937698,0.128443788464604,0.436859616262829,0,retract
0.612,0,0.010793081838981,0,8.7,0,0.107895900022551,0.128830905955448,0.43760718488828,0,retract
0.613,0,0.00925121300484082,0,8.7,0,0.108334182706031,0.129215843023823,0.438316252678483,0,retract
0.614,0,0.0141134926472251,0.0432871705015306,8.7,0,0.108773136155048,0.129598560025686,0.438986472383717,0,retract
0.615,0,0.0120972794119072,0,8.7,0,0.109212721192663,0.129979017316991,0.439617500198163,0,retract
0.616,0,0.0164757312968052,0.0427464426061933,8.7,0,0.109652898301539,0.130357175253693,0.440208995776936,0,retract
0.617,0,0.0213596003615351,0.0506628147499141,8.7,0,0.110093627627408,0.130732994191748,0.440760622253714,0,retract
0.618,0,0.0183082288813158,0,8.7,0,0.110534868982564,0.13110643448711,0.441272046258933,0,retract
0.619,0,0.0156927676125564,0,8.7,0,0.110976581849366,0.131477456495735,0.441742937938542,0,retract
0.62,0,0.0194516554862466,0.0420049827283883,8.7,0,0.111418725383765,0.131846020573578,0.44217297097327,0,retract
0.621,0,0.0172830206210385,0.00427121142978988,8.7,0,0.111861258418849,0.132212087076594,0.442561822598414,0,retract
0.622,0,0.0148140176751759,0,8.7,0,0.112304139468412,0.132575616360738,0.442909173624101,0,retract
0.623,0,0.014675567623783,0.013844867315426,8.7,0,0.112747326730535,0.132936568781966,0.443214708456012,0,retract
0.624,0,0.0125790579632426,0,8.7,0,0.113190778091199,0.133294904696232,0.443478115116552,0,retract
0.625,0,0.0176025022038049,0.0477431676471784,8.7,0,0.113634451127913,0.133650584459491,0.443699085266425,0,retract
0.626,0,0.0180656981461086,0.020844873799931,8.7,0,0.114078303113362,0.134003568427699,0.443877314226617,0,retract
0.627,0,0.0281147820413776,0.0884092854129916,8.7,0,0.114522291019086,0.13435381695681,0.444012501000742,0,retract
0.628,0,0.0274261183403301,0.0232941361340449,8.7,0,0.114966371519171,0.134701290402781,0.444104348297745,0,retract
0.629,0,0.0340782351386777,0.0739909359287638,8.7,0,0.115410500993972,0.135045949121565,0.444152562554928,0,retract
0.63,0,0.0292099158331524,0,8.7,0,0.115854635533856,0.135387753469119,0.44415685396129,0,retract
0.631,0,0.0250370707141306,0,8.7,0,0.116298730942965,0.135726663801397,0.444116936481145,0,retract
0.632,0,0.0214603463263977,0,8.7,0,0.116742742743008,0.136062640474355,0.444032527878008,0,retract
0.633,0,0.0321972323684453,0.0966185486207313,8.7,0,0.117186626177076,0.136395643843947,0.44390334973872,0,retract
0.634,0,0.0275976277443817,0,8.7,0,0.117630336213481,0.136725634266128,0.443729127497797,0,retract
0.635,0,0.0245583260844994,0.00632251612520526,8.7,0,0.118073827549616,0.137052572096855,0.443509590461969,0,retract
0.636,0,0.0211647090525167,0.000803006860620558,8.7,0,0.118517054615847,0.137376417692081,0.443244471834905,0,retract
0.637,0,0.0205177113440886,0.01663572509352,8.7,0,0.118959971579423,0.137697131407762,0.442933508742087,0,retract
0.638,0,0.0175866097235045,0,8.7,0,0.119402532348417,0.138014673599854,0.442576442255826,0,retract
0.639,0,0.015074236905861,0,8.7,0,0.119844690575684,0.13832900462431,0.44217301742038,0,retract
0.64,0,0.012920774490738,0,8.7,0,0.120286399662854,0.138640084837088,0.441722983277176,0,retract
0.641,0,0.0110749495634897,0,8.7,0,0.120727612764344,0.13894787459414,0.441226092890096,0,retract
0.642,0,0.00949281391156261,0,8.7,0,0.121168282791397,0.139252334251424,0.44068210337082,0,retract
0.643,0,0.0115651623299895,0.0239992528405508,8.7,0,0.121608362416147,0.139553424164893,0.440090775904193,0,retract
0.644,0,0.00991299628284813,0,8.7,0,0.122047804075705,0.139851104690503,0.439451875773611,0,retract
0.645,0,0.0269172418431022,0.128942715204626,8.7,0,0.12248655997628,0.140145336184209,0.438765172386389,0,retract
0.646,0,0.0236835529396288,0.0042814195187887,8.7,0,0.122924582097317,0.140436079001967,0.438030439299107,0,retract
0.647,0,0.0203001882339675,0,8.7,0,0.12336182219566,0.14072329349973,0.437247454242901,0,retract
0.648,0,0.0243361747730313,0.0485520940074136,8.7,0,0.123798231809751,0.141006940033456,0.436415999148692,0,retract
0.649,0,0.0208595783768839,0,8.7,0,0.124233762263835,0.141286978959097,0.435535860172324,0,retract
0.65,0,0.0178796386087577,0,8.7,0,0.124668364672213,0.141563370632611,0.434606827719593,0,retract
0.651,0,0.03010255502293,0.103440053507964,8.7,0,0.125101989943501,0.141836075409951,0.433628696471161,0,retract
0.652,0,0.0258021900196543,0,8.7,0,0.125534588784925,0.142105053647073,0.432601265407315,0,retract
0.653,0,0.026306610300536,0.0293331319858261,8.7,0,0.125966111706633,0.142370265699932,0.431524337832572,0,retract
0.654,0,0.0225485231147451,0,8.7,0,0.12639650902604,0.142631671924484,0.430397721400104,0,retract
0.655,0,0.0204056062042295,0.00754810474113551,8.7,0,0.126825730872189,0.142889232676682,0.429221228135966,0,retract
0.656,0,0.0207458019996295,0.0227869767720299,8.7,0,0.127253727190143,0.143142908312483,0.427994674463108,0,retract
0.657,0,0.0177821159996825,0,8.7,0,0.127680447745396,0.143392659187842,0.42671788122516,0,retract
0.658,0,0.0152418137140135,0,8.7,0,0.128105842128306,0.143638445658714,0.425390673709967,0,retract
0.659,0,0.0142017597185749,0.00796143574594282,8.7,0,0.128529859758562,0.143880228081053,0.424012881672863,0,retract
0.66,0,0.0145978281956177,0.0169742390578749,8.7,0,0.128952449889658,0.144117966810815,0.422584339359662,0,retract
0.661,0,0.0125124241676723,0,8.7,0,0.129373561613407,0.144351622203956,0.421104885529363,0,retract
0.662,0,0.0139591159955243,0.0226392669626362,8.7,0,0.129793143864462,0.144581154616429,0.419574363476528,0,retract
0.663,0,0.0119649565675923,0,8.7,0,0.130211145424869,0.144806524404191,0.417992621053354,0,retract
0.664,0,0.0102556770579362,0,8.7,0,0.130627514928638,0.145027691923196,0.416359510691396,0,retract
0.665,0,0.00908464403819228,0.00205844591972861,8.7,0,0.131042200866338,0.1452446175294,0.414674889422935,0,retract
0.666,0,0.0104787696039931,0.018843522998798,8.7,0,0.131455151589709,0.145457261578758,0.412938618901985,0,retract
0.667,0,0.0154908067004766,0.0455630292793775,8.7,0,0.131866315316298,0.145665584427224,0.411150565424919,0,retract
0.668,0,0.0199410541657511,0.0466425389573984,8.7,0,0.132275640134115,0.145869546430755,0.409310599950693,0,retract
0.669,0,0.0216783693249322,0.0321022602800186,8.7,0,0.132683074006307,0.146069107945305,0.407418598120679,0,retract
0.67,0,0.0296848940851177,0.0777240426462307,8.7,0,0.133088564775854,0.146264229326828,0.405474440278071,0,retract
0.671,0,0.0329481138850705,0.052527432684787,8.7,0,0.133492060170282,0.146454870931282,0.403478011486861,0,retract
0.672,0,0.0282412404729175,0,8.7,0,0.133893507806396,0.146640993114619,0.401429201550382,0,retract
0.673,0,0.0294013541930936,0.0363620365141503,8.7,0,0.13429285519503,0.146822556232797,0.399327905029394,0,retract
0.674,0,0.0257371984613088,0.00375226407059954,8.7,0,0.134690049745816,0.146999520641769,0.397174021259713,0,retract
0.675,0,0.0220604558239789,0,8.7,0,0.13508503877197,0.147171846697491,0.394967454369367,0,retract
0.676,0,0.0189089621348391,0,8.7,0,0.135477769495092,0.147339494755917,0.392708113295271,0,retract
0.677,0,0.0247442357510529,0.0597558774483354,8.7,0,0.135868189049989,0.147502425173004,0.390395911799419,0,retract
0.678,0,0.025503998712626,0.0300625764820646,8.7,0,0.136256244489504,0.147660598304707,0.388030768484567,0,retract
0.679,0,0.021860570325108,0,8.7,0,0.136641882789371,0.147813974506979,0.385612606809427,0,retract
0.68,0,0.0202940426118254,0.0108948763321297,8.7,0,0.137025050853075,0.147962514135777,0.383141355103334,0,retract
0.681,0,0.0173948936672789,0,8.7,0,0.137405695516734,0.148106177547056,0.3806169465804,0,retract
0.682,0,0.0149099088576676,0,8.7,0,0.137783763553991,0.148244925096771,0.378039319353143,0,retract
0.683,0,0.0146810175417015,0.0133076696459047,8.7,0,0.138159201680916,0.148378717140876,0.375408416445587,0,retract
0.684,0,0.0151674354028749,0.0180859425699155,8.7,0,0.138531956560931,0.148507514035327,0.37272418580581,0,retract
0.685,0,0.0130006589167499,0,8.7,0,0.138901974809734,0.14863127613608,0.369986580317972,0,retract
0.686,0,0.0111434219286428,0,8.7,0,0.139269203000245,0.148749963799089,0.367195557813779,0,retract
0.687,0,0.0123416151433562,0.0195307744316365,8.7,0,0.139633587667555,0.148863537380309,0.364351081083406,0,retract
0.688,0,0.0181370878664168,0.0529099242047806,8.7,0,0.139995075313897,0.148971957235696,0.36145311788586,0,retract
0.689,0,0.0199318615121385,0.0307005033864685,8.7,0,0.140353612413609,0.149075183721204,0.358501640958793,0,retract
0.69,0,0.0170844527246901,0,8.7,0,0.140709145418126,0.149173177192789,0.355496628027751,0,retract
0.691,0,0.0155041466492783,0.00602231019680728,8.7,0,0.141061620760966,0.149265898006406,0.352438061814864,0,retract
0.692,0,0.0182567717741097,0.0347725225230982,8.7,0,0.141410984862732,0.14935330651801,0.349325930046971,0,retract
0.693,0,0.0294543712554127,0.0966399681432308,8.7,0,0.141757184136118,0.149435363083556,0.34616022546319,0,retract
0.694,0,0.0252466039332109,0,8.7,0,0.142100164990926,0.149512028059,0.342940945821912,0,retract
0.695,0,0.0276388136296736,0.0419920718084497,8.7,0,0.142439873839082,0.149583261800296,0.339668093907243,0,retract
0.696,0,0.0236904116825774,0,8.7,0,0.142776257099669,0.149649024663399,0.336341677534874,0,retract
0.697,0,0.0203060671564949,0,8.7,0,0.143109261203957,0.149709277004265,0.332961709557402,0,retract
0.698,0,0.0174052004198528,0,8.7,0,0.143438832600438,0.149763979178849,0.329528207869072,0,retract
0.699,0,0.0196273777548406,0.0329604417647677,8.7,0,0.14376491775987,0.149813091543106,0.326041195409983,0,retract
0.7,0,0.022730167524338,0.0413469061413225,8.7,0,0.144087463180321,0.14985657445299,0.322500700169722,0,retract
0.701,0,0.0194830007351469,0,8.7,0,0.144406415392219,0.149894388264459,0.318906755190452,0,retract
0.702,0,0.0183359548317956,0.0114536794116883,8.7,0,0.144721720963403,0.149926493333465,0.315259398569452,0,retract
0.703,0,0.0157165327129677,0,8.7,0,0.145033326504172,0.149952850015964,0.311558673461116,0,retract
0.704,0,0.0136945610051188,0.00156273075802532,8.7,0,0.145341178672345,0.149973418667913,0.307804628078402,0,retract
0.705,0,0.0117381951472447,0,8.7,0,0.145645224178315,0.149988159645265,0.303997315693754,0,retract
0.706,0,0.0100613101262097,0,8.7,0,0.145945409790104,0.149997033303975,0.300136794639494,0,retract
0.707,0,0.00862398010817976,0,8.7,0,0.146241682338419,0.15,0.29622312830769,0,retract
0.708,0,0.0112714369471898,0.0271561779812499,8.7,0,0.146533988721709,0.15,0.292256385149499,0,retract
0.709,0,0.0131710844430199,0.0245689694180008,8.7,0,0.146822362446288,0.15,0.288323198009869,0,retract
0.71,0,0.0150944343822768,0.0266345340178178,8.7,0,0.147106836909627,0.15,0.284423456504394,0,retract
0.711,0,0.0189438512616294,0.0420403525377455,8.7,0,0.147387445397367,0.15,0.280557047293257,0,retract
0.712,0,0.0162375867956824,0,8.7,0,0.147664221080396,0.15,0.276723854151317,0,retract
0.713,0,0.0217543745459042,0.0548551010472348,8.7,0,0.147937197012006,0.15,0.272923758037939,0,retract
0.714,0,0.0204538344358666,0.0126505937756411,8.7,0,0.148206406125108,0.15,0.269156637166508,0,retract
0.715,0,0.0238294402263626,0.0440830749693387,8.7,0,0.148471881229527,0.15,0.265422367073601,0,retract
0.716,0,0.0204252344797394,0,8.7,0,0.148733655009362,0.15,0.261720820687781,0,retract
0.717,0,0.0233802912271125,0.0411106317113515,8.7,0,0.148991760020416,0.15,0.258051868397965,0,retract
0.718,0,0.0200402496232393,0,8.7,0,0.149246228687692,0.15,0.254415378121341,0,retract
0.719,0,0.0171773568199194,0,8.7,0,0.149497093302964,0.15,0.250811215370811,0,retract
0.72,0,0.025535513693152,0.0756844549325476,8.7,0,0.149744386022406,0.15,0.247239243321926,0,retract
0.721,0,0.0218875831655589,0,8.7,0,0.149988138864293,0.15,0.243699322879284,0,retract
0.722,0,0.018760785570479,0,8.7,0,0.150228383706774,0.15,0.240191312742389,0,retract
0.723,0,0.0181537192639268,0.0145113214246136,8.7,0,0.150465152285697,0.15,0.236715069470923,0,retract
0.724,0,0.0229265485447183,0.051563524229467,8.7,0,0.150698476192512,0.15,0.23327044754944,0,retract
0.725,0,0.0264493093515045,0.0475858741922219,8.7,0,0.150928386872234,0.15,0.22985729945144,0,retract
0.726,0,0.0332165892390821,0.0738202685645478,8.7,0,0.151154915621468,0.15,0.226475475702828,0,retract
0.727,0,0.0371805057622523,0.0609640049012735,8.7,0,0.151378093586497,0.15,0.223124824944736,0,retract
0.728,0,0.0318690049390734,0,8.7,0,0.151597951761443,0.15,0.219805193995689,0,retract
0.729,0,0.0273162899477772,0,8.7,0,0.151814520986471,0.15,0.216516427913114,0,retract
0.73,0,0.0234139628123805,0,8.7,0,0.152027831946073,0.15,0.213258370054182,0,retract
0.731,0,0.0200691109820404,0,8.7,0,0.152237915167401,0.15,0.21003086213596,0,retract
0.732,0,0.0194621945880773,0.0158206962242983,8.7,0,0.152444801018666,0.15,0.206833744294883,0,retract
0.733,0,0.0228487474397055,0.043168064549475,8.7,0,0.152648519707591,0.15,0.203666855145525,0,retract
0.734,0,0.0268368596712203,0.0507655330603094,8.7,0,0.152849101279928,0.15,0.200530031838668,0,retract
0.735,0,0.0263074401053472,0.0231309227101086,8.7,0,0.153046575618028,0.15,0.197423110118663,0,retract
0.736,0,0.0225492343760119,0,8.7,0,0.153240972439471,0.15,0.194345924380082,0,retract
0.737,0,0.0193279151794388,0,8.7,0,0.153432321295752,0.15,0.191298307723639,0,retract
0.738,0,0.0206631523822473,0.0286745755990986,8.7,0,0.153620651571023,0.15,0.188280092011404,0,retract
0.739,0,0.0193353164977356,0.011368301190665,8.7,0,0.153805992480887,0.15,0.185291107921284,0,retract
0.74,0,0.0165731284266305,0,8.7,0,0.153988373071247,0.15,0.182331185000776,0,retract
0.741,0,0.0142055386513976,0,8.7,0,0.154167822217215,0.15,0.179400151719994,0,retract
0.742,0,0.0121761759869122,0,8.7,0,0.154344368622063,0.15,0.176497835523959,0,retract
0.743,0,0.0200773605322888,0.0674844678045481,8.7,0,0.154518040816232,0.15,0.17362406288416,0,retract
0.744,0,0.0276291792618863,0.0729400916394713,8.7,0,0.154688867156394,0.15,0.170778659349381,0,retract
0.745,0,0.0391597455145442,0.108343143030492,8.7,0,0.154856875824559,0.15,0.167961449595788,0,retract
0.746,0,0.0383035471651643,0.0331663570688848,8.7,0,0.155022094827235,0.15,0.165172257476288,0,retract
0.747,0,0.0328316118558551,0,8.7,0,0.155184551994639,0.15,0.162410906069151,0,retract
0.748,0,0.0383176659466895,0.071233990491696,8.7,0,0.15534427497995,0.15,0.159677217725897,0,retract
0.749,0,0.032843713668591,0,8.7,0,0.155501291258614,0.15,0.156971014118448,0,retract
0.75,0,0.0332367202745567,0.0355947599103509,8.7,0,0.155655628127696,0.15,0.154292116285553,0,retract
0.751,0,0.0284886173781915,0,8.7,0,0.155807312705279,0.15,0.151640344678478,0,retract
0.752,0,0.0244188148955927,0,8.7,0,0.155956371929899,0.15,0.149015519205967,0,retract
0.753,0,0.0282988317868698,0.0515789331345324,8.7,0,0.15610283256004,0.15,0.146417459278478,0,retract
0.754,0,0.0242561415316027,0,8.7,0,0.156246721173659,0.15,0.14384598385169,0,retract
0.755,0,0.0350214241699,0.0996131199996841,8.7,0,0.156388064167762,0.15,0.141300911469289,0,retract
0.756,0,0.0318194755554756,0.0126077838689288,8.7,0,0.156526887758018,0.15,0.138782060305032,0,retract
0.757,0,0.0272738361904076,0,8.7,0,0.15666321797842,0.15,0.136289248204099,0,retract
0.758,0,0.0233775738774923,0,8.7,0,0.156797080680979,0.15,0.133822292723717,0,retract
0.759,0,0.0200379204664219,0,8.7,0,0.156928501535465,0.15,0.131381011173083,0,retract
0.76,0,0.0185494442542688,0.00961858698135014,8.7,0,0.157057506029187,0.15,0.128965220652577,0,retract
0.761,0,0.0204287591149932,0.0317046482793398,8.7,0,0.157184119466805,0.15,0.126574738092261,0,retract
0.762,0,0.0175103649557085,0,8.7,0,0.15730836697019,0.15,0.124209380289687,0,retract
0.763,0,0.0150088842477501,0,8.7,0,0.157430273478313,0.15,0.121868963946996,0,retract
0.764,0,0.0210918587870541,0.0575897060228777,8.7,0,0.157549863747176,0.15,0.119553305707332,0,retract
0.765,0,0.0180787361031892,0,8.7,0,0.157667162349774,0.15,0.117262222190556,0,retract
0.766,0,0.0274144989256599,0.0834290758604842,8.7,0,0.157782193676099,0.15,0.11499553002828,0,retract
0.767,0,0.0327784782743886,0.0649623543667605,8.7,0,0.157894981933172,0.15,0.112753045898217,0,retract
0.768,0,0.0280958385209045,0,8.7,0,0.158005551145113,0.15,0.110534586557847,0,retract
0.769,0,0.026894980014299,0.0196898289746661,8.7,0,0.158113925153242,0.15,0.108339968877418,0,retract
0.77,0,0.0230528400122563,0,8.7,0,0.158220127616214,0.15,0.10616900987227,0,retract
0.771,0,0.0198927607217081,0.000932284978418925,8.7,0,0.158324182010187,0.15,0.1040215267345,0,retract
0.772,0,0.0223777688264887,0.037287817455172,8.7,0,0.158426111629015,0.15,0.101897336863961,0,retract
0.773,0,0.0191809447084189,0,8.7,0,0.15852593958448,0.15,0.0997962578986112,0,retract
0.774,0,0.0164408097500733,0,8.7,0,0.15862368880655,0.15,0.0977181077442061,0,retract
0.775,0,0.01409212264292,0,8.7,0,0.158719382043664,0.15,0.0956627046033533,0,retract
0.776,0,0.01207896226536,0,8.7,0,0.15881304186305,0.15,0.0936298670039198,0,retract
0.777,0,0.0103533962274514,0,8.7,0,0.158904690651067,0.15,0.0916194138268078,0,retract
0.778,0,0.0164620630360882,0.0531140638879091,8.7,0,0.158994350613577,0.15,0.0896311643330981,0,retract
0.779,0,0.0141103397452185,0,8.7,0,0.159082043776345,0.15,0.0876649381905706,0,retract
0.78,0,0.0130008245599678,0.00634373344846343,8.7,0,0.15916779198546,0.15,0.0857205554996038,0,retract
0.781,0,0.0111435639085438,0,8.7,0,0.159251616907784,0.15,0.0837978368184607,0,retract
0.782,0,0.00955162620732325,0,8.7,0,0.15933354003143,0.15,0.0818966031879668,0,retract
0.783,0,0.00904157494914096,0.00598126740004722,8.7,0,0.159413582666258,0.15,0.0800166761555831,0,retract
0.784,0,0.016995508096929,0.0647191069836572,8.7,0,0.159491765944397,0.15,0.0781578777988848,0,retract
0.785,0,0.0145675783687963,0,8.7,0,0.159568110820792,0.15,0.0763200307484445,0,retract
0.786,0,0.0124864957446825,0,8.7,0,0.159642638073768,0.15,0.0745029582101319,0,retract
0.787,0,0.0134071912702972,0.0189313644239855,8.7,0,0.159715368305628,0.15,0.0727064839868323,0,retract
0.788,0,0.0194982963848791,0.0560449270723703,8.7,0,0.159786321943252,0.15,0.0709304324995911,0,retract
0.789,0,0.0167128254727535,0,8.7,0,0.159855519238739,0.15,0.069174628808188,0,retract
0.79,0,0.0143252789766459,0,8.7,0,0.159922980270055,0.15,0.0674388986311507,0,retract
0.791,0,0.0142045396113221,0.0134801034193793,8.7,0,0.159988724941702,0.15,0.0657230683652106,0,retract
0.792,0,0.0121753196668475,0,8.7,0,0.160052772985413,0.15,0.064026965104207,0,retract
0.793,0,0.0148848350969553,0.0311419276776021,8.7,0,0.160115143960858,0.15,0.0623504166574477,0,retract
0.794,0,0.0257691141465869,0.0910747884443766,8.7,0,0.160175857256373,0.15,0.0606932515675298,0,retract
0.795,0,0.0220878121256459,0,8.7,0,0.160234932089703,0.15,0.0590552991276289,0,retract
0.796,0,0.0189324103934108,0,8.7,0,0.160292387508764,0.15,0.0574363893982599,0,retract
0.797,0,0.0162277803372093,0,8.7,0,0.16034824239242,0.15,0.0558363532235192,0,retract
0.798,0,0.0146076665746876,0.00488698399955795,8.7,0,0.160402515451278,0.15,0.0542550222468112,0,retract
0.799,0,0.0236071555362676,0.0776040893057471,8.7,0,0.160455225228497,0.15,0.0526922289260668,0,retract
0.8,0,0.020963677448562,0.00510280892232829,8.7,0,0.160506390100608,0.15,0.0511478065484606,0,retract
0.801,0,0.0179688663844817,0,8.7,0,0.160556028278359,0.15,0.0496215892446312,0,retract
0.802,0,0.0154018854724129,0,8.7,0,0.16060415780756,0.15,0.0481134120024129,0,retract
0.803,0,0.0155130636357263,0.016180132615607,8.7,0,0.160650796569955,0.15,0.0466231106800835,0,retract
0.804,0,0.0227124247738822,0.0659085916028179,8.7,0,0.160695962284094,0.15,0.0451505220191348,0,retract
0.805,0,0.0194677926633276,0,8.7,0,0.160739672506228,0.15,0.0436954836565731,0,retract
0.806,0,0.0166866794257094,0,8.7,0,0.160781944631211,0.15,0.0422578341367538,0,retract
0.807,0,0.0191798179492321,0.0341386490903679,8.7,0,0.160822795893412,0.15,0.0408374129227593,0,retract
0.808,0,0.0164398439564846,0,8.7,0,0.160862243367643,0.15,0.0394340604073228,0,retract
0.809,0,0.0227347134049996,0.0605039300960893,8.7,0,0.160900303970094,0.15,0.0380476179233086,0,retract
0.81,0,0.0194868972042853,0,8.7,0,0.160936994459276,0.15,0.0366779277537508,0,retract
0.811,0,0.0167030547465303,0,8.7,0,0.160972331436983,0.15,0.0353248331414603,0,retract
0.812,0,0.0246213778128363,0.0721313162106722,8.7,0,0.161006331349251,0.15,0.0339881782982036,0,retract
0.813,0,0.0211040381252882,0,8.7,0,0.161039010487335,0.15,0.032667808413462,0,retract
0.814,0,0.0180891755359614,0,8.7,0,0.161070384988689,0.15,0.0313635696627751,0,retract
0.815,0,0.0155050076022526,0,8.7,0,0.16110047083796,0.15,0.0300753092156776,0,retract
0.816,0,0.0164616135225608,0.02220124904441,8.7,0,0.161129283867981,0.15,0.0288028752432324,0,retract
0.817,0,0.0141099544479092,0,8.7,0,0.161156839760782,0.15,0.0275461169251691,0,retract
0.818,0,0.0120942466696365,0,8.7,0,0.161183154048597,0.15,0.0263048844566327,0,retract
0.819,0,0.0103664971454027,0,8.7,0,0.161208242114885,0.15,0.0250790290545485,0,retract
0.82,0,0.0100398774502204,0.00808015927912652,8.7,0,0.161232119195353,0.15,0.0238684029636101,0,retract
0.821,0,0.00860560924304606,0,8.7,0,0.16125480037899,0.15,0.0226728594618967,0,retract
0.822,0,0.0171356311758088,0.0683157627723855,8.7,0,0.161276300609097,0.15,0.0214922528661247,0,retract
0.823,0,0.0234964785174362,0.0616615625672006,8.7,0,0.161296634684333,0.15,0.0203264385365409,0,retract
0.824,0,0.0201398387292311,0,8.7,0,0.161315817259758,0.15,0.0191752728814634,0,retract
0.825,0,0.0172627189107695,0,8.7,0,0.16133386284788,0.15,0.0180386133614751,0,retract
0.826,0,0.0156822870228714,0.00619969569548299,8.7,0,0.161350785819714,0.15,0.0169163184932772,0,retract
0.827,0,0.0210681578996759,0.0533833831605032,8.7,0,0.161366600405834,0.15,0.0158082478532076,0,retract
0.828,0,0.0180584210568651,0,8.7,0,0.161381320697436,0.15,0.0147142620804315,0,retract
0.829,0,0.0182891311696532,0.0196733918463817,8.7,0,0.161394960647401,0.15,0.0136342228798087,0,retract
0.83,0,0.0219362687172961,0.0438190940031536,8.7,0,0.161407534071361,0.15,0.012567993024444,0,retract
0.831,0,0.0217304939496436,0.0204958453437289,8.7,0,0.161419054648766,0.15,0.011515436357928,0,retract
0.832,0,0.0186261376711231,0,8.7,0,0.161429535923955,0.15,0.0104764177962717,0,retract
0.833,0,0.0229823040034948,0.0491193019977248,8.7,0,0.161438991307229,0.15,0.00945080332954267,0,retract
0.834,0,0.0207964103549169,0.00768104846344942,8.7,0,0.161447434075923,0.15,0.00843846002320774,0,retract
0.835,0,0.0178254945899288,0,8.7,0,0.161454877375482,0.15,0.00743925601918836,0,retract
0.836,0,0.0152789953627961,0,8.7,0,0.161461334220533,0.15,0.006453060536634,0,retract
0.837,0,0.0154799768977216,0.016685866107275,8.7,0,0.161466817495966,0.15,0.00547974387241935,0,retract
0.838,0,0.0151378411029272,0.0130850263341607,8.7,0,0.161471339958006,0.15,0.00451917740137155,0,retract
0.839,0,0.0253086733087925,0.0863336665439844,8.7,0,0.161474914235291,0.15,0.00357123357623186,0,retract
0.84,0,0.0322821114782529,0.0741227404950148,8.7,0,0.161477552829947,0.15,0.00263578592735883,0,retract
0.841,0,0.0276703812670739,0,8.7,0,0.161479268118666,0.15,0.00171270906217718,0,retract
0.842,0,0.0237174696574919,0,8.7,0,0.161480072353777,0.15,0.000801878664378753,0,retract
0.843,0,0.0285663344263602,0.0576595230395703,8.7,0,0.161479977664324,0.15,-9.68285071194221e-05,9.68285071194221e-05,retract
0.844,0,0.0244854295083088,0,8.7,0,0.161478996057135,0.15,-0.000983534619454542,0.000983534619454542,retract
0.845,0,0.0209875110071218,0,8.7,0,0.161477139417894,0.15,-0.00185836076732919,0.00185836076732919,retract
0.846,0,0.0280902858529271,0.0707069349277588,8.7,0,0.161474419512212,0.15,-0.00272142697474944,0.00272142697474944,retract
0.847,0,0.0240773878739375,0,8.7,0,0.161470847986695,0.15,-0.00357285219698439,0.00357285219698439,retract
0.848,0,0.0206377610348036,0,8.7,0,0.161466436370004,0.15,-0.00441275432274173,0.00441275432274173,retract
0.849,0,0.0179386268308627,0.00174382160721778,8.7,0,0.161461196073925,0.15,-0.00524125017655444,0.00524125017655444,retract
0.85,0,0.0153759658550252,0,8.7,0,0.161455138394428,0.15,-0.00605845552137348,0.00605845552137348,retract
0.851,0,0.0131793993043073,0,8.7,0,0.161448274512719,0.15,-0.00686448506136127,0.00686448506136127,retract
0.852,0,0.0154310132966953,0.0289406972510228,8.7,0,0.161440615496302,0.15,-0.00765945244488073,0.00765945244488073,retract
0.853,0,0.0238974752908335,0.0746962472556631,8.7,0,0.161432172300028,0.15,-0.00844347026767544,0.00844347026767544,retract
0.854,0,0.0204835502492859,0,8.7,0,0.161422955767142,0.15,-0.00921665007623535,0.00921665007623535,retract
0.855,0,0.0175573287851022,0,8.7,0,0.161412976630333,0.15,-0.00997910237134389,0.00997910237134389,retract
0.856,0,0.015049138958659,0,8.7,0,0.161402245512766,0.15,-0.0107309366118008,0.0107309366118008,retract
0.857,0,0.0128992619645649,0,8.7,0,0.161390772929129,0.15,-0.0114722612183165,0.0114722612183165,retract
0.858,0,0.0110565102553413,0,8.7,0,0.161378569286662,0.15,-0.012203183577573,0.012203183577573,retract
0.859,0,0.00947700879029255,0,8.7,0,0.161365644886185,0.15,-0.0129238100464474,0.0129238100464474,retract
0.86,0,0.0131052585754575,0.0348747572864472,8.7,0,0.161352009923125,0.15,-0.0136342459563913,0.0136342459563913,retract
0.861,0,0.0112330787789636,0,8.7,0,0.161337674488536,0.15,-0.0143345956179642,0.0143345956179642,retract
0.862,0,0.00962835323911164,0,8.7,0,0.161322648570115,0.15,-0.0150249623255148,0.0150249623255148,retract
0.863,0,0.015846566067877,0.0531558430404694,8.7,0,0.161306942053211,0.15,-0.0157054483620058,0.0157054483620058,retract
0.864,0,0.0149975542484295,0.00990348333174414,8.7,0,0.161290564721833,0.15,-0.0163761550039783,0.0163761550039783,retract
0.865,0,0.0128550464986538,0,8.7,0,0.161273526259652,0.15,-0.0170371825266506,0.0170371825266506,retract
0.866,0,0.0110186112845604,0,8.7,0,0.161255836250992,0.15,-0.0176886302091487,0.0176886302091487,retract
0.867,0,0.0109249174067261,0.0103627541397201,8.7,0,0.161237504181825,0.15,-0.018330596339862,0.018330596339862,retract
0.868,0,0.0184465031909948,0.0635760178966067,8.7,0,0.161218539440757,0.15,-0.0189631782219216,0.0189631782219216,retract
0.869,0,0.0158112884494241,0,8.7,0,0.16119895132,0.15,-0.0195864721787974,0.0195864721787974,retract
0.87,0,0.0142566014116596,0.00492847918507257,8.7,0,0.161178749016355,0.15,-0.0202005735600078,0.0202005735600078,retract
0.871,0,0.0122199440671368,0,8.7,0,0.161157941632174,0.15,-0.0208055767469401,0.0208055767469401,retract
0.872,0,0.0137068960084746,0.0226286076565013,8.7,0,0.161136538176323,0.15,-0.0214015751587767,0.0214015751587767,retract
0.873,0,0.0117487680072639,0,8.7,0,0.16111454756514,0.15,-0.021988661258523,0.021988661258523,retract
0.874,0,0.0100703725776548,0,8.7,0,0.161091978623384,0.15,-0.0225669265591336,0.0225669265591336,retract
0.875,0,0.0114259063306513,0.0195591088486305,8.7,0,0.161068840085177,0.15,-0.0231364616297327,0.0231364616297327,retract
0.876,0,0.0103833718779579,0.00412816516179735,8.7,0,0.161045140594944,0.15,-0.0236973561019248,0.0236973561019248,retract
0.877,0,0.00890003303824962,0,8.7,0,0.161020888708344,0.15,-0.0242496986761922,0.0242496986761922,retract
0.878,0,0.0076285997470711,0,8.7,0,0.160996092893192,0.15,-0.024793577128376,0.024793577128376,retract
0.879,0,0.0163310009109528,0.0685454078942432,8.7,0,0.16097076153038,0.15,-0.0253290783162358,0.0253290783162358,retract
0.88,0,0.0187453616879886,0.0332315263502033,8.7,0,0.160944902914788,0.15,-0.0258562881860859,0.0258562881860859,retract
0.881,0,0.0163005497603364,0.00163167819442281,8.7,0,0.160918525256187,0.15,-0.026375291779504,0.026375291779504,retract
0.882,0,0.0153120356144789,0.00938095073933417,8.7,0,0.16089163668014,0.15,-0.0268861732401079,0.0268861732401079,retract
0.883,0,0.0131246019552676,0,8.7,0,0.160864245228892,0.15,-0.0273890158203993,0.0273890158203993,retract
0.884,0,0.0112496588188008,0,8.7,0,0.160836358862251,0.15,-0.0278839018886684,0.0278839018886684,retract
0.885,0,0.0137342505906699,0.0286418012218841,8.7,0,0.160807985458471,0.15,-0.0283709129359584,0.0283709129359584,retract
0.886,0,0.0117722147920027,0,8.7,0,0.16077913281512,0.15,-0.0288501295830848,0.0288501295830848,retract
0.887,0,0.0218124960795622,0.0820541838049189,8.7,0,0.160749808649944,0.15,-0.0293216315877083,0.0293216315877083,retract
0.888,0,0.0310103572280603,0.0861975241190492,8.7,0,0.16072002060172,0.15,-0.0297854978514562,0.0297854978514562,retract
0.889,0,0.0305014497093984,0.0274480045974267,8.7,0,0.160689776231109,0.15,-0.0302418064270905,0.0302418064270905,retract
0.89,0,0.0261440997509129,0,8.7,0,0.1606590830215,0.15,-0.0306906345257194,0.0306906345257194,retract
0.891,0,0.0224092283579253,0,8.7,0,0.160627948379836,0.15,-0.0311320585240485,0.0311320585240485,retract
0.892,0,0.0192079100210789,0,8.7,0,0.16059637963745,0.15,-0.0315661539716703,0.0315661539716703,retract
0.893,0,0.0203392167037257,0.027127056799607,8.7,0,0.160564384050882,0.15,-0.0319929955983876,0.0319929955983876,retract
0.894,0,0.0174336143174792,0,8.7,0,0.160531968802692,0.15,-0.0324126573215686,0.0324126573215686,retract
0.895,0,0.0199077831104448,0.0347527958682384,8.7,0,0.160499141002264,0.15,-0.0328252122535315,0.0328252122535315,retract
0.896,0,0.017063814094667,0,8.7,0,0.160465907686607,0.15,-0.0332307327089547,0.0332307327089547,retract
0.897,0,0.016880527794058,0.0157808099904039,8.7,0,0.160432275821142,0.15,-0.0336292902123109,0.0336292902123109,retract
0.898,0,0.0227552511775476,0.0580035914784857,8.7,0,0.160398252300489,0.15,-0.0340209555053222,0.0340209555053222,retract
0.899,0,0.0242281285394353,0.0330653927107615,8.7,0,0.160363843949239,0.15,-0.0344057985544334,0.0344057985544334,retract
0.9,0,0.020766967319516,0,8.7,0,0.160329057522726,0.15,-0.0347838885583013,0.0347838885583013,retract
0.901,0,0.0178002577024423,0,8.7,0,0.160293899707784,0.15,-0.0351552939552977,0.0351552939552977,retract
0.902,0,0.0152573637449505,0,8.7,0,0.160258377123503,0.15,-0.0355200824310227,0.0355200824310227,retract
0.903,0,0.0130777403528147,0,8.7,0,0.160222496321974,0.15,-0.0358783209258276,0.0358783209258276,retract
0.904,0,0.0192908548576023,0.0565695418863275,8.7,0,0.160186263789026,0.15,-0.0362300756423432,0.0362300756423432,retract
0.905,0,0.0165350184493734,0,8.7,0,0.16014968594496,0.15,-0.0365754120530129,0.0365754120530129,retract
0.906,0,0.0205879706868482,0.0449056841116969,8.7,0,0.160112769145266,0.15,-0.0369143949076271,0.0369143949076271,retract
0.907,0,0.0176468320172984,0,8.7,0,0.160075519681346,0.15,-0.0372470882408577,0.0372470882408577,retract
0.908,0,0.0151258560148272,0,8.7,0,0.160037943781217,0.15,-0.0375735553797902,0.0375735553797902,retract
0.909,0,0.0278121693477973,0.103930049345618,8.7,0,0.160000047610214,0.15,-0.0378938589514506,0.0378938589514506,retract
0.91,0,0.0457489266770025,0.153369470652233,8.7,0,0.159961837271681,0.15,-0.0382080608903263,0.0382080608903263,retract
0.911,0,0.0441557204495476,0.0345964830848185,8.7,0,0.15992331880766,0.15,-0.0385162224458788,0.0385162224458788,retract
0.912,0,0.0391509052246773,0.00912201387545494,8.7,0,0.159884498199566,0.15,-0.0388184041900449,0.0388184041900449,retract
0.913,0,0.0335579187640091,0,8.7,0,0.159845381368857,0.15,-0.0391146660247263,0.0391146660247263,retract
0.914,0,0.0287639303691506,0,8.7,0,0.159805974177702,0.15,-0.0394050671892648,0.0394050671892648,retract
0.915,0,0.0287904651242764,0.0289496736550308,8.7,0,0.159766282429631,0.15,-0.0396896662679014,0.0396896662679014,retract
0.916,0,0.0279835164534298,0.0231418244283507,8.7,0,0.159726311870187,0.15,-0.0399685211972177,0.0399685211972177,retract
0.917,0,0.023985871245797,0,8.7,0,0.159686068187563,0.15,-0.0402416892735573,0.0402416892735573,retract
0.918,0,0.0236905970247343,0.0219189516983578,8.7,0,0.159645557013243,0.15,-0.0405092271604268,0.0405092271604268,retract
0.919,0,0.0203062260212008,0,8.7,0,0.159604783922618,0.15,-0.0407711908958735,0.0407711908958735,retract
0.92,0,0.0338384549701898,0.115031828664124,8.7,0,0.159563754435613,0.15,-0.0410276358998386,0.0410276358998386,retract
0.921,0,0.0316790860934556,0.0187228728330504,8.7,0,0.159522474017294,0.15,-0.0412786169814846,0.0412786169814846,retract
0.922,0,0.027971169945737,0.00572367305942523,8.7,0,0.159480948078473,0.15,-0.0415241883464952,0.0415241883464952,retract
0.923,0,0.0239752885249174,0,8.7,0,0.159439181976306,0.15,-0.0417644036043461,0.0417644036043461,retract
0.924,0,0.0205502473070721,0,8.7,0,0.159397181014881,0.15,-0.0419993157755459,0.0419993157755459,retract
0.925,0,0.0189797364979846,0.00955667164345936,8.7,0,0.159354950445802,0.15,-0.0422289772988444,0.0422289772988444,retract
0.926,0,0.016268345569701,0,8.7,0,0.159312495468762,0.15,-0.0424534400384085,0.0424534400384085,retract
0.927,0,0.0220220192618512,0.0565440614147524,8.7,0,0.159269821232113,0.15,-0.0426727552909635,0.0426727552909635,retract
0.928,0,0.0188760165101582,0,8.7,0,0.159226932833429,0.15,-0.0428869737928987,0.0428869737928987,retract
0.929,0,0.0161794427229927,0,8.7,0,0.159183835320052,0.15,-0.0430961457273354,0.0430961457273354,retract
0.93,0,0.0138680937625652,0,8.7,0,0.159140533689649,0.15,-0.0433003207311583,0.0433003207311583,retract
0.931,0,0.0119649787777295,0.000546288868715255,8.7,0,0.159097032890746,0.15,-0.043499547902006,0.043499547902006,retract
0.932,0,0.0209527951037624,0.0748796930599597,8.7,0,0.159053337823259,0.15,-0.0436938758052221,0.0436938758052221,retract
0.933,0,0.0179595386603678,0,8.7,0,0.159009453339028,0.15,-0.0438833524807643,0.0438833524807643,retract
0.934,0,0.0240913332326815,0.060882100666564,8.7,0,0.158965384242327,0.15,-0.0440680254500711,0.0440680254500711,retract
0.935,0,0.0206497141994413,0,8.7,0,0.158921135290383,0.15,-0.0442479417228854,0.0442479417228854,retract
0.936,0,0.0295845611254703,0.0831936426816443,8.7,0,0.158876711193878,0.15,-0.0444231478040328,0.0444231478040328,retract
0.937,0,0.0256110564856238,0.00177002864654481,8.7,0,0.158832116617451,0.15,-0.0445936897001546,0.0445936897001546,retract
0.938,0,0.0219523341305347,0,8.7,0,0.158787356180185,0.15,-0.0447596129263951,0.0447596129263951,retract
0.939,0,0.022964584767186,0.029038088587094,8.7,0,0.158742434456098,0.15,-0.0449209625130406,0.0449209625130406,retract
0.94,0,0.0318037814962465,0.0848389618706097,8.7,0,0.158697355974619,0.15,-0.0450777830121109,0.0450777830121109,retract
0.941,0,0.0272603841396399,0,8.7,0,0.15865212522106,0.15,-0.0452301185039021,0.0452301185039021,retract
0.942,0,0.0233660435482628,0,8.7,0,0.158606746637085,0.15,-0.0453780126034787,0.0453780126034787,retract
0.943,0,0.0200280373270824,0,8.7,0,0.158561224621166,0.15,-0.0455215084671163,0.0455215084671163,retract
0.944,0,0.0173407837343154,0.00121726217771321,8.7,0,0.158515563529037,0.15,-0.0456606487986927,0.0456606487986927,retract
0.945,0,0.0209953334072964,0.0429226314451828,8.7,0,0.15846976767414,0.15,-0.0457954758560268,0.0457954758560268,retract
0.946,0,0.026509613430804,0.0595952935718497,8.7,0,0.158423841328069,0.15,-0.0459260314571654,0.0459260314571654,retract
0.947,0,0.022722525797832,0,8.7,0,0.158377788721,0.15,-0.0460523569866169,0.0460523569866169,retract
0.948,0,0.019476450683856,0,8.7,0,0.158331614042121,0.15,-0.0461744934015307,0.0461744934015307,retract
0.949,0,0.0197341148650411,0.0212800999521518,8.7,0,0.158285321440053,0.15,-0.046292481237823,0.046292481237823,retract
0.95,0,0.0189296244744309,0.0141026821307693,8.7,0,0.158238915023267,0.15,-0.0464063606162472,0.0464063606162472,retract
0.951,0,0.016225392406655,0,8.7,0,0.158192398860492,0.15,-0.0465161712484088,0.0465161712484088,retract
0.952,0,0.0163525081061141,0.0171152023028689,8.7,0,0.158145776981121,0.15,-0.0466219524427254,0.0466219524427254,retract
0.953,0,0.0219103751335806,0.0552575772983794,8.7,0,0.158099053375606,0.15,-0.0467237431103287,0.0467237431103287,retract
0.954,0,0.0187803215430691,0,8.7,0,0.158052231995855,0.15,-0.0468215817709117,0.0468215817709117,retract
0.955,0,0.0160974184654878,0,8.7,0,0.158005316755611,0.15,-0.0469155065585168,0.0469155065585168,retract
0.956,0,0.0232971912035047,0.0664958276316063,8.7,0,0.157958311530839,0.15,-0.0470055552272683,0.0470055552272683,retract
0.957,0,0.0199690210315755,0,8.7,0,0.157911220160099,0.15,-0.0470917651570449,0.0470917651570449,retract
0.958,0,0.0171163037413504,0,8.7,0,0.157864046444913,0.15,-0.0471741733590956,0.0471741733590956,retract
0.959,0,0.0146711174925861,0,8.7,0,0.157816794150131,0.15,-0.0472528164815966,0.0472528164815966,retract
0.96,0,0.0183086687195218,0.0401339760811366,8.7,0,0.157769467004289,0.15,-0.0473277308151488,0.0473277308151488,retract
0.961,0,0.015693144616733,0,8.7,0,0.15772206869996,0.15,-0.0473989522982167,0.0473989522982167,retract
0.962,0,0.0134512668143426,0,8.7,0,0.157674602894104,0.15,-0.0474665165225084,0.0474665165225084,retract
0.963,0,0.013504078962383,0.0138209518506258,8.7,0,0.157627073208408,0.15,-0.0475304587382946,0.0475304587382946,retract
0.964,0,0.0151112272702832,0.0247541171176843,8.7,0,0.157579483229623,0.15,-0.0475908138596698,0.0475908138596698,retract
0.965,0,0.0149635245629178,0.0140773083187256,8.7,0,0.157531836509896,0.15,-0.0476476164697518,0.0476476164697518,retract
0.966,0,0.0128258781967867,0,8.7,0,0.157484136567098,0.15,-0.0477009008258222,0.0477009008258222,retract
0.967,0,0.020703988223748,0.0679726483855158,8.7,0,0.157436386885142,0.15,-0.0477507008644067,0.0477507008644067,retract
0.968,0,0.0177462756203554,0,8.7,0,0.157388590914299,0.15,-0.0477970502062942,0.0477970502062942,retract
0.969,0,0.0152110933888761,0,8.7,0,0.157340752071516,0.15,-0.0478399821614968,0.0478399821614968,retract
0.97,0,0.0130380800476081,0,8.7,0,0.157292873740713,0.15,-0.0478795297341477,0.0478795297341477,retract
0.971,0,0.0120822897133032,0.00634754770747368,8.7,0,0.157244959273093,0.15,-0.0479157256273404,0.0479157256273404,retract
0.972,0,0.0103562483256884,0,8.7,0,0.157197011987432,0.15,-0.0479486022479063,0.0479486022479063,retract
0.973,0,0.00887678427916151,0,8.7,0,0.157149035170377,0.15,-0.0479781917111315,0.0479781917111315,retract
0.974,0,0.0185401782174691,0.0765205418473146,8.7,0,0.157101032076728,0.15,-0.0480045258454138,0.0480045258454138,retract
0.975,0,0.0158915813292592,0,8.7,0,0.157053005929725,0.15,-0.0480276361968588,0.0480276361968588,retract
0.976,0,0.0136213554250793,0,8.7,0,0.157004959921324,0.15,-0.0480475540338153,0.0480475540338153,retract
0.977,0,0.0201265537983828,0.0591577440382034,8.7,0,0.156956897212472,0.15,-0.0480643103513509,0.0480643103513509,retract
0.978,0,0.0172513318271852,0,8.7,0,0.156908820933375,0.15,-0.0480779358756664,0.0480779358756664,retract
0.979,0,0.014786855851873,0,8.7,0,0.156860734183764,0.15,-0.0480884610684506,0.0480884610684506,retract
0.98,0,0.0141339238943096,0.0102163321489288,8.7,0,0.156812640033157,0.15,-0.0480959161311745,0.0480959161311745,retract
0.981,0,0.0121147919094082,0,8.7,0,0.156764541521111,0.15,-0.0481003310093259,0.0481003310093259,retract
0.982,0,0.0103841073509213,0,8.7,0,0.156716441657481,0.15,-0.0481017353965834,0.0481017353965834,retract
0.983,0,0.0122555343358121,0.0234840962451564,8.7,0,0.156668343422661,0.15,-0.0481001587389316,0.0481001587389316,retract
0.984,0,0.0105047437164103,0,8.7,0,0.156620249767835,0.15,-0.0480956302387153,0.0480956302387153,retract
0.985,0,0.00900406604263743,0,8.7,0,0.15657216361521,0.15,-0.048088178858636,0.048088178858636,retract
0.986,0,0.00771777089368922,0,8.7,0,0.156524087858259,0.15,-0.0480778333256879,0.0480778333256879,retract
0.987,0,0.00858631078253558,0.0137975501156137,8.7,0,0.156476025361948,0.15,-0.0480646221350348,0.0480646221350348,retract
0.988,0,0.0147034434153412,0.051406239212175,8.7,0,0.156427978962968,0.15,-0.0480485735538293,0.0480485735538293,retract
0.989,0,0.0127691385945818,0.00116330967002538,8.7,0,0.156379951469957,0.15,-0.0480297156249724,0.0480297156249724,retract
0.99,0,0.010944975938213,0,8.7,0,0.156331945663725,0.15,-0.0480080761708154,0.0480080761708154,retract
0.991,0,0.0149111430013494,0.0387081453801683,8.7,0,0.156283964297464,0.15,-0.0479836827968027,0.0479836827968027,retract
0.992,0,0.0127809797154424,0,8.7,0,0.156236010096972,0.15,-0.0479565628950583,0.0479565628950583,retract
0.993,0,0.0159008815014985,0.0346202922178352,8.7,0,0.156188085760852,0.15,-0.0479267436479136,0.0479267436479136,retract
0.994,0,0.0136293270012844,0,8.7,0,0.156140193960728,0.15,-0.0478942520313782,0.0478942520313782,retract
0.995,0,0.0226712203269265,0.0769225802807792,8.7,0,0.156092337341444,0.15,-0.0478591148185538,0.0478591148185538,retract
0.996,0,0.023828356630436,0.0307711744514928,8.7,0,0.156044518521263,0.15,-0.0478213585829919,0.0478213585829919,retract
0.997,0,0.0204694545618095,0.000316042150050383,8.7,0,0.155996740092068,0.15,-0.0477810097019941,0.0477810097019941,retract
0.998,0,0.0175452467672653,0,8.7,0,0.155949004619549,0.15,-0.0477380943598575,0.0477380943598575,retract
0.999,0,0.0159088158616235,0.0060902304277727,8.7,0,0.155901314643399,0.15,-0.0476926385510635,0.0476926385510635,retract
1,0,0.019549105203699,0.0413908412561519,8.7,0,0.1558536726775,0.15,-0.0476446680834126,0.0476446680834126,retract
1.001,0,0.0179204610233254,0.0081485959410839,8.7,0,0.155806081210103,0.15,-0.0475942085811022,0.0475942085811022,retract
1.002,0,0.0194107045482094,0.0283521656975135,8.7,0,0.155758542704014,0.15,-0.047541285487752,0.047541285487752,retract
1.003,0,0.0166377467556081,0,8.7,0,0.155711059596768,0.15,-0.0474859240693734,0.0474859240693734,retract
1.004,0,0.0142609257905212,0,8.7,0,0.155663634300807,0.15,-0.0474281494172863,0.0474281494172863,retract
1.005,0,0.0173940652986252,0.0361929023472491,8.7,0,0.155616269203651,0.15,-0.0473679864509814,0.0473679864509814,retract
1.006,0,0.014909198827393,0,8.7,0,0.155568966668067,0.15,-0.0473054599209305,0.0473054599209305,retract
1.007,0,0.0184571715120427,0.0397450076199405,8.7,0,0.155521729032235,0.15,-0.047240594411343,0.047240594411343,retract
1.008,0,0.0166400702987241,0.00573746301881306,8.7,0,0.155474558609914,0.15,-0.0471734143428712,0.0471734143428712,retract
1.009,0,0.0142629173989064,0,8.7,0,0.155427457690601,0.15,-0.0471039439752629,0.0471039439752629,retract
1.01,0,0.0173223856998647,0.0356791955056141,8.7,0,0.155380428539692,0.15,-0.0470322074099633,0.0470322074099633,retract
1.011,0,0.0148477591713126,0,8.7,0,0.155333473398636,0.15,-0.0469582285926651,0.0469582285926651,retract
1.012,0,0.0137129358481057,0.00690399590886461,8.7,0,0.155286594485088,0.15,-0.0468820313158086,0.0468820313158086,retract
1.013,0,0.0153570347484247,0.0252216281503389,8.7,0,0.155239793993062,0.15,-0.0468036392210318,0.0468036392210318,retract
1.014,0,0.0245929419631141,0.0800083852512499,8.7,0,0.155193074093082,0.15,-0.0467230758015705,0.0467230758015705,retract
1.015,0,0.021079664539812,0,8.7,0,0.15514643693232,0.15,-0.0466403644046087,0.0466403644046087,retract
1.016,0,0.0226296607031645,0.0319296376832791,8.7,0,0.15509988463475,0.15,-0.0465555282335816,0.0465555282335816,retract
1.017,0,0.0212055543986102,0.0126609165712844,8.7,0,0.155053419301283,0.15,-0.0464685903504289,0.0464685903504289,retract
1.018,0,0.018176189484523,0,8.7,0,0.155007043009908,0.15,-0.0463795736778006,0.0463795736778006,retract
1.019,0,0.015579590986734,0,8.7,0,0.154960757815832,0.15,-0.0462885010012161,0.0462885010012161,retract
1.02,0,0.0370938785745436,0.166179604101401,8.7,0,0.154914565751612,0.15,-0.0461953949711755,0.0461953949711755,retract
1.021,0,0.0326595023958303,0.00605324532355032,8.7,0,0.154868468827291,0.15,-0.0461002781052249,0.0461002781052249,retract
1.022,0,0.027993859196426,0,8.7,0,0.154822469030525,0.15,-0.0460031727899759,0.0460031727899759,retract
1.023,0,0.0300323213605846,0.0422630943455361,8.7,0,0.154776568326719,0.15,-0.0459041012830787,0.0459041012830787,retract
1.024,0,0.0257419897376439,0,8.7,0,0.154730768659147,0.15,-0.0458030857151516,0.0458030857151516,retract
1.025,0,0.0220645626322662,0,8.7,0,0.154685071949082,0.15,-0.0457001480916648,0.0457001480916648,retract
1.026,0,0.0189124822562282,0,8.7,0,0.154639480095917,0.15,-0.045595310294781,0.045595310294781,retract
1.027,0,0.0167544164117992,0.00380602134522516,8.7,0,0.154593994977289,0.15,-0.0454885940851515,0.0454885940851515,retract
1.028,0,0.0143609283529707,0,8.7,0,0.154548618449197,0.15,-0.0453800211036705,0.0453800211036705,retract
1.029,0,0.0123093671596892,0,8.7,0,0.154503352346123,0.15,-0.0452696128731857,0.0452696128731857,retract
1.03,0,0.0105508861368765,0,8.7,0,0.154458198481143,0.15,-0.0451573908001678,0.0451573908001678,retract
1.031,0,0.00904361668875124,0,8.7,0,0.154413158646049,0.15,-0.0450433761763379,0.0450433761763379,retract
1.032,0,0.00775167144750107,0,8.7,0,0.154368234611457,0.15,-0.0449275901802538,0.0449275901802538,retract
1.033,0,0.00664428981214377,0,8.7,0,0.154323428126922,0.15,-0.0448100538788561,0.0448100538788561,retract
1.034,0,0.00569510555326609,0,8.7,0,0.154278740921046,0.15,-0.0446907882289746,0.0446907882289746,retract
1.035,0,0.0151665419998481,0.0719951606793401,8.7,0,0.154234174701588,0.15,-0.0445698140787938,0.0445698140787938,retract
1.036,0,0.0129998931427269,0,8.7,0,0.154189731155573,0.15,-0.0444471521692813,0.0444471521692813,retract
1.037,0,0.0111427655509088,0,8.7,0,0.154145411949393,0.15,-0.0443228231355758,0.0443228231355758,retract
1.038,0,0.0106966812240728,0.00802017526305657,8.7,0,0.154101218728917,0.15,-0.0441968475083389,0.0441968475083389,retract
1.039,0,0.0129516096220065,0.0264811800096089,8.7,0,0.154057153119593,0.15,-0.0440692457150678,0.0440692457150678,retract
1.04,0,0.0111013796760056,0,8.7,0,0.154013216726547,0.15,-0.0439400380813722,0.0439400380813722,retract
1.041,0,0.00951546829371907,0,8.7,0,0.153969411134687,0.15,-0.0438092448322139,0.0438092448322139,retract
1.042,0,0.0121163846478117,0.0277218827723677,8.7,0,0.153925737908801,0.15,-0.0436768860931112,0.0436768860931112,retract
1.043,0,0.0117972486183983,0.00988243244191783,8.7,0,0.153882198593658,0.15,-0.0435429818913072,0.0435429818913072,retract
1.044,0,0.0143009338775014,0.0293230454321196,8.7,0,0.153838794714101,0.15,-0.0434075521569035,0.0434075521569035,retract
1.045,0,0.0122579433235726,0,8.7,0,0.153795527775147,0.15,-0.0432706167239592,0.0432706167239592,retract
1.046,0,0.0105068085630622,0,8.7,0,0.153752399262079,0.15,-0.0431321953315567,0.0431321953315567,retract
1.047,0,0.00900583591119619,0,8.7,0,0.153709410640543,0.15,-0.0429923076248329,0.0429923076248329,retract
1.048,0,0.0162128447894012,0.0594548980586311,8.7,0,0.15366656335664,0.15,-0.0428509731559784,0.0428509731559784,retract
1.049,0,0.0161651116384423,0.0158787127326889,8.7,0,0.153623858837015,0.15,-0.0427082113852041,0.0427082113852041,retract
1.05,0,0.0138558099758077,0,8.7,0,0.153581298488954,0.15,-0.0425640416816756,0.0425640416816756,retract
1.051,0,0.0118764085506923,0,8.7,0,0.153538883700469,0.15,-0.0424184833244166,0.0424184833244166,retract
1.052,0,0.0101797787577362,0,8.7,0,0.153496615840391,0.15,-0.042271555503181,0.042271555503181,retract
1.053,0,0.0131857452453504,0.0312215441710355,8.7,0,0.153454496258457,0.15,-0.0421232773192952,0.0421232773192952,retract
1.054,0,0.0113020673531575,0,8.7,0,0.153412526285396,0.15,-0.0419736677864696,0.0419736677864696,retract
1.055,0,0.00968748630270643,0,8.7,0,0.15337070723302,0.15,-0.0418227458315816,0.0418227458315816,retract
1.056,0,0.00830355968803408,0,8.7,0,0.153329040394305,0.15,-0.0416705302954291,0.0416705302954291,retract
1.057,0,0.00711733687545779,0,8.7,0,0.153287527043482,0.15,-0.041517039933456,0.041517039933456,retract
1.058,0,0.0104605688430324,0.0305199606484801,8.7,0,0.153246168436116,0.15,-0.0413622934164491,0.0413622934164491,retract
1.059,0,0.00989561101304668,0.00650586403313231,8.7,0,0.153204965809197,0.15,-0.0412063093312088,0.0412063093312088,retract
1.06,0,0.00848195229689715,0,8.7,0,0.153163920381215,0.15,-0.0410491061811915,0.0410491061811915,retract
1.061,0,0.0209841388119252,0.0959972579020932,8.7,0,0.15312303335225,0.15,-0.0408907023871261,0.0408907023871261,retract
1.062,0,0.0303332208006156,0.0864277127327586,8.7,0,0.153082305904051,0.15,-0.0407311162876051,0.0407311162876051,retract
1.063,0,0.0259999035433848,0,8.7,0,0.153041739200117,0.15,-0.0405703661396492,0.0405703661396492,retract
1.064,0,0.0222856316086156,0,8.7,0,0.15300133438578,0.15,-0.0404084701192476,0.0404084701192476,retract
1.065,0,0.0191019699502419,0,8.7,0,0.152961092588284,0.15,-0.0402454463218732,0.0402454463218732,retract
1.066,0,0.0163731171002074,0,8.7,0,0.152921014916866,0.15,-0.0400813127629746,0.0400813127629746,retract
1.067,0,0.0219055390301244,0.0551000706096267,8.7,0,0.152881102462836,0.15,-0.0399160873784435,0.0399160873784435,retract
1.068,0,0.0266825826362055,0.0553448442726921,8.7,0,0.152841356299653,0.15,-0.0397497880250596,0.0397497880250596,retract
1.069,0,0.0228707851167476,0,8.7,0,0.15280177748301,0.15,-0.0395824324809127,0.0395824324809127,retract
1.07,0,0.0267377309703599,0.0499394060920339,8.7,0,0.152762367050905,0.15,-0.0394140384458023,0.0394140384458023,retract
1.071,0,0.0250345705935294,0.0148156083325465,8.7,0,0.152723126023723,0.15,-0.0392446235416162,0.0392446235416162,retract
1.072,0,0.0214582033658824,0,8.7,0,0.152684055404316,0.15,-0.039074205312687,0.039074205312687,retract
1.073,0,0.0215558851453322,0.0221419758220316,8.7,0,0.152645156178073,0.15,-0.0389028012261282,0.0389028012261282,retract
1.074,0,0.025520112131728,0.0493054740501027,8.7,0,0.152606429313004,0.15,-0.0387304286721498,0.0387304286721498,retract
1.075,0,0.0302049873581555,0.0583142387167203,8.7,0,0.152567875759812,0.15,-0.0385571049643541,0.0385571049643541,retract
1.076,0,0.032017375119437,0.0428917016871264,8.7,0,0.152529496451973,0.15,-0.0383828473400118,0.0383828473400118,retract
1.077,0,0.0352074653831259,0.0543480069652592,8.7,0,0.152491292305808,0.15,-0.0382076729603192,0.0382076729603192,retract
1.078,0,0.0301778274712508,0,8.7,0,0.152453264220562,0.15,-0.0380315989106368,0.0380315989106368,retract
1.079,0,0.0258667092610721,0,8.7,0,0.15241541307848,0.15,-0.0378546422007093,0.0378546422007093,retract
1.08,0,0.0221714650809189,0,8.7,0,0.152377739744879,0.15,-0.0376768197648687,0.0376768197648687,retract
1.081,0,0.019004112926502,0,8.7,0,0.152340245068226,0.15,-0.0374981484622193,0.0374981484622193,retract
1.082,0,0.0162892396512874,0,8.7,0,0.152302929880212,0.15,-0.037318645076806,0.037318645076806,retract
1.083,0,0.0139622054153892,0,8.7,0,0.152265794995827,0.15,-0.0371383263177664,0.0371383263177664,retract
1.084,0,0.0254073080095768,0.0940779235747023,8.7,0,0.152228841213437,0.15,-0.0369572088194664,0.0369572088194664,retract
1.085,0,0.0217776925796372,0,8.7,0,0.152192069314854,0.15,-0.0367753091416205,0.0367753091416205,retract
1.086,0,0.0186665936396891,0,8.7,0,0.152155480065415,0.15,-0.0365926437693967,0.0365926437693967,retract
1.087,0,0.0185561155465381,0.0178932469876321,8.7,0,0.152119074214052,0.15,-0.0364092291135063,0.0364092291135063,retract
1.088,0,0.0165653519543569,0.00462077040126973,8.7,0,0.152082852493372,0.15,-0.0362250815102798,0.0362250815102798,retract
1.089,0,0.0141988731037345,0,8.7,0,0.152046815619727,0.15,-0.0360402172217285,0.0360402172217285,retract
1.09,0,0.0174616068301486,0.0370380091886333,8.7,0,0.152010964293288,0.15,-0.0358546524355921,0.0358546524355921,retract
1.091,0,0.0149670915686988,0,8.7,0,0.151975299198124,0.15,-0.0356684032653735,0.0356684032653735,retract
1.092,0,0.0128289356303132,0,8.7,0,0.151939821002269,0.15,-0.0354814857503607,0.0354814857503607,retract
1.093,0,0.0111226394562617,0.000884862411952363,8.7,0,0.151904530357803,0.15,-0.0352939158556356,0.0352939158556356,retract
1.094,0,0.00953369096251002,0,8.7,0,0.151869427900921,0.15,-0.0351057094720717,0.0351057094720717,retract
1.095,0,0.0109248951730857,0.0192721204365394,8.7,0,0.151834514252012,0.15,-0.0349168824163187,0.0349168824163187,retract
1.096,0,0.0148492150989058,0.0383951346538269,8.7,0,0.151799790015727,0.15,-0.0347274504307773,0.0347274504307773,retract
1.097,0,0.0235239527626987,0.075572378745456,8.7,0,0.15176525578106,0.15,-0.0345374291835617,0.0345374291835617,retract
1.098,0,0.024970005165525,0.0336463195824828,8.7,0,0.151730912121418,0.15,-0.0343468342684518,0.0343468342684518,retract
1.099,0,0.02140286157045,0,8.7,0,0.151696759594696,0.15,-0.0341556812048355,0.0341556812048355,retract
1.1,0,0.0183453099175286,0,8.7,0,0.151662798743352,0.15,-0.0339639854376405,0.0339639854376405,retract
1.101,0,0.0348368346802872,0.133785983256839,8.7,0,0.151629030094482,0.15,-0.0337717623372568,0.0337717623372568,retract
1.102,0,0.039430486244958,0.0669923956329831,8.7,0,0.151595454159894,0.15,-0.0335790271994499,0.0335790271994499,retract
1.103,0,0.0361981540577236,0.0168041609343169,8.7,0,0.151562071436182,0.15,-0.033385795245265,0.033385795245265,retract
1.104,0,0.0366505081195269,0.0393646324903469,8.7,0,0.151528882404801,0.15,-0.0331920816209228,0.0331920816209228,retract
1.105,0,0.0314147212453088,0,8.7,0,0.151495887532144,0.15,-0.0329979013977068,0.0329979013977068,retract
1.106,0,0.0269269039245504,0,8.7,0,0.151463087269613,0.15,-0.0328032695718427,0.0328032695718427,retract
1.107,0,0.0230802033639003,0,8.7,0,0.151430482053698,0.15,-0.0326082010643705,0.0326082010643705,retract
1.108,0,0.0328291704907013,0.0913229732515072,8.7,0,0.151398072306051,0.15,-0.032412710721009,0.032412710721009,retract
1.109,0,0.0281392889920297,0,8.7,0,0.151365858433559,0.15,-0.0322168133120136,0.0322168133120136,retract
1.11,0,0.0334584065476363,0.0653731118812757,8.7,0,0.151333840828423,0.15,-0.0320205235320271,0.0320205235320271,retract
1.111,0,0.0286786341836882,0,8.7,0,0.151302019868234,0.15,-0.0318238559999242,0.0318238559999242,retract
1.112,0,0.0297571776891315,0.0362284387217912,8.7,0,0.151270395916043,0.15,-0.0316268252586508,0.0316268252586508,retract
1.113,0,0.0260398272828033,0.00373572484483392,8.7,0,0.151238969320445,0.15,-0.0314294457750558,0.0314294457750558,retract
1.114,0,0.0223198519566885,0,8.7,0,0.15120774041565,0.15,-0.0312317319397195,0.0312317319397195,retract
1.115,0,0.0218893726109056,0.0193064965362078,8.7,0,0.15117670952156,0.15,-0.0310336980667754,0.0310336980667754,retract
1.116,0,0.0193848536987985,0.004357740226156,8.7,0,0.151145876943849,0.15,-0.0308353583937271,0.0308353583937271,retract
1.117,0,0.020179249598946,0.0249456249998312,8.7,0,0.151115242974033,0.15,-0.0306367270812623,0.0306367270812623,retract
1.118,0,0.0213433563158063,0.0283279966169683,8.7,0,0.151084807889555,0.15,-0.0304378182130597,0.0304378182130597,retract
1.119,0,0.0228166628642598,0.0316565021549804,8.7,0,0.151054571953857,0.15,-0.0302386457955948,0.0302386457955948,retract
1.12,0,0.019557139597937,0,8.7,0,0.151024535416456,0.15,-0.0300392237579396,0.0300392237579396,retract
1.121,0,0.0241710623042198,0.051854598541917,8.7,0,0.150994698513028,0.15,-0.0298395659515601,0.0298395659515601,retract
1.122,0,0.020718053403617,0,8.7,0,0.150965061465479,0.15,-0.0296396861501102,0.0296396861501102,retract
1.123,0,0.0177583314888146,0,8.7,0,0.150935624482028,0.15,-0.0294395980492223,0.0294395980492223,retract
1.124,0,0.0248034481491055,0.0670741481108512,8.7,0,0.150906387757279,0.15,-0.029239315266296,0.029239315266296,retract
1.125,0,0.021260098413519,0,8.7,0,0.150877351472309,0.15,-0.029038851340283,0.029038851340283,retract
1.126,0,0.018222941497302,0,8.7,0,0.150848515794736,0.15,-0.028838219731471,0.028838219731471,retract
1.127,0,0.0195586345379161,0.027572792781601,8.7,0,0.150819880878804,0.15,-0.0286374338212652,0.0286374338212652,retract
1.128,0,0.0196373281940634,0.0201094901309471,8.7,0,0.150791446865462,0.15,-0.0284365069119673,0.0284365069119673,retract
1.129,0,0.0168319955949115,0,8.7,0,0.15076321388244,0.15,-0.0282354522265544,0.0282354522265544,retract
1.13,0,0.0144274247956384,0,8.7,0,0.150735182044333,0.15,-0.0280342829084553,0.0280342829084553,retract
1.131,0,0.0138539169632596,0.0104128699689864,8.7,0,0.150707351452676,0.15,-0.0278330120213262,0.0278330120213262,retract
1.132,0,0.0129032164074524,0.00719901307260932,8.7,0,0.150679722196025,0.15,-0.0276316525488257,0.0276316525488257,retract
1.133,0,0.0166674776393274,0.0392530450305775,8.7,0,0.150652294350042,0.15,-0.027430217394389,0.027430217394389,retract
1.134,0,0.0142864094051378,0,8.7,0,0.150625067977568,0.15,-0.0272287193810015,0.0272287193810015,retract
1.135,0,0.0168050764931896,0.0319170790215005,8.7,0,0.150598043128708,0.15,-0.0270271712509724,0.0270271712509724,retract
1.136,0,0.0215976555453505,0.0503531298583162,8.7,0,0.150571219840913,0.15,-0.0268255856657084,0.0268255856657084,retract
1.137,0,0.0262700273988443,0.0543042585198069,8.7,0,0.150544598139056,0.15,-0.0266239752054869,0.0266239752054869,retract
1.138,0,0.0319880152369509,0.0662959422655907,8.7,0,0.150518178035518,0.15,-0.0264223523692308,0.0264223523692308,retract
1.139,0,0.0333062986619253,0.0412159992117713,8.7,0,0.150491959530268,0.15,-0.0262207295742825,0.0262207295742825,retract
1.14,0,0.0295378622795809,0.00692724398551444,8.7,0,0.150465942610943,0.15,-0.0260191191561796,0.0260191191561796,retract
1.141,0,0.0323361792961912,0.0491260813958531,8.7,0,0.150440127252933,0.15,-0.0258175333684311,0.0258175333684311,retract
1.142,0,0.027716725111021,0,8.7,0,0.150414513419462,0.15,-0.0256159843822949,0.0256159843822949,retract
1.143,0,0.0306743224742249,0.0484199066534479,8.7,0,0.150389101061667,0.15,-0.0254144842865569,0.0254144842865569,retract
1.144,0,0.0351994440695696,0.062350173641638,8.7,0,0.150363890118688,0.15,-0.0252130450873106,0.0252130450873106,retract
1.145,0,0.0328182089825441,0.0185307984603909,8.7,0,0.150338880517742,0.15,-0.0250116787077394,0.0250116787077394,retract
1.146,0,0.0281298934136092,0,8.7,0,0.150314072174214,0.15,-0.0248103969879004,0.0248103969879004,retract
1.147,0,0.024111337211665,0,8.7,0,0.150289464991736,0.15,-0.0246092116845098,0.0246092116845098,retract
1.148,0,0.0333066835881001,0.0884787618467107,8.7,0,0.150265058862269,0.15,-0.0244081344707308,0.0244081344707308,retract
1.149,0,0.0361445310328287,0.0531716157012003,8.7,0,0.150240853666191,0.15,-0.024207176935964,0.024207176935964,retract
1.15,0,0.0309810265995675,0,8.7,0,0.150216849272379,0.15,-0.0240063505856393,0.0240063505856393,retract
1.151,0,0.0265551656567721,0,8.7,0,0.150193045538293,0.15,-0.0238056668410119,0.0238056668410119,retract
1.152,0,0.0247042655764807,0.0135988650947321,8.7,0,0.150169442310059,0.15,-0.0236051370389594,0.0236051370389594,retract
1.153,0,0.0296271128219061,0.0591641962944586,8.7,0,0.150146039422554,0.15,-0.0234047724317831,0.0234047724317831,retract
1.154,0,0.0261016500027263,0.00494887308764739,8.7,0,0.150122836699493,0.15,-0.0232045841870116,0.0232045841870116,retract
1.155,0,0.0223728428594797,0,8.7,0,0.150099833953514,0.15,-0.0230045833872076,0.0230045833872076,retract
1.156,0,0.0191767224509826,0,8.7,0,0.150077030986256,0.15,-0.0228047810297783,0.0228047810297783,retract
1.157,0,0.0164371906722708,0,8.7,0,0.150054427588456,0.15,-0.022605188026789,0.022605188026789,retract
1.158,0,0.0140890205762321,0,8.7,0,0.150032023540023,0.15,-0.0224058152047802,0.0224058152047802,retract
1.159,0,0.0120763033510561,0,8.7,0,0.15000981861013,0.15,-0.0222066733045882,0.0222066733045882,retract
1.16,0,0.0152992363681186,0.0346368344704938,8.7,0,0.149987812557301,0.15,-0.0220077729811704,0.0220077729811704,retract
1.161,0,0.0163661506950997,0.0227676366569862,8.7,0,0.149966005129492,0.15,-0.0218091248034329,0.0218091248034329,retract
1.162,0,0.0140281291672283,0,8.7,0,0.149944396064179,0.15,-0.0216107392540635,0.0216107392540635,retract
1.163,0,0.0173508542295312,0.0372872046033485,8.7,0,0.149922985088447,0.15,-0.0214126267293683,0.0214126267293683,retract
1.164,0,0.0148721607681696,0,8.7,0,0.149901771919074,0.15,-0.021214797539112,0.021214797539112,retract
1.165,0,0.0127475663727168,0,8.7,0,0.149880756262616,0.15,-0.0210172619063637,0.0210172619063637,retract
1.166,0,0.0136248004631513,0.0188882050057584,8.7,0,0.149859937815498,0.15,-0.0208200299673458,0.0208200299673458,retract
1.167,0,0.012141467800258,0.00324147182289806,8.7,0,0.149839316264098,0.15,-0.0206231117712886,0.0206231117712886,retract
1.168,0,0.0104069724002211,0,8.7,0,0.149818891284834,0.15,-0.0204265172802883,0.0204265172802883,retract
1.169,0,0.0126789496783906,0.0263108133474073,8.7,0,0.149798662544253,0.15,-0.0202302563691708,0.0202302563691708,retract
1.17,0,0.0130120607001193,0.0150107268304916,8.7,0,0.149778629699116,0.15,-0.0200343388253596,0.0200343388253596,retract
1.171,0,0.0133860903789709,0.0156302684520804,8.7,0,0.149758792396488,0.15,-0.0198387743487488,0.0198387743487488,retract
1.172,0,0.0114737917534036,0,8.7,0,0.149739150273824,0.15,-0.0196435725515807,0.0196435725515807,retract
1.173,0,0.0111306924143453,0.00907209637999514,8.7,0,0.149719702959056,0.15,-0.0194487429583292,0.0194487429583292,retract
1.174,0,0.00954059349801023,0,8.7,0,0.149700450070684,0.15,-0.0192542950055874,0.0192542950055874,retract
1.175,0,0.00817765156972306,0,8.7,0,0.149681391217858,0.15,-0.0190602380419609,0.0190602380419609,retract
1.176,0,0.0108870524941159,0.0271434580404729,8.7,0,0.149662526000474,0.15,-0.0188665813279661,0.0188665813279661,retract
1.177,0,0.0110001064339343,0.0116784300728447,8.7,0,0.149643854009255,0.15,-0.0186733340359341,0.0186733340359341,retract
1.178,0,0.00988409865568189,0.00318805198616751,8.7,0,0.149625374825843,0.15,-0.0184805052499192,0.0184805052499192,retract
1.179,0,0.00847208456201305,0,8.7,0,0.149607088022886,0.15,-0.0182881039656141,0.0182881039656141,retract
1.18,0,0.00726178676743976,0,8.7,0,0.149588993164127,0.15,-0.0180961390902694,0.0180961390902694,retract
1.181,0,0.0183133978113896,0.0846230640750889,8.7,0,0.149571089804492,0.15,-0.0179046194426189,0.0179046194426189,retract
1.182,0,0.0254608691265889,0.0683456970177844,8.7,0,0.149553377490178,0.15,-0.0177135537528111,0.0177135537528111,retract
1.183,0,0.0306826840637752,0.0620135736868929,8.7,0,0.149535855758745,0.15,-0.0175229506623455,0.0175229506623455,retract
1.184,0,0.0262994434832359,0,8.7,0,0.149518524139198,0.15,-0.0173328187240154,0.0173328187240154,retract
1.185,0,0.0225423801284879,0,8.7,0,0.149501382152083,0.15,-0.0171431664018555,0.0171431664018555,retract
1.186,0,0.0193220401101325,0,8.7,0,0.14948442930957,0.15,-0.0169540020710962,0.0169540020710962,retract
1.187,0,0.0206943989328226,0.0289285518689633,8.7,0,0.149467665115544,0.15,-0.0167653340181231,0.0167653340181231,retract
1.188,0,0.0177380562281336,0,8.7,0,0.149451089065697,0.15,-0.0165771704404425,0.0165771704404425,retract
1.189,0,0.0152040481955431,0,8.7,0,0.14943470064761,0.15,-0.0163895194466532,0.0163895194466532,retract
1.19,0,0.0130320413104655,0,8.7,0,0.149418499340848,0.15,-0.0162023890564231,0.0162023890564231,retract
1.191,0,0.0154801053570272,0.0301684896363971,8.7,0,0.149402484617045,0.15,-0.0160157872004734,0.0160157872004734,retract
1.192,0,0.0142067123480839,0.0065663542944241,8.7,0,0.149386655939997,0.15,-0.0158297217205671,0.0158297217205671,retract
1.193,0,0.024516201492368,0.0863731363580729,8.7,0,0.149371012765744,0.15,-0.0156442003695046,0.0156442003695046,retract
1.194,0,0.0210138869934583,0,8.7,0,0.149355554542668,0.15,-0.0154592308111252,0.0154592308111252,retract
1.195,0,0.01801190313725,0,8.7,0,0.149340280711574,0.15,-0.0152748206203141,0.0152748206203141,retract
1.196,0,0.0272157793651083,0.0824390367322582,8.7,0,0.149325190705783,0.15,-0.0150909772830159,0.0150909772830159,retract
1.197,0,0.0233278108843785,0,8.7,0,0.149310283951219,0.15,-0.0149077081962542,0.0149077081962542,retract
1.198,0,0.0242152653593445,0.0295399922091403,8.7,0,0.149295559866501,0.15,-0.0147250206681572,0.0147250206681572,retract
1.199,0,0.0245640663778924,0.0266568724891798,8.7,0,0.149281017863026,0.15,-0.0145429219179893,0.0145429219179893,retract
1.2,0,0.0210549140381935,0,8.7,0,0.149266657345065,0.15,-0.0143614190761891,0.0143614190761891,retract
1.201,0,0.0180470691755944,0,8.7,0,0.149252477709845,0.15,-0.0141805191844131,0.0141805191844131,retract
1.202,0,0.0205656209802256,0.0356769318080127,8.7,0,0.149238478347643,0.15,-0.0140002291955862,0.0140002291955862,retract
1.203,0,0.0176276751259077,0,8.7,0,0.149224658641871,0.15,-0.0138205559739575,0.0138205559739575,retract
1.204,0,0.033948787263486,0.131875460088956,8.7,0,0.149211017969165,0.15,-0.0136415062951633,0.0136415062951633,retract
1.205,0,0.0290989605115594,0,8.7,0,0.149197555699477,0.15,-0.0134630868462949,0.0134630868462949,retract
1.206,0,0.0249419661527652,0,8.7,0,0.149184271196158,0.15,-0.0132853042259741,0.0132853042259741,retract
1.207,0,0.0251176808795732,0.0261719692404213,8.7,0,0.149171163816051,0.15,-0.0131081649444335,0.0131081649444335,retract
1.208,0,0.0215294407539199,0,8.7,0,0.149158232909577,0.15,-0.0129316754236036,0.0129316754236036,retract
1.209,0,0.0184538063605028,0,8.7,0,0.149145477820822,0.15,-0.0127558419972062,0.0127558419972062,retract
1.21,0,0.0158175483090024,0,8.7,0,0.149132897887629,0.15,-0.0125806709108533,0.0125806709108533,retract
1.211,0,0.0140617233957101,0.0035267739159562,8.7,0,0.149120492441683,0.15,-0.0124061683221528,0.0124061683221528,retract
1.212,0,0.0201389224621824,0.0566021168610162,8.7,0,0.149108260808597,0.15,-0.0122323403008198,0.0122323403008198,retract
1.213,0,0.0172619335390135,0,8.7,0,0.149096202308005,0.15,-0.0120591928287943,0.0120591928287943,retract
1.214,0,0.0147959430334401,0,8.7,0,0.149084316253646,0.15,-0.0118867318003649,0.0118867318003649,retract
1.215,0,0.0145167975834504,0.0128419248835119,8.7,0,0.149072601953451,0.15,-0.0117149630222983,0.0117149630222983,retract
1.216,0,0.0131657187968944,0.00505924607755868,8.7,0,0.149061058709632,0.15,-0.0115438922139755,0.0115438922139755,retract
1.217,0,0.0163125074957812,0.0351932396891017,8.7,0,0.149049685818771,0.15,-0.0113735250075333,0.0113735250075333,retract
1.218,0,0.0139821492820981,0,8.7,0,0.149038482571901,0.15,-0.0112038669480124,0.0112038669480124,retract
1.219,0,0.0119846993846556,0,8.7,0,0.1490274482546,0.15,-0.0110349234935109,0.0110349234935109,retract
1.22,0,0.0168848245284496,0.0462855753912135,8.7,0,0.149016582147072,0.15,-0.0108667000153445,0.0108667000153445,retract
1.221,0,0.021858709198138,0.0517020172162684,8.7,0,0.149005883524237,0.15,-0.0106992017982117,0.0106992017982117,retract
1.222,0,0.0187360364555468,0,8.7,0,0.148995351655818,0.15,-0.0105324340403661,0.0105324340403661,retract
1.223,0,0.0311263637705412,0.105468327660507,8.7,0,0.148984985806424,0.15,-0.0103664018537936,0.0103664018537936,retract
1.224,0,0.0266797403747496,0,8.7,0,0.148974785235637,0.15,-0.0102011102643958,0.0102011102643958,retract
1.225,0,0.0319320237413318,0.0634457239408254,8.7,0,0.148964749198099,0.15,-0.010036564212179,0.010036564212179,retract
1.226,0,0.0392587922601736,0.0832194033732239,8.7,0,0.148954876943599,0.15,-0.00987276855144997,0.00987276855144997,retract
1.227,0,0.0348075514905802,0.00810010687302034,8.7,0,0.148945167717155,0.15,-0.00970972805101592,0.00970972805101592,retract
1.228,0,0.0326513135159909,0.019713885668455,8.7,0,0.148935620759102,0.15,-0.00954744739439159,0.00954744739439159,retract
1.229,0,0.0279868401565636,0,8.7,0,0.148926235305173,0.15,-0.00938593118001123,0.00938593118001123,retract
1.23,0,0.0321823393800985,0.0573553347213077,8.7,0,0.148917010586592,0.15,-0.00922518392144658,0.00922518392144658,retract
1.231,0,0.0287296804502769,0.00801372687134742,8.7,0,0.148907945830149,0.15,-0.00906521004763038,0.00906521004763038,retract
1.232,0,0.0253810955967868,0.00528958647584581,8.7,0,0.148899040258291,0.15,-0.0089060139030855,0.0089060139030855,retract
1.233,0,0.0239253597191953,0.0151909444536465,8.7,0,0.148890293089202,0.15,-0.00874759974815953,0.00874759974815953,retract
1.234,0,0.0205074511878817,0,8.7,0,0.148881703536892,0.15,-0.00858997175926504,0.00858997175926504,retract
1.235,0,0.0311358819923475,0.0949064668191423,8.7,0,0.148873270811275,0.15,-0.00843313402912512,0.00843313402912512,retract
1.236,0,0.0271562339823522,0.00327834592238031,8.7,0,0.148864994118256,0.15,-0.00827709056702457,0.00827709056702457,retract
1.237,0,0.0268393749948578,0.0249382210698915,8.7,0,0.148856872659812,0.15,-0.00812184529906618,0.00812184529906618,retract
1.238,0,0.023005178567021,0,8.7,0,0.148848905634078,0.15,-0.00796740206843271,0.00796740206843271,retract
1.239,0,0.0230977532109912,0.0236532010748127,8.7,0,0.148841092235424,0.15,-0.00781376463565376,0.00781376463565376,retract
1.24,0,0.0197980741808496,0,8.7,0,0.148833431654546,0.15,-0.00766093667887817,0.00766093667887817,retract
1.241,0,0.0219954170101468,0.0351794739859301,8.7,0,0.148825923078538,0.15,-0.00750892179415169,0.00750892179415169,retract
1.242,0,0.0188532145801258,0,8.7,0,0.148818565690983,0.15,-0.00735772349569941,0.00735772349569941,retract
1.243,0,0.0161598982115364,0,8.7,0,0.148811358672027,0.15,-0.00720734521621371,0.00720734521621371,retract
1.244,0,0.0138513413241741,0,8.7,0,0.148804301198466,0.15,-0.00705779030714701,0.00705779030714701,retract
1.245,0,0.0118725782778635,0,8.7,0,0.148797392443823,0.15,-0.00690906203900966,0.00690906203900966,retract
1.246,0,0.0177375166329259,0.0529271467633001,8.7,0,0.14879063157843,0.15,-0.00676116360167265,0.00676116360167265,retract
1.247,0,0.015203585685365,0,8.7,0,0.14878401776951,0.15,-0.00661409810467548,0.00661409810467548,retract
1.248,0,0.0139369766761529,0.00633732262087993,8.7,0,0.148777550181254,0.15,-0.00646786857753849,0.00646786857753849,retract
1.249,0,0.011945980008131,0,8.7,0,0.148771227974902,0.15,-0.00632247797008043,0.00632247797008043,retract
1.25,0,0.0102394114355409,0,8.7,0,0.148765050308823,0.15,-0.00617792915274032,0.00617792915274032,retract
1.251,0,0.00877663837332077,0,8.7,0,0.148759016338594,0.15,-0.00603422491690446,0.00603422491690446,retract
1.252,0,0.0075228328914178,0,8.7,0,0.148753125217077,0.15,-0.00589136797523774,0.00589136797523774,retract
1.253,0,0.00644814247835811,0,8.7,0,0.148747376094499,0.15,-0.00574936096201961,0.00574936096201961,retract
1.254,0,0.0055269792671641,0,8.7,0,0.14874176811853,0.15,-0.00560820643348471,0.00560820643348471,retract
1.255,0,0.00473741080042637,0,8.7,0,0.148736300434359,0.15,-0.00546790686816769,0.00546790686816769,retract
1.256,0,0.00783598868083863,0.0264274559633122,8.7,0,0.148730972184774,0.15,-0.00532846466725288,0.00532846466725288,retract
1.257,0,0.00671656172643311,0,8.7,0,0.148725782510238,0.15,-0.00518988215492781,0.00518988215492781,retract
1.258,0,0.012356808321619,0.0461982878927346,8.7,0,0.148720730548962,0.15,-0.00505216157874142,0.00505216157874142,retract
1.259,0,0.0105915499899592,0,8.7,0,0.148715815436989,0.15,-0.0049153051099663,0.0049153051099663,retract
1.26,0,0.0205147825926082,0.0800541782085022,8.7,0,0.148711036308262,0.15,-0.00477931484396514,0.00477931484396514,retract
1.261,0,0.0175840993650927,0,8.7,0,0.148706392294703,0.15,-0.00464419280056144,0.00464419280056144,retract
1.262,0,0.0242919825676106,0.0645392817827179,8.7,0,0.148701882526291,0.15,-0.00450994092441402,0.00450994092441402,retract
1.263,0,0.0208216993436662,0,8.7,0,0.14869750613113,0.15,-0.00437656108539577,0.00437656108539577,retract
1.264,0,0.0178471708659996,0,8.7,0,0.148693262235529,0.15,-0.00424405507897634,0.00424405507897634,retract
1.265,0,0.0152975750279997,0,8.7,0,0.148689149964076,0.15,-0.00411242462660846,0.00411242462660846,retract
1.266,0,0.0178384145614524,0.0330834517621685,8.7,0,0.148685168439705,0.15,-0.00398167137611837,0.00398167137611837,retract
1.267,0,0.015290069624102,0,8.7,0,0.14868131678378,0.15,-0.00385179690209976,0.00385179690209976,retract
1.268,0,0.013105773963516,0,8.7,0,0.148677594116156,0.15,-0.00372280270631161,0.00372280270631161,retract
1.269,0,0.0166533201478394,0.0379385972537793,8.7,0,0.148673999555263,0.15,-0.00359469021807963,0.00359469021807963,retract
1.27,0,0.0142742744124337,0,8.7,0,0.148670532218167,0.15,-0.00346746079470117,0.00346746079470117,retract
1.271,0,0.0137013719828232,0.0102639574051603,8.7,0,0.148667191220651,0.15,-0.0033411157218537,0.0033411157218537,retract
1.272,0,0.0117440331281342,0,8.7,0,0.148663975677279,0.15,-0.00321565621400675,0.00321565621400675,retract
1.273,0,0.0100663141098293,0,8.7,0,0.148660884701473,0.15,-0.00309108341483719,0.00309108341483719,retract
1.274,0,0.0194866673185347,0.0760087865707668,8.7,0,0.148657917405578,0.15,-0.00296739839764799,0.00296739839764799,retract
1.275,0,0.0167028577016012,0,8.7,0,0.148655072900935,0.15,-0.00284460216579,0.00284460216579,retract
1.276,0,0.014316735172801,0,8.7,0,0.148652350297949,0.15,-0.00272269565308703,0.00272269565308703,retract
1.277,0,0.0122714872909723,0,8.7,0,0.14864974870616,0.15,-0.0026016797242642,0.0026016797242642,retract
1.278,0,0.0105184176779762,0,8.7,0,0.14864726723431,0.15,-0.00248155517537912,0.00248155517537912,retract
1.279,0,0.0186191260905451,0.067223376565958,8.7,0,0.148644904990412,0.15,-0.00236232273425628,0.00236232273425628,retract
1.28,0,0.0159592509347529,0,8.7,0,0.148642661081817,0.15,-0.00224398306092427,0.00224398306092427,retract
1.281,0,0.0149348079470055,0.00878815002052099,8.7,0,0.148640534615282,0.15,-0.00212653674805588,0.00212653674805588,retract
1.282,0,0.0128012639545761,0,8.7,0,0.148638524697038,0.15,-0.00200998432141112,0.00200998432141112,retract
1.283,0,0.0199263818606811,0.0626770892973108,8.7,0,0.148636630432852,0.15,-0.0018943262402829,0.0018943262402829,retract
1.284,0,0.0170797558805838,0,8.7,0,0.1486348509281,0.15,-0.00177956289794535,0.00177956289794535,retract
1.285,0,0.017212842275657,0.0180113606460966,8.7,0,0.148633185287826,0.15,-0.00166569462210498,0.00166569462210498,retract
1.286,0,0.0152310972273568,0.0033406269375556,8.7,0,0.148631632616813,0.15,-0.00155272167535407,0.00155272167535407,retract
1.287,0,0.0130552261948773,0,8.7,0,0.148630192019642,0.15,-0.00144064425562692,0.00144064425562692,retract
1.288,0,0.011471932802958,0.00197217245144204,8.7,0,0.148628862600759,0.15,-0.00132946249665826,0.00132946249665826,retract
1.289,0,0.0161965769396167,0.044544441759569,8.7,0,0.14862764346454,0.15,-0.00121917646844417,0.00121917646844417,retract
1.29,0,0.0149992320654551,0.00781516282048592,8.7,0,0.148626533715351,0.15,-0.00110978617770521,0.00110978617770521,retract
1.291,0,0.012856484627533,0,8.7,0,0.148625532457615,0.15,-0.00100129156835203,0.00100129156835203,retract
1.292,0,0.0110198439664568,0,8.7,0,0.14862463879587,0.15,-0.000893692521952702,0.000893692521952702,retract
1.293,0,0.0162089930252786,0.0473438873782094,8.7,0,0.148623851834833,0.15,-0.000786988858202751,0.000786988858202751,retract
1.294,0,0.013893422593096,0,8.7,0,0.148623170679462,0.15,-0.000681180335396761,0.000681180335396761,retract
1.295,0,0.0119086479369394,0,8.7,0,0.148622594435015,0.15,-0.000576266650902158,0.000576266650902158,retract
1.296,0,0.0102074125173766,0,8.7,0,0.148622122207115,0.15,-0.000472247441634986,0.000472247441634986,retract
1.297,0,0.00874921072917997,0,8.7,0,0.148621753101801,0.15,-0.000369122284537442,0.000369122284537442,retract
1.298,0,0.00749932348215426,0,8.7,0,0.148621486225599,0.15,-0.000266890697057246,0.000266890697057246,retract
1.299,0,0.00642799155613222,0,8.7,0,0.148621320685571,0.15,-0.000165552137628806,0.000165552137628806,retract
1.3,0,0.00550970704811333,0,8.7,0,0.148621255589379,0.15,-6.51060061559878e-05,6.51060061559878e-05,retract
1.301,0,0.00472260604124,0,8.7,0,0.148621290045341,0.15,3.44483555035142e-05,0,retract
1.302,0,0.00404794803534857,0,8.7,0,0.148621423162492,0.15,0.000133111663052182,0,retract
1.303,0,0.00346966974458449,0,8.7,0,0.148621654050635,0.15,0.000230884689265146,0,retract
1.304,0,0.0119041577260057,0.0625110856145333,8.7,0,0.148621981820402,0.15,0.000327768263501332,0,retract
1.305,0,0.0102035637651478,0,8.7,0,0.148622405583311,0.15,0.000423763271213207,0,retract
1.306,0,0.00942017468206978,0.00471984018360175,8.7,0,0.148622924451817,0.15,0.000518870653455173,0,retract
1.307,0,0.0156512976532762,0.0530380354805147,8.7,0,0.14862353753937,0.15,0.000613091406390832,0,retract
1.308,0,0.0196534543320746,0.043666394404865,8.7,0,0.148624243960471,0.15,0.00070642658079884,0,retract
1.309,0,0.0209529787724549,0.0287501254147367,8.7,0,0.148625042830724,0.15,0.000798877281577835,0,retract
1.31,0,0.019063301756346,0.00772523965969274,8.7,0,0.148625933266889,0.15,0.000890444667250182,0,retract
1.311,0,0.0190042822356592,0.0186501651115386,8.7,0,0.148626914386938,0.15,0.000981129949464745,0,retract
1.312,0,0.0162893847734222,0,8.7,0,0.148627985310104,0.15,0.00107093439249878,0,retract
1.313,0,0.0139623298057905,0,8.7,0,0.148629145156937,0.15,0.00115985931275875,0,retract
1.314,0,0.0119677112621061,0,8.7,0,0.148630393049352,0.15,0.0012479060782805,0,retract
1.315,0,0.0102580382246624,0,8.7,0,0.148631728110683,0.15,0.00133507610822855,0,retract
1.316,0,0.0106772975683417,0.0131928536304174,8.7,0,0.148633149465732,0.15,0.00142137087239466,0,retract
1.317,0,0.0102178116705091,0.00746089628351348,8.7,0,0.148634656240819,0.15,0.00150679189069581,0,retract
1.318,0,0.00875812428900778,0,8.7,0,0.148636247563834,0.15,0.00159134073267157,0,retract
1.319,0,0.0127686679622761,0.0368319300018862,8.7,0,0.148637922564283,0.15,0.00167501901698075,0,retract
1.32,0,0.0109445725390938,0,8.7,0,0.148639680373338,0.15,0.00175782841089784,0,retract
1.321,0,0.0104684276971993,0.00761155864583198,8.7,0,0.148641520123884,0.15,0.00183977062980888,0,retract
1.322,0,0.0089729380261708,0,8.7,0,0.148643440950571,0.15,0.00192084743670686,0,retract
1.323,0,0.0202851698004612,0.0881585604462037,8.7,0,0.148645441989855,0.15,0.0020010606416869,0,retract
1.324,0,0.0173872884003953,0,8.7,0,0.148647522380048,0.15,0.00208041210144114,0,retract
1.325,0,0.0149033900574817,0,8.7,0,0.148649681261363,0.15,0.00215890371875354,0,retract
1.326,0,0.0127743343349843,0,8.7,0,0.148651917775963,0.15,0.00223653744199423,0,retract
1.327,0,0.0109494294299866,0,8.7,0,0.148654231068,0.15,0.00231331526461399,0,retract
1.328,0,0.00971777105234408,0.00232782078648916,8.7,0,0.148656620283663,0.15,0.00238923922463869,0,retract
1.329,0,0.0236483542838424,0.107231853672833,8.7,0,0.148659084571224,0.15,0.00246431140416349,0,retract
1.33,0,0.0202700179575792,0,8.7,0,0.148661623081079,0.15,0.00253853392884743,0,retract
1.331,0,0.0221025452319536,0.0330977088781999,8.7,0,0.148664234965789,0.15,0.00261190896740783,0,retract
1.332,0,0.018945038770246,0,8.7,0,0.148666919380127,0.15,0.00268443873111503,0,retract
1.333,0,0.0279837633889572,0.0822161111012244,8.7,0,0.14866967548112,0.15,0.00275612547328729,0,retract
1.334,0,0.027873842491514,0.0272143171068547,8.7,0,0.148672502428085,0.15,0.00282697148878578,0,retract
1.335,0,0.0348006372244326,0.0763614056219448,8.7,0,0.148675399382676,0.15,0.00289697911351025,0,retract
1.336,0,0.0380149338957645,0.0573007139237559,8.7,0,0.148678365508922,0.15,0.00296615072389471,0,retract
1.337,0,0.0409297858427277,0.0584188975245069,8.7,0,0.148681399973267,0.15,0.00303448873640365,0,retract
1.338,0,0.0350826735794809,0,8.7,0,0.148684501944609,0.15,0.00310199560702871,0,retract
1.339,0,0.0320139830039214,0.013601839550564,8.7,0,0.148687670594343,0.15,0.00316867383078591,0,retract
1.34,0,0.0312294070390801,0.0265219512500325,8.7,0,0.148690905096393,0.15,0.0032345259412134,0,retract
1.341,0,0.0311805572050747,0.0308874582010427,8.7,0,0.148694204627255,0.15,0.00329955450986958,0,retract
1.342,0,0.0356412694009495,0.0624055425761977,8.7,0,0.148697568366033,0.15,0.00336376214583235,0,retract
1.343,0,0.0305496594865281,0,8.7,0,0.148700995494476,0.15,0.00342715149519868,0,retract
1.344,0,0.0261854224170241,0,8.7,0,0.148704485197015,0.15,0.00348972524058489,0,retract
1.345,0,0.0224446477860206,0,8.7,0,0.148708036660797,0.15,0.00355148610062803,0,retract
1.346,0,0.0226512716301095,0.0238910146946425,8.7,0,0.148711649075724,0.15,0.00361243682948775,0,retract
1.347,0,0.019415375682951,0,8.7,0,0.148715321634486,0.15,0.00367258021634933,0,retract
1.348,0,0.0166417505853866,0,8.7,0,0.148719053532593,0.15,0.0037319190849274,0,retract
1.349,0,0.0195163699680841,0.0367640862642692,8.7,0,0.148722843968416,0.15,0.00379045629297076,0,retract
1.35,0,0.0167283171155006,0,8.7,0,0.148726692143213,0.15,0.00384819473176821,0,retract
1.351,0,0.014338557527572,0,8.7,0,0.148730597261168,0.15,0.00390513732565524,0,retract
1.352,0,0.0122901921664903,0,8.7,0,0.148734558529418,0.15,0.00396128703152209,0,retract
1.353,0,0.0255097619840499,0.104827180889408,8.7,0,0.148738575158091,0.15,0.00401664683832272,0,retract
1.354,0,0.0264460648831719,0.032063882277904,8.7,0,0.148742646360332,0.15,0.00407121976658507,0,retract
1.355,0,0.0270910037069256,0.0309606366494476,8.7,0,0.148746771352338,0.15,0.00412500886792248,0,retract
1.356,0,0.0236008215149559,0.00265972836313759,8.7,0,0.148750949353387,0.15,0.00417801722454639,0,retract
1.357,0,0.0326638876518839,0.0870422844734523,8.7,0,0.14875517958587,0.15,0.00423024794878035,0,retract
1.358,0,0.0279976179873291,0,8.7,0,0.148759461275316,0.15,0.00428170418257528,0,retract
1.359,0,0.0261628903882099,0.0151545247934946,8.7,0,0.148763793650427,0.15,0.00433238909702614,0,retract
1.36,0,0.0224253346184656,0,8.7,0,0.148768175943103,0.15,0.0043823058918901,0,retract
1.361,0,0.0224708601101535,0.0227440130602808,8.7,0,0.14877260738847,0.15,0.00443145779510597,0,retract
1.362,0,0.0192607372372744,0,8.7,0,0.14877708722491,0.15,0.00447984806231535,0,retract
1.363,0,0.0165092033462352,0,8.7,0,0.148781614694088,0.15,0.004527479976385,0,retract
1.364,0,0.026567434969732,0.0869168247107129,8.7,0,0.148786189040975,0.15,0.00457435684693106,0,retract
1.365,0,0.0227720871169132,0,8.7,0,0.148790809513879,0.15,0.0046204820098447,0,retract
1.366,0,0.0298950175826574,0.0726326003771229,8.7,0,0.14879547536447,0.15,0.00466585882681942,0,retract
1.367,0,0.0319414761840755,0.044220227792584,8.7,0,0.148800185847801,0.15,0.0047104906848799,0,retract
1.368,0,0.0306020040807786,0.0225651714609971,8.7,0,0.14880494022234,0.15,0.00475438099591295,0,retract
1.369,0,0.0308235871543287,0.0321530855956292,8.7,0,0.148809737749988,0.15,0.00479753319619946,0,retract
1.37,0,0.0316889145367032,0.0368808788309506,8.7,0,0.148814577696105,0.15,0.0048399507459489,0,retract
1.371,0,0.0364087368521962,0.0647276707451537,8.7,0,0.148819459329535,0.15,0.00488163712883518,0,retract
1.372,0,0.0312074887304539,0,8.7,0,0.14882438192263,0.15,0.00492259585153421,0,retract
1.373,0,0.0267492760546747,0,8.7,0,0.148829344751267,0.15,0.00496283044326373,0,retract
1.374,0,0.0345069563993202,0.0810530384671933,8.7,0,0.148834347094875,0.15,0.00500234445532473,0,retract
1.375,0,0.0295773911994174,0,8.7,0,0.148839388236456,0.15,0.00504114146064475,0,retract
1.376,0,0.0253520495995006,0,8.7,0,0.148844467462605,0.15,0.00507922505332343,0,retract
1.377,0,0.0328876239467752,0.0781010700304232,8.7,0,0.14884958406353,0.15,0.00511659884817964,0,retract
1.378,0,0.0281893919543788,0,8.7,0,0.148854737333076,0.15,0.00515326648030092,0,retract
1.379,0,0.0284863329717121,0.0302679790757122,8.7,0,0.14885992656874,0.15,0.00518923160459478,0,retract
1.38,0,0.0262615829748309,0.0129130829935433,8.7,0,0.148865151071693,0.15,0.00522449789534218,0,retract
1.381,0,0.025985696241639,0.0243303758424876,8.7,0,0.1488704101468,0.15,0.00525906904575292,0,retract
1.382,0,0.0272196042725205,0.0346230524578098,8.7,0,0.148875703102635,0.15,0.00529294876752332,0,retract
1.383,0,0.0233310893764462,0,8.7,0,0.148881029251503,0.15,0.00532614079039607,0,retract
1.384,0,0.0388014467088273,0.131623590703114,8.7,0,0.148886387909456,0.15,0.00535864886172192,0,retract
1.385,0,0.0403327603453349,0.049520642164381,8.7,0,0.148891778396308,0.15,0.00539047674602391,0,retract
1.386,0,0.0345709374388585,0,8.7,0,0.148897200035655,0.15,0.0054216282245637,0,retract
1.387,0,0.0421740288273303,0.087792577158161,8.7,0,0.14890265215489,0.15,0.00545210709491005,0,retract
1.388,0,0.0495184949642978,0.0935852917861027,8.7,0,0.148908134085219,0.15,0.00548191717050968,0,retract
1.389,0,0.0424444242551124,0,8.7,0,0.148913645161675,0.15,0.00551106228026037,0,retract
1.39,0,0.0429857171028364,0.0462334741891805,8.7,0,0.148919184723138,0.15,0.00553954626808635,0,retract
1.391,0,0.0482858853502159,0.0800868948344931,8.7,0,0.148924752112342,0.15,0.0055673729925159,0,retract
1.392,0,0.0501846136897039,0.0615769837266321,8.7,0,0.148930346675894,0.15,0.00559454632626166,0,retract
1.393,0,0.0430153831626034,0,8.7,0,0.14893596776429,0.15,0.00562107015580292,0,retract
1.394,0,0.0368703284250886,0,8.7,0,0.148941614731922,0.15,0.00564694838097049,0,retract
1.395,0,0.0328659080837093,0.00883938603543323,8.7,0,0.148947286937096,0.15,0.00567218491453398,0,retract
1.396,0,0.0281707783574651,0,8.7,0,0.148952983742043,0.15,0.00569678368179141,0,retract
1.397,0,0.0241463814492558,0,8.7,0,0.14895870451293,0.15,0.00572074862016144,0,retract
1.398,0,0.0206968983850764,0,8.7,0,0.148964448619873,0.15,0.00574408367877788,0,retract
1.399,0,0.0177401986157798,0,8.7,0,0.148970215436948,0.15,0.00576679281808686,0,retract
1.4,0,0.0152058845278112,0,8.7,0,0.148976004342203,0.15,0.00578888000944635,0,retract
